-0.315918
-0.117065
-0.301758
-0.232056
-0.328369
-0.283691
-0.132935
-0.291504
-0.339844
-0.267090
-0.168091
-0.469482
-0.010582
-0.133911
-0.346680
-0.316895
-0.243408
-0.447266
-0.279785
-0.424072
-0.246826
-0.357422
-0.444092
-0.301758
-0.351074
-0.340576
-0.279053
-0.406006
-0.075256
-0.077454
-0.178589
-0.414795
-0.293457
-0.451904
-0.255859
-0.287598
-0.059265
-0.336426
-0.055176
-0.383301
-0.296875
-0.281738
-0.265869
-0.208496
-0.366943
-0.280029
-0.345459
-0.437744
-0.324951
-0.282715
-0.368408
-0.438721
-0.358398
-0.374023
-0.219116
-0.263184
-0.112000
-0.140381
-0.266357
-0.257812
-0.101013
-0.275879
-0.048065
-0.288330
-0.377197
-0.123718
-0.390381
-0.277832
-0.352539
-0.403809
-0.324707
-0.312500
-0.206909
-0.259033
-0.034912
-0.095276
-0.396484
-0.404297
-0.229126
-0.167236
-0.009430
-0.240967
-0.081299
-0.236450
-0.439697
-0.341797
-0.281738
-0.285889
-0.008926
-0.190430
-0.358643
-0.082214
-0.312012
-0.141113
-0.153442
-0.114929
-0.337891
-0.356689
0.024658
-0.357910
-0.350098
0.106201
0.130737
-0.384033
-0.242920
-0.400391
-0.189209
-0.153442
-0.161377
-0.108093
-0.138428
-0.162231
-0.356201
0.125488
-0.295410
-0.212280
-0.094177
-0.107300
-0.320557
-0.120239
-0.286377
-0.264160
-0.227783
-0.053955
-0.130371
-0.276855
-0.219971
0.057526
-0.230957
0.039490
-0.132446
-0.255371
-0.134399
-0.043610
-0.197144
-0.059692
-0.130615
-0.206543
-0.082458
-0.218872
-0.218506
0.053284
-0.277344
-0.114441
-0.208618
0.001575
-0.003267
-0.348145
-0.231079
-0.254150
-0.271973
-0.093384
-0.173706
-0.224487
-0.177002
-0.255127
-0.280029
-0.035553
-0.125854
-0.392578
0.081848
-0.251221
-0.257324
-0.303223
-0.146729
-0.026794
-0.192261
-0.293701
-0.312256
-0.262207
-0.259033
-0.014229
-0.154175
-0.296143
-0.290039
-0.184570
0.034180
-0.015656
-0.223267
0.059052
0.030746
0.012215
-0.215210
-0.354980
-0.089172
-0.206543
-0.183716
-0.382568
0.037323
0.005520
-0.372559
-0.207642
-0.322021
-0.119507
-0.299316
-0.238281
-0.329346
-0.285400
-0.144531
-0.295654
-0.346680
-0.268555
-0.167236
-0.476807
-0.007771
-0.131958
-0.355225
-0.316650
-0.248413
-0.455322
-0.286621
-0.432861
-0.250732
-0.360596
-0.452637
-0.307861
-0.358154
-0.347168
-0.279785
-0.408936
-0.089417
-0.087463
-0.182251
-0.420410
-0.291504
-0.460938
-0.259521
-0.292969
-0.068237
-0.344482
-0.062561
-0.391602
-0.300781
-0.285645
-0.264648
-0.209595
-0.370605
-0.285889
-0.354004
-0.444092
-0.326416
-0.288818
-0.371826
-0.445312
-0.367676
-0.378418
-0.220581
-0.265381
-0.110596
-0.138062
-0.271729
-0.264404
-0.102966
-0.277100
-0.055817
-0.293213
-0.382568
-0.124573
-0.395996
-0.285156
-0.357666
-0.408936
-0.332764
-0.324463
-0.211060
-0.265381
-0.035889
-0.081299
-0.403076
-0.410889
-0.233521
-0.168579
-0.005684
-0.245728
-0.084290
-0.236084
-0.447510
-0.347900
-0.289795
-0.293213
-0.012833
-0.188843
-0.365967
-0.085632
-0.312012
-0.148438
-0.151855
-0.118530
-0.345459
-0.359619
0.023575
-0.363770
-0.359375
0.102783
0.137207
-0.395020
-0.244751
-0.409912
-0.185669
-0.143677
-0.161865
-0.115112
-0.138916
-0.168579
-0.358643
0.132812
-0.305176
-0.217041
-0.095154
-0.039215
-0.318604
-0.123230
-0.287354
-0.270264
-0.228516
-0.060059
-0.144897
-0.279541
-0.222168
0.060913
-0.236206
0.043640
-0.140503
-0.263428
-0.136597
-0.043793
-0.200562
-0.064087
-0.132080
-0.210205
-0.085510
-0.227539
-0.220337
0.045349
-0.278320
-0.123413
-0.212402
0.010925
-0.003536
-0.356201
-0.239258
-0.262939
-0.280029
-0.090210
-0.177734
-0.227295
-0.170288
-0.259277
-0.287109
-0.037354
-0.130859
-0.403564
0.072876
-0.264893
-0.255371
-0.311768
-0.151611
-0.034821
-0.192017
-0.294678
-0.319092
-0.271729
-0.271973
-0.016556
-0.150513
-0.297852
-0.297119
-0.189209
0.035980
-0.020126
-0.226440
0.057037
0.024292
0.012337
-0.218994
-0.358643
-0.101318
-0.210938
-0.185913
-0.395264
0.028458
0.006748
-0.376709
-0.204468
-0.328369
-0.122131
-0.315186
-0.246094
-0.341553
-0.299072
-0.132812
-0.298096
-0.352051
-0.276855
-0.185181
-0.483643
-0.016891
-0.136719
-0.362061
-0.318115
-0.261963
-0.462891
-0.287842
-0.435303
-0.254883
-0.366699
-0.454590
-0.307861
-0.367188
-0.360840
-0.284424
-0.410889
-0.089844
-0.091431
-0.183350
-0.424072
-0.311523
-0.466553
-0.266113
-0.285156
-0.083130
-0.349609
-0.057526
-0.396729
-0.316406
-0.296631
-0.275391
-0.214722
-0.379150
-0.290283
-0.357666
-0.454346
-0.339355
-0.297852
-0.381348
-0.451172
-0.376465
-0.386230
-0.219727
-0.274170
-0.117676
-0.158081
-0.271484
-0.269287
-0.111572
-0.280029
-0.061646
-0.303223
-0.392334
-0.136108
-0.399170
-0.288086
-0.365967
-0.417969
-0.345947
-0.333740
-0.215332
-0.268066
-0.031586
-0.102234
-0.412842
-0.417969
-0.246460
-0.180054
0.001326
-0.258301
-0.083801
-0.244995
-0.456787
-0.359131
-0.289062
-0.303467
-0.012428
-0.193115
-0.368164
-0.095581
-0.324951
-0.151245
-0.159302
-0.134644
-0.355225
-0.375732
0.020508
-0.377930
-0.366943
0.088684
0.144165
-0.399658
-0.260498
-0.426270
-0.186035
-0.130981
-0.168701
-0.128052
-0.151367
-0.177734
-0.369629
0.121582
-0.312012
-0.229858
-0.105408
-0.125366
-0.321289
-0.131958
-0.302490
-0.255127
-0.239502
-0.054535
-0.142822
-0.291504
-0.241333
0.073303
-0.242920
0.036560
-0.142334
-0.271973
-0.149170
-0.065674
-0.210571
-0.077148
-0.128052
-0.219604
-0.097168
-0.222046
-0.232910
0.044159
-0.281006
-0.132812
-0.221802
-0.007072
-0.001419
-0.360107
-0.249146
-0.271240
-0.291504
-0.100159
-0.181274
-0.240967
-0.163330
-0.273926
-0.300293
-0.035370
-0.139771
-0.411865
0.066528
-0.274414
-0.263184
-0.322510
-0.153198
-0.041412
-0.202148
-0.306396
-0.323730
-0.285400
-0.286865
-0.022522
-0.151367
-0.313477
-0.305664
-0.199463
0.010674
-0.018723
-0.224854
0.053711
0.016937
0.017197
-0.232178
-0.372803
-0.102905
-0.223755
-0.193481
-0.404297
0.029556
0.004047
-0.388184
-0.210083
-0.327637
-0.133789
-0.307861
-0.250977
-0.337891
-0.296875
-0.142212
-0.304199
-0.358887
-0.276367
-0.184204
-0.489502
-0.015396
-0.130371
-0.364990
-0.317871
-0.269531
-0.461426
-0.290527
-0.438477
-0.262207
-0.371338
-0.459473
-0.318115
-0.370117
-0.369873
-0.284424
-0.412598
-0.109680
-0.101501
-0.181274
-0.427002
-0.303711
-0.472168
-0.272705
-0.286621
-0.090881
-0.360352
-0.068176
-0.407715
-0.316650
-0.297607
-0.264893
-0.215454
-0.380615
-0.294189
-0.364502
-0.451660
-0.338135
-0.301025
-0.380859
-0.451172
-0.381104
-0.379395
-0.222778
-0.266846
-0.120361
-0.155396
-0.274902
-0.275146
-0.106812
-0.284668
-0.069580
-0.303223
-0.397705
-0.139404
-0.399170
-0.290771
-0.370117
-0.416992
-0.350342
-0.340088
-0.219360
-0.274170
-0.038757
-0.093445
-0.412842
-0.423340
-0.249023
-0.180298
-0.003546
-0.258057
-0.094482
-0.247803
-0.456787
-0.363281
-0.296387
-0.302246
-0.027008
-0.191650
-0.374268
-0.108582
-0.321533
-0.159058
-0.157715
-0.134521
-0.360596
-0.370850
0.011795
-0.380859
-0.375000
0.064331
0.132202
-0.404785
-0.257812
-0.432861
-0.187012
-0.123230
-0.163086
-0.127075
-0.154541
-0.193970
-0.364502
0.117249
-0.324707
-0.234009
-0.111206
0.033752
-0.313477
-0.140625
-0.298584
-0.260742
-0.240112
-0.071655
-0.159668
-0.296387
-0.244751
0.065613
-0.241821
0.033813
-0.158813
-0.279053
-0.158447
-0.065613
-0.216797
-0.083557
-0.132690
-0.222534
-0.103821
-0.232788
-0.234253
0.023788
-0.284912
-0.145142
-0.227417
-0.006001
-0.000679
-0.363525
-0.256348
-0.279297
-0.302002
-0.095886
-0.187378
-0.239624
-0.143799
-0.287109
-0.310791
-0.043549
-0.149170
-0.417969
0.045929
-0.285156
-0.248657
-0.326660
-0.163696
-0.060913
-0.199829
-0.303955
-0.326904
-0.294189
-0.313232
-0.027603
-0.143066
-0.310547
-0.318848
-0.197632
0.002987
-0.030640
-0.232544
0.039551
0.014587
0.013519
-0.240967
-0.374023
-0.112366
-0.228149
-0.199585
-0.413818
0.017654
-0.005398
-0.386963
-0.207642
-0.332520
-0.137207
-0.306641
-0.258057
-0.340820
-0.299561
-0.147949
-0.307373
-0.360596
-0.277588
-0.182861
-0.493652
-0.017410
-0.132690
-0.369629
-0.323975
-0.268066
-0.468750
-0.296143
-0.442383
-0.264648
-0.375244
-0.466797
-0.318359
-0.375732
-0.373535
-0.291992
-0.416748
-0.111694
-0.108887
-0.187012
-0.432373
-0.305420
-0.478516
-0.276367
-0.296875
-0.097290
-0.363281
-0.067688
-0.412842
-0.319336
-0.303467
-0.269043
-0.215942
-0.381592
-0.295898
-0.367188
-0.458008
-0.339355
-0.302979
-0.387451
-0.458252
-0.385010
-0.382568
-0.226685
-0.273438
-0.122253
-0.151855
-0.283936
-0.279785
-0.104980
-0.290283
-0.074280
-0.308594
-0.399414
-0.138794
-0.405762
-0.293701
-0.373779
-0.420898
-0.351807
-0.341797
-0.222046
-0.277588
-0.039551
-0.089783
-0.416504
-0.426758
-0.250000
-0.184448
-0.003174
-0.260498
-0.097412
-0.252197
-0.465332
-0.367432
-0.304199
-0.304688
-0.031860
-0.196289
-0.379883
-0.106995
-0.326172
-0.161621
-0.159912
-0.138550
-0.363281
-0.375488
0.013535
-0.383789
-0.380859
0.067200
0.126099
-0.409912
-0.260010
-0.438477
-0.193726
-0.141968
-0.166016
-0.134399
-0.158203
-0.197998
-0.369385
0.122620
-0.328125
-0.237183
-0.112976
-0.160400
-0.323975
-0.147217
-0.303223
-0.269287
-0.240845
-0.072937
-0.164062
-0.296631
-0.249390
0.064148
-0.248291
0.030762
-0.160767
-0.276367
-0.163208
-0.062286
-0.219971
-0.084839
-0.137939
-0.226807
-0.113708
-0.239868
-0.237915
0.024063
-0.283936
-0.141357
-0.230225
-0.002388
-0.005558
-0.367676
-0.255615
-0.280273
-0.304199
-0.098022
-0.193726
-0.241699
-0.168579
-0.293945
-0.313477
-0.041321
-0.152954
-0.420410
0.041016
-0.282471
-0.253418
-0.330811
-0.164551
-0.062744
-0.201294
-0.305420
-0.333252
-0.297852
-0.316162
-0.033295
-0.146973
-0.314453
-0.323242
-0.198120
0.002893
-0.035156
-0.240601
0.042297
0.013680
0.013466
-0.243774
-0.378906
-0.118469
-0.227661
-0.198486
-0.422119
0.014984
-0.009262
-0.390869
-0.206299
-0.322021
-0.132568
-0.298340
-0.246094
-0.332764
-0.286621
-0.145264
-0.294189
-0.347412
-0.270508
-0.172241
-0.478760
-0.019440
-0.125610
-0.357910
-0.312500
-0.253906
-0.457275
-0.285645
-0.430664
-0.255371
-0.364990
-0.453613
-0.309082
-0.360107
-0.352051
-0.285645
-0.408203
-0.100220
-0.098145
-0.185791
-0.422852
-0.292236
-0.457520
-0.260742
-0.294922
-0.084534
-0.346436
-0.058289
-0.398438
-0.304688
-0.286621
-0.267334
-0.205933
-0.367188
-0.286377
-0.355957
-0.446533
-0.325684
-0.292969
-0.373535
-0.442871
-0.368896
-0.371826
-0.217651
-0.264893
-0.121826
-0.135132
-0.276367
-0.270264
-0.097839
-0.280518
-0.066284
-0.301758
-0.387207
-0.128784
-0.395996
-0.278076
-0.355957
-0.408936
-0.333984
-0.327393
-0.214478
-0.266357
-0.039734
-0.085083
-0.406494
-0.414307
-0.236816
-0.184326
-0.003880
-0.254150
-0.090637
-0.251465
-0.449707
-0.355957
-0.288086
-0.291260
-0.023392
-0.191528
-0.368896
-0.095642
-0.314209
-0.150146
-0.157104
-0.128052
-0.348633
-0.367188
0.020096
-0.361572
-0.366455
0.086975
0.119385
-0.396484
-0.247803
-0.420166
-0.194702
-0.116638
-0.152344
-0.127075
-0.141357
-0.178223
-0.356201
0.122314
-0.309082
-0.225586
-0.104980
-0.217285
-0.322266
-0.133789
-0.290039
-0.265625
-0.227295
-0.064697
-0.148560
-0.282715
-0.231567
0.059570
-0.239624
0.030533
-0.147583
-0.262207
-0.148315
-0.041382
-0.207520
-0.069336
-0.135620
-0.215698
-0.099548
-0.237305
-0.224854
0.031708
-0.270996
-0.125610
-0.217651
0.003078
0.003344
-0.358643
-0.236084
-0.265625
-0.288818
-0.091125
-0.182007
-0.230469
-0.158325
-0.271973
-0.297363
-0.037506
-0.139648
-0.406494
0.053345
-0.267578
-0.254883
-0.314453
-0.154175
-0.047791
-0.192871
-0.287842
-0.316895
-0.279053
-0.285645
-0.031113
-0.144043
-0.301270
-0.308594
-0.186768
0.018799
-0.027695
-0.236450
0.055145
0.024414
0.021301
-0.228882
-0.359619
-0.112305
-0.216431
-0.182495
-0.399902
0.027328
-0.003277
-0.380371
-0.199951
-0.320557
-0.131348
-0.302490
-0.245728
-0.334473
-0.284912
-0.140015
-0.295654
-0.342285
-0.270020
-0.168457
-0.475098
-0.025955
-0.126709
-0.356201
-0.314697
-0.247437
-0.455566
-0.285645
-0.432129
-0.252930
-0.365479
-0.449951
-0.310303
-0.356201
-0.347900
-0.288086
-0.409912
-0.098450
-0.093750
-0.188477
-0.419678
-0.293701
-0.454346
-0.258301
-0.296387
-0.077271
-0.341064
-0.049988
-0.394287
-0.300049
-0.280518
-0.268066
-0.207642
-0.367676
-0.288330
-0.348145
-0.442627
-0.322510
-0.293701
-0.370605
-0.440674
-0.364990
-0.373291
-0.217041
-0.263672
-0.126099
-0.129883
-0.274170
-0.267822
-0.094421
-0.279785
-0.068909
-0.306396
-0.385010
-0.126709
-0.396973
-0.273193
-0.358154
-0.408203
-0.331543
-0.322754
-0.215698
-0.258057
-0.041229
-0.089905
-0.407227
-0.413086
-0.233643
-0.184448
-0.002708
-0.254395
-0.087585
-0.254395
-0.447754
-0.351074
-0.284180
-0.289062
-0.020615
-0.192261
-0.366943
-0.090454
-0.312744
-0.145752
-0.155640
-0.130371
-0.344238
-0.366211
0.025574
-0.356689
-0.360840
0.095947
0.117920
-0.393799
-0.245850
-0.417480
-0.197754
-0.148438
-0.151611
-0.125366
-0.135010
-0.173218
-0.358154
0.118591
-0.301025
-0.225220
-0.105713
-0.232056
-0.331543
-0.132935
-0.288086
-0.265625
-0.224976
-0.060608
-0.135498
-0.279541
-0.228760
0.057068
-0.240601
0.030853
-0.143188
-0.256348
-0.147461
-0.037842
-0.200928
-0.060852
-0.135620
-0.215454
-0.097717
-0.235962
-0.222534
0.033051
-0.268555
-0.118347
-0.216797
-0.001875
0.006104
-0.357910
-0.225952
-0.261719
-0.285889
-0.095154
-0.182129
-0.227051
-0.178711
-0.265625
-0.291260
-0.034912
-0.133545
-0.400635
0.060028
-0.263916
-0.263184
-0.307129
-0.147583
-0.042206
-0.195435
-0.282471
-0.313721
-0.272217
-0.274170
-0.033020
-0.151733
-0.300537
-0.300537
-0.182495
0.019455
-0.027756
-0.238037
0.067017
0.033020
0.023392
-0.228394
-0.354004
-0.105591
-0.213623
-0.177002
-0.390137
0.034241
0.002590
-0.379883
-0.200684
-0.317139
-0.120972
-0.304688
-0.235596
-0.332764
-0.283447
-0.134521
-0.291260
-0.338623
-0.267822
-0.169434
-0.472900
-0.016983
-0.133057
-0.351562
-0.315186
-0.243042
-0.450928
-0.280762
-0.427246
-0.246948
-0.359863
-0.445801
-0.304688
-0.352295
-0.341553
-0.285400
-0.406738
-0.083313
-0.080933
-0.185425
-0.416748
-0.296387
-0.449463
-0.256592
-0.290039
-0.065125
-0.335693
-0.050934
-0.388184
-0.298096
-0.281250
-0.269775
-0.208008
-0.366211
-0.285156
-0.344238
-0.441406
-0.323975
-0.288330
-0.372070
-0.439697
-0.359619
-0.375488
-0.214600
-0.265381
-0.118225
-0.136963
-0.267578
-0.262451
-0.102112
-0.278809
-0.059113
-0.296143
-0.379395
-0.125244
-0.393066
-0.278076
-0.354980
-0.406006
-0.326416
-0.318604
-0.207886
-0.257568
-0.039642
-0.100342
-0.402100
-0.406738
-0.233398
-0.177856
-0.005020
-0.248779
-0.082214
-0.245605
-0.443115
-0.345947
-0.281494
-0.286377
-0.009079
-0.190186
-0.360352
-0.084595
-0.312256
-0.141724
-0.155762
-0.122009
-0.341064
-0.363525
0.028366
-0.358643
-0.353027
0.106628
0.129517
-0.388428
-0.245972
-0.409180
-0.192383
-0.123474
-0.160522
-0.117676
-0.132812
-0.163696
-0.359375
0.121521
-0.294189
-0.218872
-0.097107
-0.015251
-0.325195
-0.122620
-0.286377
-0.258057
-0.229736
-0.052307
-0.128174
-0.277588
-0.225708
0.056702
-0.234863
0.036743
-0.136230
-0.256592
-0.139282
-0.043335
-0.196777
-0.059753
-0.131958
-0.211548
-0.085693
-0.222778
-0.217041
0.050537
-0.272461
-0.112793
-0.210815
-0.002047
-0.001663
-0.348633
-0.226929
-0.259277
-0.276123
-0.092468
-0.172729
-0.224854
-0.150024
-0.255371
-0.284424
-0.033447
-0.128540
-0.397705
0.077454
-0.257812
-0.263184
-0.306152
-0.145020
-0.030258
-0.196411
-0.290283
-0.311768
-0.267578
-0.262695
-0.022781
-0.152466
-0.298828
-0.291260
-0.181274
0.025543
-0.018219
-0.229980
0.065063
0.035004
0.020630
-0.218506
-0.353027
-0.095581
-0.208984
-0.178223
-0.381836
0.040466
0.006756
-0.375244
-0.205811
-0.321777
-0.134277
-0.303955
-0.243286
-0.332031
-0.285400
-0.143677
-0.296631
-0.347168
-0.269043
-0.173950
-0.480957
-0.018539
-0.126465
-0.357666
-0.310303
-0.252197
-0.457764
-0.288818
-0.432129
-0.251953
-0.361816
-0.453125
-0.311035
-0.359131
-0.350098
-0.286377
-0.409668
-0.098938
-0.095520
-0.187012
-0.424561
-0.297363
-0.456787
-0.257812
-0.297119
-0.075256
-0.346924
-0.056305
-0.396729
-0.302490
-0.288330
-0.267578
-0.209351
-0.372070
-0.287109
-0.352539
-0.445801
-0.325684
-0.292236
-0.372314
-0.446533
-0.371094
-0.377686
-0.217529
-0.265625
-0.118469
-0.139893
-0.277588
-0.270996
-0.098633
-0.283936
-0.066528
-0.302490
-0.387207
-0.128296
-0.394287
-0.282227
-0.355957
-0.408691
-0.336670
-0.326904
-0.211304
-0.269775
-0.038666
-0.089844
-0.407227
-0.415527
-0.235840
-0.176880
-0.003656
-0.251465
-0.086487
-0.250732
-0.448975
-0.354492
-0.288818
-0.293701
-0.015556
-0.188354
-0.370361
-0.095215
-0.316406
-0.144897
-0.152466
-0.126709
-0.343994
-0.368896
0.021790
-0.366943
-0.367920
0.092651
0.130249
-0.395020
-0.248535
-0.416992
-0.193848
-0.088684
-0.154297
-0.123962
-0.136353
-0.175293
-0.357422
0.123108
-0.305176
-0.226196
-0.105164
0.137451
-0.317871
-0.125366
-0.289795
-0.263672
-0.230957
-0.063293
-0.146484
-0.282715
-0.229248
0.059326
-0.236328
0.040924
-0.145752
-0.264404
-0.149902
-0.038788
-0.203369
-0.061310
-0.136597
-0.216675
-0.093262
-0.233643
-0.218384
0.039124
-0.272705
-0.125488
-0.217896
-0.002111
0.005013
-0.357422
-0.238770
-0.273438
-0.291016
-0.094421
-0.178955
-0.229736
-0.126953
-0.265869
-0.294434
-0.035339
-0.138916
-0.405762
0.067078
-0.268799
-0.256348
-0.316895
-0.157104
-0.042175
-0.196655
-0.289795
-0.317383
-0.278320
-0.280029
-0.025620
-0.145020
-0.298828
-0.304932
-0.191162
0.029251
-0.023621
-0.234619
0.056274
0.029633
0.015915
-0.224609
-0.362061
-0.107971
-0.214966
-0.184082
-0.395752
0.027771
0.000446
-0.382324
-0.209351
-0.325684
-0.129883
-0.307129
-0.245850
-0.335205
-0.290039
-0.150635
-0.300049
-0.352295
-0.273682
-0.185669
-0.486328
-0.017410
-0.128296
-0.362061
-0.312012
-0.269287
-0.461914
-0.292480
-0.436035
-0.255371
-0.366943
-0.458496
-0.314453
-0.366699
-0.361816
-0.287354
-0.411621
-0.105835
-0.100708
-0.183716
-0.432373
-0.302734
-0.465820
-0.261475
-0.295166
-0.088135
-0.355713
-0.065674
-0.403320
-0.315918
-0.297607
-0.270996
-0.211914
-0.372559
-0.289062
-0.363525
-0.454834
-0.335693
-0.297363
-0.378662
-0.449463
-0.376465
-0.381592
-0.221313
-0.270508
-0.116638
-0.150024
-0.280518
-0.273193
-0.113647
-0.287842
-0.067322
-0.303467
-0.390869
-0.137085
-0.395264
-0.292236
-0.358398
-0.415039
-0.345947
-0.335205
-0.215088
-0.286377
-0.034332
-0.088684
-0.411865
-0.419922
-0.244385
-0.174683
-0.000037
-0.254639
-0.087769
-0.249268
-0.455322
-0.363281
-0.299561
-0.301270
-0.016556
-0.195068
-0.372314
-0.102539
-0.327637
-0.152954
-0.152100
-0.128540
-0.354004
-0.373535
0.014977
-0.380859
-0.378662
0.075745
0.137207
-0.401367
-0.252686
-0.426514
-0.191162
-0.085510
-0.161743
-0.132446
-0.154785
-0.184937
-0.363770
0.118408
-0.315430
-0.229492
-0.105713
-0.117981
-0.311035
-0.131348
-0.299561
-0.263916
-0.239868
-0.070618
-0.158081
-0.288574
-0.236572
0.062866
-0.241699
0.037964
-0.157104
-0.271484
-0.158447
-0.053772
-0.214233
-0.072144
-0.138672
-0.222778
-0.100769
-0.236572
-0.228027
0.038269
-0.278076
-0.142456
-0.224854
0.008148
-0.000308
-0.364746
-0.253662
-0.285889
-0.298584
-0.095764
-0.180054
-0.236206
-0.133179
-0.279053
-0.306152
-0.037415
-0.149902
-0.413086
0.053589
-0.278564
-0.252197
-0.330811
-0.162720
-0.054565
-0.197021
-0.301758
-0.325439
-0.289795
-0.298828
-0.028076
-0.140259
-0.310059
-0.317627
-0.199829
0.015137
-0.022751
-0.235718
0.047729
0.012848
0.011406
-0.232910
-0.376465
-0.116028
-0.220825
-0.197388
-0.411133
0.018463
-0.006710
-0.388916
-0.210571
-0.335205
-0.128418
-0.310791
-0.251465
-0.340332
-0.299561
-0.161987
-0.302002
-0.359863
-0.279785
-0.194092
-0.493652
-0.014221
-0.136841
-0.366455
-0.323975
-0.273926
-0.470703
-0.301025
-0.444580
-0.260986
-0.369873
-0.466309
-0.320312
-0.375488
-0.372559
-0.290527
-0.419922
-0.108582
-0.110840
-0.187988
-0.435791
-0.310059
-0.480713
-0.273682
-0.301025
-0.096375
-0.360352
-0.078186
-0.409180
-0.323242
-0.310059
-0.275146
-0.218994
-0.380127
-0.291992
-0.373047
-0.463623
-0.350098
-0.300537
-0.390869
-0.459961
-0.387451
-0.391602
-0.229736
-0.279785
-0.117859
-0.163452
-0.291260
-0.278076
-0.128540
-0.294189
-0.070618
-0.309814
-0.396729
-0.144775
-0.404541
-0.306885
-0.368164
-0.421631
-0.356201
-0.340088
-0.219116
-0.299316
-0.038971
-0.088074
-0.418701
-0.427490
-0.252197
-0.177002
-0.010353
-0.260742
-0.094910
-0.247681
-0.465088
-0.368896
-0.311279
-0.310547
-0.028046
-0.205688
-0.377197
-0.110535
-0.336426
-0.166870
-0.158325
-0.129761
-0.363525
-0.381836
0.005253
-0.393311
-0.390625
0.059174
0.130981
-0.409424
-0.264648
-0.431641
-0.199463
-0.160278
-0.173584
-0.135864
-0.177856
-0.194214
-0.373779
0.115967
-0.322754
-0.231689
-0.110352
-0.264648
-0.311768
-0.151123
-0.312500
-0.269531
-0.250244
-0.082520
-0.173462
-0.295410
-0.246582
0.060486
-0.252197
0.027084
-0.166382
-0.277344
-0.174805
-0.063416
-0.221680
-0.086975
-0.144409
-0.234619
-0.117920
-0.242310
-0.233643
0.028656
-0.288574
-0.153931
-0.236572
0.003361
-0.015495
-0.370850
-0.269287
-0.298096
-0.308105
-0.095764
-0.194702
-0.249268
-0.184570
-0.290771
-0.318115
-0.044830
-0.157715
-0.420410
0.043976
-0.284668
-0.252686
-0.346924
-0.174683
-0.058990
-0.205688
-0.317383
-0.334961
-0.299561
-0.318115
-0.028152
-0.156494
-0.321045
-0.328613
-0.212158
0.010017
-0.025101
-0.236206
0.033600
0.000416
-0.003483
-0.240234
-0.389893
-0.127441
-0.225098
-0.210083
-0.425293
0.007690
-0.018555
-0.395508
-0.213989
-0.329102
-0.122803
-0.303223
-0.245972
-0.332764
-0.293457
-0.157837
-0.296143
-0.351562
-0.276367
-0.187256
-0.487305
-0.007633
-0.134521
-0.361572
-0.317627
-0.268066
-0.461426
-0.293701
-0.438965
-0.254395
-0.364990
-0.460449
-0.316162
-0.367676
-0.363037
-0.282959
-0.415527
-0.097595
-0.106506
-0.184814
-0.431885
-0.303711
-0.469482
-0.264893
-0.294922
-0.087585
-0.351807
-0.080750
-0.402832
-0.316895
-0.303467
-0.271973
-0.214722
-0.374023
-0.285400
-0.365479
-0.458252
-0.343262
-0.294189
-0.385742
-0.453369
-0.377686
-0.386475
-0.224487
-0.275146
-0.112915
-0.157593
-0.282715
-0.270264
-0.129272
-0.289795
-0.063049
-0.300049
-0.391357
-0.139648
-0.398926
-0.301758
-0.357422
-0.416016
-0.347412
-0.332764
-0.211060
-0.293213
-0.037109
-0.086243
-0.412842
-0.420166
-0.246094
-0.174072
-0.013992
-0.255371
-0.092102
-0.243042
-0.457520
-0.362305
-0.306885
-0.303223
-0.026306
-0.198608
-0.369629
-0.102905
-0.333008
-0.159180
-0.154663
-0.124023
-0.356445
-0.375000
0.009895
-0.384521
-0.381836
0.066895
0.135742
-0.402588
-0.257568
-0.420654
-0.194092
-0.130127
-0.169678
-0.128906
-0.170410
-0.187134
-0.366943
0.119446
-0.314697
-0.224365
-0.105469
-0.115356
-0.307861
-0.139648
-0.302979
-0.266602
-0.245972
-0.073669
-0.166870
-0.290039
-0.238647
0.059662
-0.246094
0.033600
-0.162476
-0.272217
-0.163452
-0.058655
-0.218140
-0.084717
-0.139771
-0.225464
-0.109436
-0.235840
-0.227905
0.038269
-0.285400
-0.148071
-0.228394
0.012032
-0.012993
-0.366211
-0.260986
-0.289551
-0.299316
-0.091614
-0.186035
-0.242676
-0.167969
-0.281250
-0.308350
-0.040955
-0.149902
-0.412354
0.049164
-0.277588
-0.247925
-0.337891
-0.168335
-0.051971
-0.198975
-0.311768
-0.328369
-0.290527
-0.306885
-0.023804
-0.151733
-0.313477
-0.320312
-0.206421
0.016830
-0.019531
-0.230835
0.038879
0.003609
0.003868
-0.230225
-0.381592
-0.120117
-0.221069
-0.203125
-0.415283
0.011452
-0.014297
-0.388916
-0.210449
-0.322510
-0.117554
-0.302490
-0.236450
-0.331543
-0.290283
-0.147705
-0.291748
-0.342529
-0.271240
-0.179443
-0.478271
-0.005650
-0.133057
-0.354492
-0.316162
-0.254150
-0.453369
-0.285156
-0.431641
-0.246826
-0.357666
-0.452393
-0.308350
-0.358887
-0.348389
-0.281006
-0.409424
-0.088013
-0.088806
-0.182495
-0.421143
-0.296875
-0.457520
-0.257812
-0.290527
-0.075012
-0.339844
-0.065918
-0.389893
-0.304688
-0.289795
-0.269531
-0.210693
-0.370850
-0.283447
-0.355225
-0.449463
-0.331299
-0.289307
-0.378174
-0.448486
-0.366943
-0.380127
-0.218506
-0.268799
-0.111511
-0.148071
-0.271240
-0.261719
-0.116272
-0.278320
-0.058868
-0.295166
-0.382324
-0.127563
-0.393555
-0.291748
-0.353271
-0.408936
-0.333008
-0.322021
-0.203857
-0.276367
-0.036072
-0.088745
-0.406982
-0.411621
-0.239136
-0.172363
-0.008461
-0.249634
-0.082947
-0.238647
-0.449951
-0.351074
-0.292480
-0.292969
-0.011711
-0.189331
-0.364014
-0.088684
-0.320312
-0.151367
-0.152832
-0.122681
-0.346924
-0.364014
0.025909
-0.368896
-0.361816
0.093628
0.142822
-0.397705
-0.249878
-0.412109
-0.188232
-0.120300
-0.166138
-0.119202
-0.147949
-0.171753
-0.361816
0.128540
-0.302490
-0.219604
-0.097656
0.333984
-0.313477
-0.123352
-0.291992
-0.263672
-0.235840
-0.060455
-0.142456
-0.281006
-0.226562
0.060394
-0.238403
0.040039
-0.145996
-0.263672
-0.143921
-0.047974
-0.204102
-0.072388
-0.134888
-0.216309
-0.089478
-0.225342
-0.218506
0.049652
-0.275391
-0.127563
-0.214111
0.011963
-0.005512
-0.355225
-0.239990
-0.271973
-0.282471
-0.091187
-0.176147
-0.232910
-0.148926
-0.262207
-0.288330
-0.036041
-0.135132
-0.404053
0.072510
-0.268311
-0.251465
-0.322510
-0.153809
-0.034149
-0.195557
-0.300293
-0.316895
-0.276611
-0.278320
-0.017654
-0.145508
-0.303223
-0.300049
-0.193237
0.029709
-0.014427
-0.227051
0.055481
0.022720
0.017258
-0.217896
-0.363525
-0.101501
-0.214111
-0.191528
-0.396240
0.030258
0.001533
-0.377930
-0.204956
-0.319092
-0.118347
-0.303711
-0.232422
-0.329834
-0.286377
-0.145386
-0.291016
-0.341064
-0.270752
-0.174805
-0.472656
-0.010033
-0.135498
-0.352051
-0.319336
-0.245239
-0.451904
-0.281250
-0.427490
-0.247925
-0.357178
-0.447021
-0.304932
-0.352051
-0.342041
-0.281738
-0.408936
-0.076782
-0.080627
-0.181885
-0.417480
-0.293213
-0.453857
-0.258057
-0.291992
-0.066345
-0.335938
-0.063416
-0.385498
-0.300293
-0.284424
-0.271729
-0.209351
-0.366943
-0.282471
-0.350586
-0.445557
-0.331543
-0.286133
-0.375732
-0.442627
-0.361328
-0.376465
-0.219360
-0.266357
-0.110535
-0.143799
-0.271240
-0.257324
-0.113159
-0.277100
-0.053589
-0.293457
-0.378906
-0.126953
-0.392578
-0.284668
-0.355225
-0.405762
-0.327148
-0.315186
-0.207275
-0.268555
-0.039734
-0.092651
-0.402344
-0.407959
-0.233765
-0.172729
-0.011932
-0.244751
-0.084290
-0.238037
-0.443359
-0.344727
-0.287598
-0.289062
-0.009483
-0.188965
-0.359863
-0.086365
-0.316895
-0.146973
-0.155396
-0.119324
-0.339844
-0.363525
0.025162
-0.362549
-0.357178
0.103821
0.134277
-0.390625
-0.247192
-0.403564
-0.191895
-0.150757
-0.165405
-0.114441
-0.143311
-0.164795
-0.361816
0.127686
-0.295410
-0.214355
-0.097595
-0.023819
-0.318115
-0.120972
-0.288574
-0.261719
-0.230469
-0.057770
-0.137573
-0.276123
-0.219971
0.057373
-0.234741
0.032806
-0.139648
-0.258057
-0.138794
-0.042511
-0.199219
-0.065918
-0.137207
-0.213379
-0.084045
-0.224976
-0.216675
0.052246
-0.274902
-0.120850
-0.213135
0.004147
-0.007244
-0.351074
-0.234375
-0.262939
-0.276123
-0.090332
-0.174683
-0.230225
-0.168335
-0.254883
-0.284912
-0.034821
-0.131470
-0.397949
0.079529
-0.256592
-0.257568
-0.313232
-0.152832
-0.027191
-0.197266
-0.296387
-0.313965
-0.265869
-0.265137
-0.017059
-0.152588
-0.298828
-0.292236
-0.189575
0.034363
-0.015152
-0.225464
0.056976
0.031097
0.013840
-0.213623
-0.358643
-0.097839
-0.208618
-0.187622
-0.386475
0.034637
0.001145
-0.375000
-0.206787
-0.321045
-0.122864
-0.302734
-0.233887
-0.330566
-0.289062
-0.152832
-0.289795
-0.344727
-0.272461
-0.179199
-0.475342
-0.009628
-0.137329
-0.353760
-0.321533
-0.242920
-0.456055
-0.283691
-0.427002
-0.249146
-0.356689
-0.451904
-0.303223
-0.351562
-0.345947
-0.283936
-0.410645
-0.071533
-0.087402
-0.182251
-0.423096
-0.290283
-0.458740
-0.260498
-0.296875
-0.073608
-0.336670
-0.066040
-0.389160
-0.303711
-0.290771
-0.276123
-0.208130
-0.369629
-0.282227
-0.355225
-0.451416
-0.334473
-0.285156
-0.382812
-0.445557
-0.365723
-0.377686
-0.222778
-0.268799
-0.109070
-0.149414
-0.281006
-0.261475
-0.116943
-0.281982
-0.050720
-0.297607
-0.381348
-0.126709
-0.398438
-0.283203
-0.354004
-0.408447
-0.331055
-0.311768
-0.206055
-0.279053
-0.041260
-0.088928
-0.405029
-0.408447
-0.234131
-0.177490
-0.013786
-0.242432
-0.085876
-0.238525
-0.446533
-0.345215
-0.293457
-0.289795
-0.009270
-0.191284
-0.362793
-0.089050
-0.322510
-0.143921
-0.161377
-0.122314
-0.336182
-0.367432
0.022034
-0.367676
-0.365723
0.106201
0.132568
-0.385498
-0.252686
-0.399170
-0.195435
-0.160522
-0.168823
-0.119568
-0.150024
-0.172119
-0.363281
0.132812
-0.295654
-0.214355
-0.104126
0.119446
-0.320312
-0.120544
-0.294922
-0.264893
-0.231689
-0.065125
-0.149536
-0.274902
-0.218750
0.058014
-0.238403
0.027878
-0.145264
-0.257812
-0.142578
-0.035614
-0.202148
-0.066162
-0.144165
-0.217163
-0.090393
-0.234985
-0.215820
0.055450
-0.273193
-0.122681
-0.219604
0.000214
-0.005264
-0.353516
-0.240356
-0.267090
-0.278320
-0.091064
-0.178345
-0.234863
-0.170288
-0.260986
-0.290527
-0.028854
-0.137207
-0.396729
0.082642
-0.249634
-0.254883
-0.323486
-0.164551
-0.028717
-0.200439
-0.299072
-0.317383
-0.266357
-0.269287
-0.017548
-0.152588
-0.297119
-0.299072
-0.196655
0.037720
-0.016495
-0.225220
0.046478
0.034058
0.009155
-0.214478
-0.366455
-0.108093
-0.205688
-0.194946
-0.391602
0.025772
-0.005821
-0.380127
-0.210815
-0.325195
-0.127686
-0.302734
-0.236206
-0.329834
-0.288574
-0.157593
-0.289062
-0.349609
-0.273438
-0.181763
-0.479248
-0.010399
-0.136353
-0.357666
-0.321289
-0.242554
-0.460205
-0.283936
-0.426514
-0.253906
-0.359131
-0.456299
-0.305664
-0.353271
-0.349121
-0.287842
-0.412109
-0.073608
-0.093018
-0.182983
-0.428955
-0.290771
-0.461182
-0.260010
-0.301025
-0.083557
-0.339600
-0.068665
-0.395264
-0.308350
-0.294434
-0.280518
-0.207520
-0.369629
-0.281738
-0.360352
-0.455322
-0.337402
-0.287598
-0.385498
-0.446289
-0.370850
-0.377930
-0.227173
-0.268799
-0.107117
-0.149536
-0.288086
-0.266357
-0.119446
-0.286621
-0.051361
-0.301270
-0.383057
-0.131226
-0.402588
-0.278320
-0.353760
-0.412354
-0.333496
-0.312256
-0.205688
-0.285400
-0.040466
-0.082397
-0.407471
-0.410889
-0.233398
-0.180542
-0.013710
-0.241333
-0.090820
-0.240601
-0.448730
-0.349854
-0.298340
-0.291016
-0.009109
-0.193359
-0.364014
-0.094055
-0.325684
-0.141113
-0.163940
-0.125000
-0.332275
-0.370605
0.018921
-0.375000
-0.374756
0.106262
0.132080
-0.385742
-0.253418
-0.400635
-0.198608
-0.146973
-0.164429
-0.122803
-0.151855
-0.177124
-0.364014
0.136841
-0.298828
-0.213867
-0.111023
-0.016876
-0.319092
-0.120544
-0.299561
-0.266846
-0.229736
-0.073486
-0.160278
-0.274902
-0.214478
0.059296
-0.239258
0.023102
-0.149780
-0.258545
-0.148926
-0.027359
-0.207153
-0.068604
-0.150635
-0.219116
-0.095825
-0.244873
-0.216309
0.053650
-0.271973
-0.129639
-0.225098
-0.000028
0.002748
-0.358398
-0.247437
-0.272705
-0.285889
-0.089050
-0.176147
-0.236572
-0.160156
-0.268066
-0.295410
-0.023331
-0.145386
-0.399170
0.076111
-0.244873
-0.253662
-0.328125
-0.172363
-0.032440
-0.202271
-0.298828
-0.318359
-0.267090
-0.273682
-0.020309
-0.150269
-0.293457
-0.307861
-0.201172
0.042084
-0.020477
-0.230469
0.038055
0.036774
0.007637
-0.219971
-0.371826
-0.119568
-0.206543
-0.196167
-0.398193
0.017914
-0.011063
-0.384521
-0.213989
-0.324951
-0.133667
-0.302734
-0.237549
-0.332031
-0.287842
-0.161743
-0.291992
-0.350586
-0.272705
-0.181030
-0.479492
-0.014221
-0.134766
-0.358398
-0.320312
-0.244751
-0.463623
-0.288574
-0.429688
-0.255127
-0.359375
-0.457520
-0.308838
-0.353516
-0.345703
-0.288574
-0.413330
-0.080933
-0.096436
-0.187134
-0.429688
-0.290283
-0.461182
-0.262695
-0.303955
-0.080139
-0.342041
-0.067749
-0.396240
-0.308594
-0.290039
-0.275146
-0.211060
-0.369873
-0.282227
-0.361572
-0.452881
-0.333252
-0.286377
-0.381348
-0.447021
-0.374268
-0.379639
-0.224365
-0.268066
-0.109863
-0.145020
-0.290283
-0.264893
-0.121399
-0.282715
-0.053864
-0.303955
-0.385742
-0.133301
-0.402832
-0.282715
-0.355225
-0.411865
-0.335938
-0.314453
-0.209961
-0.285889
-0.040771
-0.078735
-0.408447
-0.413574
-0.234131
-0.182373
-0.015144
-0.247925
-0.088928
-0.244995
-0.449951
-0.354004
-0.298828
-0.292969
-0.014267
-0.197144
-0.365723
-0.095886
-0.325684
-0.146484
-0.159424
-0.122559
-0.336182
-0.371338
0.015175
-0.372070
-0.375977
0.098938
0.121765
-0.392334
-0.251465
-0.402344
-0.201416
-0.150879
-0.161133
-0.123596
-0.150024
-0.177734
-0.361572
0.131226
-0.299561
-0.217041
-0.110718
-0.298096
-0.318115
-0.124939
-0.298096
-0.269531
-0.228882
-0.075562
-0.161743
-0.275391
-0.215820
0.056183
-0.241943
0.023178
-0.148926
-0.258545
-0.152832
-0.023300
-0.205688
-0.065918
-0.149170
-0.219727
-0.097961
-0.243408
-0.216064
0.045166
-0.272705
-0.130249
-0.222412
-0.000020
0.001533
-0.360107
-0.245972
-0.275146
-0.288086
-0.090881
-0.180542
-0.239014
-0.171509
-0.267334
-0.297607
-0.030960
-0.143799
-0.402832
0.072083
-0.255371
-0.256836
-0.327881
-0.171021
-0.033600
-0.199951
-0.297363
-0.320312
-0.270264
-0.275146
-0.019653
-0.153442
-0.296631
-0.308838
-0.201416
0.040710
-0.022430
-0.229736
0.040009
0.033936
0.005062
-0.220825
-0.369629
-0.124023
-0.207153
-0.192139
-0.396484
0.019287
-0.011719
-0.384521
-0.213257
-0.328369
-0.135620
-0.305176
-0.240234
-0.333740
-0.291260
-0.151245
-0.296875
-0.350098
-0.275146
-0.185059
-0.484619
-0.013527
-0.135620
-0.362305
-0.315430
-0.250732
-0.463623
-0.287598
-0.430908
-0.253174
-0.360352
-0.460205
-0.306152
-0.356934
-0.351807
-0.290527
-0.413330
-0.079102
-0.097351
-0.186157
-0.433350
-0.295654
-0.459717
-0.262451
-0.299805
-0.083740
-0.344482
-0.063843
-0.397705
-0.313477
-0.294434
-0.276611
-0.210327
-0.372314
-0.283447
-0.362061
-0.458740
-0.337158
-0.292725
-0.383301
-0.450684
-0.375244
-0.382568
-0.224487
-0.269287
-0.108887
-0.150024
-0.286865
-0.267334
-0.117432
-0.287354
-0.054138
-0.302002
-0.388184
-0.135376
-0.405518
-0.283447
-0.353760
-0.416016
-0.338867
-0.319824
-0.209106
-0.283203
-0.035278
-0.086304
-0.407959
-0.414795
-0.236694
-0.182739
-0.011612
-0.247925
-0.088074
-0.244385
-0.452148
-0.355713
-0.296875
-0.295166
-0.012215
-0.192871
-0.367676
-0.096252
-0.330566
-0.142822
-0.158447
-0.128052
-0.341553
-0.372803
0.016617
-0.379395
-0.380371
0.096741
0.131104
-0.390625
-0.256836
-0.407471
-0.196533
-0.082092
-0.162842
-0.128174
-0.148560
-0.181519
-0.364502
0.130615
-0.302246
-0.218872
-0.107666
-0.074890
-0.319580
-0.119263
-0.300049
-0.265625
-0.232056
-0.070129
-0.161377
-0.277832
-0.220947
0.064270
-0.240234
0.026138
-0.149780
-0.266357
-0.152344
-0.032104
-0.210327
-0.067444
-0.148315
-0.218872
-0.096497
-0.238525
-0.219849
0.054230
-0.273193
-0.130249
-0.223389
-0.000438
0.008537
-0.360352
-0.250000
-0.276855
-0.292725
-0.092468
-0.173706
-0.238281
-0.130859
-0.271973
-0.300049
-0.028336
-0.144775
-0.406006
0.073608
-0.254639
-0.255371
-0.328857
-0.170532
-0.037201
-0.199463
-0.300781
-0.321045
-0.275879
-0.281494
-0.020233
-0.144897
-0.297852
-0.315918
-0.203125
0.033722
-0.021912
-0.232056
0.040070
0.031738
0.012451
-0.225708
-0.373291
-0.122009
-0.209839
-0.197510
-0.401123
0.019928
-0.012527
-0.386230
-0.216064
-0.327637
-0.131226
-0.310791
-0.246338
-0.340332
-0.299316
-0.144409
-0.297852
-0.354736
-0.279297
-0.189697
-0.487061
-0.019684
-0.136963
-0.362549
-0.316895
-0.260742
-0.466797
-0.291992
-0.433350
-0.258545
-0.364746
-0.464844
-0.307861
-0.366943
-0.368408
-0.290771
-0.413574
-0.093323
-0.106140
-0.182983
-0.432617
-0.302979
-0.469971
-0.268555
-0.297607
-0.096741
-0.352539
-0.064392
-0.403320
-0.318359
-0.304199
-0.281006
-0.212158
-0.378174
-0.285645
-0.365479
-0.462402
-0.344971
-0.296631
-0.390625
-0.452637
-0.380127
-0.382812
-0.225830
-0.275146
-0.115845
-0.159058
-0.286133
-0.278076
-0.113647
-0.290771
-0.062225
-0.307129
-0.391357
-0.136963
-0.406250
-0.288574
-0.362549
-0.420410
-0.347900
-0.329590
-0.211792
-0.287109
-0.034637
-0.095398
-0.412109
-0.419678
-0.245483
-0.183960
-0.003960
-0.255371
-0.090820
-0.243286
-0.456543
-0.359131
-0.301270
-0.301270
-0.017548
-0.198975
-0.373291
-0.104858
-0.336914
-0.146606
-0.165283
-0.138306
-0.347412
-0.379639
0.010155
-0.388916
-0.384033
0.076965
0.136108
-0.390381
-0.266846
-0.424072
-0.191895
-0.099243
-0.168091
-0.137329
-0.165527
-0.192383
-0.369385
0.121948
-0.312744
-0.227539
-0.112305
-0.063171
-0.319092
-0.135254
-0.307861
-0.262695
-0.242920
-0.073181
-0.163086
-0.287109
-0.238770
0.071533
-0.243042
0.022781
-0.157837
-0.271484
-0.161865
-0.054199
-0.219116
-0.077698
-0.147339
-0.227539
-0.110168
-0.240845
-0.227173
0.042908
-0.279053
-0.140625
-0.233887
-0.007469
-0.001628
-0.363525
-0.260254
-0.282227
-0.298584
-0.095337
-0.184082
-0.242310
-0.151611
-0.287842
-0.312012
-0.030151
-0.155762
-0.409180
0.056213
-0.261963
-0.252441
-0.335449
-0.174683
-0.051270
-0.205322
-0.305420
-0.328857
-0.288818
-0.303955
-0.025055
-0.144409
-0.308594
-0.323242
-0.207642
0.007053
-0.024506
-0.236694
0.035339
0.017181
0.010803
-0.237061
-0.381836
-0.125854
-0.216675
-0.204590
-0.413330
0.015160
-0.010712
-0.392090
-0.213135
-0.329346
-0.131104
-0.308105
-0.253418
-0.341553
-0.302734
-0.139771
-0.297852
-0.359131
-0.281494
-0.186279
-0.490723
-0.025635
-0.135986
-0.364502
-0.322510
-0.263916
-0.470947
-0.294189
-0.436279
-0.262695
-0.371826
-0.468506
-0.311768
-0.372803
-0.377930
-0.290283
-0.415771
-0.102722
-0.112915
-0.185425
-0.434082
-0.304932
-0.474121
-0.271973
-0.296875
-0.104370
-0.358154
-0.066345
-0.410400
-0.319824
-0.307861
-0.277344
-0.211792
-0.380127
-0.290283
-0.364746
-0.459717
-0.346924
-0.300781
-0.392334
-0.451416
-0.382812
-0.380371
-0.228149
-0.277588
-0.121704
-0.158813
-0.287354
-0.283936
-0.106384
-0.292969
-0.069153
-0.308594
-0.393555
-0.138672
-0.409424
-0.290039
-0.369873
-0.419678
-0.350098
-0.336426
-0.218994
-0.281982
-0.038971
-0.099609
-0.413330
-0.422119
-0.248413
-0.185303
-0.000510
-0.257080
-0.097778
-0.245850
-0.459717
-0.362549
-0.303467
-0.302979
-0.029205
-0.201538
-0.378418
-0.107849
-0.333740
-0.149414
-0.166870
-0.141602
-0.353027
-0.380127
0.006184
-0.388672
-0.386719
0.067566
0.130859
-0.393311
-0.266602
-0.432617
-0.193359
-0.136475
-0.165771
-0.138794
-0.167358
-0.194580
-0.373779
0.118103
-0.322998
-0.232666
-0.112732
-0.200806
-0.327148
-0.151001
-0.307861
-0.264160
-0.244385
-0.075928
-0.164551
-0.295654
-0.248291
0.072021
-0.246216
0.021988
-0.162231
-0.275635
-0.164917
-0.064209
-0.223145
-0.079956
-0.145996
-0.227661
-0.118469
-0.243652
-0.234619
0.032837
-0.284912
-0.143433
-0.238037
-0.011696
-0.005932
-0.365723
-0.264648
-0.280273
-0.302490
-0.099182
-0.190063
-0.242920
-0.165039
-0.296631
-0.319824
-0.034302
-0.160156
-0.411865
0.040619
-0.269775
-0.253174
-0.330811
-0.173462
-0.062988
-0.204590
-0.308594
-0.334717
-0.293213
-0.314209
-0.031311
-0.150146
-0.312500
-0.328613
-0.204102
-0.005745
-0.028854
-0.241089
0.035645
0.010277
0.009865
-0.242310
-0.384033
-0.127930
-0.220825
-0.202515
-0.420410
0.009293
-0.011360
-0.394043
-0.209961
-0.330322
-0.130859
-0.310547
-0.255127
-0.344238
-0.304199
-0.136475
-0.296875
-0.359863
-0.284668
-0.184204
-0.492432
-0.030899
-0.143433
-0.364990
-0.328369
-0.260498
-0.472168
-0.295166
-0.436035
-0.267090
-0.373291
-0.469482
-0.303955
-0.375977
-0.382568
-0.295166
-0.419922
-0.094421
-0.117004
-0.186768
-0.436279
-0.307617
-0.476318
-0.275146
-0.300049
-0.112549
-0.356934
-0.061462
-0.412354
-0.323242
-0.314453
-0.286621
-0.210693
-0.381836
-0.292236
-0.365479
-0.465820
-0.349609
-0.301025
-0.399902
-0.453857
-0.383545
-0.383789
-0.232544
-0.281250
-0.121094
-0.161255
-0.290771
-0.290527
-0.104736
-0.299316
-0.068542
-0.309570
-0.395020
-0.136108
-0.413574
-0.286865
-0.374023
-0.423584
-0.353516
-0.333984
-0.218750
-0.281738
-0.038452
-0.105225
-0.415527
-0.420898
-0.247070
-0.190918
-0.002176
-0.254150
-0.102234
-0.246460
-0.463379
-0.364014
-0.303467
-0.301514
-0.031433
-0.208374
-0.380127
-0.107910
-0.337891
-0.145630
-0.176636
-0.148071
-0.350342
-0.386719
0.004333
-0.389404
-0.392578
0.071045
0.127197
-0.388184
-0.273682
-0.435303
-0.200684
-0.150024
-0.171997
-0.146240
-0.171997
-0.196899
-0.381104
0.123596
-0.324219
-0.234009
-0.115356
-0.280762
-0.333740
-0.156372
-0.314941
-0.268311
-0.246948
-0.077698
-0.166870
-0.297607
-0.246826
0.073853
-0.250244
0.009705
-0.161499
-0.273193
-0.168823
-0.062317
-0.226074
-0.079590
-0.147339
-0.230347
-0.124390
-0.249878
-0.238770
0.036255
-0.283203
-0.137695
-0.245483
-0.022095
-0.005466
-0.365479
-0.266113
-0.277100
-0.300293
-0.102722
-0.193726
-0.247925
-0.184204
-0.301758
-0.324219
-0.031082
-0.164062
-0.407959
0.040009
-0.256836
-0.259766
-0.333008
-0.181030
-0.062012
-0.206177
-0.311279
-0.337891
-0.288086
-0.313477
-0.033569
-0.154907
-0.315674
-0.332275
-0.206787
-0.010262
-0.030930
-0.243164
0.030655
0.011948
0.008377
-0.244751
-0.388184
-0.130493
-0.218994
-0.203369
-0.424561
0.005222
-0.014084
-0.398193
-0.213257
-0.328369
-0.128418
-0.312012
-0.249878
-0.343750
-0.302734
-0.134766
-0.295410
-0.357910
-0.285645
-0.183716
-0.489258
-0.029556
-0.146606
-0.363037
-0.329346
-0.254883
-0.467773
-0.291260
-0.432617
-0.266846
-0.370850
-0.465820
-0.300293
-0.371338
-0.376709
-0.293701
-0.420654
-0.082397
-0.109375
-0.186523
-0.435791
-0.308105
-0.472900
-0.272461
-0.297607
-0.107239
-0.352051
-0.056061
-0.407959
-0.321777
-0.312744
-0.290527
-0.209595
-0.380127
-0.290039
-0.361084
-0.466309
-0.352051
-0.296387
-0.398682
-0.451904
-0.380127
-0.384277
-0.233765
-0.281738
-0.118896
-0.163574
-0.290771
-0.285645
-0.109680
-0.297852
-0.063599
-0.307861
-0.392090
-0.134277
-0.410645
-0.280273
-0.369873
-0.424072
-0.350342
-0.329834
-0.218018
-0.278076
-0.039673
-0.109802
-0.414062
-0.416260
-0.242554
-0.190186
-0.006321
-0.252930
-0.100403
-0.243286
-0.458008
-0.360840
-0.300781
-0.299561
-0.028992
-0.207520
-0.375488
-0.104858
-0.337891
-0.140381
-0.178223
-0.146118
-0.346436
-0.386719
0.004307
-0.387695
-0.387451
0.075867
0.128906
-0.381592
-0.275391
-0.427490
-0.201904
-0.164673
-0.174438
-0.144897
-0.171753
-0.191040
-0.381592
0.122437
-0.316895
-0.229370
-0.114929
-0.366943
-0.332520
-0.149658
-0.313477
-0.266602
-0.244141
-0.073303
-0.162109
-0.295166
-0.240356
0.074341
-0.248901
0.006981
-0.156616
-0.269775
-0.163940
-0.058807
-0.224121
-0.080078
-0.147705
-0.228149
-0.122620
-0.247681
-0.235596
0.041595
-0.282227
-0.133179
-0.243408
-0.026581
-0.005005
-0.363037
-0.262451
-0.272217
-0.297852
-0.104553
-0.189697
-0.246216
-0.192749
-0.293213
-0.320557
-0.029297
-0.161743
-0.402344
0.051147
-0.247925
-0.265381
-0.331543
-0.178955
-0.051849
-0.208252
-0.310791
-0.334717
-0.279785
-0.303223
-0.026871
-0.158325
-0.310791
-0.325684
-0.204834
-0.007214
-0.024704
-0.240112
0.029602
0.012192
0.006050
-0.242432
-0.386963
-0.127441
-0.214966
-0.202026
-0.418945
0.005997
-0.011765
-0.396484
-0.217773
-0.322998
-0.122742
-0.310547
-0.240845
-0.340332
-0.296387
-0.130249
-0.291992
-0.349854
-0.279541
-0.179688
-0.481689
-0.024628
-0.137939
-0.356445
-0.316406
-0.248169
-0.461914
-0.285889
-0.427734
-0.256592
-0.364014
-0.459717
-0.296875
-0.362793
-0.362793
-0.291260
-0.413574
-0.078796
-0.097961
-0.183105
-0.426514
-0.302490
-0.459961
-0.262695
-0.295410
-0.093994
-0.344482
-0.054260
-0.396973
-0.314453
-0.300781
-0.285400
-0.207642
-0.372803
-0.285645
-0.354980
-0.459229
-0.341553
-0.293457
-0.389160
-0.446045
-0.368896
-0.379883
-0.224976
-0.272217
-0.118469
-0.155029
-0.282227
-0.276123
-0.109192
-0.290283
-0.057983
-0.301514
-0.386230
-0.130981
-0.404541
-0.277344
-0.358398
-0.416016
-0.338135
-0.325195
-0.206665
-0.273193
-0.034668
-0.105347
-0.407227
-0.410400
-0.236084
-0.187988
-0.000042
-0.250732
-0.089600
-0.242554
-0.452393
-0.354492
-0.292725
-0.291748
-0.015823
-0.196777
-0.369141
-0.095215
-0.332520
-0.132446
-0.171387
-0.139893
-0.340576
-0.377441
0.015480
-0.375977
-0.374023
0.089783
0.140015
-0.381836
-0.263672
-0.418457
-0.193604
-0.106628
-0.167725
-0.134888
-0.154419
-0.182251
-0.369873
0.125244
-0.306885
-0.224487
-0.107605
-0.159912
-0.327881
-0.131592
-0.304443
-0.262451
-0.237671
-0.064758
-0.146851
-0.287354
-0.231567
0.070740
-0.240112
0.016937
-0.149658
-0.262451
-0.150513
-0.049438
-0.213135
-0.072388
-0.144043
-0.219116
-0.105164
-0.237183
-0.227661
0.053101
-0.273926
-0.124084
-0.229126
-0.017014
0.000452
-0.356445
-0.248657
-0.268799
-0.289307
-0.098999
-0.175415
-0.237793
-0.145630
-0.277588
-0.307373
-0.023453
-0.152222
-0.399902
0.063660
-0.246216
-0.262207
-0.322021
-0.169556
-0.042999
-0.203613
-0.303467
-0.323730
-0.272217
-0.284180
-0.022537
-0.145874
-0.302246
-0.312744
-0.199341
0.007244
-0.017776
-0.236084
0.042816
0.024994
0.017090
-0.231201
-0.375977
-0.117371
-0.208862
-0.193237
-0.405518
0.021393
-0.004700
-0.389893
-0.211548
-0.318359
-0.125000
-0.310059
-0.234009
-0.334961
-0.284668
-0.133301
-0.291016
-0.345215
-0.272461
-0.173096
-0.477051
-0.019302
-0.132935
-0.352783
-0.313477
-0.241821
-0.454346
-0.284180
-0.426758
-0.251465
-0.361328
-0.452393
-0.299805
-0.355713
-0.345947
-0.291260
-0.409180
-0.079651
-0.081909
-0.182129
-0.421631
-0.298584
-0.450684
-0.256104
-0.293701
-0.072754
-0.339355
-0.050476
-0.389648
-0.302002
-0.283936
-0.275391
-0.209595
-0.368164
-0.284912
-0.348877
-0.447754
-0.329346
-0.288818
-0.376221
-0.441650
-0.362061
-0.375977
-0.219971
-0.265869
-0.117310
-0.142334
-0.274414
-0.264893
-0.102722
-0.284180
-0.056091
-0.297363
-0.381348
-0.126343
-0.396729
-0.280273
-0.353516
-0.408203
-0.328125
-0.319092
-0.204346
-0.265381
-0.036743
-0.101562
-0.402588
-0.407959
-0.232422
-0.181396
-0.003134
-0.247925
-0.080200
-0.245972
-0.445312
-0.348633
-0.284424
-0.287354
-0.004143
-0.190674
-0.363770
-0.084839
-0.318848
-0.133667
-0.157959
-0.125854
-0.339355
-0.366943
0.025131
-0.364014
-0.360596
0.104797
0.137695
-0.386719
-0.248291
-0.409668
-0.192139
-0.085815
-0.160645
-0.119568
-0.133057
-0.167847
-0.359863
0.124817
-0.297607
-0.221069
-0.100342
0.112244
-0.324463
-0.119324
-0.291504
-0.260010
-0.231079
-0.056091
-0.130859
-0.281250
-0.221680
0.060394
-0.234497
0.033203
-0.139160
-0.257568
-0.140381
-0.036743
-0.199707
-0.059418
-0.139038
-0.211426
-0.084595
-0.228516
-0.217163
0.053436
-0.272705
-0.115662
-0.215576
-0.008263
0.004215
-0.350586
-0.235229
-0.263916
-0.278809
-0.095459
-0.168945
-0.228271
-0.121582
-0.257812
-0.290039
-0.028778
-0.135498
-0.399170
0.078003
-0.252930
-0.262207
-0.312988
-0.156006
-0.030655
-0.198608
-0.294922
-0.315430
-0.266846
-0.264404
-0.018356
-0.147949
-0.295410
-0.295654
-0.186523
0.028992
-0.014633
-0.232056
0.057434
0.036407
0.018204
-0.219727
-0.360840
-0.102112
-0.206055
-0.182861
-0.389160
0.035400
0.005680
-0.380859
-0.210327
-0.321533
-0.135742
-0.307617
-0.241943
-0.333740
-0.284668
-0.144043
-0.297852
-0.350830
-0.272461
-0.171875
-0.480713
-0.021988
-0.126587
-0.355957
-0.312256
-0.250244
-0.457275
-0.291260
-0.432617
-0.256348
-0.364258
-0.453857
-0.308105
-0.360352
-0.350342
-0.290771
-0.411865
-0.098267
-0.094055
-0.184937
-0.423096
-0.297852
-0.458740
-0.260498
-0.298828
-0.076721
-0.347900
-0.053589
-0.396484
-0.305176
-0.287354
-0.267578
-0.211182
-0.373047
-0.288330
-0.352295
-0.446289
-0.328857
-0.291504
-0.374268
-0.444580
-0.370361
-0.376465
-0.220825
-0.265381
-0.120361
-0.139282
-0.280273
-0.271240
-0.097473
-0.286133
-0.064758
-0.302002
-0.386475
-0.128540
-0.396484
-0.283936
-0.357910
-0.408447
-0.338379
-0.326660
-0.210938
-0.270752
-0.038269
-0.093201
-0.407715
-0.415283
-0.235107
-0.177856
-0.004444
-0.253174
-0.087219
-0.251709
-0.448975
-0.354980
-0.288818
-0.294189
-0.015259
-0.192505
-0.369873
-0.094910
-0.318115
-0.143433
-0.154297
-0.127441
-0.343994
-0.368408
0.020554
-0.367432
-0.370117
0.088501
0.129028
-0.394531
-0.247437
-0.416504
-0.194946
-0.110352
-0.154175
-0.124573
-0.137207
-0.175171
-0.356934
0.119141
-0.307617
-0.226196
-0.107666
-0.082581
-0.320557
-0.128052
-0.291504
-0.268066
-0.231079
-0.064758
-0.142944
-0.285645
-0.227173
0.057007
-0.238647
0.037750
-0.145996
-0.262451
-0.150879
-0.036224
-0.204834
-0.059509
-0.140015
-0.216675
-0.094666
-0.235229
-0.219360
0.033813
-0.274170
-0.125977
-0.219727
-0.006756
0.005871
-0.357422
-0.241699
-0.274414
-0.291260
-0.098022
-0.178467
-0.231689
-0.139404
-0.265381
-0.296387
-0.037445
-0.138794
-0.404785
0.064758
-0.265625
-0.258057
-0.316406
-0.162476
-0.040924
-0.199463
-0.293701
-0.319336
-0.274658
-0.278809
-0.023148
-0.147705
-0.299072
-0.302734
-0.191772
0.028244
-0.023682
-0.236816
0.054230
0.028580
0.011505
-0.227417
-0.364502
-0.110107
-0.212524
-0.182983
-0.397217
0.025833
0.000140
-0.383301
-0.211304
-0.328857
-0.132324
-0.313965
-0.246094
-0.338623
-0.291992
-0.149536
-0.303467
-0.355225
-0.276367
-0.184937
-0.488525
-0.017548
-0.131592
-0.363037
-0.316895
-0.266602
-0.464600
-0.296875
-0.438232
-0.258301
-0.369873
-0.459961
-0.314209
-0.369385
-0.363037
-0.291016
-0.416260
-0.103027
-0.098206
-0.185181
-0.435059
-0.305664
-0.468506
-0.265381
-0.298340
-0.085266
-0.357422
-0.064148
-0.404053
-0.318359
-0.297363
-0.273926
-0.215698
-0.377197
-0.291992
-0.363525
-0.457520
-0.340820
-0.297119
-0.381348
-0.451660
-0.378418
-0.385254
-0.226807
-0.273193
-0.118286
-0.153198
-0.283447
-0.275391
-0.113220
-0.291016
-0.066528
-0.305420
-0.392090
-0.137817
-0.398438
-0.294434
-0.362793
-0.418457
-0.349121
-0.334961
-0.214966
-0.286377
-0.033722
-0.093323
-0.413818
-0.422607
-0.245239
-0.176392
-0.003447
-0.258789
-0.087219
-0.250732
-0.457031
-0.364502
-0.302002
-0.302734
-0.015701
-0.200073
-0.374268
-0.102234
-0.329102
-0.152222
-0.154175
-0.130005
-0.355713
-0.375732
0.016220
-0.383057
-0.379883
0.075500
0.136719
-0.401123
-0.253906
-0.427979
-0.194092
-0.105103
-0.164429
-0.131348
-0.154785
-0.183594
-0.366455
0.117004
-0.317627
-0.230103
-0.107361
-0.173584
-0.314209
-0.134521
-0.303467
-0.267090
-0.241089
-0.070007
-0.155396
-0.291992
-0.236938
0.062408
-0.242920
0.036682
-0.154663
-0.272705
-0.159058
-0.051178
-0.214600
-0.070129
-0.141724
-0.223877
-0.101135
-0.236328
-0.228516
0.036835
-0.281738
-0.140381
-0.227783
0.002604
-0.000929
-0.365479
-0.256348
-0.287842
-0.298096
-0.100403
-0.181396
-0.239136
-0.142090
-0.278564
-0.308350
-0.039215
-0.149414
-0.415039
0.057922
-0.277588
-0.256592
-0.331299
-0.166626
-0.048706
-0.201660
-0.306641
-0.327148
-0.286377
-0.295898
-0.024979
-0.146606
-0.311768
-0.316406
-0.202637
0.016922
-0.020813
-0.236694
0.046844
0.016357
0.007462
-0.235596
-0.379883
-0.115906
-0.220337
-0.196899
-0.412354
0.018814
-0.007988
-0.390381
-0.214600
-0.333740
-0.128784
-0.315674
-0.249878
-0.340820
-0.299072
-0.154663
-0.303223
-0.358154
-0.279297
-0.191895
-0.491455
-0.015671
-0.136597
-0.363770
-0.323486
-0.270508
-0.468262
-0.300537
-0.442627
-0.259766
-0.369873
-0.462646
-0.316895
-0.374023
-0.369385
-0.290283
-0.419678
-0.102417
-0.104980
-0.186890
-0.435303
-0.309814
-0.476562
-0.271240
-0.300049
-0.090698
-0.359131
-0.072449
-0.406250
-0.322510
-0.305908
-0.275146
-0.219849
-0.380127
-0.291748
-0.368408
-0.462158
-0.349854
-0.297852
-0.386963
-0.456787
-0.384033
-0.390625
-0.230469
-0.277588
-0.118103
-0.164185
-0.290283
-0.276367
-0.125244
-0.292725
-0.067810
-0.308350
-0.395020
-0.144165
-0.401611
-0.304443
-0.366211
-0.420166
-0.353760
-0.335938
-0.215942
-0.294922
-0.035980
-0.093140
-0.416748
-0.425049
-0.248901
-0.176025
-0.010529
-0.260498
-0.090271
-0.247192
-0.461914
-0.365967
-0.307861
-0.308594
-0.023285
-0.206177
-0.375977
-0.107483
-0.336182
-0.160767
-0.157593
-0.129028
-0.361816
-0.381592
0.008064
-0.390625
-0.386719
0.062683
0.133423
-0.403809
-0.262695
-0.429199
-0.199097
-0.149048
-0.174072
-0.132080
-0.172241
-0.188965
-0.372314
0.113037
-0.320068
-0.229492
-0.109497
-0.243530
-0.312500
-0.147461
-0.312012
-0.267090
-0.249023
-0.077698
-0.165894
-0.294922
-0.243652
0.062042
-0.247437
0.029785
-0.160645
-0.276611
-0.170654
-0.060638
-0.218506
-0.081421
-0.143921
-0.230591
-0.112305
-0.237305
-0.231567
0.032654
-0.288574
-0.147827
-0.233521
-0.001070
-0.012901
-0.367920
-0.267090
-0.295410
-0.304932
-0.100586
-0.190308
-0.246948
-0.176880
-0.284424
-0.316406
-0.043823
-0.153809
-0.418457
0.051788
-0.281250
-0.255615
-0.342041
-0.174072
-0.051575
-0.207031
-0.315918
-0.332275
-0.293213
-0.309082
-0.023651
-0.157837
-0.318848
-0.323730
-0.210938
0.011703
-0.020660
-0.233276
0.035309
0.005287
-0.003241
-0.238403
-0.389404
-0.122253
-0.222290
-0.206787
-0.418945
0.010757
-0.015572
-0.393311
-0.217163
-0.330566
-0.127319
-0.313965
-0.248169
-0.337646
-0.297119
-0.151733
-0.297363
-0.355225
-0.278564
-0.192261
-0.487549
-0.015625
-0.138062
-0.359863
-0.321289
-0.267090
-0.464844
-0.296631
-0.439209
-0.257080
-0.367676
-0.459229
-0.313965
-0.369141
-0.364990
-0.286133
-0.417725
-0.093872
-0.104370
-0.186768
-0.433350
-0.309570
-0.469727
-0.267334
-0.296143
-0.085999
-0.354736
-0.075562
-0.404053
-0.320801
-0.305664
-0.275879
-0.216797
-0.376465
-0.288574
-0.365234
-0.460205
-0.350586
-0.293945
-0.385010
-0.452637
-0.379639
-0.389160
-0.228882
-0.278076
-0.115295
-0.166016
-0.288330
-0.271484
-0.130615
-0.290527
-0.063721
-0.304688
-0.394043
-0.144287
-0.399658
-0.302979
-0.359619
-0.417969
-0.349609
-0.331543
-0.211792
-0.291260
-0.036652
-0.095337
-0.412598
-0.419922
-0.244751
-0.176514
-0.015884
-0.257324
-0.089722
-0.246338
-0.458008
-0.363770
-0.305908
-0.305420
-0.023865
-0.206055
-0.371582
-0.106873
-0.336182
-0.158081
-0.158569
-0.127563
-0.359619
-0.381836
0.005394
-0.387451
-0.384521
0.064575
0.129761
-0.399658
-0.262451
-0.422363
-0.199097
-0.150757
-0.173096
-0.127441
-0.174438
-0.182983
-0.372314
0.110046
-0.312744
-0.225708
-0.107605
-0.305664
-0.310791
-0.145630
-0.308838
-0.262207
-0.248413
-0.076050
-0.164185
-0.291992
-0.241455
0.061371
-0.246094
0.025742
-0.159546
-0.273682
-0.170166
-0.059662
-0.218018
-0.081726
-0.142090
-0.227661
-0.110718
-0.233643
-0.228882
0.037231
-0.288330
-0.146973
-0.229370
-0.000038
-0.011833
-0.365234
-0.265137
-0.293457
-0.301270
-0.097839
-0.189087
-0.244995
-0.181763
-0.282471
-0.314697
-0.043518
-0.150879
-0.414062
0.052002
-0.276367
-0.257080
-0.338867
-0.174194
-0.046722
-0.205078
-0.314941
-0.329590
-0.289062
-0.306152
-0.020996
-0.161133
-0.318359
-0.322266
-0.211182
0.011925
-0.016541
-0.229492
0.035095
0.004612
-0.003469
-0.233398
-0.388184
-0.120178
-0.219971
-0.207153
-0.413330
0.010612
-0.018326
-0.390625
-0.217651
-0.333740
-0.127075
-0.317383
-0.249512
-0.340576
-0.300781
-0.154053
-0.301514
-0.355713
-0.281006
-0.194336
-0.490234
-0.014633
-0.141235
-0.362793
-0.325684
-0.268555
-0.466309
-0.298340
-0.442383
-0.258789
-0.369629
-0.461914
-0.317139
-0.372314
-0.367188
-0.289307
-0.419678
-0.096802
-0.104187
-0.188232
-0.434326
-0.312012
-0.474365
-0.271729
-0.297119
-0.087769
-0.355225
-0.074951
-0.404053
-0.322998
-0.306641
-0.278076
-0.218994
-0.380371
-0.292480
-0.365967
-0.462158
-0.351074
-0.296875
-0.388184
-0.457275
-0.381592
-0.390869
-0.229614
-0.279541
-0.117493
-0.166382
-0.288574
-0.273926
-0.130005
-0.290039
-0.066223
-0.308350
-0.396240
-0.143311
-0.402100
-0.303467
-0.365967
-0.420654
-0.351807
-0.333984
-0.213989
-0.292236
-0.037628
-0.096130
-0.416016
-0.424072
-0.250000
-0.178223
-0.014275
-0.260742
-0.090881
-0.246216
-0.461426
-0.366943
-0.306641
-0.307861
-0.023743
-0.204956
-0.373535
-0.106506
-0.336182
-0.161743
-0.160522
-0.129028
-0.361572
-0.382568
0.008286
-0.389404
-0.382568
0.067017
0.131714
-0.403809
-0.263428
-0.426758
-0.199463
-0.166382
-0.175781
-0.130005
-0.173218
-0.186279
-0.374512
0.112366
-0.314697
-0.227905
-0.109253
-0.226929
-0.312988
-0.146362
-0.311279
-0.263672
-0.248901
-0.074219
-0.161499
-0.294434
-0.242798
0.061646
-0.248535
0.026550
-0.158936
-0.276123
-0.168823
-0.062225
-0.217651
-0.083374
-0.141602
-0.231201
-0.112976
-0.234497
-0.230957
0.035461
-0.289062
-0.145874
-0.230713
-0.001674
-0.014572
-0.365479
-0.263428
-0.293213
-0.301025
-0.099609
-0.190552
-0.246460
-0.189697
-0.282959
-0.313477
-0.043854
-0.151367
-0.416504
0.055817
-0.279053
-0.258057
-0.340820
-0.172241
-0.045288
-0.208374
-0.315674
-0.329834
-0.291260
-0.305664
-0.022110
-0.160034
-0.320312
-0.321045
-0.210815
0.010941
-0.017349
-0.230835
0.037903
0.006531
0.000108
-0.236206
-0.387451
-0.119019
-0.222412
-0.209106
-0.414795
0.013237
-0.015640
-0.392578
-0.217529
-0.330566
-0.123840
-0.312256
-0.247070
-0.337158
-0.297607
-0.153320
-0.302979
-0.353760
-0.278809
-0.188843
-0.486816
-0.014717
-0.137207
-0.362793
-0.322266
-0.269531
-0.463135
-0.296631
-0.440430
-0.257568
-0.368164
-0.461670
-0.319336
-0.372559
-0.365967
-0.287109
-0.416016
-0.104858
-0.104614
-0.186279
-0.430420
-0.307617
-0.475586
-0.269775
-0.295898
-0.089478
-0.355957
-0.072266
-0.403809
-0.319092
-0.300293
-0.272705
-0.217529
-0.378662
-0.292725
-0.364014
-0.457764
-0.348145
-0.298096
-0.382568
-0.454346
-0.376709
-0.386963
-0.227173
-0.276367
-0.118103
-0.158691
-0.284180
-0.275635
-0.124695
-0.288818
-0.068665
-0.304443
-0.392334
-0.140991
-0.398438
-0.299805
-0.368164
-0.416992
-0.350586
-0.338379
-0.216431
-0.288330
-0.038116
-0.090820
-0.412842
-0.422852
-0.249634
-0.171143
-0.007198
-0.259277
-0.091370
-0.244019
-0.456787
-0.363770
-0.303711
-0.306641
-0.024490
-0.199463
-0.372314
-0.104980
-0.334229
-0.162598
-0.155396
-0.127075
-0.362061
-0.376709
0.008453
-0.386963
-0.378662
0.063110
0.135010
-0.403320
-0.257812
-0.430176
-0.193726
-0.160522
-0.172363
-0.131470
-0.169556
-0.187256
-0.369141
0.111389
-0.318848
-0.228760
-0.107727
-0.153809
-0.309326
-0.148315
-0.306396
-0.265381
-0.246826
-0.073730
-0.161499
-0.291992
-0.244873
0.060791
-0.248169
0.033936
-0.157837
-0.275391
-0.165283
-0.065796
-0.216187
-0.083618
-0.139648
-0.229736
-0.112915
-0.232788
-0.228882
0.029922
-0.287598
-0.145264
-0.229980
0.004066
-0.016403
-0.365479
-0.261475
-0.290527
-0.301758
-0.094543
-0.191284
-0.242188
-0.183594
-0.281982
-0.311768
-0.046417
-0.148682
-0.413086
0.051147
-0.282227
-0.254883
-0.335449
-0.165405
-0.053375
-0.203979
-0.311768
-0.328369
-0.294434
-0.307373
-0.022430
-0.153320
-0.316162
-0.319824
-0.204956
0.010536
-0.022186
-0.232666
0.040344
0.003799
-0.000673
-0.236206
-0.381836
-0.120361
-0.222168
-0.204224
-0.415771
0.013794
-0.011108
-0.388916
-0.212036
-0.330322
-0.126587
-0.311523
-0.253174
-0.341309
-0.299316
-0.149536
-0.303711
-0.355957
-0.278320
-0.185425
-0.490967
-0.017761
-0.134155
-0.365479
-0.320801
-0.271240
-0.467773
-0.299561
-0.443115
-0.260010
-0.371582
-0.464355
-0.317871
-0.377686
-0.371826
-0.288574
-0.414795
-0.115295
-0.110474
-0.188110
-0.429443
-0.307861
-0.477783
-0.272705
-0.297119
-0.096497
-0.360107
-0.070129
-0.407715
-0.319824
-0.302979
-0.272217
-0.217896
-0.382324
-0.295166
-0.365234
-0.457275
-0.342773
-0.300293
-0.386230
-0.458008
-0.381592
-0.386475
-0.224243
-0.275635
-0.122498
-0.155273
-0.283936
-0.281738
-0.114319
-0.290527
-0.073120
-0.307617
-0.395020
-0.138306
-0.401855
-0.298340
-0.372314
-0.418457
-0.353760
-0.342773
-0.218140
-0.286377
-0.037628
-0.090637
-0.415039
-0.424316
-0.253662
-0.175049
0.000016
-0.262939
-0.090637
-0.247559
-0.461182
-0.366699
-0.303955
-0.308594
-0.026993
-0.201050
-0.376221
-0.107056
-0.330811
-0.163574
-0.157471
-0.134766
-0.364014
-0.375732
0.011772
-0.387695
-0.382080
0.061951
0.134155
-0.406250
-0.260010
-0.438232
-0.192871
-0.148193
-0.168945
-0.136719
-0.166016
-0.189819
-0.367188
0.114197
-0.326172
-0.234253
-0.110535
-0.216675
-0.315186
-0.153198
-0.307373
-0.267334
-0.246216
-0.073486
-0.163086
-0.296875
-0.249634
0.063477
-0.250244
0.036682
-0.158447
-0.276855
-0.165649
-0.067566
-0.217529
-0.081970
-0.136108
-0.230713
-0.115967
-0.235352
-0.233154
0.025665
-0.286377
-0.143921
-0.231323
0.004002
-0.012878
-0.367432
-0.260986
-0.290527
-0.305176
-0.097107
-0.192627
-0.244019
-0.177490
-0.285889
-0.312988
-0.045624
-0.151611
-0.417236
0.044250
-0.286865
-0.254150
-0.333984
-0.165039
-0.059631
-0.202759
-0.310303
-0.333984
-0.298828
-0.311768
-0.027817
-0.151855
-0.319092
-0.321289
-0.205566
0.005665
-0.027023
-0.236572
0.043488
0.002277
0.003357
-0.241455
-0.381836
-0.119141
-0.224243
-0.199585
-0.419922
0.012611
-0.008415
-0.390625
-0.209473
-0.326904
-0.125122
-0.308105
-0.252930
-0.340332
-0.296875
-0.147217
-0.299561
-0.352783
-0.276611
-0.179321
-0.487305
-0.019882
-0.131714
-0.360596
-0.320801
-0.267090
-0.463379
-0.295410
-0.438721
-0.258789
-0.373047
-0.460938
-0.317627
-0.373535
-0.371094
-0.287354
-0.412842
-0.114014
-0.108276
-0.186401
-0.426270
-0.307129
-0.474365
-0.273682
-0.293945
-0.093750
-0.358398
-0.067078
-0.406250
-0.314697
-0.300781
-0.271240
-0.215942
-0.379883
-0.291992
-0.360840
-0.453857
-0.341064
-0.299561
-0.384033
-0.451172
-0.378418
-0.382080
-0.223999
-0.275391
-0.123901
-0.153442
-0.281494
-0.281250
-0.109802
-0.291016
-0.073425
-0.306641
-0.391113
-0.137695
-0.399902
-0.293457
-0.371582
-0.415771
-0.350342
-0.340088
-0.219116
-0.280762
-0.040802
-0.093689
-0.412842
-0.423340
-0.250732
-0.177002
-0.000547
-0.260498
-0.091736
-0.247437
-0.456299
-0.362549
-0.301758
-0.303467
-0.028809
-0.200684
-0.374023
-0.106384
-0.324951
-0.162354
-0.157959
-0.134155
-0.359863
-0.372070
0.010696
-0.383057
-0.380127
0.061920
0.129517
-0.400146
-0.258545
-0.433594
-0.191406
-0.164185
-0.163208
-0.135742
-0.164551
-0.189087
-0.363770
0.111389
-0.324219
-0.233643
-0.110657
-0.273682
-0.317627
-0.155884
-0.303711
-0.266357
-0.243408
-0.072327
-0.158813
-0.295898
-0.248291
0.060638
-0.248657
0.032654
-0.156738
-0.274902
-0.162720
-0.067261
-0.217041
-0.079285
-0.136719
-0.227173
-0.117126
-0.236572
-0.231689
0.024185
-0.284912
-0.140137
-0.230469
-0.000848
-0.011055
-0.363525
-0.257568
-0.284912
-0.301514
-0.095642
-0.192627
-0.240234
-0.179932
-0.287598
-0.311768
-0.046356
-0.149780
-0.415771
0.041779
-0.280518
-0.252197
-0.327148
-0.162109
-0.060699
-0.202637
-0.307861
-0.330811
-0.294434
-0.309082
-0.031464
-0.152466
-0.313965
-0.319824
-0.198364
0.001556
-0.029953
-0.238647
0.043243
0.002613
0.002810
-0.240601
-0.377930
-0.118103
-0.223755
-0.196167
-0.416992
0.013535
-0.006195
-0.389648
-0.207886
-0.327637
-0.128052
-0.309814
-0.253418
-0.340576
-0.297119
-0.142700
-0.300781
-0.351562
-0.276611
-0.179321
-0.486572
-0.022675
-0.133789
-0.362305
-0.320068
-0.264648
-0.465820
-0.294189
-0.438477
-0.258545
-0.372070
-0.460693
-0.314697
-0.371338
-0.367188
-0.290283
-0.413818
-0.111511
-0.105469
-0.189209
-0.427246
-0.305664
-0.471680
-0.270752
-0.295410
-0.093384
-0.357422
-0.058228
-0.407715
-0.315430
-0.299072
-0.271973
-0.213745
-0.378418
-0.291748
-0.359863
-0.454590
-0.336426
-0.299316
-0.382568
-0.452637
-0.377930
-0.382568
-0.223022
-0.274902
-0.124268
-0.148315
-0.281250
-0.280762
-0.104492
-0.288818
-0.073792
-0.309570
-0.392578
-0.136108
-0.401367
-0.289062
-0.369873
-0.417725
-0.347412
-0.337402
-0.218140
-0.275146
-0.038208
-0.094727
-0.413574
-0.421631
-0.247803
-0.180176
0.002417
-0.259766
-0.092468
-0.249634
-0.459229
-0.362305
-0.298584
-0.302246
-0.027618
-0.199951
-0.375488
-0.104980
-0.326172
-0.158081
-0.161621
-0.137695
-0.358887
-0.374268
0.015854
-0.379639
-0.378174
0.071594
0.128540
-0.400879
-0.259033
-0.434570
-0.193237
-0.155396
-0.164429
-0.137207
-0.159790
-0.187744
-0.366455
0.115234
-0.320557
-0.234497
-0.111267
-0.318115
-0.323975
-0.150391
-0.302246
-0.266602
-0.240234
-0.069519
-0.153931
-0.292480
-0.246216
0.063904
-0.247681
0.032928
-0.153564
-0.271973
-0.160522
-0.062500
-0.214722
-0.076599
-0.136963
-0.227173
-0.115051
-0.236450
-0.233276
0.028702
-0.281250
-0.135498
-0.227661
-0.001859
-0.006771
-0.364014
-0.250977
-0.279541
-0.298828
-0.098633
-0.192383
-0.239746
-0.189819
-0.284180
-0.308838
-0.041168
-0.147461
-0.413574
0.045898
-0.276855
-0.258057
-0.324951
-0.159424
-0.056549
-0.202148
-0.303467
-0.331055
-0.291748
-0.303223
-0.032257
-0.151733
-0.312988
-0.317627
-0.196777
0.000972
-0.030273
-0.239990
0.049652
0.010284
0.009422
-0.241333
-0.374756
-0.114746
-0.222412
-0.193604
-0.414307
0.019348
-0.003195
-0.388184
-0.207031
-0.321777
-0.127686
-0.307129
-0.248291
-0.337402
-0.291748
-0.135254
-0.294922
-0.345947
-0.274658
-0.174561
-0.480713
-0.026154
-0.129883
-0.357910
-0.313232
-0.259033
-0.458496
-0.285889
-0.430664
-0.255127
-0.367676
-0.454346
-0.310303
-0.363281
-0.356689
-0.287109
-0.410400
-0.105225
-0.098450
-0.188232
-0.421143
-0.301758
-0.459229
-0.263184
-0.292969
-0.087097
-0.349121
-0.051788
-0.401611
-0.307861
-0.289307
-0.271240
-0.207397
-0.369873
-0.287842
-0.352539
-0.447998
-0.329102
-0.296631
-0.375244
-0.444824
-0.368896
-0.374512
-0.217285
-0.269775
-0.125732
-0.139893
-0.275635
-0.275146
-0.098206
-0.282959
-0.071289
-0.306641
-0.387451
-0.132568
-0.395264
-0.280029
-0.361328
-0.411865
-0.336914
-0.331055
-0.214966
-0.265625
-0.036621
-0.096680
-0.408691
-0.414795
-0.241943
-0.183350
0.005787
-0.256348
-0.091187
-0.251221
-0.452881
-0.356445
-0.287598
-0.295166
-0.022720
-0.195435
-0.368896
-0.100525
-0.319092
-0.151001
-0.160767
-0.135010
-0.352295
-0.373047
0.019684
-0.367432
-0.370361
0.082520
0.125366
-0.393799
-0.253418
-0.427734
-0.193237
-0.133423
-0.155762
-0.133545
-0.148560
-0.179565
-0.362305
0.114441
-0.308838
-0.231689
-0.108582
-0.297607
-0.327881
-0.140015
-0.294922
-0.259521
-0.234009
-0.063232
-0.142334
-0.286377
-0.238647
0.062744
-0.242188
0.030319
-0.146118
-0.264893
-0.152588
-0.053986
-0.210449
-0.070251
-0.135498
-0.221313
-0.108337
-0.233276
-0.227295
0.034149
-0.273926
-0.127686
-0.220581
-0.003353
0.000959
-0.358398
-0.239868
-0.269043
-0.292725
-0.096863
-0.183594
-0.231567
-0.170044
-0.276855
-0.302002
-0.038147
-0.142334
-0.406738
0.049652
-0.268311
-0.260254
-0.314941
-0.151367
-0.051697
-0.197754
-0.291504
-0.322754
-0.284424
-0.290283
-0.034302
-0.146851
-0.308594
-0.311279
-0.188110
0.003025
-0.028076
-0.239502
0.058258
0.019455
0.017838
-0.234131
-0.364014
-0.109131
-0.219849
-0.184937
-0.401855
0.028458
0.001397
-0.382324
-0.203003
-0.321289
-0.127075
-0.307373
-0.248291
-0.337402
-0.290771
-0.133301
-0.296143
-0.343506
-0.272705
-0.173096
-0.478271
-0.028336
-0.132690
-0.356934
-0.314941
-0.253418
-0.456787
-0.284424
-0.430908
-0.253906
-0.367432
-0.453369
-0.307617
-0.361084
-0.353516
-0.289062
-0.409668
-0.100952
-0.097290
-0.188477
-0.417969
-0.301270
-0.458984
-0.262451
-0.294189
-0.087524
-0.343262
-0.046967
-0.398438
-0.305176
-0.286377
-0.271729
-0.207886
-0.370117
-0.285645
-0.349365
-0.444824
-0.327637
-0.295898
-0.374756
-0.444580
-0.366455
-0.372559
-0.216919
-0.267578
-0.127686
-0.135864
-0.274658
-0.273682
-0.093933
-0.280273
-0.071045
-0.307617
-0.386475
-0.128906
-0.397461
-0.275879
-0.362305
-0.411133
-0.335449
-0.326416
-0.215698
-0.259766
-0.037933
-0.097229
-0.407959
-0.412842
-0.239380
-0.185791
0.004902
-0.256104
-0.088501
-0.252441
-0.452148
-0.352783
-0.284668
-0.292969
-0.022583
-0.195068
-0.367432
-0.098022
-0.317627
-0.148926
-0.161133
-0.135376
-0.349121
-0.371094
0.023102
-0.362305
-0.366211
0.089478
0.120300
-0.393066
-0.253174
-0.424561
-0.196045
-0.153931
-0.156006
-0.131348
-0.144531
-0.175781
-0.362305
0.115356
-0.305664
-0.229248
-0.109009
-0.334473
-0.334717
-0.140503
-0.292725
-0.261230
-0.231445
-0.059143
-0.136108
-0.282959
-0.236328
0.062012
-0.244873
0.028168
-0.143677
-0.260498
-0.151001
-0.051453
-0.206421
-0.065552
-0.135010
-0.219727
-0.105530
-0.233032
-0.228149
0.034119
-0.271973
-0.120911
-0.220703
-0.007458
0.001305
-0.357422
-0.232178
-0.263184
-0.287842
-0.097290
-0.184570
-0.230591
-0.181519
-0.275879
-0.296387
-0.035767
-0.138062
-0.402832
0.053772
-0.264160
-0.264160
-0.309326
-0.147827
-0.047455
-0.197632
-0.288818
-0.321533
-0.279297
-0.283203
-0.036987
-0.151245
-0.307617
-0.306641
-0.185059
0.004486
-0.029861
-0.238281
0.063904
0.024963
0.020401
-0.231445
-0.359131
-0.105469
-0.217407
-0.181763
-0.396729
0.033264
0.003986
-0.381592
-0.201416
-0.321533
-0.122131
-0.306641
-0.245850
-0.335938
-0.291016
-0.130859
-0.293457
-0.342529
-0.270508
-0.173706
-0.480469
-0.025711
-0.134766
-0.355713
-0.314209
-0.249512
-0.457031
-0.282471
-0.428467
-0.252441
-0.364990
-0.452393
-0.303711
-0.359863
-0.352295
-0.286621
-0.409424
-0.091309
-0.093628
-0.188599
-0.419434
-0.300049
-0.456055
-0.259766
-0.292969
-0.088013
-0.338135
-0.049988
-0.395020
-0.303223
-0.285645
-0.274658
-0.206543
-0.368896
-0.285156
-0.347656
-0.447510
-0.330078
-0.294189
-0.376709
-0.443359
-0.364258
-0.374512
-0.216309
-0.268555
-0.122498
-0.135498
-0.270996
-0.271729
-0.098633
-0.278809
-0.066406
-0.303711
-0.383057
-0.125366
-0.397461
-0.275879
-0.359619
-0.412598
-0.333008
-0.322266
-0.210938
-0.260498
-0.036011
-0.096069
-0.407471
-0.411621
-0.238403
-0.185669
0.004070
-0.253418
-0.085693
-0.250000
-0.452881
-0.351807
-0.282959
-0.289307
-0.016678
-0.192749
-0.365479
-0.094055
-0.318115
-0.144531
-0.162476
-0.134399
-0.344727
-0.369873
0.025467
-0.363281
-0.363525
0.099243
0.126953
-0.389404
-0.252930
-0.422363
-0.194458
-0.133057
-0.158203
-0.129028
-0.143433
-0.173340
-0.363770
0.122498
-0.302734
-0.224609
-0.105103
-0.191284
-0.335449
-0.134644
-0.293701
-0.261719
-0.230591
-0.055695
-0.135864
-0.281006
-0.231567
0.065247
-0.242065
0.027847
-0.141357
-0.258301
-0.146362
-0.049652
-0.204102
-0.063049
-0.136353
-0.215942
-0.098755
-0.231567
-0.225830
0.044159
-0.269043
-0.119141
-0.219604
-0.005356
0.001782
-0.356934
-0.232300
-0.259766
-0.282959
-0.093811
-0.179077
-0.230103
-0.156616
-0.275391
-0.291992
-0.029938
-0.137451
-0.400391
0.059723
-0.259277
-0.264404
-0.309814
-0.146973
-0.042969
-0.197632
-0.289062
-0.319580
-0.274902
-0.276123
-0.033325
-0.149414
-0.305420
-0.304199
-0.185425
0.009979
-0.026306
-0.235352
0.062805
0.029007
0.021835
-0.225830
-0.357910
-0.104309
-0.215454
-0.181396
-0.395996
0.035583
0.004276
-0.381104
-0.202881
-0.323242
-0.116272
-0.306641
-0.243896
-0.335693
-0.293945
-0.134155
-0.290527
-0.344238
-0.270752
-0.177490
-0.481689
-0.018005
-0.137695
-0.355957
-0.317627
-0.250244
-0.459473
-0.283203
-0.428955
-0.250000
-0.363037
-0.455078
-0.302002
-0.362061
-0.354248
-0.285889
-0.408447
-0.083679
-0.093872
-0.185913
-0.422119
-0.300293
-0.459229
-0.262207
-0.291260
-0.086060
-0.338379
-0.056732
-0.394775
-0.305664
-0.292480
-0.276855
-0.208862
-0.370850
-0.282715
-0.352295
-0.450684
-0.331787
-0.292969
-0.381592
-0.446045
-0.367920
-0.377686
-0.217163
-0.271240
-0.116333
-0.143677
-0.272949
-0.269775
-0.105896
-0.279541
-0.061310
-0.300537
-0.383789
-0.125977
-0.400879
-0.280518
-0.359375
-0.414551
-0.335205
-0.323242
-0.208740
-0.265869
-0.033783
-0.093933
-0.406982
-0.412598
-0.240845
-0.182739
0.001939
-0.250244
-0.084656
-0.243652
-0.454102
-0.352539
-0.288086
-0.291504
-0.012413
-0.193359
-0.365479
-0.090759
-0.321045
-0.145508
-0.162598
-0.131836
-0.343262
-0.368164
0.025101
-0.367676
-0.363770
0.106262
0.136353
-0.391113
-0.255859
-0.417480
-0.190796
-0.136353
-0.163330
-0.126587
-0.146362
-0.173218
-0.365479
0.130737
-0.302490
-0.222534
-0.102478
-0.056824
-0.331055
-0.130127
-0.297363
-0.263428
-0.233521
-0.054535
-0.139404
-0.281250
-0.230713
0.066895
-0.241577
0.031235
-0.141968
-0.260498
-0.144165
-0.050079
-0.206543
-0.066345
-0.133545
-0.215698
-0.094238
-0.229248
-0.227905
0.054504
-0.273926
-0.120117
-0.218506
-0.001267
-0.001686
-0.355225
-0.237061
-0.260010
-0.279785
-0.091064
-0.180298
-0.234375
-0.163940
-0.274658
-0.289062
-0.027130
-0.138672
-0.402100
0.067566
-0.258545
-0.260742
-0.314941
-0.151123
-0.037170
-0.196899
-0.296631
-0.320801
-0.276123
-0.275391
-0.028183
-0.150146
-0.306152
-0.301025
-0.191040
0.015717
-0.021057
-0.229736
0.058685
0.027130
0.021255
-0.221802
-0.361816
-0.102356
-0.215210
-0.186890
-0.397949
0.033386
0.004101
-0.384033
-0.203979
-0.322266
-0.118591
-0.305176
-0.244385
-0.334229
-0.292725
-0.134155
-0.290527
-0.346436
-0.271729
-0.180420
-0.482178
-0.017166
-0.138672
-0.355957
-0.318604
-0.255859
-0.458740
-0.282471
-0.427734
-0.250488
-0.363281
-0.454346
-0.302979
-0.363281
-0.355713
-0.285400
-0.406738
-0.086609
-0.095154
-0.184082
-0.423340
-0.299805
-0.463623
-0.263184
-0.286865
-0.091003
-0.339844
-0.059326
-0.397705
-0.308838
-0.294678
-0.275391
-0.207764
-0.370605
-0.281738
-0.354248
-0.449707
-0.332520
-0.293945
-0.380371
-0.446045
-0.369629
-0.376465
-0.218262
-0.272705
-0.115723
-0.145508
-0.272949
-0.270264
-0.107605
-0.280029
-0.061920
-0.300293
-0.384766
-0.128296
-0.399658
-0.278076
-0.362305
-0.415283
-0.339355
-0.325684
-0.211060
-0.269287
-0.033905
-0.096313
-0.405518
-0.411865
-0.242676
-0.181641
0.002268
-0.249756
-0.087280
-0.242432
-0.452881
-0.354980
-0.289062
-0.294189
-0.013313
-0.192261
-0.364502
-0.094543
-0.320312
-0.150391
-0.160645
-0.132568
-0.344971
-0.366943
0.021484
-0.371338
-0.366943
0.100159
0.135742
-0.390137
-0.256104
-0.418701
-0.187378
-0.136841
-0.163086
-0.126709
-0.150513
-0.175049
-0.365479
0.129639
-0.306641
-0.223999
-0.105164
0.024414
-0.326904
-0.131714
-0.297363
-0.260986
-0.234375
-0.057892
-0.143921
-0.282471
-0.233643
0.067505
-0.242920
0.032166
-0.145386
-0.263916
-0.146729
-0.054382
-0.209595
-0.068542
-0.133789
-0.216919
-0.098267
-0.229858
-0.227417
0.049805
-0.275146
-0.124146
-0.220825
-0.002304
-0.001987
-0.356201
-0.241333
-0.262451
-0.284424
-0.089661
-0.180176
-0.235474
-0.148804
-0.279785
-0.291992
-0.029190
-0.141724
-0.403076
0.063782
-0.262207
-0.257812
-0.318604
-0.154419
-0.042175
-0.195435
-0.297363
-0.321533
-0.280518
-0.281006
-0.027176
-0.145020
-0.305420
-0.306152
-0.193115
0.013069
-0.022369
-0.230957
0.054016
0.023010
0.017288
-0.225342
-0.363770
-0.103577
-0.217285
-0.191406
-0.403564
0.030304
0.003994
-0.385010
-0.204468
-0.328369
-0.123291
-0.305664
-0.252930
-0.339844
-0.298096
-0.139038
-0.297363
-0.353271
-0.273682
-0.183472
-0.489502
-0.020355
-0.133545
-0.362305
-0.319092
-0.265625
-0.465820
-0.291748
-0.437500
-0.256104
-0.369385
-0.462891
-0.312744
-0.372559
-0.370605
-0.288330
-0.409424
-0.108215
-0.107239
-0.187012
-0.427246
-0.306396
-0.474609
-0.268311
-0.292236
-0.099243
-0.352783
-0.061340
-0.405762
-0.315430
-0.301514
-0.272949
-0.211304
-0.377441
-0.287842
-0.362305
-0.455078
-0.338135
-0.301270
-0.384277
-0.452637
-0.378662
-0.380859
-0.219604
-0.275391
-0.120056
-0.148926
-0.276855
-0.280762
-0.102173
-0.285156
-0.072632
-0.307617
-0.392822
-0.132568
-0.403320
-0.287109
-0.370605
-0.419434
-0.349121
-0.337158
-0.217407
-0.275879
-0.034546
-0.091064
-0.413086
-0.421875
-0.250977
-0.181030
0.004719
-0.257812
-0.090515
-0.246826
-0.462158
-0.362549
-0.298828
-0.303467
-0.023239
-0.197021
-0.374268
-0.102783
-0.323975
-0.158325
-0.160278
-0.139160
-0.355469
-0.371094
0.017212
-0.380859
-0.375244
0.080261
0.134399
-0.400879
-0.260254
-0.434326
-0.188965
-0.144897
-0.162720
-0.135986
-0.159180
-0.186523
-0.368652
0.124512
-0.320068
-0.232422
-0.108582
-0.108032
-0.325684
-0.143799
-0.302490
-0.266113
-0.240356
-0.065979
-0.153564
-0.291748
-0.246338
0.070068
-0.247559
0.036865
-0.153687
-0.273438
-0.157349
-0.064270
-0.217163
-0.075073
-0.132202
-0.224243
-0.111328
-0.235962
-0.235352
0.035919
-0.281250
-0.135620
-0.228027
0.001609
-0.005493
-0.364502
-0.252197
-0.275146
-0.295654
-0.094788
-0.188110
-0.241089
-0.172241
-0.291504
-0.302734
-0.034851
-0.148926
-0.414062
0.048981
-0.277344
-0.254883
-0.326660
-0.158081
-0.059235
-0.199097
-0.304443
-0.331543
-0.294678
-0.302246
-0.035156
-0.147339
-0.314697
-0.316650
-0.198730
0.004192
-0.029358
-0.236694
0.052032
0.013924
0.015884
-0.238037
-0.373047
-0.111633
-0.224976
-0.196777
-0.417725
0.022507
-0.000282
-0.391357
-0.205200
-0.330811
-0.125000
-0.308838
-0.255371
-0.340088
-0.298584
-0.139648
-0.301270
-0.354004
-0.274170
-0.182251
-0.490723
-0.021820
-0.130493
-0.364258
-0.320068
-0.271484
-0.465576
-0.295166
-0.441406
-0.256348
-0.371826
-0.460938
-0.320068
-0.375000
-0.371338
-0.287109
-0.409912
-0.120972
-0.105774
-0.188599
-0.427246
-0.308594
-0.477783
-0.270508
-0.291260
-0.095642
-0.357422
-0.062286
-0.408936
-0.316895
-0.300781
-0.267822
-0.212524
-0.379150
-0.292725
-0.363525
-0.453125
-0.338623
-0.303955
-0.379639
-0.455078
-0.383301
-0.382568
-0.219727
-0.276123
-0.124634
-0.147461
-0.273193
-0.281738
-0.101379
-0.285156
-0.077942
-0.308105
-0.395020
-0.135376
-0.399414
-0.292969
-0.375000
-0.417969
-0.351807
-0.347412
-0.221802
-0.274902
-0.036133
-0.093079
-0.414551
-0.425293
-0.253662
-0.177124
0.005684
-0.263184
-0.091919
-0.247925
-0.461182
-0.364746
-0.299072
-0.308350
-0.024796
-0.199463
-0.376221
-0.105652
-0.321289
-0.165527
-0.156128
-0.138184
-0.363770
-0.370850
0.016586
-0.382324
-0.374756
0.067932
0.134155
-0.405518
-0.257812
-0.441406
-0.185303
-0.155640
-0.161987
-0.136353
-0.160278
-0.189209
-0.367920
0.114380
-0.325684
-0.236816
-0.107788
-0.254150
-0.323242
-0.147217
-0.301025
-0.264160
-0.243774
-0.066528
-0.152222
-0.295654
-0.253174
0.067017
-0.249023
0.043091
-0.155151
-0.278076
-0.162476
-0.072266
-0.218628
-0.077515
-0.129517
-0.227783
-0.112244
-0.232544
-0.236938
0.025269
-0.285889
-0.141602
-0.227295
0.003895
-0.007820
-0.365479
-0.253174
-0.281006
-0.301758
-0.095520
-0.190186
-0.239624
-0.178955
-0.290771
-0.306641
-0.043823
-0.149170
-0.418945
0.042633
-0.290283
-0.254150
-0.327148
-0.153809
-0.064575
-0.201416
-0.305908
-0.331543
-0.302490
-0.310059
-0.034607
-0.145752
-0.319580
-0.317139
-0.198608
0.000635
-0.030304
-0.238770
0.056000
0.007660
0.013069
-0.243286
-0.376221
-0.109375
-0.230835
-0.196777
-0.417969
0.021851
-0.000451
-0.390137
-0.204346
-0.329834
-0.122864
-0.311768
-0.254883
-0.339355
-0.297852
-0.140137
-0.303223
-0.350586
-0.275635
-0.179077
-0.486084
-0.020477
-0.129517
-0.365234
-0.321045
-0.271729
-0.463379
-0.293701
-0.443604
-0.256348
-0.371826
-0.457520
-0.318604
-0.375000
-0.367920
-0.285645
-0.411377
-0.122314
-0.103882
-0.189697
-0.422119
-0.309082
-0.477051
-0.271484
-0.289795
-0.093384
-0.360596
-0.059570
-0.405762
-0.316162
-0.295898
-0.264648
-0.214111
-0.381592
-0.294678
-0.359863
-0.449219
-0.336426
-0.303223
-0.377441
-0.454102
-0.380127
-0.382080
-0.217896
-0.275635
-0.126953
-0.147705
-0.271240
-0.278809
-0.101807
-0.282715
-0.080811
-0.307129
-0.393555
-0.134155
-0.397461
-0.294189
-0.375732
-0.416016
-0.350830
-0.346436
-0.220947
-0.270264
-0.036102
-0.093079
-0.414551
-0.424805
-0.253662
-0.174194
0.004871
-0.267090
-0.088867
-0.248901
-0.458496
-0.363770
-0.296875
-0.309082
-0.026657
-0.196777
-0.374756
-0.102966
-0.318848
-0.169189
-0.156128
-0.137573
-0.367188
-0.369141
0.018417
-0.379395
-0.370361
0.063171
0.136475
-0.410645
-0.257568
-0.443604
-0.187622
-0.179565
-0.164917
-0.135010
-0.159424
-0.186279
-0.364014
0.109436
-0.325684
-0.236816
-0.108337
-0.353027
-0.323730
-0.152100
-0.301270
-0.264160
-0.242798
-0.064636
-0.147217
-0.296387
-0.254150
0.063965
-0.251465
0.043427
-0.152344
-0.278076
-0.162354
-0.078186
-0.216675
-0.080811
-0.126099
-0.227417
-0.111450
-0.226196
-0.237183
0.020462
-0.286133
-0.139648
-0.224731
0.004425
-0.010788
-0.365234
-0.247803
-0.280273
-0.301758
-0.097046
-0.192261
-0.240234
-0.201782
-0.283447
-0.305664
-0.050232
-0.144409
-0.418945
0.044037
-0.295166
-0.258545
-0.325195
-0.150269
-0.062378
-0.202393
-0.306396
-0.330322
-0.302490
-0.309326
-0.034210
-0.153931
-0.321289
-0.310791
-0.198730
-0.001885
-0.031250
-0.236694
0.059967
0.002243
0.010834
-0.243774
-0.373291
-0.104919
-0.231812
-0.192261
-0.414551
0.022415
0.000762
-0.388184
-0.204590
-0.329590
-0.123108
-0.309814
-0.254883
-0.337158
-0.297607
-0.142944
-0.302734
-0.352783
-0.276123
-0.179443
-0.486816
-0.016968
-0.130249
-0.364258
-0.322510
-0.268555
-0.464111
-0.291992
-0.442871
-0.256104
-0.371826
-0.458740
-0.317383
-0.373535
-0.366699
-0.285889
-0.412354
-0.117554
-0.102417
-0.187012
-0.425537
-0.307129
-0.476318
-0.271240
-0.291016
-0.090698
-0.360107
-0.061401
-0.406006
-0.315430
-0.297119
-0.266602
-0.213135
-0.378906
-0.295166
-0.361084
-0.453125
-0.337402
-0.303467
-0.377686
-0.453125
-0.378906
-0.382568
-0.220947
-0.276367
-0.121765
-0.149658
-0.272949
-0.278809
-0.104065
-0.284424
-0.075562
-0.305176
-0.391846
-0.134277
-0.399170
-0.294678
-0.374512
-0.416992
-0.349121
-0.344727
-0.219727
-0.271973
-0.033813
-0.091797
-0.414307
-0.424561
-0.251465
-0.174194
0.004669
-0.263672
-0.088989
-0.247437
-0.457764
-0.363770
-0.299316
-0.305420
-0.023331
-0.196899
-0.375244
-0.100220
-0.318848
-0.164062
-0.155884
-0.135620
-0.364014
-0.369141
0.019104
-0.379639
-0.372314
0.069763
0.136475
-0.408447
-0.257324
-0.440186
-0.189697
-0.171143
-0.164307
-0.132446
-0.156738
-0.183960
-0.365479
0.115662
-0.324707
-0.234497
-0.106262
-0.224609
-0.323730
-0.148193
-0.300293
-0.264648
-0.241211
-0.065430
-0.150513
-0.295166
-0.250488
0.063660
-0.248169
0.042175
-0.152832
-0.277588
-0.161743
-0.072266
-0.216064
-0.078552
-0.129272
-0.225952
-0.106201
-0.227051
-0.235107
0.027634
-0.283936
-0.137085
-0.225220
0.006199
-0.007641
-0.364502
-0.249634
-0.279297
-0.299561
-0.094421
-0.190918
-0.238647
-0.184814
-0.282471
-0.304443
-0.046448
-0.145874
-0.419189
0.048492
-0.291748
-0.258545
-0.325684
-0.153687
-0.058838
-0.201416
-0.306152
-0.330811
-0.298096
-0.305908
-0.031799
-0.152344
-0.317139
-0.311279
-0.198975
0.004868
-0.028748
-0.236572
0.057739
0.008461
0.010139
-0.241455
-0.373291
-0.105957
-0.228027
-0.191895
-0.415771
0.022659
0.000003
-0.388428
-0.204346
-0.331543
-0.123413
-0.305420
-0.255371
-0.339355
-0.300049
-0.150391
-0.300537
-0.358643
-0.276855
-0.180176
-0.493652
-0.015167
-0.133057
-0.364258
-0.323242
-0.265381
-0.469727
-0.297852
-0.442383
-0.260254
-0.373779
-0.467529
-0.318604
-0.376709
-0.373779
-0.289795
-0.414551
-0.114746
-0.109192
-0.185181
-0.433350
-0.304443
-0.479248
-0.272217
-0.297607
-0.097107
-0.360352
-0.068115
-0.409912
-0.317871
-0.304199
-0.271484
-0.213989
-0.380371
-0.294678
-0.366455
-0.460938
-0.340576
-0.301514
-0.386963
-0.457031
-0.382812
-0.385498
-0.225098
-0.276855
-0.119019
-0.151611
-0.282471
-0.284668
-0.106262
-0.291260
-0.071350
-0.305908
-0.393311
-0.135376
-0.406738
-0.295898
-0.372314
-0.420166
-0.350830
-0.342285
-0.218628
-0.283936
-0.035339
-0.084778
-0.416016
-0.426025
-0.251221
-0.177734
0.002604
-0.258301
-0.090881
-0.247192
-0.463623
-0.366211
-0.306641
-0.305176
-0.025040
-0.202271
-0.378906
-0.102417
-0.327393
-0.159790
-0.160400
-0.134521
-0.359863
-0.373047
0.013054
-0.385986
-0.383057
0.069397
0.134521
-0.406250
-0.259766
-0.437988
-0.193970
-0.152466
-0.166016
-0.136597
-0.163208
-0.192017
-0.367676
0.124817
-0.328125
-0.235352
-0.106323
-0.133057
-0.322998
-0.152832
-0.305908
-0.271729
-0.243774
-0.074463
-0.166504
-0.295166
-0.247559
0.064209
-0.248779
0.036377
-0.159546
-0.275635
-0.165039
-0.063171
-0.217285
-0.079468
-0.135864
-0.228760
-0.112915
-0.239746
-0.235229
0.032623
-0.284180
-0.140625
-0.232178
0.005909
-0.006287
-0.368408
-0.258545
-0.283203
-0.302246
-0.092773
-0.193726
-0.242432
-0.184326
-0.291992
-0.310791
-0.039703
-0.153198
-0.420166
0.043457
-0.281982
-0.252197
-0.331543
-0.162964
-0.062500
-0.202637
-0.309570
-0.335205
-0.297363
-0.312012
-0.031219
-0.151978
-0.315918
-0.321289
-0.203125
0.010582
-0.029388
-0.239014
0.045319
0.010056
0.007504
-0.242432
-0.379883
-0.117676
-0.222412
-0.196411
-0.422607
0.015213
-0.006145
-0.393555
-0.205933
-0.330078
-0.124146
-0.298584
-0.251465
-0.337891
-0.298584
-0.153442
-0.298096
-0.358398
-0.277832
-0.177979
-0.491455
-0.012871
-0.134399
-0.361816
-0.324951
-0.257080
-0.468994
-0.296875
-0.436523
-0.261963
-0.371826
-0.467041
-0.313965
-0.372803
-0.373291
-0.288574
-0.415527
-0.102661
-0.112000
-0.184082
-0.434326
-0.299805
-0.478027
-0.272217
-0.298828
-0.100891
-0.354492
-0.071045
-0.406982
-0.316162
-0.304932
-0.273193
-0.212891
-0.376709
-0.290527
-0.366211
-0.461426
-0.344238
-0.296875
-0.389648
-0.456299
-0.379883
-0.382324
-0.228760
-0.276611
-0.114380
-0.151001
-0.287842
-0.283936
-0.110168
-0.293701
-0.063293
-0.302246
-0.389648
-0.134155
-0.408203
-0.291992
-0.369873
-0.417969
-0.348877
-0.333252
-0.216553
-0.287354
-0.037262
-0.083069
-0.413574
-0.420654
-0.245483
-0.179688
-0.000814
-0.249390
-0.093933
-0.243408
-0.459473
-0.363525
-0.309082
-0.300537
-0.024612
-0.201782
-0.376465
-0.102600
-0.330811
-0.154175
-0.162109
-0.133179
-0.350830
-0.374268
0.010559
-0.384766
-0.384277
0.071716
0.132690
-0.395752
-0.261719
-0.427246
-0.195557
-0.157227
-0.167725
-0.135498
-0.168457
-0.193481
-0.367432
0.129517
-0.324951
-0.229004
-0.106812
-0.089783
-0.322754
-0.151367
-0.304932
-0.275146
-0.242920
-0.077087
-0.174438
-0.290283
-0.241211
0.065308
-0.248169
0.029099
-0.161743
-0.271729
-0.163330
-0.057556
-0.217163
-0.076904
-0.143921
-0.228638
-0.116455
-0.245728
-0.231689
0.037109
-0.281982
-0.138184
-0.237305
0.003193
-0.007732
-0.365967
-0.260742
-0.279785
-0.300293
-0.094055
-0.192017
-0.242676
-0.185181
-0.291992
-0.312256
-0.032806
-0.155151
-0.412354
0.043823
-0.266602
-0.250244
-0.330566
-0.167603
-0.061310
-0.200806
-0.309570
-0.333984
-0.286865
-0.307617
-0.031372
-0.151855
-0.309570
-0.323242
-0.202637
0.018433
-0.029724
-0.236816
0.037445
0.011047
0.002937
-0.238525
-0.380859
-0.126465
-0.215820
-0.195435
-0.422852
0.007896
-0.013184
-0.393555
-0.205322
-0.325195
-0.119202
-0.302734
-0.240845
-0.335938
-0.294678
-0.146240
-0.292480
-0.353516
-0.275879
-0.178101
-0.483643
-0.009338
-0.140137
-0.357422
-0.324219
-0.248413
-0.462646
-0.291016
-0.430420
-0.254150
-0.363281
-0.459473
-0.304688
-0.364258
-0.358154
-0.285645
-0.413574
-0.081482
-0.097107
-0.182861
-0.427002
-0.298584
-0.466797
-0.264648
-0.293457
-0.087097
-0.341797
-0.065369
-0.395264
-0.308838
-0.297363
-0.279541
-0.211060
-0.374268
-0.287354
-0.358643
-0.456787
-0.339111
-0.290283
-0.387695
-0.451416
-0.368896
-0.381836
-0.224976
-0.274414
-0.110046
-0.150635
-0.281494
-0.271973
-0.112976
-0.285400
-0.056000
-0.299072
-0.385254
-0.128906
-0.403809
-0.287354
-0.359131
-0.414062
-0.338379
-0.322998
-0.207397
-0.280273
-0.033539
-0.090576
-0.410889
-0.413330
-0.240112
-0.181152
-0.004684
-0.248169
-0.084717
-0.241211
-0.453857
-0.352783
-0.300293
-0.294189
-0.012863
-0.197876
-0.367920
-0.091919
-0.325928
-0.146362
-0.161865
-0.130737
-0.342041
-0.370850
0.021255
-0.374268
-0.372559
0.095947
0.138306
-0.390869
-0.258545
-0.412109
-0.195190
-0.145142
-0.171021
-0.125732
-0.155884
-0.179077
-0.368164
0.132568
-0.307373
-0.220703
-0.103943
0.446045
-0.323242
-0.135742
-0.299561
-0.270020
-0.238403
-0.065063
-0.155884
-0.283203
-0.228882
0.064880
-0.243042
0.029358
-0.150269
-0.263184
-0.147949
-0.047363
-0.208130
-0.071472
-0.143311
-0.220825
-0.101929
-0.237915
-0.224731
0.054840
-0.275391
-0.126099
-0.226440
0.000982
-0.002949
-0.356934
-0.249390
-0.269531
-0.284180
-0.095337
-0.181396
-0.237549
-0.165649
-0.274658
-0.298828
-0.027985
-0.142090
-0.402832
0.070435
-0.255859
-0.256836
-0.323730
-0.163452
-0.038300
-0.200562
-0.308105
-0.323975
-0.272461
-0.281494
-0.021698
-0.151611
-0.304199
-0.307129
-0.198486
0.028992
-0.016922
-0.228882
0.047180
0.022903
0.010475
-0.224976
-0.374756
-0.112183
-0.210205
-0.191284
-0.406250
0.021805
-0.003546
-0.386963
-0.207275
-0.322998
-0.120728
-0.307373
-0.238281
-0.334961
-0.291016
-0.142456
-0.293213
-0.347656
-0.274902
-0.175903
-0.476318
-0.011581
-0.139771
-0.353516
-0.324463
-0.246460
-0.457764
-0.287842
-0.429443
-0.250000
-0.362305
-0.450195
-0.305420
-0.356445
-0.348877
-0.285645
-0.412109
-0.074219
-0.087952
-0.183350
-0.422363
-0.301514
-0.461670
-0.263184
-0.291748
-0.071838
-0.338623
-0.064941
-0.389893
-0.307617
-0.291260
-0.277344
-0.212158
-0.370117
-0.285400
-0.353027
-0.450684
-0.336182
-0.287842
-0.379883
-0.446289
-0.366455
-0.380127
-0.224243
-0.272461
-0.113586
-0.147583
-0.278809
-0.264404
-0.114929
-0.281738
-0.052155
-0.297119
-0.383789
-0.127930
-0.398682
-0.283691
-0.359375
-0.411377
-0.333008
-0.319092
-0.209595
-0.270020
-0.035919
-0.097412
-0.405273
-0.410400
-0.235352
-0.179688
-0.009903
-0.247925
-0.084595
-0.239624
-0.447021
-0.349121
-0.293457
-0.292480
-0.012527
-0.197998
-0.364746
-0.087524
-0.321777
-0.147827
-0.159424
-0.124939
-0.340820
-0.368896
0.020035
-0.367188
-0.362305
0.100708
0.129761
-0.388428
-0.254150
-0.406006
-0.195068
-0.179932
-0.168945
-0.119202
-0.152466
-0.168457
-0.364746
0.125854
-0.299072
-0.215942
-0.101624
-0.185303
-0.325195
-0.130615
-0.294922
-0.264648
-0.234497
-0.057831
-0.140991
-0.280029
-0.225830
0.059235
-0.240479
0.027557
-0.140747
-0.258789
-0.143555
-0.047607
-0.202271
-0.068115
-0.138672
-0.217041
-0.096436
-0.228394
-0.223022
0.052246
-0.278076
-0.119934
-0.219482
-0.002159
-0.006668
-0.353027
-0.239746
-0.264160
-0.278320
-0.095886
-0.178467
-0.234863
-0.190186
-0.265869
-0.291748
-0.033386
-0.134888
-0.399170
0.076538
-0.252686
-0.262939
-0.314209
-0.154785
-0.029602
-0.202026
-0.302246
-0.317871
-0.268066
-0.268799
-0.018875
-0.159790
-0.303467
-0.298096
-0.194092
0.031769
-0.016937
-0.225708
0.055145
0.027954
0.009117
-0.221558
-0.367432
-0.102051
-0.208984
-0.189209
-0.393066
0.031189
-0.002872
-0.382324
-0.208740
-0.322998
-0.124512
-0.308594
-0.238525
-0.335938
-0.289795
-0.138916
-0.292969
-0.348389
-0.274170
-0.175415
-0.480713
-0.014221
-0.138428
-0.354248
-0.322998
-0.245605
-0.457031
-0.287842
-0.430176
-0.251709
-0.361816
-0.452393
-0.304688
-0.357666
-0.348633
-0.285400
-0.413330
-0.075684
-0.088074
-0.184204
-0.423340
-0.299805
-0.461182
-0.262695
-0.295166
-0.069885
-0.340088
-0.061676
-0.389648
-0.305420
-0.290283
-0.275635
-0.212280
-0.372070
-0.285400
-0.353516
-0.449951
-0.335938
-0.288574
-0.379395
-0.446777
-0.367920
-0.381348
-0.223877
-0.269775
-0.115112
-0.146362
-0.279053
-0.265869
-0.109741
-0.282471
-0.053589
-0.298584
-0.385010
-0.127808
-0.398438
-0.284180
-0.359131
-0.412109
-0.332520
-0.317871
-0.209717
-0.268311
-0.035706
-0.097595
-0.406006
-0.411133
-0.234741
-0.179443
-0.008621
-0.248901
-0.083435
-0.240723
-0.449463
-0.349854
-0.291260
-0.292969
-0.010437
-0.197021
-0.366211
-0.087891
-0.320068
-0.145874
-0.160645
-0.125122
-0.341309
-0.370361
0.021713
-0.367676
-0.362061
0.101501
0.130859
-0.388672
-0.252197
-0.408203
-0.195801
-0.153442
-0.167480
-0.117554
-0.147217
-0.168457
-0.365234
0.125977
-0.299316
-0.217651
-0.102356
0.057251
-0.326660
-0.127319
-0.296631
-0.266357
-0.234375
-0.058411
-0.140747
-0.281982
-0.225952
0.061523
-0.239380
0.030212
-0.139648
-0.259033
-0.142944
-0.044037
-0.202393
-0.065063
-0.138306
-0.215576
-0.093872
-0.228760
-0.221191
0.051025
-0.277344
-0.119446
-0.219116
-0.004704
-0.004284
-0.354248
-0.239380
-0.264648
-0.279541
-0.096313
-0.177856
-0.234009
-0.168701
-0.266113
-0.292480
-0.031677
-0.134521
-0.400635
0.076660
-0.254883
-0.262451
-0.313965
-0.154663
-0.028397
-0.201294
-0.299805
-0.318848
-0.267822
-0.267334
-0.018875
-0.156738
-0.302490
-0.298096
-0.193726
0.032318
-0.016190
-0.226807
0.056671
0.031830
0.010139
-0.220703
-0.366211
-0.102051
-0.208130
-0.187988
-0.393311
0.033447
-0.002195
-0.382080
-0.210449
-0.326172
-0.135986
-0.304199
-0.241821
-0.334229
-0.292725
-0.149536
-0.297119
-0.355469
-0.275879
-0.175171
-0.485840
-0.017303
-0.133667
-0.359131
-0.323975
-0.243042
-0.464111
-0.291992
-0.428467
-0.258545
-0.365967
-0.460693
-0.305420
-0.358887
-0.353760
-0.290527
-0.413818
-0.084656
-0.098816
-0.186401
-0.430420
-0.295410
-0.466797
-0.264648
-0.300537
-0.086182
-0.344727
-0.064392
-0.396240
-0.308350
-0.293457
-0.276611
-0.208862
-0.374756
-0.284668
-0.360107
-0.455811
-0.337402
-0.289062
-0.381348
-0.448975
-0.374756
-0.379395
-0.229614
-0.269531
-0.114868
-0.142822
-0.288330
-0.275635
-0.103394
-0.288574
-0.056000
-0.302002
-0.388672
-0.128540
-0.403564
-0.278076
-0.361084
-0.412842
-0.336670
-0.317139
-0.212769
-0.278076
-0.036926
-0.086060
-0.408936
-0.412842
-0.235474
-0.183960
-0.005772
-0.248535
-0.088684
-0.245117
-0.452881
-0.355469
-0.300293
-0.294434
-0.013924
-0.200317
-0.373291
-0.096069
-0.322998
-0.143677
-0.163696
-0.131714
-0.335205
-0.371094
0.017197
-0.373047
-0.375000
0.096252
0.125366
-0.384521
-0.253418
-0.411377
-0.198975
-0.147095
-0.160767
-0.125977
-0.150146
-0.179321
-0.362061
0.132446
-0.307373
-0.219482
-0.110657
-0.085815
-0.324951
-0.131226
-0.300049
-0.275146
-0.229492
-0.070129
-0.160034
-0.281738
-0.223877
0.064819
-0.242432
0.028046
-0.148071
-0.260986
-0.148682
-0.033325
-0.206665
-0.060394
-0.147949
-0.217041
-0.102539
-0.243286
-0.222656
0.042999
-0.273438
-0.124939
-0.227295
-0.008072
0.003670
-0.358887
-0.247803
-0.268555
-0.287842
-0.096069
-0.181030
-0.239380
-0.158691
-0.277588
-0.300049
-0.026947
-0.145752
-0.404297
0.065552
-0.250488
-0.257080
-0.316650
-0.168457
-0.040283
-0.201660
-0.296631
-0.324707
-0.268799
-0.274658
-0.022736
-0.149414
-0.294189
-0.310059
-0.198364
0.036957
-0.022842
-0.232300
0.043518
0.035492
0.005142
-0.229614
-0.373535
-0.120544
-0.207153
-0.185913
-0.403809
0.019485
-0.010117
-0.386475
-0.211182
-0.327637
-0.132935
-0.300293
-0.244873
-0.334961
-0.295898
-0.150391
-0.298340
-0.360352
-0.276367
-0.177490
-0.489502
-0.015915
-0.134644
-0.362793
-0.321045
-0.243652
-0.466553
-0.292969
-0.427490
-0.261230
-0.367920
-0.468018
-0.305664
-0.364014
-0.362061
-0.293457
-0.412842
-0.084839
-0.105957
-0.184204
-0.434814
-0.296143
-0.470703
-0.266846
-0.302002
-0.097839
-0.349609
-0.067017
-0.402588
-0.312012
-0.300293
-0.279541
-0.207764
-0.374756
-0.282959
-0.364502
-0.460693
-0.339600
-0.292480
-0.387207
-0.453369
-0.377930
-0.378906
-0.231689
-0.268799
-0.112793
-0.146240
-0.289551
-0.280273
-0.103577
-0.292480
-0.053864
-0.302002
-0.387939
-0.130005
-0.410645
-0.277344
-0.362793
-0.417236
-0.340576
-0.319336
-0.208862
-0.285645
-0.033173
-0.080566
-0.409912
-0.414307
-0.237305
-0.185547
-0.005413
-0.246094
-0.089417
-0.244263
-0.458008
-0.359375
-0.306396
-0.295898
-0.016907
-0.201294
-0.374512
-0.100342
-0.329102
-0.139526
-0.165649
-0.135132
-0.337646
-0.371582
0.014618
-0.380371
-0.382812
0.092773
0.128662
-0.384277
-0.257080
-0.414307
-0.198242
-0.123657
-0.161621
-0.129395
-0.155640
-0.188477
-0.364014
0.140991
-0.314697
-0.220825
-0.111023
-0.150269
-0.324707
-0.131714
-0.304199
-0.276611
-0.232422
-0.074463
-0.171021
-0.285645
-0.224854
0.068665
-0.243286
0.025436
-0.153564
-0.264160
-0.149414
-0.032990
-0.213257
-0.063232
-0.149780
-0.219360
-0.107422
-0.247925
-0.228638
0.047760
-0.274414
-0.127319
-0.232910
-0.007584
0.003464
-0.363281
-0.255859
-0.273193
-0.291260
-0.095276
-0.179932
-0.241821
-0.148193
-0.287109
-0.302734
-0.020782
-0.152832
-0.406982
0.064087
-0.248169
-0.252441
-0.323975
-0.177124
-0.047791
-0.200439
-0.301270
-0.331543
-0.272705
-0.285156
-0.025024
-0.144531
-0.295410
-0.319092
-0.203979
0.033905
-0.024414
-0.233276
0.036102
0.032776
0.006245
-0.231934
-0.379150
-0.125732
-0.207397
-0.190063
-0.414062
0.012711
-0.012947
-0.390869
-0.210693
-0.331055
-0.135864
-0.298584
-0.254150
-0.337646
-0.300293
-0.155762
-0.300049
-0.369141
-0.281494
-0.182617
-0.495850
-0.016357
-0.137695
-0.367920
-0.329590
-0.255127
-0.474121
-0.297607
-0.434326
-0.265869
-0.375977
-0.475830
-0.312744
-0.373535
-0.380127
-0.293701
-0.418945
-0.092773
-0.121826
-0.184448
-0.441650
-0.298096
-0.482178
-0.276855
-0.302246
-0.111633
-0.358398
-0.077820
-0.414307
-0.320557
-0.315430
-0.280029
-0.211792
-0.380371
-0.290039
-0.372803
-0.469238
-0.351318
-0.298096
-0.398926
-0.459961
-0.387207
-0.383057
-0.238403
-0.276123
-0.110474
-0.159668
-0.295898
-0.288330
-0.110107
-0.300781
-0.059235
-0.306396
-0.393555
-0.137573
-0.417480
-0.288330
-0.371338
-0.424805
-0.351562
-0.329590
-0.215576
-0.296631
-0.037628
-0.084534
-0.414062
-0.422119
-0.244385
-0.188110
-0.012009
-0.248047
-0.100464
-0.245239
-0.464355
-0.366455
-0.318604
-0.304199
-0.034119
-0.208862
-0.381348
-0.110352
-0.335693
-0.151733
-0.170654
-0.139648
-0.348633
-0.379150
0.001554
-0.392090
-0.396973
0.068970
0.119690
-0.388672
-0.268799
-0.423584
-0.202759
-0.155151
-0.168335
-0.136719
-0.175049
-0.199585
-0.375244
0.137573
-0.327148
-0.226196
-0.114136
-0.205078
-0.322510
-0.148804
-0.313232
-0.276855
-0.241577
-0.086182
-0.187866
-0.294189
-0.238647
0.072205
-0.248413
0.012856
-0.169067
-0.274170
-0.165649
-0.047607
-0.226318
-0.078125
-0.151978
-0.229614
-0.122986
-0.258301
-0.237183
0.037354
-0.284424
-0.138916
-0.246338
-0.009048
-0.005878
-0.370117
-0.271240
-0.283203
-0.301270
-0.096436
-0.192383
-0.249023
-0.174194
-0.306641
-0.322021
-0.027191
-0.165039
-0.414062
0.044739
-0.257080
-0.249634
-0.338867
-0.189453
-0.063293
-0.203613
-0.313965
-0.340820
-0.286377
-0.318359
-0.030319
-0.153809
-0.308105
-0.336182
-0.210327
0.017563
-0.032928
-0.236694
0.021439
0.017685
-0.001515
-0.243042
-0.392090
-0.136963
-0.213989
-0.203003
-0.430420
-0.003618
-0.024231
-0.398193
-0.210083
-0.329834
-0.131348
-0.298340
-0.251465
-0.337158
-0.296631
-0.157837
-0.296875
-0.366211
-0.279053
-0.179688
-0.493164
-0.015152
-0.137451
-0.367432
-0.327881
-0.248901
-0.475586
-0.295898
-0.432861
-0.264404
-0.373047
-0.474609
-0.308350
-0.372803
-0.374756
-0.293457
-0.417480
-0.089417
-0.117859
-0.185669
-0.438232
-0.294678
-0.477783
-0.274170
-0.302734
-0.109680
-0.354248
-0.076782
-0.409912
-0.320068
-0.311523
-0.280029
-0.212646
-0.377197
-0.287109
-0.371338
-0.466797
-0.348877
-0.295654
-0.398193
-0.458496
-0.383545
-0.382080
-0.235718
-0.275635
-0.109680
-0.154175
-0.295410
-0.285156
-0.111084
-0.297119
-0.057770
-0.305664
-0.392578
-0.134277
-0.417236
-0.286133
-0.367676
-0.422607
-0.348389
-0.327637
-0.213501
-0.294189
-0.037903
-0.079468
-0.412842
-0.418945
-0.242798
-0.189331
-0.008904
-0.247559
-0.098389
-0.244507
-0.462891
-0.364502
-0.314941
-0.301514
-0.029907
-0.207275
-0.377930
-0.105591
-0.333008
-0.151367
-0.171875
-0.138428
-0.345459
-0.376953
0.007248
-0.387451
-0.391846
0.078735
0.122559
-0.390625
-0.265869
-0.421387
-0.201172
-0.156616
-0.168701
-0.136841
-0.169922
-0.195068
-0.373535
0.142090
-0.322998
-0.224121
-0.113953
-0.155396
-0.323486
-0.145508
-0.311035
-0.280029
-0.239502
-0.083679
-0.184814
-0.289551
-0.234131
0.070190
-0.250488
0.014503
-0.166016
-0.269287
-0.159424
-0.042664
-0.221191
-0.077209
-0.151733
-0.226929
-0.120056
-0.257080
-0.233643
0.041107
-0.278564
-0.136230
-0.241821
-0.006741
-0.005829
-0.368164
-0.265381
-0.277588
-0.296631
-0.094910
-0.189819
-0.248047
-0.171875
-0.301514
-0.316162
-0.022949
-0.162476
-0.412598
0.045959
-0.254150
-0.250488
-0.335449
-0.184448
-0.057953
-0.202515
-0.310791
-0.338867
-0.283447
-0.308350
-0.028702
-0.151733
-0.305420
-0.328857
-0.206665
0.020737
-0.030548
-0.235229
0.023514
0.021164
0.001314
-0.239136
-0.385498
-0.137207
-0.211182
-0.198853
-0.426758
-0.000385
-0.019760
-0.396240
-0.207764
-0.320557
-0.129150
-0.294189
-0.243286
-0.331055
-0.287354
-0.144653
-0.288086
-0.351074
-0.271484
-0.173706
-0.480225
-0.016678
-0.129883
-0.357422
-0.312256
-0.242554
-0.461182
-0.284180
-0.423584
-0.254639
-0.360596
-0.460938
-0.300049
-0.358887
-0.354004
-0.289062
-0.408203
-0.082214
-0.100769
-0.181519
-0.427490
-0.287842
-0.453369
-0.258057
-0.295898
-0.094421
-0.339844
-0.064331
-0.396729
-0.307617
-0.292969
-0.275146
-0.202271
-0.365234
-0.280273
-0.356689
-0.454346
-0.333252
-0.289062
-0.383545
-0.446045
-0.368652
-0.370361
-0.223877
-0.264893
-0.113770
-0.138916
-0.282471
-0.272705
-0.100952
-0.285889
-0.054138
-0.297119
-0.384033
-0.127563
-0.403809
-0.273926
-0.348633
-0.410889
-0.331299
-0.316895
-0.205933
-0.276611
-0.036133
-0.080627
-0.404297
-0.406738
-0.233276
-0.190552
-0.003439
-0.245850
-0.091797
-0.245239
-0.449707
-0.353516
-0.294434
-0.288330
-0.018661
-0.194946
-0.365967
-0.095703
-0.321289
-0.138306
-0.165894
-0.130859
-0.337646
-0.369141
0.018280
-0.366943
-0.373047
0.095947
0.124390
-0.382568
-0.252686
-0.410889
-0.195435
-0.079041
-0.155273
-0.128784
-0.147461
-0.181030
-0.360107
0.136841
-0.305420
-0.220703
-0.104980
-0.011009
-0.323486
-0.127563
-0.296631
-0.270264
-0.227173
-0.069885
-0.159546
-0.277344
-0.222534
0.065369
-0.238770
0.019211
-0.153320
-0.259033
-0.144897
-0.031799
-0.209351
-0.066956
-0.146729
-0.214600
-0.102783
-0.245117
-0.221924
0.048492
-0.266113
-0.123596
-0.224365
-0.002283
0.007286
-0.358887
-0.241577
-0.261963
-0.286377
-0.091064
-0.175171
-0.234863
-0.133301
-0.279297
-0.300293
-0.017990
-0.146606
-0.400879
0.058350
-0.247070
-0.252441
-0.317383
-0.168579
-0.045837
-0.195557
-0.290283
-0.321289
-0.271729
-0.283936
-0.026260
-0.141602
-0.293701
-0.314209
-0.194336
0.025238
-0.022934
-0.234009
0.039612
0.031769
0.018463
-0.225342
-0.365967
-0.122375
-0.206909
-0.185791
-0.403320
0.016510
-0.009972
-0.383057
-0.201050
-0.322021
-0.135376
-0.301514
-0.245361
-0.335449
-0.286865
-0.140259
-0.293945
-0.348877
-0.272461
-0.168701
-0.479004
-0.028259
-0.129883
-0.357422
-0.314941
-0.245117
-0.459229
-0.286377
-0.429688
-0.255127
-0.364746
-0.455566
-0.306396
-0.357422
-0.350830
-0.290771
-0.411133
-0.092102
-0.099976
-0.188843
-0.424561
-0.294189
-0.455566
-0.260986
-0.300293
-0.085876
-0.340576
-0.053528
-0.396484
-0.304199
-0.284912
-0.273438
-0.207031
-0.369141
-0.286133
-0.352783
-0.448486
-0.327637
-0.291992
-0.377197
-0.443848
-0.367920
-0.372314
-0.221436
-0.263428
-0.124207
-0.132446
-0.280518
-0.273438
-0.093872
-0.283936
-0.061859
-0.306396
-0.386963
-0.127441
-0.402832
-0.272705
-0.356934
-0.410400
-0.333008
-0.319824
-0.213623
-0.264648
-0.040741
-0.088379
-0.408203
-0.411621
-0.232422
-0.191895
-0.003786
-0.253662
-0.090454
-0.254150
-0.448486
-0.352295
-0.289307
-0.290039
-0.022705
-0.195923
-0.368896
-0.096313
-0.318359
-0.140381
-0.163818
-0.132690
-0.342041
-0.371338
0.019867
-0.359375
-0.369385
0.094788
0.115173
-0.388184
-0.249512
-0.414795
-0.201660
-0.128174
-0.148926
-0.129761
-0.138428
-0.176636
-0.359375
0.123108
-0.302490
-0.226318
-0.110107
-0.255615
-0.333984
-0.131958
-0.293213
-0.267578
-0.225586
-0.065430
-0.145020
-0.278809
-0.225220
0.059998
-0.240112
0.022202
-0.146851
-0.256592
-0.147217
-0.031281
-0.205933
-0.060791
-0.142822
-0.217163
-0.104187
-0.244019
-0.221802
0.037384
-0.269775
-0.117920
-0.222168
-0.008835
0.008209
-0.357910
-0.232544
-0.261719
-0.287598
-0.095947
-0.180542
-0.230713
-0.167969
-0.274414
-0.299805
-0.028671
-0.140869
-0.401855
0.059204
-0.254395
-0.263428
-0.309814
-0.159180
-0.044525
-0.198486
-0.285400
-0.320068
-0.271240
-0.276855
-0.031464
-0.151489
-0.297852
-0.307861
-0.189697
0.018829
-0.030426
-0.238525
0.056519
0.035767
0.020477
-0.229248
-0.362305
-0.115723
-0.209717
-0.178345
-0.394287
0.026154
-0.003580
-0.383301
-0.202026
-0.316162
-0.135010
-0.300049
-0.241455
-0.331299
-0.279785
-0.136719
-0.291748
-0.343262
-0.269043
-0.164307
-0.471436
-0.031128
-0.127808
-0.350830
-0.314209
-0.240112
-0.452148
-0.281006
-0.426025
-0.252441
-0.361328
-0.447266
-0.303955
-0.352539
-0.343262
-0.287598
-0.407959
-0.094360
-0.095032
-0.188965
-0.416504
-0.290771
-0.449951
-0.258545
-0.295898
-0.077698
-0.335449
-0.045563
-0.391357
-0.296631
-0.280029
-0.269531
-0.205078
-0.363525
-0.285156
-0.343750
-0.438477
-0.320801
-0.289795
-0.369141
-0.437012
-0.360107
-0.367920
-0.217041
-0.260742
-0.124390
-0.127563
-0.274658
-0.269775
-0.087341
-0.279297
-0.062622
-0.305664
-0.381104
-0.123840
-0.395996
-0.269287
-0.354736
-0.403076
-0.329590
-0.315430
-0.213745
-0.255615
-0.043976
-0.092773
-0.403076
-0.406982
-0.228149
-0.186279
-0.001453
-0.250488
-0.089050
-0.254883
-0.441162
-0.346191
-0.282471
-0.285400
-0.024124
-0.194336
-0.363770
-0.092590
-0.310303
-0.139893
-0.159058
-0.129517
-0.335938
-0.365234
0.022736
-0.350830
-0.363281
0.095276
0.109680
-0.384033
-0.244751
-0.408447
-0.201172
-0.155273
-0.145996
-0.125244
-0.133789
-0.169800
-0.354736
0.117065
-0.297607
-0.222534
-0.108276
-0.284180
-0.332520
-0.132812
-0.285645
-0.264648
-0.221680
-0.062988
-0.135986
-0.276123
-0.223877
0.056427
-0.238159
0.026886
-0.140869
-0.252686
-0.145264
-0.031677
-0.199951
-0.054504
-0.139648
-0.213745
-0.101013
-0.238525
-0.216187
0.034485
-0.265625
-0.114258
-0.216797
-0.011421
0.008224
-0.351318
-0.226074
-0.257812
-0.281250
-0.095398
-0.180054
-0.225464
-0.182739
-0.265381
-0.292969
-0.033081
-0.134521
-0.394043
0.060944
-0.253662
-0.262695
-0.302979
-0.153198
-0.042114
-0.195312
-0.278809
-0.315186
-0.265869
-0.268066
-0.030075
-0.153198
-0.293945
-0.300537
-0.181885
0.019608
-0.031281
-0.237427
0.060974
0.036804
0.017685
-0.228149
-0.353271
-0.111328
-0.207153
-0.172852
-0.385254
0.031097
0.002022
-0.377441
-0.202271
-0.320557
-0.132935
-0.302734
-0.242065
-0.333008
-0.284180
-0.138184
-0.292236
-0.344971
-0.270752
-0.168091
-0.479980
-0.025742
-0.132080
-0.354248
-0.312012
-0.242676
-0.459717
-0.283936
-0.427490
-0.254639
-0.361084
-0.454102
-0.301270
-0.355469
-0.350342
-0.291260
-0.409668
-0.089233
-0.095093
-0.188477
-0.425781
-0.293457
-0.452637
-0.257080
-0.300293
-0.082581
-0.339111
-0.050751
-0.396484
-0.301758
-0.287598
-0.275635
-0.204834
-0.367432
-0.286377
-0.350830
-0.449707
-0.326660
-0.291748
-0.378174
-0.443359
-0.365967
-0.374756
-0.219360
-0.264160
-0.118591
-0.132935
-0.278320
-0.272949
-0.093201
-0.283936
-0.059937
-0.302246
-0.385498
-0.125122
-0.400879
-0.273438
-0.353027
-0.409668
-0.332764
-0.318604
-0.210938
-0.263916
-0.039734
-0.090088
-0.406494
-0.411377
-0.231812
-0.186157
0.000295
-0.249023
-0.090576
-0.252441
-0.449707
-0.352295
-0.288574
-0.287598
-0.017838
-0.193604
-0.368896
-0.092346
-0.318848
-0.133789
-0.162842
-0.131104
-0.335205
-0.369141
0.021362
-0.362061
-0.370605
0.102112
0.122620
-0.385010
-0.248901
-0.412354
-0.197632
-0.088196
-0.150024
-0.128784
-0.135620
-0.174683
-0.361328
0.127686
-0.303223
-0.223755
-0.106201
-0.164062
-0.329590
-0.126099
-0.290283
-0.267334
-0.225830
-0.063538
-0.146240
-0.278564
-0.222900
0.061676
-0.236450
0.025711
-0.145264
-0.255859
-0.145386
-0.029800
-0.204834
-0.056213
-0.142700
-0.213623
-0.094543
-0.240234
-0.220337
0.047211
-0.266846
-0.117432
-0.219604
-0.007145
0.011703
-0.353271
-0.235107
-0.260254
-0.285156
-0.092957
-0.176392
-0.229614
-0.146362
-0.270264
-0.293945
-0.024216
-0.139526
-0.399414
0.065247
-0.250732
-0.259521
-0.311035
-0.160889
-0.041290
-0.197021
-0.284912
-0.320068
-0.266846
-0.271484
-0.027939
-0.142578
-0.295166
-0.304932
-0.189697
0.022766
-0.026855
-0.237427
0.053406
0.037720
0.021545
-0.225586
-0.360596
-0.114563
-0.208130
-0.176880
-0.393799
0.027573
-0.001684
-0.382324
-0.206909
-0.324219
-0.123230
-0.302246
-0.245483
-0.335449
-0.291260
-0.138428
-0.292480
-0.355957
-0.274658
-0.177979
-0.487061
-0.019501
-0.139160
-0.359863
-0.316895
-0.247437
-0.465820
-0.286133
-0.428223
-0.258789
-0.363525
-0.464355
-0.299561
-0.367188
-0.367432
-0.290527
-0.412109
-0.083618
-0.103394
-0.185303
-0.434814
-0.299316
-0.463379
-0.263428
-0.298096
-0.101990
-0.346191
-0.061096
-0.404541
-0.313232
-0.301514
-0.284424
-0.203735
-0.370117
-0.286133
-0.360107
-0.462646
-0.340088
-0.297119
-0.391113
-0.450195
-0.374023
-0.380371
-0.228638
-0.271973
-0.112305
-0.150391
-0.283447
-0.282715
-0.105713
-0.293945
-0.056427
-0.298096
-0.386719
-0.127563
-0.408447
-0.277832
-0.356445
-0.418701
-0.342285
-0.327637
-0.208740
-0.278809
-0.035492
-0.091492
-0.409912
-0.412109
-0.239868
-0.187134
0.000828
-0.246948
-0.095520
-0.244995
-0.456787
-0.358643
-0.299316
-0.292725
-0.014153
-0.198730
-0.373535
-0.097534
-0.330811
-0.134766
-0.169312
-0.138672
-0.339111
-0.375732
0.015190
-0.381592
-0.383301
0.093323
0.137939
-0.382080
-0.262451
-0.421631
-0.194580
-0.070557
-0.164429
-0.137939
-0.151733
-0.185181
-0.372070
0.137451
-0.313965
-0.224976
-0.107361
-0.004631
-0.325684
-0.131104
-0.303223
-0.270020
-0.236816
-0.070679
-0.165283
-0.287598
-0.228149
0.072937
-0.240601
0.020416
-0.155396
-0.265869
-0.153442
-0.043213
-0.215820
-0.067932
-0.145630
-0.219849
-0.105164
-0.245239
-0.230957
0.053711
-0.272461
-0.129517
-0.232422
-0.007988
0.007019
-0.360596
-0.255859
-0.270020
-0.291992
-0.090942
-0.175293
-0.236694
-0.123230
-0.287109
-0.305664
-0.018646
-0.155640
-0.405029
0.061249
-0.246826
-0.254395
-0.326660
-0.174927
-0.051697
-0.199829
-0.300293
-0.327393
-0.276367
-0.291260
-0.027481
-0.140137
-0.300293
-0.319336
-0.200928
0.014282
-0.022736
-0.236938
0.034424
0.025497
0.017502
-0.231567
-0.377197
-0.124146
-0.212769
-0.190918
-0.412598
0.013000
-0.007019
-0.391357
-0.210083
-0.329102
-0.124634
-0.307129
-0.251221
-0.340088
-0.301270
-0.142090
-0.293945
-0.360107
-0.281250
-0.183960
-0.490967
-0.018402
-0.141357
-0.364502
-0.325195
-0.253174
-0.471924
-0.291260
-0.434326
-0.263672
-0.370850
-0.469482
-0.302490
-0.373779
-0.379150
-0.292480
-0.416748
-0.085510
-0.113708
-0.186401
-0.437012
-0.302490
-0.474609
-0.272461
-0.297852
-0.110901
-0.352051
-0.066528
-0.409668
-0.322021
-0.313965
-0.287598
-0.210205
-0.379883
-0.288818
-0.367188
-0.468506
-0.351074
-0.299316
-0.399170
-0.456543
-0.381836
-0.385254
-0.231812
-0.277832
-0.113647
-0.163086
-0.288330
-0.286133
-0.110474
-0.297363
-0.061005
-0.304199
-0.391846
-0.134644
-0.414551
-0.284424
-0.366699
-0.424072
-0.350586
-0.330811
-0.212524
-0.286621
-0.036987
-0.095032
-0.413330
-0.418213
-0.244507
-0.191162
-0.003216
-0.250244
-0.101013
-0.241943
-0.462891
-0.363525
-0.306152
-0.300781
-0.026733
-0.204590
-0.378662
-0.103333
-0.335449
-0.144409
-0.175659
-0.144043
-0.346436
-0.383057
0.007912
-0.390137
-0.390137
0.076477
0.136841
-0.386230
-0.270996
-0.428955
-0.197510
-0.129639
-0.172607
-0.142822
-0.166138
-0.193481
-0.379150
0.134888
-0.322510
-0.227539
-0.112976
-0.155396
-0.327148
-0.143921
-0.312988
-0.270752
-0.243530
-0.077209
-0.174316
-0.293945
-0.237915
0.077454
-0.247803
0.012711
-0.160278
-0.271973
-0.162964
-0.054688
-0.224609
-0.079773
-0.146240
-0.226929
-0.116760
-0.249756
-0.236328
0.044922
-0.278809
-0.135132
-0.241211
-0.015343
-0.003099
-0.364990
-0.265869
-0.277344
-0.297852
-0.094177
-0.185791
-0.247070
-0.161011
-0.299805
-0.317383
-0.024017
-0.162842
-0.410645
0.050873
-0.251953
-0.253906
-0.336914
-0.182861
-0.056152
-0.204712
-0.312500
-0.334717
-0.283447
-0.307617
-0.027573
-0.148315
-0.309326
-0.328857
-0.209595
0.004116
-0.026367
-0.235352
0.025208
0.015656
0.010345
-0.240356
-0.387451
-0.131470
-0.215088
-0.201294
-0.423096
0.003590
-0.014877
-0.396973
-0.211792
-0.324219
-0.120483
-0.311279
-0.245361
-0.338135
-0.298584
-0.135010
-0.289307
-0.353760
-0.279785
-0.179321
-0.482666
-0.020157
-0.142334
-0.359619
-0.321533
-0.250000
-0.464844
-0.285645
-0.428711
-0.258545
-0.368408
-0.463379
-0.297607
-0.367920
-0.370850
-0.290039
-0.415039
-0.077515
-0.102478
-0.182373
-0.432373
-0.301758
-0.464844
-0.267578
-0.294189
-0.102051
-0.346924
-0.059204
-0.404053
-0.317627
-0.308350
-0.286865
-0.207764
-0.375977
-0.285889
-0.359131
-0.464111
-0.347412
-0.293945
-0.394287
-0.449219
-0.374756
-0.381836
-0.228882
-0.276123
-0.113892
-0.162354
-0.282959
-0.279541
-0.109375
-0.293945
-0.056183
-0.300781
-0.387207
-0.132202
-0.408447
-0.280518
-0.360840
-0.419678
-0.344482
-0.327393
-0.208618
-0.278564
-0.034485
-0.102539
-0.409912
-0.412598
-0.240723
-0.187622
0.000857
-0.249268
-0.094116
-0.241455
-0.453369
-0.357910
-0.299561
-0.294678
-0.018814
-0.202026
-0.373291
-0.098511
-0.334717
-0.136597
-0.173096
-0.140381
-0.342773
-0.380371
0.013779
-0.384277
-0.384277
0.084961
0.140991
-0.379639
-0.267578
-0.424072
-0.195801
-0.118164
-0.171265
-0.139160
-0.160400
-0.183350
-0.375732
0.132812
-0.313965
-0.224731
-0.109863
-0.267578
-0.328613
-0.137939
-0.308350
-0.261230
-0.241455
-0.067322
-0.160034
-0.290283
-0.236328
0.077881
-0.243286
0.014282
-0.151245
-0.268555
-0.153442
-0.054199
-0.220093
-0.074951
-0.142822
-0.221802
-0.107849
-0.240234
-0.231079
0.054932
-0.276367
-0.128296
-0.236328
-0.015442
0.000858
-0.357422
-0.259033
-0.269287
-0.291016
-0.096069
-0.177734
-0.242065
-0.150757
-0.288818
-0.310791
-0.022873
-0.156372
-0.404785
0.058167
-0.247681
-0.258789
-0.327881
-0.176025
-0.047577
-0.202148
-0.306885
-0.330811
-0.277100
-0.294678
-0.024994
-0.150146
-0.307861
-0.321533
-0.203491
0.004013
-0.021362
-0.232544
0.033813
0.019485
0.013527
-0.232544
-0.381836
-0.122681
-0.210815
-0.193848
-0.412842
0.011436
-0.006268
-0.393311
-0.211670
-0.322510
-0.117737
-0.313477
-0.243042
-0.339600
-0.296143
-0.129028
-0.287354
-0.350342
-0.277832
-0.176514
-0.479736
-0.024338
-0.143921
-0.354004
-0.321289
-0.248291
-0.461914
-0.285400
-0.427246
-0.257324
-0.364502
-0.457520
-0.295898
-0.365234
-0.365723
-0.289307
-0.413086
-0.078552
-0.096313
-0.182861
-0.424561
-0.302979
-0.462402
-0.267090
-0.290527
-0.094910
-0.343750
-0.052094
-0.399170
-0.313965
-0.303711
-0.286865
-0.207275
-0.375732
-0.285645
-0.352783
-0.457031
-0.342529
-0.292236
-0.390137
-0.446289
-0.368896
-0.379883
-0.225342
-0.275635
-0.117920
-0.158203
-0.281006
-0.278809
-0.104797
-0.290039
-0.058258
-0.302734
-0.384766
-0.128296
-0.403320
-0.279297
-0.362305
-0.415527
-0.340820
-0.325439
-0.206665
-0.271240
-0.035492
-0.109375
-0.408447
-0.409912
-0.239136
-0.185303
0.003817
-0.250488
-0.089600
-0.240601
-0.449463
-0.352783
-0.291260
-0.293457
-0.017349
-0.199707
-0.368896
-0.096558
-0.331299
-0.135010
-0.172852
-0.139160
-0.340332
-0.377197
0.016678
-0.378906
-0.377197
0.089111
0.139893
-0.378662
-0.265381
-0.421143
-0.193604
-0.133911
-0.169678
-0.136597
-0.157227
-0.177002
-0.372559
0.126221
-0.308838
-0.224609
-0.108826
-0.172363
-0.329834
-0.140503
-0.303955
-0.258545
-0.240479
-0.060791
-0.148193
-0.290771
-0.236694
0.075867
-0.242310
0.019653
-0.144775
-0.264893
-0.147949
-0.056091
-0.213745
-0.069946
-0.139282
-0.220581
-0.107544
-0.234009
-0.226929
0.053406
-0.273926
-0.122864
-0.230591
-0.020004
-0.003016
-0.351807
-0.253418
-0.265625
-0.287598
-0.098999
-0.177979
-0.238892
-0.163330
-0.278076
-0.303955
-0.025879
-0.147949
-0.399902
0.065430
-0.246948
-0.263428
-0.320801
-0.169067
-0.039612
-0.203979
-0.304932
-0.327148
-0.272461
-0.283691
-0.023636
-0.152100
-0.305176
-0.310059
-0.199585
0.004578
-0.018616
-0.232300
0.042053
0.020737
0.014351
-0.229736
-0.375000
-0.116150
-0.208984
-0.189453
-0.405518
0.017792
0.000726
-0.390869
-0.212280
-0.325195
-0.121094
-0.311768
-0.249023
-0.340576
-0.298828
-0.137329
-0.292725
-0.354980
-0.279785
-0.178833
-0.489990
-0.023056
-0.143433
-0.357910
-0.324463
-0.255371
-0.466064
-0.292236
-0.433594
-0.262451
-0.371094
-0.463135
-0.306641
-0.370605
-0.372314
-0.291504
-0.416260
-0.094482
-0.102844
-0.184814
-0.431152
-0.305176
-0.471436
-0.271240
-0.294922
-0.099548
-0.349365
-0.056580
-0.406494
-0.313721
-0.305420
-0.282715
-0.212402
-0.376709
-0.288818
-0.358398
-0.461182
-0.343750
-0.297852
-0.388428
-0.449951
-0.373779
-0.381104
-0.226318
-0.278564
-0.117126
-0.154175
-0.284912
-0.283936
-0.105896
-0.291992
-0.065002
-0.304199
-0.389404
-0.131592
-0.406982
-0.285645
-0.369385
-0.420410
-0.346924
-0.330811
-0.213379
-0.279053
-0.037048
-0.101135
-0.413818
-0.417969
-0.244141
-0.184692
0.005741
-0.251953
-0.092773
-0.244141
-0.455078
-0.359375
-0.297852
-0.298096
-0.017380
-0.204224
-0.375244
-0.101257
-0.332031
-0.141968
-0.168457
-0.139526
-0.345703
-0.379395
0.012955
-0.381348
-0.383057
0.081726
0.136719
-0.385498
-0.264404
-0.429688
-0.195923
-0.141357
-0.166504
-0.138306
-0.158691
-0.182861
-0.371826
0.125366
-0.317139
-0.229492
-0.111511
0.088623
-0.328369
-0.147949
-0.305176
-0.265625
-0.242554
-0.065674
-0.155762
-0.293945
-0.241333
0.073181
-0.244751
0.025482
-0.152588
-0.268799
-0.155884
-0.056305
-0.215088
-0.070312
-0.141479
-0.227417
-0.111206
-0.242310
-0.227295
0.042969
-0.279053
-0.129395
-0.235596
-0.016113
-0.003607
-0.359619
-0.257080
-0.272461
-0.292236
-0.097473
-0.187866
-0.240112
-0.167603
-0.286133
-0.310059
-0.029968
-0.151611
-0.407715
0.055176
-0.259766
-0.261230
-0.325928
-0.168335
-0.049988
-0.204224
-0.307373
-0.331543
-0.281250
-0.293945
-0.026062
-0.150391
-0.307129
-0.317139
-0.200439
0.004932
-0.024200
-0.236572
0.042694
0.019669
0.009285
-0.236694
-0.378174
-0.119324
-0.214111
-0.190918
-0.415527
0.015457
-0.002573
-0.394531
-0.211792
-0.328857
-0.126465
-0.307373
-0.255127
-0.342285
-0.300293
-0.145386
-0.296875
-0.361084
-0.280273
-0.180786
-0.493164
-0.023956
-0.139160
-0.363281
-0.324463
-0.260254
-0.472900
-0.298096
-0.437988
-0.263916
-0.374023
-0.469238
-0.309814
-0.375977
-0.378662
-0.292236
-0.416016
-0.104858
-0.116638
-0.187622
-0.435547
-0.305420
-0.479004
-0.274170
-0.299805
-0.108398
-0.356201
-0.065613
-0.410156
-0.319092
-0.310303
-0.281250
-0.213379
-0.379639
-0.290039
-0.365723
-0.463623
-0.346191
-0.300781
-0.393311
-0.455811
-0.381836
-0.383057
-0.228516
-0.279541
-0.119324
-0.154297
-0.290527
-0.289062
-0.105774
-0.295410
-0.067993
-0.309082
-0.393066
-0.133667
-0.410156
-0.289795
-0.373047
-0.422119
-0.352783
-0.334717
-0.217407
-0.286621
-0.037964
-0.091736
-0.415527
-0.421387
-0.248657
-0.184570
0.005489
-0.255371
-0.095764
-0.245605
-0.462646
-0.365479
-0.306885
-0.304199
-0.026627
-0.207031
-0.379883
-0.107910
-0.333496
-0.151489
-0.168823
-0.142578
-0.350830
-0.380127
0.008446
-0.387695
-0.389893
0.072083
0.132568
-0.393066
-0.267334
-0.434326
-0.197510
-0.156616
-0.166504
-0.143921
-0.167969
-0.191772
-0.372314
0.125977
-0.326416
-0.232910
-0.114624
-0.240845
-0.328369
-0.156860
-0.309814
-0.272461
-0.244263
-0.075073
-0.171265
-0.295654
-0.245239
0.072693
-0.250000
0.025330
-0.159424
-0.271973
-0.163940
-0.060333
-0.220581
-0.074280
-0.143799
-0.229614
-0.123901
-0.248047
-0.234131
0.034393
-0.281738
-0.138062
-0.240601
-0.008484
-0.007046
-0.366211
-0.265381
-0.280518
-0.300049
-0.096741
-0.194336
-0.246338
-0.183350
-0.298096
-0.316650
-0.031952
-0.159546
-0.413818
0.043121
-0.266113
-0.255859
-0.331055
-0.173584
-0.062805
-0.204224
-0.310059
-0.339600
-0.290283
-0.306152
-0.032257
-0.152832
-0.311279
-0.326416
-0.206177
0.004280
-0.029694
-0.238525
0.037506
0.010498
0.005264
-0.241943
-0.384521
-0.129761
-0.216797
-0.196289
-0.425781
0.007378
-0.008812
-0.398193
-0.209351
-0.330078
-0.126587
-0.308105
-0.255859
-0.342041
-0.302246
-0.147461
-0.298096
-0.360596
-0.281738
-0.181396
-0.495117
-0.024139
-0.139771
-0.364990
-0.328369
-0.260986
-0.473633
-0.297852
-0.439453
-0.263428
-0.375244
-0.471436
-0.312012
-0.374756
-0.379883
-0.290771
-0.417725
-0.102905
-0.117676
-0.187622
-0.438232
-0.304932
-0.478760
-0.276855
-0.300293
-0.106628
-0.356201
-0.068237
-0.411621
-0.320557
-0.311523
-0.281494
-0.214233
-0.381592
-0.290283
-0.366211
-0.466797
-0.350342
-0.301270
-0.395264
-0.457275
-0.383057
-0.384033
-0.230713
-0.280518
-0.118530
-0.156128
-0.291016
-0.288330
-0.109070
-0.299316
-0.066589
-0.307129
-0.393311
-0.135742
-0.411865
-0.292236
-0.372803
-0.422852
-0.353271
-0.335693
-0.218872
-0.290527
-0.039764
-0.093994
-0.415771
-0.423584
-0.250488
-0.183960
-0.001695
-0.253906
-0.098328
-0.244507
-0.462646
-0.364990
-0.309326
-0.304688
-0.030228
-0.207764
-0.380127
-0.109131
-0.335205
-0.153320
-0.168701
-0.140503
-0.351318
-0.382568
0.006931
-0.389648
-0.391846
0.068909
0.131714
-0.392090
-0.270020
-0.433594
-0.198120
-0.161011
-0.168091
-0.145630
-0.171875
-0.193848
-0.375000
0.124573
-0.325928
-0.232178
-0.114258
-0.255859
-0.327393
-0.156494
-0.311279
-0.274170
-0.246338
-0.075806
-0.171875
-0.294922
-0.243896
0.071106
-0.250732
0.021561
-0.162109
-0.273193
-0.163818
-0.060913
-0.222412
-0.075989
-0.146118
-0.231079
-0.124023
-0.249878
-0.233765
0.034302
-0.284668
-0.140015
-0.241333
-0.007778
-0.009239
-0.367676
-0.266357
-0.282227
-0.301025
-0.098145
-0.195190
-0.247925
-0.187256
-0.300049
-0.320312
-0.035583
-0.161133
-0.415039
0.042236
-0.264404
-0.256348
-0.332520
-0.175049
-0.063354
-0.204712
-0.312988
-0.339111
-0.290283
-0.309814
-0.032074
-0.153809
-0.313477
-0.327881
-0.207031
0.003990
-0.028687
-0.239502
0.035217
0.006866
0.002825
-0.242310
-0.386475
-0.129883
-0.218140
-0.200073
-0.425781
0.005089
-0.011574
-0.397217
-0.209595
-0.327393
-0.123840
-0.307617
-0.248413
-0.339111
-0.299316
-0.145752
-0.294189
-0.355713
-0.279297
-0.181641
-0.488525
-0.017593
-0.140869
-0.361084
-0.324707
-0.255615
-0.469971
-0.293213
-0.436035
-0.258301
-0.368652
-0.466064
-0.307617
-0.368408
-0.368896
-0.290283
-0.415527
-0.092468
-0.106262
-0.186035
-0.432129
-0.302246
-0.472412
-0.270508
-0.296631
-0.096436
-0.349609
-0.064270
-0.405029
-0.315186
-0.305176
-0.281494
-0.213867
-0.378906
-0.287354
-0.363525
-0.461914
-0.343994
-0.296631
-0.392090
-0.455322
-0.377686
-0.385010
-0.227295
-0.278809
-0.114929
-0.154297
-0.284424
-0.279541
-0.112122
-0.291992
-0.062927
-0.306885
-0.390381
-0.132690
-0.408203
-0.289062
-0.365479
-0.420654
-0.346436
-0.328613
-0.211792
-0.283203
-0.036469
-0.092834
-0.414307
-0.418945
-0.245728
-0.183350
-0.002361
-0.252197
-0.092163
-0.243896
-0.459717
-0.359131
-0.302979
-0.300049
-0.021576
-0.202271
-0.375244
-0.101562
-0.331299
-0.149780
-0.167847
-0.137207
-0.346924
-0.376709
0.015671
-0.383301
-0.382812
0.085327
0.137817
-0.393066
-0.264893
-0.424316
-0.195679
-0.152466
-0.169312
-0.137329
-0.162964
-0.186035
-0.371338
0.129761
-0.314453
-0.226807
-0.109741
0.108276
-0.325928
-0.142456
-0.305664
-0.271973
-0.240356
-0.069641
-0.162476
-0.289307
-0.236572
0.069946
-0.246704
0.025543
-0.155029
-0.268311
-0.154663
-0.053131
-0.216187
-0.073792
-0.144409
-0.226318
-0.111267
-0.242676
-0.229004
0.046753
-0.279297
-0.133423
-0.231567
-0.003685
-0.005051
-0.363525
-0.257080
-0.275146
-0.292480
-0.096680
-0.188477
-0.244141
-0.179565
-0.285889
-0.306641
-0.030777
-0.151245
-0.407959
0.057312
-0.260986
-0.256592
-0.329834
-0.170166
-0.048218
-0.202637
-0.309082
-0.332520
-0.283203
-0.293457
-0.026215
-0.150513
-0.308105
-0.317871
-0.204102
0.012817
-0.022308
-0.235107
0.042267
0.016083
0.009186
-0.234985
-0.378906
-0.120544
-0.214600
-0.197266
-0.415771
0.015488
-0.005604
-0.393311
-0.209106
-0.323730
-0.119202
-0.309082
-0.241089
-0.335693
-0.294434
-0.140869
-0.290283
-0.349365
-0.276123
-0.178833
-0.481689
-0.014648
-0.140747
-0.357422
-0.320557
-0.249756
-0.462402
-0.286377
-0.429443
-0.252686
-0.365967
-0.458740
-0.302979
-0.361816
-0.355469
-0.287598
-0.412354
-0.080811
-0.094482
-0.184570
-0.425049
-0.300293
-0.461670
-0.264160
-0.292480
-0.086914
-0.339844
-0.059662
-0.396484
-0.309570
-0.293701
-0.280762
-0.211548
-0.370117
-0.283447
-0.356689
-0.454590
-0.337402
-0.291748
-0.385254
-0.449707
-0.369385
-0.379639
-0.224487
-0.274902
-0.112610
-0.148438
-0.277588
-0.268799
-0.115173
-0.284424
-0.058838
-0.302246
-0.385742
-0.129150
-0.402100
-0.282471
-0.357910
-0.416260
-0.336182
-0.321777
-0.206665
-0.273926
-0.033875
-0.094360
-0.409668
-0.410645
-0.240356
-0.182739
-0.004417
-0.249268
-0.085327
-0.240479
-0.453125
-0.353271
-0.294189
-0.293457
-0.014412
-0.197388
-0.367676
-0.093262
-0.324951
-0.148315
-0.164551
-0.132446
-0.343262
-0.371338
0.022247
-0.372803
-0.370117
0.098755
0.138916
-0.391113
-0.259521
-0.414307
-0.192505
-0.141113
-0.168213
-0.129272
-0.151978
-0.173706
-0.367676
0.129395
-0.302979
-0.221191
-0.104309
0.152344
-0.325684
-0.129883
-0.299072
-0.265137
-0.234985
-0.060669
-0.145752
-0.281738
-0.226196
0.067261
-0.242676
0.026199
-0.145630
-0.260742
-0.144043
-0.049500
-0.209229
-0.070129
-0.140991
-0.217896
-0.099121
-0.233276
-0.224487
0.054321
-0.276367
-0.123718
-0.221313
-0.000597
-0.001649
-0.357178
-0.243530
-0.265137
-0.281250
-0.095764
-0.177856
-0.238770
-0.161865
-0.274658
-0.295410
-0.029526
-0.142334
-0.401123
0.066467
-0.254883
-0.261475
-0.319336
-0.158325
-0.035248
-0.199097
-0.302002
-0.322998
-0.276367
-0.276855
-0.022369
-0.148682
-0.304443
-0.305664
-0.193726
0.017120
-0.017609
-0.230835
0.052826
0.022644
0.016357
-0.225342
-0.369629
-0.109558
-0.213013
-0.191895
-0.402100
0.027298
0.001355
-0.386719
-0.206543
-0.322266
-0.117126
-0.310547
-0.240845
-0.335938
-0.293701
-0.136719
-0.288818
-0.345215
-0.272949
-0.179443
-0.478760
-0.016342
-0.140015
-0.354980
-0.316650
-0.248047
-0.459961
-0.284424
-0.428223
-0.249634
-0.363525
-0.454834
-0.301025
-0.360107
-0.351562
-0.287354
-0.409180
-0.078125
-0.090759
-0.184570
-0.422363
-0.301025
-0.458740
-0.260986
-0.292480
-0.083496
-0.337158
-0.056366
-0.393555
-0.307129
-0.291504
-0.279053
-0.210205
-0.369629
-0.281738
-0.351807
-0.451904
-0.334229
-0.291260
-0.382324
-0.447510
-0.367432
-0.378662
-0.220093
-0.273193
-0.115479
-0.146240
-0.274414
-0.267090
-0.112793
-0.280029
-0.058105
-0.302490
-0.384521
-0.127563
-0.401367
-0.279297
-0.356934
-0.414795
-0.333252
-0.318359
-0.206543
-0.269043
-0.033997
-0.095459
-0.407715
-0.409424
-0.240601
-0.182617
-0.001843
-0.251221
-0.083862
-0.242920
-0.453125
-0.350586
-0.288574
-0.291992
-0.012398
-0.194824
-0.364502
-0.090881
-0.323975
-0.145996
-0.164185
-0.131714
-0.342529
-0.369873
0.026199
-0.369141
-0.365234
0.106018
0.136963
-0.390625
-0.256592
-0.412598
-0.191895
-0.141968
-0.166260
-0.127563
-0.149780
-0.170654
-0.365479
0.129883
-0.300293
-0.221802
-0.104065
-0.034485
-0.329590
-0.127808
-0.297607
-0.262939
-0.234009
-0.055664
-0.139771
-0.279785
-0.227051
0.067688
-0.241943
0.028824
-0.140625
-0.257568
-0.140869
-0.048187
-0.205078
-0.067200
-0.136230
-0.215942
-0.096191
-0.228882
-0.224609
0.055481
-0.273926
-0.121399
-0.218384
-0.000735
-0.002893
-0.355469
-0.238647
-0.262695
-0.277832
-0.094482
-0.177490
-0.236328
-0.166992
-0.271729
-0.288818
-0.026947
-0.138794
-0.399414
0.070190
-0.256104
-0.261230
-0.316406
-0.152832
-0.032257
-0.199707
-0.298584
-0.320801
-0.274658
-0.270996
-0.025009
-0.151489
-0.306152
-0.301025
-0.192017
0.017593
-0.018204
-0.228027
0.057343
0.027435
0.019211
-0.220703
-0.362793
-0.104431
-0.212036
-0.188721
-0.397217
0.033997
0.003626
-0.384766
-0.206909
-0.321289
-0.117615
-0.308838
-0.241943
-0.333984
-0.293457
-0.132935
-0.288086
-0.344482
-0.270752
-0.179321
-0.479492
-0.016205
-0.138672
-0.354492
-0.315430
-0.249268
-0.457520
-0.281494
-0.426270
-0.248901
-0.363037
-0.452148
-0.302490
-0.357666
-0.349854
-0.284912
-0.408447
-0.078430
-0.089600
-0.183472
-0.421143
-0.299561
-0.457031
-0.260498
-0.289307
-0.084290
-0.334717
-0.055481
-0.392578
-0.305908
-0.290527
-0.277588
-0.208862
-0.368896
-0.278809
-0.351074
-0.449707
-0.333252
-0.291260
-0.378418
-0.444336
-0.365479
-0.375732
-0.218140
-0.271973
-0.114929
-0.142944
-0.271240
-0.266846
-0.109985
-0.277100
-0.058655
-0.300537
-0.383057
-0.126831
-0.399902
-0.277832
-0.357422
-0.415771
-0.332764
-0.318848
-0.207275
-0.267334
-0.033264
-0.094727
-0.406738
-0.408691
-0.240112
-0.182373
0.000682
-0.248901
-0.083984
-0.241699
-0.452148
-0.349854
-0.286377
-0.291260
-0.012215
-0.192749
-0.363770
-0.089844
-0.321289
-0.145630
-0.162598
-0.131470
-0.341064
-0.369141
0.025650
-0.367188
-0.362305
0.105652
0.136597
-0.386475
-0.255371
-0.414551
-0.189941
-0.137207
-0.163330
-0.126587
-0.148560
-0.169312
-0.364746
0.130005
-0.300049
-0.220947
-0.103516
-0.037201
-0.331543
-0.125610
-0.294434
-0.261230
-0.233154
-0.052612
-0.137451
-0.278076
-0.226807
0.069397
-0.242310
0.029663
-0.138672
-0.258789
-0.140625
-0.050568
-0.203979
-0.064819
-0.135498
-0.214966
-0.094299
-0.226685
-0.223389
0.056427
-0.272217
-0.119080
-0.218140
-0.002357
-0.000957
-0.355713
-0.235718
-0.258545
-0.278076
-0.091980
-0.175781
-0.234375
-0.158325
-0.274414
-0.286377
-0.026184
-0.137207
-0.398682
0.069946
-0.255127
-0.261475
-0.312744
-0.147827
-0.034485
-0.197876
-0.293701
-0.319824
-0.275146
-0.269775
-0.027115
-0.149292
-0.304932
-0.301270
-0.189697
0.016434
-0.020721
-0.227539
0.060211
0.028397
0.020844
-0.220093
-0.360596
-0.103088
-0.212769
-0.187378
-0.396240
0.036224
0.004555
-0.383057
-0.206055
-0.324219
-0.117249
-0.308838
-0.247314
-0.337646
-0.297363
-0.133911
-0.289795
-0.348633
-0.272949
-0.180542
-0.485107
-0.018112
-0.140015
-0.357422
-0.317139
-0.254639
-0.463379
-0.286621
-0.430176
-0.251465
-0.364990
-0.459473
-0.302979
-0.365967
-0.360352
-0.287842
-0.408447
-0.086365
-0.097778
-0.184326
-0.424805
-0.303223
-0.465332
-0.263428
-0.291748
-0.093018
-0.340576
-0.057983
-0.398682
-0.309326
-0.297363
-0.278564
-0.210327
-0.373047
-0.281738
-0.356445
-0.454590
-0.335693
-0.294922
-0.384277
-0.449463
-0.371582
-0.380127
-0.218994
-0.275391
-0.117310
-0.146240
-0.275879
-0.274658
-0.106812
-0.282471
-0.063660
-0.303955
-0.387451
-0.128296
-0.404297
-0.281006
-0.362549
-0.419678
-0.340088
-0.324951
-0.209595
-0.272217
-0.031708
-0.091797
-0.410156
-0.413818
-0.245728
-0.184570
0.004757
-0.253418
-0.084900
-0.244751
-0.458008
-0.355713
-0.291748
-0.295654
-0.014503
-0.197266
-0.368652
-0.094299
-0.325195
-0.147827
-0.164917
-0.137329
-0.344971
-0.370361
0.023636
-0.374268
-0.370117
0.101318
0.138306
-0.391846
-0.259521
-0.422607
-0.190186
-0.134277
-0.164185
-0.132324
-0.153442
-0.175659
-0.367676
0.132080
-0.308350
-0.226685
-0.106079
0.063416
-0.332275
-0.135376
-0.301270
-0.264648
-0.237061
-0.056702
-0.145508
-0.283936
-0.235107
0.070862
-0.245850
0.031525
-0.143799
-0.262939
-0.146484
-0.055206
-0.209351
-0.068298
-0.134888
-0.218262
-0.101196
-0.232056
-0.230713
0.054260
-0.274658
-0.124084
-0.223267
-0.001450
-0.001907
-0.359131
-0.243774
-0.263672
-0.283691
-0.091736
-0.181763
-0.238525
-0.161255
-0.284668
-0.291504
-0.025528
-0.143311
-0.405029
0.062378
-0.261719
-0.259766
-0.319580
-0.153198
-0.042725
-0.198364
-0.301025
-0.326904
-0.282227
-0.280273
-0.030624
-0.149414
-0.309326
-0.307129
-0.195679
0.012650
-0.023224
-0.231201
0.057404
0.023788
0.019867
-0.225708
-0.366699
-0.106934
-0.215942
-0.189453
-0.407471
0.030914
0.003967
-0.389160
-0.205566
-0.326172
-0.124695
-0.303955
-0.252441
-0.337402
-0.297363
-0.138672
-0.293213
-0.355957
-0.274658
-0.181885
-0.489990
-0.019897
-0.136841
-0.360107
-0.319336
-0.260010
-0.466797
-0.289795
-0.432617
-0.255371
-0.369141
-0.464600
-0.308838
-0.371582
-0.370605
-0.288330
-0.410400
-0.099792
-0.108765
-0.184082
-0.431152
-0.302734
-0.474854
-0.269287
-0.292725
-0.102173
-0.348877
-0.063538
-0.405518
-0.312744
-0.304932
-0.276611
-0.210083
-0.375732
-0.283691
-0.362793
-0.458740
-0.338135
-0.299072
-0.385498
-0.452148
-0.378662
-0.379883
-0.221924
-0.276367
-0.116821
-0.148071
-0.280029
-0.282959
-0.102234
-0.287598
-0.066833
-0.304443
-0.390625
-0.130249
-0.406006
-0.283691
-0.368408
-0.420654
-0.347900
-0.333252
-0.214844
-0.280273
-0.032990
-0.090332
-0.410400
-0.418457
-0.248169
-0.183594
0.007633
-0.252930
-0.091431
-0.244385
-0.459717
-0.362549
-0.299805
-0.300537
-0.021301
-0.200195
-0.374023
-0.102417
-0.325928
-0.152344
-0.164551
-0.140259
-0.347656
-0.371826
0.014725
-0.381836
-0.380127
0.083984
0.134888
-0.391602
-0.262695
-0.430420
-0.189697
-0.138672
-0.161499
-0.135864
-0.161499
-0.187012
-0.367920
0.130493
-0.320557
-0.230469
-0.109619
0.028854
-0.328125
-0.143311
-0.303711
-0.268799
-0.239014
-0.067383
-0.159180
-0.289795
-0.242554
0.072937
-0.246338
0.032593
-0.153198
-0.270264
-0.156128
-0.058838
-0.217041
-0.072021
-0.139160
-0.224243
-0.111084
-0.240845
-0.232422
0.042572
-0.277588
-0.133179
-0.230469
-0.003229
-0.001593
-0.363281
-0.255859
-0.271729
-0.294189
-0.090881
-0.188721
-0.240967
-0.161011
-0.297363
-0.303467
-0.029648
-0.153320
-0.410889
0.048950
-0.266357
-0.252686
-0.326172
-0.161865
-0.058319
-0.198608
-0.303223
-0.332275
-0.290771
-0.298340
-0.032349
-0.144897
-0.309082
-0.319336
-0.201294
0.010025
-0.028854
-0.236450
0.047943
0.017471
0.012726
-0.235229
-0.375244
-0.117310
-0.217651
-0.194702
-0.418945
0.020523
-0.002636
-0.392090
-0.206299
-0.329834
-0.124939
-0.304688
-0.254150
-0.341064
-0.301025
-0.146606
-0.297607
-0.361328
-0.277832
-0.181519
-0.492676
-0.019867
-0.136108
-0.363525
-0.322510
-0.261963
-0.471436
-0.297852
-0.438721
-0.260254
-0.372314
-0.469971
-0.311523
-0.376709
-0.377930
-0.288330
-0.414062
-0.108154
-0.117188
-0.187134
-0.433838
-0.305176
-0.481201
-0.273682
-0.297607
-0.108032
-0.354736
-0.068481
-0.408936
-0.316650
-0.308838
-0.277344
-0.214233
-0.381104
-0.288086
-0.366943
-0.462891
-0.343506
-0.299561
-0.390381
-0.457031
-0.383057
-0.383057
-0.225098
-0.278320
-0.119141
-0.151611
-0.286865
-0.289307
-0.104187
-0.292236
-0.068542
-0.307617
-0.393555
-0.132812
-0.408203
-0.289795
-0.371582
-0.421387
-0.354492
-0.336426
-0.217773
-0.287842
-0.035400
-0.085632
-0.414062
-0.422852
-0.250977
-0.183228
0.005581
-0.255859
-0.092957
-0.246216
-0.463623
-0.365479
-0.308105
-0.304443
-0.028168
-0.204468
-0.380127
-0.107361
-0.330811
-0.154541
-0.165039
-0.141479
-0.353516
-0.376709
0.010597
-0.385742
-0.386230
0.071533
0.133301
-0.395752
-0.266846
-0.435547
-0.193970
-0.154053
-0.164917
-0.140991
-0.169922
-0.193481
-0.369385
0.127441
-0.328857
-0.233398
-0.112305
-0.140625
-0.327148
-0.154541
-0.308350
-0.274902
-0.242920
-0.074219
-0.170288
-0.293213
-0.247192
0.071838
-0.249268
0.031143
-0.159424
-0.273438
-0.162231
-0.061676
-0.220825
-0.075989
-0.141602
-0.229980
-0.121033
-0.247070
-0.236938
0.035156
-0.283203
-0.138428
-0.238525
-0.001693
-0.007206
-0.367676
-0.264648
-0.278809
-0.300781
-0.095764
-0.195923
-0.245605
-0.179688
-0.301514
-0.314209
-0.033234
-0.158569
-0.415527
0.039886
-0.270264
-0.252686
-0.331055
-0.169189
-0.066406
-0.201294
-0.309326
-0.339355
-0.293213
-0.309082
-0.034515
-0.150635
-0.314941
-0.325684
-0.206177
0.009903
-0.030197
-0.237305
0.041779
0.008766
0.006603
-0.240845
-0.384033
-0.126587
-0.218994
-0.196777
-0.427246
0.010567
-0.007809
-0.395508
-0.206543
-0.328857
-0.122131
-0.308350
-0.248535
-0.340576
-0.300537
-0.144653
-0.296387
-0.357666
-0.278809
-0.182373
-0.488770
-0.014969
-0.140381
-0.360840
-0.323486
-0.260742
-0.468262
-0.296875
-0.436523
-0.257812
-0.370117
-0.463867
-0.310303
-0.372803
-0.370117
-0.285889
-0.415527
-0.097229
-0.105164
-0.185791
-0.432617
-0.306641
-0.475830
-0.272461
-0.292236
-0.095337
-0.349854
-0.065613
-0.403809
-0.315430
-0.305420
-0.279541
-0.215820
-0.379883
-0.290527
-0.363037
-0.461426
-0.343994
-0.297607
-0.387695
-0.456543
-0.379883
-0.385742
-0.224487
-0.279541
-0.117188
-0.154297
-0.281494
-0.281250
-0.112366
-0.289307
-0.063843
-0.303711
-0.392334
-0.134399
-0.404053
-0.291748
-0.368408
-0.419922
-0.351318
-0.335205
-0.214478
-0.282959
-0.034241
-0.094788
-0.413574
-0.419678
-0.248901
-0.182007
0.003056
-0.255127
-0.090271
-0.243164
-0.459473
-0.362549
-0.302979
-0.302002
-0.018570
-0.203613
-0.375244
-0.101074
-0.329102
-0.151001
-0.162842
-0.136475
-0.354492
-0.377197
0.015190
-0.381836
-0.379150
0.078918
0.139404
-0.394043
-0.266113
-0.428467
-0.191772
-0.151001
-0.170410
-0.134766
-0.164429
-0.187378
-0.370850
0.124634
-0.320801
-0.229614
-0.107971
0.132568
-0.325684
-0.146484
-0.304443
-0.270264
-0.243408
-0.067444
-0.160034
-0.291504
-0.243286
0.069885
-0.247314
0.033112
-0.153442
-0.271484
-0.156128
-0.059937
-0.215820
-0.075378
-0.139771
-0.228271
-0.111572
-0.239136
-0.233154
0.044708
-0.282715
-0.135132
-0.233398
-0.001462
-0.003838
-0.362549
-0.260254
-0.274902
-0.293945
-0.096680
-0.191284
-0.242188
-0.173950
-0.288574
-0.309570
-0.034210
-0.151001
-0.411621
0.051086
-0.268066
-0.256348
-0.328857
-0.163452
-0.051849
-0.202637
-0.311768
-0.333008
-0.287842
-0.298096
-0.026016
-0.150146
-0.314941
-0.317383
-0.203857
0.014343
-0.020615
-0.231689
0.047852
0.012001
0.010033
-0.235229
-0.382812
-0.117920
-0.218018
-0.196167
-0.417969
0.016922
-0.002182
-0.393311
-0.209717
-0.328857
-0.119324
-0.317383
-0.248779
-0.343262
-0.304443
-0.139160
-0.295410
-0.354004
-0.281006
-0.186768
-0.484375
-0.018082
-0.142334
-0.360596
-0.324219
-0.261475
-0.467285
-0.293213
-0.436035
-0.256348
-0.370117
-0.459961
-0.307617
-0.371582
-0.365234
-0.286865
-0.414062
-0.091431
-0.097534
-0.187134
-0.430420
-0.313965
-0.472412
-0.272705
-0.289062
-0.093811
-0.348633
-0.058960
-0.400391
-0.318115
-0.303955
-0.281494
-0.216553
-0.380615
-0.289307
-0.359863
-0.459717
-0.347656
-0.295654
-0.385986
-0.457275
-0.378174
-0.387695
-0.224243
-0.281494
-0.121155
-0.160400
-0.280762
-0.275391
-0.116882
-0.284180
-0.061462
-0.306885
-0.393066
-0.136597
-0.401855
-0.289551
-0.369141
-0.419678
-0.350830
-0.331299
-0.213135
-0.278076
-0.032837
-0.102417
-0.414062
-0.416016
-0.249023
-0.183472
0.001997
-0.259277
-0.085083
-0.243408
-0.458984
-0.361084
-0.296631
-0.302734
-0.013748
-0.205322
-0.372803
-0.099304
-0.330811
-0.153076
-0.164551
-0.137451
-0.356201
-0.380615
0.016937
-0.380859
-0.374512
0.080261
0.138916
-0.396484
-0.267090
-0.428955
-0.195312
-0.177734
-0.174072
-0.132812
-0.165405
-0.180908
-0.371826
0.119873
-0.315186
-0.228760
-0.108337
-0.174072
-0.327393
-0.149048
-0.308350
-0.262939
-0.244873
-0.062469
-0.150513
-0.291016
-0.244263
0.072998
-0.247314
0.028946
-0.146484
-0.270020
-0.157593
-0.063416
-0.213013
-0.077209
-0.134766
-0.226196
-0.111511
-0.229614
-0.233887
0.044312
-0.282959
-0.134644
-0.230469
-0.007336
-0.003679
-0.362305
-0.255371
-0.273193
-0.291260
-0.103149
-0.190063
-0.246948
-0.195801
-0.282471
-0.308350
-0.035645
-0.147217
-0.410889
0.057037
-0.270020
-0.264648
-0.328857
-0.160034
-0.042572
-0.206055
-0.312256
-0.331543
-0.285400
-0.292236
-0.022324
-0.161621
-0.318604
-0.312500
-0.205444
0.007702
-0.017670
-0.226318
0.050110
0.011948
0.009239
-0.235229
-0.382324
-0.110107
-0.218872
-0.197021
-0.412109
0.021820
-0.000506
-0.393311
-0.211060
-0.329346
-0.121948
-0.320068
-0.250977
-0.343994
-0.305908
-0.137817
-0.296387
-0.354492
-0.281250
-0.190063
-0.483398
-0.020111
-0.140869
-0.359863
-0.324707
-0.265381
-0.465332
-0.291260
-0.434814
-0.256104
-0.370850
-0.457275
-0.309326
-0.371826
-0.364502
-0.285645
-0.412842
-0.094666
-0.097717
-0.186768
-0.430420
-0.317383
-0.473389
-0.274658
-0.285889
-0.094910
-0.349121
-0.059540
-0.399902
-0.319092
-0.304688
-0.280762
-0.216187
-0.379883
-0.289307
-0.360596
-0.458984
-0.349121
-0.296387
-0.381836
-0.455811
-0.379395
-0.385986
-0.224609
-0.281982
-0.123047
-0.162231
-0.279053
-0.274658
-0.118469
-0.281738
-0.062622
-0.307861
-0.394775
-0.138916
-0.399658
-0.289551
-0.371582
-0.419678
-0.352539
-0.332520
-0.215332
-0.279053
-0.032074
-0.104553
-0.414551
-0.415527
-0.251221
-0.184692
0.002609
-0.260742
-0.085083
-0.244019
-0.457764
-0.363281
-0.295410
-0.303711
-0.013084
-0.206909
-0.372559
-0.101318
-0.330322
-0.157227
-0.163696
-0.139282
-0.358154
-0.381348
0.016022
-0.382568
-0.374023
0.075134
0.136719
-0.396240
-0.267334
-0.431641
-0.193970
-0.190308
-0.171143
-0.133179
-0.167725
-0.180542
-0.371094
0.116089
-0.315674
-0.228882
-0.109680
-0.328613
-0.325684
-0.150024
-0.308594
-0.258789
-0.245605
-0.061676
-0.147095
-0.291504
-0.246460
0.073425
-0.248047
0.029648
-0.145752
-0.273682
-0.160767
-0.068054
-0.213989
-0.077881
-0.131958
-0.227661
-0.112976
-0.226196
-0.233765
0.039795
-0.283203
-0.136963
-0.229736
-0.009079
-0.002167
-0.363525
-0.254883
-0.273926
-0.293457
-0.104187
-0.189697
-0.248169
-0.193970
-0.285156
-0.309082
-0.038483
-0.148682
-0.412109
0.053345
-0.275146
-0.265625
-0.328613
-0.157471
-0.044830
-0.204712
-0.311279
-0.332031
-0.288086
-0.293945
-0.022995
-0.162231
-0.321289
-0.313965
-0.206543
0.003998
-0.019638
-0.224731
0.051025
0.009987
0.007858
-0.237793
-0.384033
-0.109619
-0.221680
-0.197632
-0.412354
0.022186
-0.000748
-0.393066
-0.211304
-0.329346
-0.122131
-0.319580
-0.249390
-0.343506
-0.304199
-0.136108
-0.296143
-0.352051
-0.280518
-0.190674
-0.483154
-0.018707
-0.139771
-0.360107
-0.322754
-0.263916
-0.463867
-0.291260
-0.435303
-0.256836
-0.369385
-0.456543
-0.310303
-0.370117
-0.363037
-0.284424
-0.413086
-0.093506
-0.097229
-0.186401
-0.427734
-0.315430
-0.471191
-0.272705
-0.288086
-0.091248
-0.349365
-0.059021
-0.399658
-0.317627
-0.303467
-0.278809
-0.215942
-0.379639
-0.289062
-0.359131
-0.456299
-0.347168
-0.296143
-0.381104
-0.455078
-0.377930
-0.385254
-0.223511
-0.279541
-0.122925
-0.162109
-0.279297
-0.273193
-0.116821
-0.281982
-0.063538
-0.306885
-0.393555
-0.137939
-0.399170
-0.291016
-0.370361
-0.418457
-0.350586
-0.332520
-0.214355
-0.276855
-0.032684
-0.103088
-0.412842
-0.416748
-0.250732
-0.182373
0.000899
-0.260010
-0.084900
-0.243286
-0.458252
-0.361328
-0.293457
-0.303223
-0.013733
-0.202881
-0.371582
-0.099854
-0.330811
-0.157349
-0.162720
-0.136719
-0.357422
-0.380127
0.016541
-0.381348
-0.371826
0.077454
0.135620
-0.397461
-0.265137
-0.429443
-0.194458
-0.184448
-0.171997
-0.132812
-0.166016
-0.179932
-0.370361
0.115417
-0.312256
-0.228149
-0.109436
-0.343018
-0.323975
-0.148071
-0.306885
-0.257080
-0.244263
-0.061310
-0.146240
-0.291016
-0.245239
0.071594
-0.247681
0.030609
-0.144653
-0.273193
-0.160156
-0.067078
-0.212524
-0.078247
-0.131470
-0.226318
-0.110779
-0.223999
-0.232910
0.040283
-0.283936
-0.137573
-0.227661
-0.008095
-0.005543
-0.363525
-0.252197
-0.274170
-0.291992
-0.102661
-0.188721
-0.246216
-0.194214
-0.281982
-0.306152
-0.039307
-0.145752
-0.411133
0.056793
-0.275635
-0.264648
-0.328125
-0.157471
-0.042694
-0.204956
-0.310547
-0.329346
-0.288818
-0.292969
-0.023880
-0.162476
-0.320312
-0.312256
-0.206543
0.005390
-0.019363
-0.225464
0.051575
0.011017
0.010391
-0.235962
-0.380127
-0.107483
-0.221924
-0.198242
-0.410156
0.025009
-0.001212
-0.391357
-0.210938
-0.328369
-0.119202
-0.318848
-0.248535
-0.342529
-0.302246
-0.132690
-0.296631
-0.350586
-0.279785
-0.192017
-0.481445
-0.020432
-0.139160
-0.359131
-0.322754
-0.264648
-0.462402
-0.287842
-0.433594
-0.254883
-0.369629
-0.453613
-0.310791
-0.369141
-0.361572
-0.283447
-0.410156
-0.090454
-0.094727
-0.186523
-0.425537
-0.315186
-0.469971
-0.270752
-0.284668
-0.090271
-0.347656
-0.059082
-0.397461
-0.318359
-0.302002
-0.278564
-0.214233
-0.377930
-0.290039
-0.356445
-0.453369
-0.346191
-0.296631
-0.379150
-0.452393
-0.374756
-0.385010
-0.222534
-0.277100
-0.123108
-0.162231
-0.274170
-0.270996
-0.120117
-0.279297
-0.064575
-0.307129
-0.392578
-0.137329
-0.396729
-0.288086
-0.372314
-0.416992
-0.348877
-0.332764
-0.214966
-0.272949
-0.030640
-0.105896
-0.411865
-0.415039
-0.248535
-0.180176
0.000926
-0.259277
-0.084778
-0.243164
-0.456055
-0.359863
-0.290283
-0.301758
-0.012886
-0.200928
-0.368652
-0.100281
-0.330322
-0.156860
-0.162598
-0.135864
-0.357178
-0.377930
0.017792
-0.380371
-0.369385
0.079529
0.136230
-0.396484
-0.264404
-0.428955
-0.194336
-0.198853
-0.172974
-0.131226
-0.165161
-0.178589
-0.369141
0.115845
-0.310303
-0.227295
-0.110168
-0.416260
-0.322754
-0.147461
-0.305664
-0.253662
-0.242554
-0.059692
-0.143921
-0.290039
-0.245361
0.071106
-0.246338
0.033295
-0.142944
-0.272705
-0.159668
-0.069397
-0.211548
-0.080139
-0.128418
-0.224976
-0.109619
-0.219482
-0.233887
0.040344
-0.281982
-0.136475
-0.226318
-0.008644
-0.005856
-0.362305
-0.248657
-0.271973
-0.291504
-0.100159
-0.187012
-0.244751
-0.194092
-0.279541
-0.304199
-0.038635
-0.143066
-0.409180
0.058655
-0.275879
-0.265869
-0.325195
-0.154541
-0.041473
-0.204712
-0.309814
-0.327393
-0.286865
-0.291260
-0.022873
-0.163574
-0.318848
-0.310547
-0.205078
0.004856
-0.020447
-0.224365
0.052826
0.012527
0.010735
-0.235962
-0.376709
-0.103821
-0.222046
-0.197510
-0.407227
0.027695
0.000126
-0.389893
-0.211182
-0.326172
-0.119934
-0.317871
-0.247437
-0.341309
-0.300293
-0.130249
-0.295654
-0.348145
-0.277100
-0.189209
-0.482178
-0.018402
-0.139038
-0.357422
-0.319092
-0.263916
-0.460449
-0.287354
-0.433594
-0.253418
-0.367920
-0.454102
-0.308350
-0.367676
-0.359863
-0.282959
-0.408691
-0.088196
-0.094299
-0.185669
-0.422607
-0.312256
-0.467773
-0.269531
-0.284180
-0.088074
-0.346924
-0.057526
-0.397461
-0.316406
-0.298828
-0.277100
-0.214600
-0.378418
-0.290283
-0.354736
-0.452148
-0.343262
-0.296875
-0.380371
-0.451904
-0.373535
-0.384521
-0.219971
-0.274902
-0.121460
-0.161133
-0.271729
-0.270264
-0.115845
-0.280518
-0.065186
-0.305908
-0.392334
-0.134888
-0.397705
-0.286377
-0.368164
-0.416992
-0.345703
-0.331299
-0.211914
-0.268555
-0.030731
-0.104797
-0.412109
-0.415771
-0.248047
-0.180786
-0.000009
-0.260010
-0.083069
-0.244263
-0.456299
-0.356934
-0.290283
-0.299316
-0.014587
-0.197021
-0.368408
-0.097961
-0.326660
-0.153564
-0.162354
-0.135620
-0.355957
-0.374756
0.021240
-0.378906
-0.366455
0.083740
0.140137
-0.396484
-0.260742
-0.427979
-0.192017
-0.163940
-0.172119
-0.129272
-0.157959
-0.177002
-0.367188
0.119263
-0.309326
-0.226440
-0.108643
-0.101868
-0.322266
-0.140137
-0.303223
-0.253906
-0.242188
-0.057343
-0.141357
-0.290039
-0.242554
0.071472
-0.243896
0.034821
-0.142212
-0.271973
-0.153809
-0.068054
-0.210327
-0.079712
-0.126953
-0.221069
-0.103271
-0.219604
-0.232178
0.043396
-0.279053
-0.132202
-0.222412
-0.006378
-0.005230
-0.359131
-0.245728
-0.270264
-0.289062
-0.098083
-0.183960
-0.241821
-0.171021
-0.277100
-0.299805
-0.036377
-0.139526
-0.408447
0.063416
-0.276123
-0.263672
-0.324707
-0.153076
-0.039032
-0.203003
-0.308350
-0.324951
-0.286621
-0.289307
-0.021393
-0.158325
-0.316650
-0.306641
-0.202759
0.004986
-0.020508
-0.225830
0.053802
0.015587
0.015549
-0.231812
-0.373047
-0.099121
-0.222778
-0.197266
-0.405518
0.030670
0.004524
-0.387695
-0.210449
-0.328613
-0.128784
-0.309326
-0.251709
-0.339355
-0.298340
-0.138672
-0.301025
-0.354492
-0.276123
-0.186768
-0.490723
-0.017929
-0.135254
-0.362793
-0.319824
-0.269531
-0.461670
-0.290527
-0.438232
-0.258545
-0.369141
-0.459473
-0.315674
-0.371582
-0.368652
-0.286133
-0.411621
-0.100769
-0.103149
-0.185913
-0.428711
-0.307129
-0.474609
-0.272461
-0.287842
-0.092041
-0.356445
-0.064880
-0.405273
-0.316406
-0.299805
-0.271729
-0.213257
-0.381348
-0.293213
-0.360840
-0.454590
-0.340332
-0.302734
-0.381836
-0.454102
-0.378662
-0.383545
-0.221680
-0.271729
-0.119202
-0.156250
-0.275146
-0.274658
-0.110107
-0.283691
-0.071838
-0.306396
-0.396729
-0.138062
-0.401611
-0.290283
-0.373535
-0.418701
-0.350586
-0.336914
-0.215210
-0.275146
-0.034454
-0.094299
-0.414551
-0.421875
-0.248657
-0.179688
0.000070
-0.260742
-0.090149
-0.246216
-0.459717
-0.362305
-0.297119
-0.303955
-0.022720
-0.193604
-0.372559
-0.103516
-0.323242
-0.158813
-0.160034
-0.136108
-0.359619
-0.373779
0.014832
-0.382812
-0.374023
0.072388
0.133057
-0.403809
-0.260498
-0.433594
-0.189575
-0.144775
-0.167603
-0.128540
-0.158569
-0.190796
-0.365967
0.118774
-0.320312
-0.231689
-0.110962
0.132202
-0.320557
-0.143311
-0.302246
-0.261475
-0.240112
-0.068176
-0.153320
-0.294189
-0.246338
0.067200
-0.244873
0.036194
-0.153442
-0.275146
-0.158081
-0.066650
-0.215820
-0.080566
-0.130981
-0.224731
-0.106750
-0.229980
-0.233154
0.034515
-0.282471
-0.137085
-0.226807
-0.003250
-0.003071
-0.364990
-0.251709
-0.276855
-0.299805
-0.093140
-0.189087
-0.240723
-0.161133
-0.284912
-0.308350
-0.039948
-0.143555
-0.415039
0.054199
-0.282959
-0.257324
-0.329590
-0.160278
-0.054596
-0.201294
-0.308105
-0.328613
-0.294189
-0.306152
-0.025650
-0.148804
-0.312988
-0.316650
-0.201904
0.008484
-0.029358
-0.234131
0.047241
0.015007
0.013542
-0.239136
-0.375244
-0.109558
-0.225952
-0.200073
-0.414307
0.020340
-0.001347
-0.388428
-0.208862
-0.329834
-0.133911
-0.307617
-0.258301
-0.341064
-0.298584
-0.144531
-0.305420
-0.359375
-0.276367
-0.185303
-0.492432
-0.018921
-0.132446
-0.366455
-0.318848
-0.271240
-0.464844
-0.296875
-0.441406
-0.262451
-0.374512
-0.463379
-0.319336
-0.377441
-0.376709
-0.290039
-0.412598
-0.112915
-0.111755
-0.185303
-0.428955
-0.308105
-0.478516
-0.275879
-0.292480
-0.095398
-0.363281
-0.071533
-0.412598
-0.321045
-0.303955
-0.269775
-0.215210
-0.383789
-0.295654
-0.366455
-0.456055
-0.341797
-0.305420
-0.386475
-0.456299
-0.382568
-0.382812
-0.224243
-0.272461
-0.122498
-0.156006
-0.277832
-0.280762
-0.105530
-0.288330
-0.075562
-0.307861
-0.399414
-0.140747
-0.406006
-0.294189
-0.376221
-0.418213
-0.354004
-0.343750
-0.221069
-0.276367
-0.038666
-0.094421
-0.416016
-0.426270
-0.253174
-0.182861
-0.001594
-0.263428
-0.098145
-0.250000
-0.462646
-0.366943
-0.303467
-0.307861
-0.034363
-0.195435
-0.376709
-0.108521
-0.323975
-0.165894
-0.160645
-0.139648
-0.365479
-0.375000
0.009270
-0.387207
-0.379150
0.059357
0.125000
-0.407715
-0.259766
-0.439209
-0.188354
-0.145142
-0.167847
-0.131958
-0.163574
-0.197021
-0.368896
0.115112
-0.328857
-0.236206
-0.112488
-0.169067
-0.321777
-0.149414
-0.302734
-0.265869
-0.243408
-0.074341
-0.162842
-0.298584
-0.253662
0.066650
-0.248169
0.031464
-0.161621
-0.278076
-0.164062
-0.071716
-0.221802
-0.084412
-0.132812
-0.227539
-0.112488
-0.236084
-0.238281
0.020782
-0.286133
-0.144775
-0.231323
-0.002439
-0.009117
-0.367920
-0.257812
-0.284424
-0.305176
-0.096130
-0.191895
-0.242676
-0.170898
-0.296387
-0.314697
-0.043030
-0.151001
-0.419922
0.038940
-0.286621
-0.253174
-0.331787
-0.163574
-0.066650
-0.202271
-0.308105
-0.333252
-0.301025
-0.320312
-0.034027
-0.148315
-0.318604
-0.322266
-0.202026
-0.001052
-0.036041
-0.236938
0.042511
0.008492
0.009804
-0.245605
-0.379639
-0.117126
-0.228516
-0.201172
-0.421387
0.012665
-0.008995
-0.390381
-0.205933
-0.328125
-0.133545
-0.305176
-0.256836
-0.340820
-0.298828
-0.144409
-0.304199
-0.359619
-0.278809
-0.184570
-0.492676
-0.018860
-0.130005
-0.365479
-0.319824
-0.269531
-0.465088
-0.295166
-0.439941
-0.262451
-0.374023
-0.462891
-0.319092
-0.375244
-0.377197
-0.289307
-0.411865
-0.113342
-0.111206
-0.184692
-0.429443
-0.308105
-0.476074
-0.275391
-0.292969
-0.095215
-0.363037
-0.071838
-0.413086
-0.318604
-0.305420
-0.268311
-0.213379
-0.382080
-0.294434
-0.364990
-0.453613
-0.342529
-0.303223
-0.386475
-0.454346
-0.382812
-0.380127
-0.225098
-0.272217
-0.123718
-0.154785
-0.278564
-0.280762
-0.104492
-0.290527
-0.075562
-0.304199
-0.398438
-0.140625
-0.405029
-0.294189
-0.374023
-0.417725
-0.352783
-0.344727
-0.222168
-0.276367
-0.039429
-0.096863
-0.415039
-0.427002
-0.253174
-0.182739
-0.002609
-0.261475
-0.099915
-0.249512
-0.461914
-0.365723
-0.303223
-0.304932
-0.035126
-0.196411
-0.375488
-0.109558
-0.322754
-0.164062
-0.159790
-0.138184
-0.362549
-0.374756
0.008461
-0.385010
-0.380859
0.058929
0.122253
-0.405762
-0.260010
-0.436279
-0.189209
-0.147827
-0.162964
-0.132324
-0.163696
-0.195923
-0.369141
0.114990
-0.328613
-0.236572
-0.111084
-0.217407
-0.320557
-0.150879
-0.300293
-0.263916
-0.242920
-0.075256
-0.161743
-0.299805
-0.255127
0.064087
-0.246826
0.028976
-0.162476
-0.276611
-0.164551
-0.070801
-0.222290
-0.083923
-0.134155
-0.226562
-0.113464
-0.237915
-0.238770
0.020309
-0.286377
-0.145630
-0.230469
-0.005608
-0.009872
-0.366211
-0.257080
-0.282959
-0.304688
-0.096497
-0.191772
-0.241577
-0.160522
-0.298584
-0.316162
-0.044434
-0.154053
-0.418945
0.036316
-0.283447
-0.252441
-0.328125
-0.163940
-0.067627
-0.200439
-0.306152
-0.333496
-0.300293
-0.319580
-0.037018
-0.148560
-0.316650
-0.323730
-0.198730
-0.002829
-0.035553
-0.239624
0.041443
0.008034
0.009415
-0.245605
-0.377930
-0.116394
-0.228394
-0.200806
-0.419189
0.012428
-0.011726
-0.390381
-0.206543
-0.332031
-0.133911
-0.305176
-0.259033
-0.343262
-0.299805
-0.148926
-0.305908
-0.363525
-0.280273
-0.182007
-0.493408
-0.020676
-0.130127
-0.368652
-0.325684
-0.268066
-0.469727
-0.300293
-0.443115
-0.263916
-0.376465
-0.467285
-0.321289
-0.379883
-0.379883
-0.292236
-0.415771
-0.119812
-0.116638
-0.188477
-0.430908
-0.308350
-0.483887
-0.278564
-0.297119
-0.102478
-0.364502
-0.068542
-0.415283
-0.319336
-0.307373
-0.271240
-0.216187
-0.383545
-0.295898
-0.368164
-0.457764
-0.343018
-0.305176
-0.388916
-0.456543
-0.385742
-0.384033
-0.226929
-0.277100
-0.124390
-0.151367
-0.285156
-0.287109
-0.102844
-0.293213
-0.079407
-0.310547
-0.398438
-0.136963
-0.406250
-0.294434
-0.378174
-0.421143
-0.355957
-0.344971
-0.224121
-0.281982
-0.041779
-0.091614
-0.417236
-0.428955
-0.252930
-0.182495
-0.001302
-0.261475
-0.099243
-0.249878
-0.465088
-0.367188
-0.307861
-0.308838
-0.037811
-0.202026
-0.380859
-0.110168
-0.326416
-0.165894
-0.161377
-0.141235
-0.361572
-0.376465
0.007511
-0.388184
-0.383789
0.059021
0.124268
-0.406494
-0.261719
-0.441162
-0.191895
-0.168457
-0.165283
-0.139526
-0.168335
-0.199097
-0.369629
0.117859
-0.333740
-0.237427
-0.114807
-0.244629
-0.323486
-0.157715
-0.304688
-0.271973
-0.244263
-0.076660
-0.168579
-0.301025
-0.255859
0.065735
-0.252441
0.030563
-0.163940
-0.277832
-0.165894
-0.070740
-0.223267
-0.084473
-0.138794
-0.230957
-0.122070
-0.243774
-0.238159
0.018509
-0.287598
-0.144043
-0.236694
-0.004108
-0.014000
-0.369873
-0.261719
-0.285156
-0.307373
-0.100708
-0.196899
-0.245117
-0.180420
-0.301025
-0.317871
-0.043945
-0.156494
-0.420898
0.034241
-0.283203
-0.253662
-0.332275
-0.166870
-0.071350
-0.203125
-0.307861
-0.337402
-0.299805
-0.319580
-0.037354
-0.151367
-0.317627
-0.326904
-0.200317
-0.000980
-0.036163
-0.241943
0.042389
0.003616
0.004490
-0.249268
-0.382080
-0.122253
-0.226929
-0.199341
-0.426758
0.010841
-0.011963
-0.393799
-0.207153
-0.326172
-0.133789
-0.298340
-0.253906
-0.338379
-0.296631
-0.145752
-0.303467
-0.357422
-0.276855
-0.180786
-0.489502
-0.015915
-0.130249
-0.364502
-0.323975
-0.262451
-0.463379
-0.293701
-0.437500
-0.258057
-0.371582
-0.460205
-0.316895
-0.373047
-0.370117
-0.288086
-0.411621
-0.112610
-0.108765
-0.186157
-0.427979
-0.302734
-0.474121
-0.272217
-0.291748
-0.093567
-0.357910
-0.064392
-0.409912
-0.312744
-0.302002
-0.269775
-0.212280
-0.377686
-0.295410
-0.363281
-0.454346
-0.337402
-0.301025
-0.382080
-0.450928
-0.379150
-0.379883
-0.222412
-0.272461
-0.119019
-0.148804
-0.278076
-0.280273
-0.097900
-0.289307
-0.074524
-0.303223
-0.392090
-0.133667
-0.401855
-0.291748
-0.368652
-0.416016
-0.348877
-0.340088
-0.218384
-0.274902
-0.040100
-0.091125
-0.412109
-0.422852
-0.246948
-0.182617
0.000160
-0.255371
-0.094604
-0.247437
-0.459473
-0.361328
-0.299805
-0.300537
-0.031021
-0.197021
-0.376709
-0.104004
-0.318848
-0.158936
-0.157837
-0.137573
-0.354736
-0.369873
0.013351
-0.379395
-0.376465
0.070251
0.128662
-0.403809
-0.258057
-0.430664
-0.190918
-0.150757
-0.163208
-0.131958
-0.156494
-0.189697
-0.365967
0.122009
-0.323975
-0.230957
-0.109070
0.230713
-0.320312
-0.143921
-0.296387
-0.268799
-0.238892
-0.071655
-0.162598
-0.296875
-0.247437
0.065552
-0.243286
0.035553
-0.157959
-0.274414
-0.157104
-0.062500
-0.218018
-0.076294
-0.135864
-0.226440
-0.110474
-0.238892
-0.232666
0.027390
-0.278564
-0.137207
-0.227783
-0.002068
-0.006252
-0.364014
-0.253906
-0.280762
-0.297119
-0.097168
-0.189575
-0.235474
-0.159180
-0.288574
-0.307373
-0.040833
-0.149902
-0.414062
0.045959
-0.276855
-0.250732
-0.324463
-0.160034
-0.060516
-0.198975
-0.303711
-0.328125
-0.291260
-0.305176
-0.031708
-0.144897
-0.307373
-0.316895
-0.194458
0.009422
-0.029800
-0.237793
0.046112
0.012321
0.007671
-0.240112
-0.374756
-0.113831
-0.223145
-0.196045
-0.417480
0.016434
-0.006004
-0.386719
-0.205688
-0.321533
-0.119385
-0.308838
-0.239014
-0.336426
-0.288574
-0.131348
-0.294678
-0.344238
-0.272949
-0.171631
-0.478271
-0.015823
-0.134644
-0.353027
-0.320557
-0.246948
-0.454834
-0.284424
-0.431396
-0.250244
-0.363525
-0.450928
-0.305420
-0.358887
-0.347900
-0.287109
-0.409668
-0.087646
-0.081360
-0.184082
-0.417480
-0.299316
-0.458740
-0.261719
-0.289795
-0.070251
-0.341309
-0.050385
-0.394287
-0.303467
-0.285400
-0.270996
-0.211060
-0.371826
-0.289795
-0.348877
-0.445557
-0.330811
-0.291748
-0.376465
-0.444336
-0.364014
-0.379150
-0.218384
-0.268555
-0.118652
-0.144653
-0.269775
-0.267334
-0.103394
-0.280273
-0.061462
-0.297852
-0.383057
-0.127441
-0.396240
-0.283936
-0.362061
-0.408936
-0.331543
-0.324463
-0.207764
-0.260010
-0.037445
-0.103638
-0.405762
-0.410889
-0.237793
-0.179321
-0.002398
-0.252441
-0.080383
-0.245239
-0.448242
-0.349365
-0.285156
-0.290527
-0.008240
-0.193115
-0.365234
-0.087341
-0.315430
-0.144531
-0.158569
-0.127197
-0.347168
-0.364746
0.027496
-0.365234
-0.357666
0.100708
0.135254
-0.394287
-0.248779
-0.415527
-0.189209
-0.138062
-0.164551
-0.119263
-0.137695
-0.166992
-0.362305
0.120605
-0.301270
-0.222656
-0.099731
0.186523
-0.326904
-0.126709
-0.291504
-0.259033
-0.234375
-0.054047
-0.131348
-0.285400
-0.232300
0.060699
-0.237793
0.037842
-0.138916
-0.261963
-0.140015
-0.051514
-0.202637
-0.064819
-0.131958
-0.215820
-0.087219
-0.221558
-0.221924
0.048431
-0.277344
-0.116638
-0.214966
-0.004097
-0.005302
-0.351562
-0.233521
-0.263428
-0.279297
-0.096680
-0.173706
-0.227295
-0.148438
-0.259766
-0.288330
-0.033936
-0.130737
-0.403564
0.075806
-0.263916
-0.263672
-0.311768
-0.149170
-0.031647
-0.200439
-0.300049
-0.317383
-0.270996
-0.270508
-0.020584
-0.151978
-0.303955
-0.294189
-0.186279
0.020859
-0.017151
-0.230835
0.063782
0.030716
0.017853
-0.223633
-0.361572
-0.093079
-0.213135
-0.182861
-0.391357
0.037933
0.008156
-0.379639
-0.207031
-0.322021
-0.131836
-0.306641
-0.241577
-0.337646
-0.286133
-0.135742
-0.295166
-0.351807
-0.270264
-0.177734
-0.482910
-0.021744
-0.127686
-0.356689
-0.312744
-0.249634
-0.460449
-0.289795
-0.427734
-0.253906
-0.362793
-0.455078
-0.303467
-0.363525
-0.350586
-0.290283
-0.410645
-0.093567
-0.091797
-0.184326
-0.424316
-0.297363
-0.453369
-0.257080
-0.295898
-0.078918
-0.344482
-0.050812
-0.395264
-0.304932
-0.287598
-0.275879
-0.209106
-0.370850
-0.287598
-0.354736
-0.449219
-0.329102
-0.292236
-0.374756
-0.442871
-0.367920
-0.376953
-0.220703
-0.266357
-0.118469
-0.140625
-0.278076
-0.271729
-0.096985
-0.285889
-0.060730
-0.302979
-0.384766
-0.128906
-0.398193
-0.281006
-0.355469
-0.409424
-0.334229
-0.326904
-0.209961
-0.270508
-0.034515
-0.096985
-0.405029
-0.412598
-0.235962
-0.182739
0.002260
-0.252930
-0.081177
-0.250488
-0.449219
-0.354980
-0.288330
-0.289795
-0.007637
-0.192261
-0.369629
-0.093018
-0.320312
-0.138306
-0.156372
-0.131592
-0.340576
-0.368652
0.023407
-0.367432
-0.368652
0.097839
0.134399
-0.391846
-0.249146
-0.416504
-0.192993
-0.068909
-0.154785
-0.125610
-0.134155
-0.172852
-0.359619
0.124878
-0.302734
-0.226318
-0.105530
0.241943
-0.322021
-0.123413
-0.294434
-0.264160
-0.231567
-0.060486
-0.142090
-0.285156
-0.227417
0.064148
-0.234985
0.036743
-0.144043
-0.261719
-0.147583
-0.037048
-0.205078
-0.058777
-0.139771
-0.215332
-0.091248
-0.233154
-0.218262
0.045288
-0.270996
-0.122070
-0.218506
-0.006111
0.008690
-0.355713
-0.239746
-0.271484
-0.288574
-0.096741
-0.175049
-0.229370
-0.106323
-0.266846
-0.293945
-0.029602
-0.140015
-0.404785
0.068970
-0.262695
-0.258789
-0.315918
-0.158081
-0.039520
-0.196777
-0.294434
-0.317627
-0.273193
-0.273438
-0.020844
-0.141846
-0.296631
-0.302002
-0.191040
0.025284
-0.018082
-0.235107
0.055145
0.032440
0.017044
-0.227051
-0.364502
-0.107422
-0.211914
-0.183716
-0.399414
0.028870
0.002346
-0.381592
-0.209839
-0.329102
-0.128296
-0.313232
-0.247192
-0.344727
-0.298340
-0.135864
-0.295898
-0.354736
-0.280029
-0.183594
-0.486328
-0.026581
-0.137939
-0.360352
-0.318359
-0.256104
-0.467773
-0.292725
-0.431641
-0.259277
-0.365967
-0.464600
-0.302734
-0.369141
-0.368652
-0.294678
-0.414795
-0.090942
-0.101013
-0.185181
-0.433594
-0.304932
-0.464844
-0.264893
-0.300049
-0.101074
-0.350098
-0.051392
-0.403809
-0.316162
-0.303467
-0.287598
-0.209229
-0.377441
-0.289551
-0.360352
-0.464600
-0.343018
-0.296387
-0.390137
-0.448975
-0.377686
-0.385498
-0.227417
-0.276611
-0.120422
-0.155151
-0.285889
-0.283203
-0.103271
-0.294189
-0.061920
-0.309326
-0.390625
-0.131226
-0.406250
-0.283447
-0.362305
-0.420166
-0.345947
-0.329346
-0.211548
-0.281738
-0.034119
-0.101624
-0.412598
-0.416016
-0.243042
-0.187012
0.002663
-0.255371
-0.088501
-0.246582
-0.459229
-0.360107
-0.297363
-0.297607
-0.013359
-0.200073
-0.376953
-0.100830
-0.337158
-0.135376
-0.170288
-0.142944
-0.346191
-0.380859
0.015053
-0.383301
-0.384277
0.086731
0.138916
-0.386719
-0.266357
-0.427490
-0.194824
-0.088074
-0.166016
-0.142212
-0.158813
-0.185913
-0.371826
0.125366
-0.313477
-0.230591
-0.109436
-0.140503
-0.325195
-0.138428
-0.308105
-0.263672
-0.240723
-0.069824
-0.154785
-0.290527
-0.235352
0.073975
-0.242065
0.024261
-0.151123
-0.269043
-0.155273
-0.049957
-0.215576
-0.067322
-0.146362
-0.224365
-0.108704
-0.241943
-0.229370
0.051117
-0.275635
-0.129883
-0.234009
-0.012909
0.003630
-0.360840
-0.256348
-0.274902
-0.295654
-0.102234
-0.180420
-0.240479
-0.149536
-0.281250
-0.310059
-0.023590
-0.152832
-0.407715
0.060425
-0.255371
-0.260986
-0.329346
-0.173706
-0.047546
-0.206177
-0.304932
-0.331055
-0.280273
-0.291992
-0.025101
-0.146729
-0.306396
-0.319092
-0.203491
0.006618
-0.019806
-0.239014
0.042542
0.022583
0.015312
-0.236450
-0.382812
-0.121216
-0.212646
-0.195923
-0.413330
0.016861
-0.004326
-0.393555
-0.215576
-0.328125
-0.122498
-0.312744
-0.248413
-0.345215
-0.302002
-0.132935
-0.291748
-0.358154
-0.282227
-0.184814
-0.488037
-0.030563
-0.145996
-0.360840
-0.326904
-0.254150
-0.467773
-0.290771
-0.430176
-0.262939
-0.368408
-0.466309
-0.299561
-0.372803
-0.377197
-0.292480
-0.416748
-0.082581
-0.108948
-0.186401
-0.434814
-0.309570
-0.472656
-0.270508
-0.295410
-0.111938
-0.347412
-0.055542
-0.406494
-0.320068
-0.311279
-0.292969
-0.207520
-0.376953
-0.288330
-0.360107
-0.466797
-0.350586
-0.297607
-0.397461
-0.449463
-0.378418
-0.385254
-0.231567
-0.279297
-0.121582
-0.163574
-0.288818
-0.287598
-0.109802
-0.298584
-0.061371
-0.307129
-0.388428
-0.132080
-0.410400
-0.279297
-0.368652
-0.424316
-0.348633
-0.328125
-0.215698
-0.281982
-0.037384
-0.108887
-0.413818
-0.414062
-0.245850
-0.190186
-0.000531
-0.253174
-0.095947
-0.244263
-0.459473
-0.360352
-0.300293
-0.299072
-0.021454
-0.209961
-0.374756
-0.105835
-0.339111
-0.138916
-0.177612
-0.148682
-0.343994
-0.384521
0.008995
-0.387695
-0.387695
0.080322
0.134399
-0.379150
-0.273438
-0.428955
-0.198975
-0.151611
-0.171509
-0.146240
-0.171631
-0.188965
-0.378174
0.124390
-0.316895
-0.230713
-0.114746
-0.323242
-0.331299
-0.152466
-0.315430
-0.264160
-0.244629
-0.071167
-0.159668
-0.293701
-0.238403
0.076782
-0.247803
0.012688
-0.153320
-0.268311
-0.162109
-0.058563
-0.222412
-0.074524
-0.146240
-0.229126
-0.121765
-0.247925
-0.235718
0.044434
-0.280762
-0.133301
-0.242065
-0.024689
-0.002605
-0.362305
-0.264160
-0.273926
-0.295654
-0.101196
-0.186890
-0.245483
-0.181519
-0.296387
-0.316406
-0.026062
-0.161621
-0.404053
0.054688
-0.247681
-0.262207
-0.332031
-0.177490
-0.051636
-0.207397
-0.313477
-0.333984
-0.279053
-0.298584
-0.027557
-0.154663
-0.311279
-0.324707
-0.206177
-0.004269
-0.020813
-0.239380
0.032654
0.014259
0.008278
-0.239868
-0.387939
-0.126221
-0.214478
-0.197998
-0.418701
0.010071
-0.007126
-0.395752
-0.215576
-0.326172
-0.121582
-0.310547
-0.248291
-0.343506
-0.303467
-0.131470
-0.289795
-0.354980
-0.281738
-0.183838
-0.486816
-0.025009
-0.143921
-0.360840
-0.323730
-0.252686
-0.467529
-0.288574
-0.429443
-0.261475
-0.367920
-0.466064
-0.297607
-0.369141
-0.375488
-0.291504
-0.415039
-0.076904
-0.108582
-0.184082
-0.431885
-0.307129
-0.471436
-0.267578
-0.296631
-0.109558
-0.344971
-0.056122
-0.402832
-0.318359
-0.311523
-0.291260
-0.208130
-0.378174
-0.284180
-0.360107
-0.466064
-0.349854
-0.295654
-0.398926
-0.452148
-0.378174
-0.382812
-0.227295
-0.279053
-0.117554
-0.162598
-0.286865
-0.281738
-0.108215
-0.294189
-0.060577
-0.307373
-0.389893
-0.130127
-0.409180
-0.278564
-0.365967
-0.423340
-0.346924
-0.326172
-0.213135
-0.279541
-0.034729
-0.104187
-0.411621
-0.413574
-0.243774
-0.190308
-0.000511
-0.251221
-0.097900
-0.240967
-0.460693
-0.358398
-0.298584
-0.299561
-0.024109
-0.204956
-0.373535
-0.101990
-0.338135
-0.137329
-0.178223
-0.146606
-0.343506
-0.383545
0.010628
-0.385254
-0.384521
0.083252
0.136719
-0.379150
-0.274414
-0.426270
-0.196777
-0.150146
-0.171875
-0.143921
-0.171387
-0.189087
-0.377930
0.129272
-0.315430
-0.228638
-0.112854
-0.337891
-0.333496
-0.145508
-0.313232
-0.264160
-0.242798
-0.067810
-0.159180
-0.291504
-0.239136
0.078491
-0.247681
0.011833
-0.151489
-0.266113
-0.158936
-0.057556
-0.222412
-0.078125
-0.144653
-0.225220
-0.119080
-0.245850
-0.234619
0.048431
-0.278809
-0.130005
-0.240723
-0.021286
-0.004025
-0.361328
-0.259766
-0.268311
-0.293457
-0.098877
-0.186279
-0.246948
-0.185425
-0.296143
-0.312988
-0.021805
-0.159668
-0.401611
0.056671
-0.244507
-0.260986
-0.332275
-0.174927
-0.050964
-0.206299
-0.309570
-0.333008
-0.280518
-0.298584
-0.027130
-0.153687
-0.309814
-0.322266
-0.206665
-0.000605
-0.023026
-0.236694
0.034576
0.016464
0.013107
-0.236572
-0.383301
-0.123352
-0.214111
-0.198364
-0.417236
0.011314
-0.006935
-0.395752
-0.213623
-0.324463
-0.121826
-0.310547
-0.247070
-0.341064
-0.298340
-0.132446
-0.290771
-0.352051
-0.279785
-0.180176
-0.484375
-0.022232
-0.139404
-0.360596
-0.318604
-0.252686
-0.464355
-0.286133
-0.427246
-0.255615
-0.367676
-0.463867
-0.295898
-0.367432
-0.368164
-0.287842
-0.412354
-0.076111
-0.102478
-0.183838
-0.433105
-0.304932
-0.465088
-0.262451
-0.294678
-0.105835
-0.342529
-0.056427
-0.399170
-0.316406
-0.303711
-0.286377
-0.207642
-0.373535
-0.280762
-0.357910
-0.462891
-0.345703
-0.293457
-0.393066
-0.449463
-0.375488
-0.380371
-0.223877
-0.275391
-0.117126
-0.154785
-0.283691
-0.275879
-0.108704
-0.289307
-0.056671
-0.304688
-0.388428
-0.128784
-0.404541
-0.276855
-0.358887
-0.419678
-0.343506
-0.324951
-0.209717
-0.278076
-0.032837
-0.100464
-0.409668
-0.410645
-0.242798
-0.188843
0.001670
-0.251709
-0.092712
-0.241211
-0.456055
-0.357910
-0.296387
-0.295166
-0.016281
-0.200317
-0.370850
-0.097961
-0.335693
-0.136353
-0.171753
-0.143677
-0.342285
-0.377197
0.019501
-0.381104
-0.378174
0.089905
0.144897
-0.379395
-0.265625
-0.423340
-0.190796
-0.111694
-0.168091
-0.138794
-0.160889
-0.185547
-0.373535
0.131348
-0.312256
-0.227173
-0.111389
-0.197266
-0.331787
-0.131714
-0.308105
-0.265381
-0.240112
-0.062225
-0.152100
-0.286377
-0.234375
0.078674
-0.244263
0.019608
-0.149170
-0.263672
-0.150391
-0.052795
-0.218018
-0.074280
-0.143066
-0.219238
-0.110779
-0.240479
-0.230591
0.052826
-0.275391
-0.127808
-0.234131
-0.011818
0.001512
-0.360596
-0.252686
-0.267090
-0.290283
-0.099609
-0.178833
-0.242310
-0.153198
-0.290039
-0.306641
-0.018936
-0.155762
-0.400146
0.057190
-0.247681
-0.256836
-0.328613
-0.166138
-0.046967
-0.201172
-0.304688
-0.328125
-0.278076
-0.290283
-0.025665
-0.145752
-0.306641
-0.315430
-0.202148
0.005436
-0.020966
-0.234253
0.044312
0.019669
0.019363
-0.229614
-0.379639
-0.119385
-0.214111
-0.194336
-0.413086
0.017807
-0.002041
-0.391602
-0.211182
-0.323242
-0.120361
-0.307617
-0.239380
-0.337402
-0.293457
-0.135376
-0.287598
-0.346924
-0.273926
-0.177612
-0.480957
-0.012657
-0.133423
-0.355957
-0.313232
-0.246338
-0.459961
-0.284424
-0.426758
-0.247925
-0.360596
-0.457764
-0.299072
-0.359863
-0.352783
-0.285400
-0.410156
-0.073853
-0.090698
-0.183105
-0.427246
-0.299805
-0.456055
-0.257080
-0.294434
-0.089355
-0.337646
-0.054810
-0.391113
-0.307617
-0.292236
-0.278564
-0.207520
-0.369873
-0.279541
-0.355469
-0.456055
-0.334961
-0.290283
-0.384766
-0.447998
-0.369385
-0.377441
-0.219116
-0.268799
-0.113953
-0.144775
-0.276855
-0.266602
-0.107300
-0.280518
-0.053162
-0.298340
-0.382568
-0.124207
-0.401367
-0.280518
-0.353516
-0.413818
-0.331787
-0.318848
-0.201416
-0.276611
-0.031372
-0.093079
-0.407471
-0.409180
-0.237427
-0.183594
0.001728
-0.248535
-0.082642
-0.239136
-0.450195
-0.351318
-0.291016
-0.288818
-0.007053
-0.191528
-0.367188
-0.085510
-0.328125
-0.135132
-0.163086
-0.133545
-0.340332
-0.368408
0.028137
-0.371338
-0.368652
0.104187
0.151123
-0.384766
-0.255859
-0.414307
-0.185425
-0.077820
-0.163086
-0.128296
-0.146118
-0.177368
-0.364990
0.137085
-0.304199
-0.220703
-0.103943
0.185059
-0.327393
-0.117798
-0.298096
-0.263672
-0.234741
-0.056335
-0.141968
-0.279785
-0.223633
0.070984
-0.237549
0.031204
-0.141113
-0.258545
-0.137573
-0.040131
-0.205688
-0.066406
-0.141357
-0.213989
-0.092346
-0.231445
-0.218994
0.060760
-0.270264
-0.118103
-0.222900
0.000715
0.003704
-0.356934
-0.241333
-0.264404
-0.280518
-0.095215
-0.169189
-0.234741
-0.125488
-0.270508
-0.290527
-0.020477
-0.141846
-0.400146
0.073364
-0.251709
-0.252197
-0.323486
-0.155884
-0.035004
-0.197754
-0.297607
-0.320557
-0.272461
-0.271729
-0.018524
-0.141846
-0.299316
-0.302490
-0.195190
0.026703
-0.015808
-0.230713
0.055328
0.030563
0.024902
-0.216797
-0.368896
-0.109741
-0.209229
-0.186523
-0.399170
0.029785
0.004444
-0.384277
-0.207520
-0.318115
-0.120850
-0.305420
-0.232422
-0.331055
-0.284424
-0.141479
-0.288574
-0.341064
-0.269775
-0.174194
-0.472412
-0.011131
-0.136841
-0.349609
-0.317627
-0.240234
-0.451660
-0.280029
-0.425537
-0.248657
-0.356689
-0.446777
-0.301514
-0.351807
-0.341064
-0.284180
-0.406982
-0.071533
-0.079834
-0.181030
-0.418945
-0.293945
-0.451904
-0.258789
-0.292969
-0.070557
-0.333008
-0.058594
-0.383301
-0.299805
-0.283447
-0.273193
-0.209839
-0.366455
-0.280762
-0.348389
-0.446533
-0.331055
-0.285889
-0.375732
-0.442627
-0.361572
-0.375488
-0.219604
-0.265137
-0.112000
-0.142212
-0.272705
-0.257812
-0.109558
-0.277100
-0.049652
-0.294434
-0.377930
-0.123474
-0.394775
-0.281250
-0.353760
-0.405273
-0.327148
-0.310791
-0.203735
-0.269043
-0.036316
-0.093994
-0.401123
-0.405762
-0.230103
-0.177002
-0.008575
-0.242920
-0.080933
-0.238281
-0.441162
-0.344727
-0.284912
-0.286133
-0.006191
-0.189331
-0.359131
-0.083984
-0.317871
-0.140991
-0.155518
-0.121765
-0.336670
-0.362793
0.027893
-0.362061
-0.357422
0.108215
0.135132
-0.384766
-0.247925
-0.402832
-0.191284
-0.128296
-0.162720
-0.115417
-0.140259
-0.166382
-0.358398
0.129761
-0.295654
-0.213501
-0.099487
0.063477
-0.320557
-0.117065
-0.289307
-0.260986
-0.228027
-0.056152
-0.134888
-0.275635
-0.215820
0.060211
-0.234619
0.032166
-0.136230
-0.256592
-0.136841
-0.035889
-0.197510
-0.060822
-0.138062
-0.212036
-0.083496
-0.226196
-0.213135
0.056366
-0.271729
-0.114990
-0.215210
0.000562
-0.001759
-0.349121
-0.233398
-0.260742
-0.272705
-0.091431
-0.171997
-0.230103
-0.150024
-0.255127
-0.283447
-0.029648
-0.132080
-0.396240
0.083679
-0.251221
-0.257324
-0.313477
-0.153564
-0.023758
-0.197998
-0.296387
-0.314209
-0.262939
-0.260254
-0.015625
-0.151733
-0.294434
-0.291504
-0.189819
0.038483
-0.015366
-0.224243
0.056641
0.034088
0.014076
-0.212158
-0.358398
-0.101257
-0.205444
-0.185669
-0.385254
0.035004
0.002262
-0.375732
-0.208740
-0.320068
-0.127197
-0.306152
-0.234009
-0.331055
-0.285400
-0.146606
-0.291504
-0.345703
-0.270752
-0.175537
-0.477783
-0.009659
-0.135376
-0.352783
-0.318359
-0.241211
-0.455322
-0.283447
-0.427002
-0.251465
-0.358154
-0.451416
-0.303223
-0.353516
-0.344971
-0.283447
-0.410889
-0.073486
-0.084167
-0.182251
-0.424072
-0.290283
-0.455322
-0.260010
-0.299316
-0.070740
-0.338867
-0.060089
-0.388916
-0.299805
-0.286377
-0.273438
-0.210327
-0.369873
-0.283203
-0.353516
-0.449707
-0.331543
-0.284668
-0.378174
-0.443359
-0.365967
-0.377686
-0.222412
-0.265625
-0.111084
-0.144531
-0.278076
-0.261230
-0.106140
-0.281250
-0.051208
-0.297363
-0.382568
-0.122742
-0.398682
-0.283203
-0.352783
-0.408691
-0.330322
-0.313232
-0.203003
-0.273682
-0.037964
-0.088623
-0.403809
-0.409424
-0.231445
-0.179077
-0.010208
-0.243286
-0.080444
-0.240356
-0.445801
-0.346924
-0.288330
-0.287598
-0.006069
-0.187622
-0.363525
-0.084167
-0.318359
-0.138062
-0.157715
-0.122375
-0.337158
-0.366699
0.024475
-0.364258
-0.363281
0.109070
0.135376
-0.385986
-0.249390
-0.403564
-0.196167
-0.120300
-0.163208
-0.114563
-0.138916
-0.169312
-0.360352
0.134399
-0.297607
-0.214722
-0.102234
0.273438
-0.318848
-0.116333
-0.292725
-0.264648
-0.228760
-0.061676
-0.142944
-0.278076
-0.216431
0.059998
-0.233276
0.032745
-0.139526
-0.258301
-0.138550
-0.029877
-0.198730
-0.060211
-0.142944
-0.210815
-0.082825
-0.233765
-0.212158
0.057312
-0.271973
-0.116272
-0.216309
-0.001698
0.001929
-0.351807
-0.237793
-0.265381
-0.276611
-0.091919
-0.174805
-0.231445
-0.142090
-0.256104
-0.289062
-0.028549
-0.133057
-0.398438
0.084351
-0.252686
-0.255127
-0.318604
-0.161377
-0.025986
-0.197632
-0.296875
-0.316650
-0.264160
-0.265869
-0.014633
-0.151489
-0.294189
-0.295654
-0.194092
0.042999
-0.017090
-0.225830
0.051514
0.037842
0.012337
-0.212402
-0.364014
-0.105957
-0.203979
-0.188477
-0.389648
0.030563
0.000134
-0.378662
-0.213013
-0.320801
-0.133545
-0.299072
-0.235596
-0.329346
-0.282715
-0.156982
-0.293213
-0.350830
-0.271484
-0.173218
-0.478516
-0.016846
-0.128906
-0.355713
-0.317627
-0.236694
-0.457520
-0.284912
-0.423584
-0.259521
-0.358887
-0.455811
-0.303955
-0.356689
-0.347412
-0.284180
-0.411133
-0.084778
-0.094788
-0.182861
-0.426758
-0.285645
-0.458740
-0.262207
-0.301758
-0.084961
-0.343994
-0.064026
-0.395508
-0.303223
-0.288086
-0.274414
-0.206787
-0.366455
-0.280762
-0.358643
-0.451172
-0.332031
-0.283691
-0.376221
-0.439697
-0.368408
-0.373291
-0.224976
-0.263184
-0.110840
-0.137451
-0.289551
-0.270752
-0.101257
-0.283936
-0.052887
-0.300537
-0.383057
-0.125244
-0.399658
-0.274658
-0.352539
-0.406006
-0.333008
-0.312500
-0.204834
-0.280518
-0.039337
-0.076233
-0.404541
-0.406250
-0.230347
-0.183472
-0.005272
-0.241943
-0.085327
-0.242920
-0.444824
-0.353027
-0.293945
-0.286865
-0.008881
-0.190430
-0.366211
-0.092041
-0.319336
-0.136230
-0.161743
-0.128052
-0.329834
-0.367676
0.018173
-0.368408
-0.375000
0.098328
0.125732
-0.380615
-0.246826
-0.404297
-0.199707
-0.128784
-0.155029
-0.123047
-0.141479
-0.179199
-0.356445
0.137939
-0.304443
-0.215210
-0.111938
0.030472
-0.315918
-0.125977
-0.294434
-0.273193
-0.226807
-0.075134
-0.164307
-0.278320
-0.215210
0.060150
-0.235474
0.028381
-0.147705
-0.257568
-0.145874
-0.020462
-0.200928
-0.059509
-0.149780
-0.212891
-0.094788
-0.245605
-0.210938
0.045837
-0.266113
-0.123901
-0.223389
-0.007778
0.007793
-0.356201
-0.248047
-0.268066
-0.286865
-0.092102
-0.178101
-0.233032
-0.137451
-0.265137
-0.296875
-0.024139
-0.143066
-0.398438
0.066467
-0.248413
-0.247070
-0.318359
-0.172974
-0.038055
-0.196655
-0.288574
-0.321045
-0.262939
-0.272217
-0.018341
-0.147339
-0.288086
-0.305664
-0.197144
0.043243
-0.022842
-0.231079
0.037231
0.039124
0.005665
-0.221069
-0.370117
-0.125244
-0.200439
-0.183105
-0.398682
0.015930
-0.006069
-0.379639
-0.209473
-0.321533
-0.133423
-0.303223
-0.237793
-0.332275
-0.285889
-0.150757
-0.293213
-0.349365
-0.271729
-0.175903
-0.481689
-0.022278
-0.135254
-0.355957
-0.315918
-0.238770
-0.461182
-0.285400
-0.424561
-0.258789
-0.360596
-0.456787
-0.300781
-0.354736
-0.347168
-0.290771
-0.411133
-0.079468
-0.095825
-0.186523
-0.430420
-0.290527
-0.455566
-0.261230
-0.303955
-0.086121
-0.340576
-0.055634
-0.394775
-0.305420
-0.287842
-0.278809
-0.207764
-0.368164
-0.280762
-0.357666
-0.454346
-0.332031
-0.284912
-0.380127
-0.443359
-0.370117
-0.377197
-0.224243
-0.265869
-0.112854
-0.137573
-0.286621
-0.269531
-0.102234
-0.284180
-0.052551
-0.304199
-0.385742
-0.126587
-0.404297
-0.274170
-0.353027
-0.411377
-0.332764
-0.311768
-0.205811
-0.278076
-0.035461
-0.081177
-0.406982
-0.408447
-0.231079
-0.187500
-0.004631
-0.246948
-0.082581
-0.247314
-0.449707
-0.355469
-0.292969
-0.288818
-0.009636
-0.194824
-0.366943
-0.090759
-0.325195
-0.133057
-0.163940
-0.130005
-0.333740
-0.370850
0.019623
-0.366455
-0.374756
0.103149
0.123047
-0.382812
-0.250977
-0.406250
-0.203247
-0.106201
-0.154053
-0.126831
-0.142578
-0.177856
-0.361328
0.134399
-0.300293
-0.218872
-0.110779
-0.207520
-0.323242
-0.123779
-0.298096
-0.270752
-0.226074
-0.068359
-0.157471
-0.277832
-0.214966
0.064270
-0.238647
0.024307
-0.144775
-0.256592
-0.146362
-0.020309
-0.202148
-0.055847
-0.149780
-0.214355
-0.094910
-0.245117
-0.216431
0.053284
-0.266357
-0.119812
-0.223145
-0.008003
0.012276
-0.357178
-0.243408
-0.264160
-0.286621
-0.094055
-0.176636
-0.236450
-0.147705
-0.267822
-0.296631
-0.021255
-0.142212
-0.401123
0.071106
-0.245850
-0.256836
-0.319092
-0.171143
-0.036041
-0.197266
-0.291748
-0.323242
-0.264160
-0.267090
-0.020401
-0.148315
-0.292725
-0.307129
-0.197144
0.038177
-0.023590
-0.230591
0.043182
0.042053
0.012306
-0.223145
-0.369141
-0.121826
-0.202637
-0.183350
-0.397217
0.021622
-0.004581
-0.383545
-0.211426
-0.323242
-0.124268
-0.301270
-0.241821
-0.334961
-0.293701
-0.143066
-0.289307
-0.353271
-0.273682
-0.181274
-0.485107
-0.020432
-0.138062
-0.356201
-0.316406
-0.246948
-0.460205
-0.281982
-0.423828
-0.258301
-0.359863
-0.462158
-0.298584
-0.359863
-0.362549
-0.288574
-0.410889
-0.079285
-0.104553
-0.182861
-0.432373
-0.298340
-0.461426
-0.263184
-0.297363
-0.099365
-0.343994
-0.059570
-0.401367
-0.311523
-0.300537
-0.282471
-0.203125
-0.370361
-0.281982
-0.361328
-0.461182
-0.341309
-0.291748
-0.389404
-0.444824
-0.372559
-0.379395
-0.226807
-0.270996
-0.110962
-0.153809
-0.283447
-0.279541
-0.106934
-0.289551
-0.054138
-0.301270
-0.385498
-0.128784
-0.406738
-0.277100
-0.354492
-0.416992
-0.340576
-0.318848
-0.203613
-0.281738
-0.033813
-0.089294
-0.408203
-0.410400
-0.237549
-0.187744
-0.000771
-0.244385
-0.090210
-0.244629
-0.454590
-0.357910
-0.298096
-0.290283
-0.012032
-0.195190
-0.369873
-0.097473
-0.331787
-0.129883
-0.168823
-0.138428
-0.337158
-0.375732
0.013474
-0.378662
-0.383301
0.093872
0.136475
-0.379883
-0.260986
-0.413574
-0.198608
-0.089783
-0.158936
-0.132446
-0.157349
-0.185791
-0.368652
0.135498
-0.306885
-0.221802
-0.110352
-0.038208
-0.323975
-0.130859
-0.305176
-0.261475
-0.233765
-0.074463
-0.163940
-0.283691
-0.225098
0.073853
-0.238281
0.020462
-0.151245
-0.266357
-0.153687
-0.038025
-0.215698
-0.068665
-0.147095
-0.219971
-0.104370
-0.246338
-0.226318
0.058746
-0.270752
-0.129272
-0.229736
-0.006748
0.008080
-0.358398
-0.256348
-0.267822
-0.292480
-0.092041
-0.177002
-0.239624
-0.140869
-0.282959
-0.305908
-0.016922
-0.155273
-0.405518
0.060089
-0.247192
-0.254150
-0.326904
-0.177612
-0.048370
-0.198486
-0.300049
-0.329834
-0.271729
-0.288574
-0.025085
-0.143311
-0.299561
-0.320312
-0.203613
0.021332
-0.022888
-0.232544
0.034912
0.029831
0.015335
-0.228271
-0.378662
-0.123840
-0.208496
-0.193359
-0.410400
0.013680
-0.007370
-0.388428
-0.209473
-0.328369
-0.124695
-0.298340
-0.249634
-0.335938
-0.299561
-0.152588
-0.294678
-0.361816
-0.275146
-0.182251
-0.491455
-0.013115
-0.136597
-0.362793
-0.321289
-0.256836
-0.470215
-0.292480
-0.432617
-0.260254
-0.367432
-0.470215
-0.309082
-0.368652
-0.376221
-0.291016
-0.413086
-0.095154
-0.114197
-0.183472
-0.432617
-0.298584
-0.477295
-0.270264
-0.299072
-0.106384
-0.354980
-0.069763
-0.409912
-0.317383
-0.309326
-0.276367
-0.207642
-0.377930
-0.287109
-0.371094
-0.465332
-0.345947
-0.296875
-0.395264
-0.453857
-0.381836
-0.382324
-0.227539
-0.276367
-0.111328
-0.157471
-0.288086
-0.285645
-0.108826
-0.292969
-0.062805
-0.303955
-0.391357
-0.134033
-0.411621
-0.287598
-0.364258
-0.421387
-0.349854
-0.332520
-0.210815
-0.291260
-0.036682
-0.083191
-0.413330
-0.421875
-0.246460
-0.186157
-0.002590
-0.249390
-0.097412
-0.243774
-0.462402
-0.361816
-0.309326
-0.301514
-0.025436
-0.200439
-0.378662
-0.103577
-0.333252
-0.144653
-0.168335
-0.138184
-0.347656
-0.374268
0.007343
-0.386719
-0.387939
0.078064
0.135376
-0.392334
-0.264404
-0.425293
-0.194824
-0.131470
-0.163452
-0.135498
-0.166504
-0.194946
-0.371826
0.137573
-0.323730
-0.226929
-0.110413
-0.000843
-0.322021
-0.143799
-0.308594
-0.270264
-0.241211
-0.080627
-0.176392
-0.291260
-0.239502
0.072266
-0.245361
0.023834
-0.165161
-0.271973
-0.161011
-0.051300
-0.223022
-0.080078
-0.144165
-0.227295
-0.114685
-0.251221
-0.233887
0.043365
-0.279053
-0.139038
-0.236938
-0.001153
-0.004650
-0.366211
-0.265381
-0.278564
-0.299072
-0.090210
-0.189819
-0.245728
-0.169922
-0.296875
-0.311523
-0.023361
-0.161255
-0.414795
0.050476
-0.262207
-0.247070
-0.336182
-0.180542
-0.061829
-0.200562
-0.311279
-0.336426
-0.286133
-0.310303
-0.031769
-0.147461
-0.305908
-0.327148
-0.208618
0.014664
-0.030685
-0.235596
0.029831
0.018082
0.007523
-0.238892
-0.382812
-0.129883
-0.215332
-0.200439
-0.424805
0.004971
-0.013603
-0.395264
-0.207764
-0.329590
-0.124512
-0.289551
-0.254883
-0.331543
-0.295654
-0.167725
-0.296631
-0.364014
-0.273682
-0.174194
-0.492920
-0.007706
-0.128906
-0.364258
-0.322021
-0.255371
-0.470459
-0.299316
-0.437012
-0.264160
-0.374756
-0.469971
-0.320557
-0.372803
-0.375244
-0.289795
-0.412598
-0.112000
-0.120117
-0.182495
-0.432129
-0.293945
-0.483154
-0.271729
-0.300049
-0.104126
-0.357910
-0.081238
-0.411621
-0.316895
-0.308105
-0.266602
-0.212646
-0.375244
-0.292236
-0.371338
-0.461426
-0.345215
-0.298340
-0.390625
-0.456543
-0.384766
-0.379639
-0.228271
-0.274902
-0.109558
-0.151001
-0.291992
-0.287354
-0.109802
-0.294678
-0.065979
-0.301025
-0.390869
-0.134766
-0.410889
-0.294678
-0.369141
-0.416260
-0.350830
-0.338623
-0.218140
-0.293945
-0.040100
-0.071106
-0.416260
-0.424072
-0.245483
-0.183350
-0.006607
-0.249512
-0.100037
-0.244995
-0.460205
-0.365234
-0.316895
-0.304443
-0.034393
-0.204102
-0.379639
-0.105347
-0.326660
-0.158691
-0.160645
-0.130981
-0.354248
-0.369385
0.004494
-0.385254
-0.388428
0.064697
0.123901
-0.397949
-0.259033
-0.428223
-0.194824
-0.167236
-0.160034
-0.132202
-0.167603
-0.196045
-0.364258
0.134399
-0.331543
-0.228882
-0.109314
-0.156372
-0.316406
-0.155273
-0.302979
-0.279053
-0.240234
-0.085632
-0.188232
-0.291260
-0.243774
0.061310
-0.249878
0.028214
-0.172119
-0.273926
-0.167358
-0.052460
-0.221680
-0.079285
-0.142944
-0.227417
-0.119263
-0.252930
-0.232666
0.026459
-0.284180
-0.142944
-0.240723
0.006519
-0.009132
-0.367920
-0.265625
-0.285156
-0.302734
-0.089905
-0.197266
-0.245361
-0.186523
-0.301025
-0.315918
-0.030685
-0.160156
-0.419678
0.036285
-0.274170
-0.244385
-0.335449
-0.177979
-0.069336
-0.199463
-0.310303
-0.337402
-0.290283
-0.318848
-0.034119
-0.156128
-0.305908
-0.329590
-0.203491
0.021881
-0.036163
-0.235229
0.026566
0.010010
-0.004013
-0.242676
-0.380615
-0.132935
-0.217041
-0.193115
-0.427002
-0.002104
-0.019638
-0.393555
-0.202637
-0.324951
-0.124268
-0.290039
-0.250977
-0.332764
-0.290771
-0.163940
-0.296143
-0.358643
-0.272217
-0.170776
-0.485596
-0.006935
-0.127197
-0.363037
-0.319092
-0.250000
-0.467041
-0.296875
-0.434082
-0.260254
-0.370361
-0.465088
-0.312988
-0.370605
-0.366455
-0.289795
-0.410400
-0.107178
-0.114380
-0.183960
-0.428223
-0.291016
-0.475586
-0.267822
-0.298340
-0.100647
-0.354492
-0.075500
-0.405029
-0.313965
-0.300049
-0.266602
-0.210938
-0.372803
-0.288086
-0.366455
-0.457031
-0.337402
-0.294434
-0.386719
-0.453613
-0.379639
-0.377441
-0.223877
-0.270752
-0.110291
-0.144287
-0.286621
-0.281982
-0.107056
-0.288574
-0.064453
-0.299316
-0.388916
-0.130859
-0.405762
-0.290771
-0.365723
-0.413330
-0.344727
-0.333496
-0.214233
-0.286865
-0.037201
-0.069763
-0.413574
-0.419189
-0.241333
-0.181152
-0.000721
-0.249390
-0.093872
-0.244141
-0.456543
-0.361816
-0.310303
-0.300293
-0.027466
-0.201782
-0.375244
-0.100403
-0.323242
-0.155396
-0.159912
-0.130737
-0.348877
-0.366211
0.013390
-0.377197
-0.383057
0.075867
0.127808
-0.397705
-0.254639
-0.423340
-0.193115
-0.153809
-0.160889
-0.132812
-0.158569
-0.189575
-0.358887
0.138672
-0.326660
-0.226196
-0.108337
-0.196777
-0.316162
-0.146240
-0.298340
-0.279541
-0.236572
-0.080322
-0.179810
-0.287354
-0.236328
0.062500
-0.248901
0.033966
-0.162476
-0.268066
-0.157959
-0.045929
-0.215088
-0.074524
-0.140991
-0.223145
-0.113403
-0.248047
-0.229736
0.032562
-0.277588
-0.135742
-0.233521
0.007500
-0.007133
-0.363037
-0.257812
-0.278076
-0.295898
-0.088989
-0.191406
-0.241821
-0.182373
-0.287842
-0.305420
-0.027420
-0.151733
-0.414551
0.045654
-0.268555
-0.245117
-0.327148
-0.171387
-0.059692
-0.197510
-0.302490
-0.333740
-0.285889
-0.305664
-0.032318
-0.150269
-0.300537
-0.319092
-0.198608
0.025299
-0.030869
-0.234253
0.033325
0.017380
0.003267
-0.236206
-0.374512
-0.128540
-0.214233
-0.185547
-0.418945
0.003759
-0.012619
-0.390625
-0.201660
-0.321777
-0.125854
-0.295166
-0.245483
-0.332031
-0.287598
-0.151245
-0.289307
-0.350342
-0.270996
-0.168213
-0.481201
-0.015961
-0.124268
-0.359131
-0.313477
-0.248291
-0.461914
-0.289795
-0.431152
-0.256592
-0.364502
-0.455811
-0.307861
-0.363770
-0.355713
-0.286865
-0.409180
-0.101685
-0.103271
-0.184204
-0.423584
-0.289307
-0.458740
-0.257080
-0.297363
-0.092896
-0.344727
-0.061890
-0.397461
-0.305908
-0.287842
-0.267578
-0.205811
-0.368652
-0.284424
-0.357910
-0.452148
-0.332031
-0.293213
-0.378906
-0.444580
-0.370117
-0.371826
-0.219360
-0.268799
-0.116760
-0.134521
-0.281006
-0.277588
-0.101746
-0.281738
-0.064026
-0.300537
-0.387207
-0.128418
-0.399170
-0.282959
-0.354736
-0.409912
-0.335205
-0.326416
-0.210449
-0.274170
-0.037140
-0.075867
-0.410889
-0.416260
-0.238159
-0.183594
-0.000587
-0.252441
-0.090759
-0.249512
-0.452148
-0.354980
-0.293701
-0.293213
-0.022491
-0.197998
-0.368896
-0.096069
-0.318115
-0.146606
-0.159912
-0.129272
-0.346680
-0.368164
0.018860
-0.364014
-0.373291
0.088013
0.126465
-0.393311
-0.250244
-0.420898
-0.194214
-0.112793
-0.152832
-0.134155
-0.146851
-0.178955
-0.357910
0.129028
-0.314209
-0.227051
-0.103760
-0.208496
-0.322754
-0.137329
-0.293701
-0.273193
-0.230957
-0.067749
-0.157959
-0.282959
-0.232544
0.061798
-0.243774
0.029892
-0.153198
-0.260010
-0.149414
-0.040680
-0.206665
-0.068420
-0.138306
-0.216431
-0.106262
-0.241943
-0.223999
0.035767
-0.269775
-0.128662
-0.223633
0.005730
0.000965
-0.359375
-0.241577
-0.267090
-0.291504
-0.088928
-0.187500
-0.235229
-0.166870
-0.275635
-0.298584
-0.029144
-0.143555
-0.406738
0.050537
-0.264893
-0.253662
-0.318604
-0.159424
-0.052216
-0.196411
-0.290771
-0.325195
-0.278809
-0.291016
-0.033142
-0.148071
-0.300293
-0.311523
-0.190796
0.020676
-0.027573
-0.236450
0.050110
0.021698
0.016724
-0.229980
-0.363037
-0.120667
-0.214355
-0.180054
-0.404785
0.020691
-0.006641
-0.384277
-0.200195
-0.317871
-0.131714
-0.300781
-0.246216
-0.333252
-0.283691
-0.141235
-0.292480
-0.345215
-0.270508
-0.167603
-0.474365
-0.029495
-0.130005
-0.355225
-0.315674
-0.245972
-0.456055
-0.284424
-0.430664
-0.254639
-0.364502
-0.448242
-0.307861
-0.354736
-0.347900
-0.290771
-0.409180
-0.099731
-0.097961
-0.189941
-0.416016
-0.293213
-0.454590
-0.259521
-0.297363
-0.081604
-0.339355
-0.047424
-0.394043
-0.299072
-0.280762
-0.270020
-0.206909
-0.365967
-0.286377
-0.348633
-0.442139
-0.323975
-0.291260
-0.371582
-0.439697
-0.364258
-0.370361
-0.217773
-0.265625
-0.124939
-0.130371
-0.278320
-0.272461
-0.091431
-0.280029
-0.069214
-0.308105
-0.384521
-0.126465
-0.395752
-0.273438
-0.357666
-0.408203
-0.331543
-0.322510
-0.215332
-0.257568
-0.044739
-0.091125
-0.406982
-0.413086
-0.234619
-0.188354
-0.002277
-0.253418
-0.091125
-0.254883
-0.445312
-0.348145
-0.284424
-0.289551
-0.025040
-0.197144
-0.365723
-0.095764
-0.312256
-0.143921
-0.161377
-0.132080
-0.341064
-0.367432
0.019882
-0.353760
-0.364990
0.093323
0.110657
-0.391113
-0.247681
-0.414551
-0.200806
-0.166870
-0.148315
-0.128784
-0.137329
-0.172119
-0.357910
0.114746
-0.301025
-0.227051
-0.109924
-0.353027
-0.333740
-0.139038
-0.287109
-0.264648
-0.224609
-0.061981
-0.138184
-0.278564
-0.230225
0.056335
-0.242432
0.026413
-0.145142
-0.253906
-0.152100
-0.038361
-0.201416
-0.061218
-0.137451
-0.218750
-0.106323
-0.240234
-0.222412
0.028427
-0.269043
-0.117615
-0.219971
-0.009888
0.004063
-0.355713
-0.226929
-0.259766
-0.287354
-0.095276
-0.189575
-0.228882
-0.204102
-0.268555
-0.292725
-0.035645
-0.136475
-0.397461
0.058777
-0.259277
-0.266357
-0.307373
-0.150757
-0.044800
-0.196411
-0.282959
-0.317627
-0.270996
-0.275635
-0.035706
-0.156860
-0.299316
-0.302490
-0.182861
0.016083
-0.033875
-0.239502
0.063721
0.032593
0.018402
-0.230835
-0.354736
-0.109863
-0.212769
-0.176270
-0.389404
0.031860
0.000083
-0.381348
-0.202026
-0.320801
-0.130981
-0.302002
-0.244019
-0.334229
-0.283691
-0.138672
-0.293213
-0.344971
-0.270508
-0.169312
-0.477051
-0.028244
-0.131714
-0.355225
-0.315918
-0.249512
-0.457275
-0.285400
-0.431152
-0.254639
-0.363770
-0.449219
-0.308594
-0.355225
-0.349121
-0.290283
-0.409912
-0.100586
-0.092529
-0.189575
-0.417969
-0.294434
-0.455322
-0.258301
-0.295898
-0.078186
-0.341309
-0.048157
-0.395996
-0.300781
-0.283936
-0.271240
-0.205566
-0.367676
-0.288086
-0.348145
-0.443848
-0.325439
-0.292480
-0.372559
-0.441895
-0.364014
-0.374268
-0.217529
-0.266846
-0.123108
-0.132935
-0.275879
-0.271729
-0.091919
-0.279785
-0.067932
-0.306396
-0.384033
-0.128418
-0.395264
-0.276367
-0.358643
-0.409668
-0.333008
-0.323975
-0.215942
-0.259521
-0.044220
-0.094849
-0.406738
-0.413574
-0.235107
-0.184814
-0.001073
-0.253174
-0.091309
-0.253906
-0.447510
-0.350830
-0.284668
-0.291504
-0.022110
-0.195679
-0.366455
-0.095886
-0.312988
-0.144531
-0.159668
-0.130127
-0.341797
-0.367432
0.020264
-0.357910
-0.365479
0.095093
0.115112
-0.392090
-0.248047
-0.416016
-0.198853
-0.151733
-0.150513
-0.128052
-0.138062
-0.172241
-0.360107
0.115295
-0.301270
-0.225952
-0.107361
-0.317627
-0.331543
-0.136475
-0.288818
-0.262207
-0.226562
-0.061523
-0.137329
-0.280273
-0.230957
0.058167
-0.241089
0.029160
-0.144531
-0.257080
-0.149658
-0.040894
-0.202393
-0.061127
-0.136597
-0.218384
-0.102478
-0.237183
-0.223022
0.033020
-0.270752
-0.119263
-0.218506
-0.007744
0.002802
-0.355225
-0.229126
-0.261230
-0.287354
-0.094849
-0.184570
-0.227783
-0.186768
-0.266846
-0.292725
-0.035950
-0.135864
-0.401367
0.061371
-0.261475
-0.265381
-0.309082
-0.151611
-0.043121
-0.198364
-0.285400
-0.318848
-0.270508
-0.274170
-0.032715
-0.152710
-0.300293
-0.302246
-0.184326
0.016068
-0.030045
-0.240234
0.063049
0.030151
0.018524
-0.230957
-0.355713
-0.108032
-0.214355
-0.178955
-0.391357
0.032257
0.001288
-0.381348
-0.204590
-0.324951
-0.125854
-0.306641
-0.248535
-0.337402
-0.291748
-0.141602
-0.298584
-0.349365
-0.273438
-0.176880
-0.484863
-0.021942
-0.134521
-0.361328
-0.315674
-0.259766
-0.464600
-0.290283
-0.434570
-0.258301
-0.366943
-0.456299
-0.309570
-0.365479
-0.361572
-0.291992
-0.410645
-0.104736
-0.098999
-0.187866
-0.425781
-0.303223
-0.465088
-0.264160
-0.295166
-0.089905
-0.349365
-0.056763
-0.402832
-0.309082
-0.294678
-0.275146
-0.210693
-0.374268
-0.290039
-0.356445
-0.451416
-0.332520
-0.296631
-0.381348
-0.449951
-0.372559
-0.380371
-0.220337
-0.272217
-0.120483
-0.142334
-0.278809
-0.278076
-0.099915
-0.285645
-0.069763
-0.305908
-0.389648
-0.131836
-0.400391
-0.284668
-0.362549
-0.415771
-0.343262
-0.333008
-0.216309
-0.272705
-0.037567
-0.092712
-0.411133
-0.417725
-0.243896
-0.182617
0.004768
-0.256348
-0.090515
-0.250732
-0.456299
-0.359619
-0.294678
-0.299072
-0.019073
-0.196655
-0.372559
-0.100037
-0.321533
-0.150146
-0.159668
-0.134888
-0.349854
-0.370850
0.018723
-0.372803
-0.373779
0.088989
0.128784
-0.397949
-0.255859
-0.426025
-0.194214
-0.113647
-0.157837
-0.133911
-0.147949
-0.180298
-0.364014
0.119995
-0.313477
-0.228882
-0.108215
-0.144653
-0.323975
-0.139282
-0.295898
-0.264893
-0.235718
-0.064209
-0.151001
-0.286865
-0.238770
0.064148
-0.245728
0.034729
-0.150757
-0.267334
-0.154663
-0.054749
-0.210327
-0.068054
-0.136841
-0.222046
-0.105286
-0.236206
-0.230591
0.037079
-0.275635
-0.128662
-0.225220
-0.001765
-0.000582
-0.360352
-0.244629
-0.270508
-0.294189
-0.094666
-0.185303
-0.235352
-0.161621
-0.277832
-0.299561
-0.033173
-0.143066
-0.409668
0.055817
-0.270264
-0.260498
-0.318115
-0.157715
-0.051971
-0.200195
-0.297119
-0.327393
-0.283936
-0.289062
-0.032867
-0.146729
-0.305908
-0.311035
-0.194946
0.010925
-0.028503
-0.238770
0.053833
0.019730
0.015450
-0.234863
-0.368164
-0.112183
-0.220459
-0.186401
-0.407715
0.024292
-0.000840
-0.386963
-0.206909
-0.329590
-0.123779
-0.309326
-0.255127
-0.342041
-0.301025
-0.149048
-0.301758
-0.355469
-0.279053
-0.182739
-0.489990
-0.022232
-0.137451
-0.365967
-0.326416
-0.269775
-0.467773
-0.295410
-0.442383
-0.262451
-0.372803
-0.464355
-0.317139
-0.375244
-0.374756
-0.290527
-0.414062
-0.114990
-0.110168
-0.190063
-0.430664
-0.310303
-0.480469
-0.275635
-0.295166
-0.101868
-0.360107
-0.067017
-0.412109
-0.316895
-0.304688
-0.275635
-0.215942
-0.379883
-0.292480
-0.364502
-0.457520
-0.345215
-0.301025
-0.387939
-0.456299
-0.382812
-0.384521
-0.224365
-0.280518
-0.122253
-0.152832
-0.284912
-0.282715
-0.110291
-0.291260
-0.076416
-0.309814
-0.394043
-0.136841
-0.403320
-0.294189
-0.373291
-0.422363
-0.354248
-0.342041
-0.223022
-0.282471
-0.041290
-0.093506
-0.416504
-0.424316
-0.253906
-0.182495
0.003149
-0.261475
-0.095459
-0.249390
-0.461426
-0.366699
-0.302734
-0.307129
-0.027817
-0.205200
-0.378418
-0.108887
-0.327148
-0.164795
-0.162476
-0.138672
-0.361816
-0.375732
0.010277
-0.387695
-0.382812
0.066162
0.128784
-0.403564
-0.264160
-0.438232
-0.193115
-0.179810
-0.166626
-0.141602
-0.167725
-0.192383
-0.370117
0.111145
-0.326904
-0.233765
-0.112854
-0.312012
-0.324219
-0.157837
-0.306396
-0.269531
-0.245483
-0.072876
-0.161133
-0.296631
-0.253174
0.064697
-0.253662
0.030975
-0.158813
-0.275879
-0.165771
-0.072510
-0.220093
-0.079346
-0.136963
-0.231323
-0.120361
-0.239746
-0.237061
0.024612
-0.287354
-0.142700
-0.234375
-0.003546
-0.012360
-0.368164
-0.259766
-0.283691
-0.302734
-0.098022
-0.197510
-0.244995
-0.195557
-0.294678
-0.313721
-0.044373
-0.153687
-0.417480
0.038727
-0.281982
-0.257812
-0.330566
-0.162109
-0.064514
-0.203491
-0.312988
-0.337158
-0.299316
-0.310547
-0.034607
-0.153564
-0.316162
-0.321289
-0.201660
-0.003706
-0.032013
-0.240356
0.046997
0.002201
0.001961
-0.244751
-0.381348
-0.120300
-0.227295
-0.197144
-0.423340
0.012871
-0.007965
-0.393066
-0.208008
-0.330322
-0.126343
-0.313721
-0.256104
-0.343262
-0.302002
-0.142334
-0.301270
-0.355957
-0.280273
-0.181274
-0.491699
-0.023849
-0.139648
-0.364258
-0.327148
-0.266602
-0.469727
-0.295410
-0.442383
-0.261719
-0.373779
-0.465088
-0.313965
-0.376465
-0.374512
-0.292725
-0.416260
-0.111328
-0.107971
-0.189819
-0.430908
-0.310059
-0.479736
-0.274658
-0.297119
-0.100769
-0.358887
-0.062103
-0.412109
-0.318604
-0.305176
-0.276855
-0.215454
-0.383789
-0.292480
-0.363281
-0.459229
-0.343750
-0.302246
-0.389160
-0.457031
-0.382080
-0.385742
-0.225220
-0.278809
-0.125854
-0.150879
-0.283447
-0.283203
-0.106384
-0.290039
-0.075378
-0.311523
-0.396729
-0.135864
-0.406250
-0.291748
-0.375244
-0.422363
-0.352539
-0.341064
-0.222656
-0.277832
-0.039246
-0.098267
-0.416748
-0.424805
-0.253174
-0.184692
0.003399
-0.262939
-0.096252
-0.249146
-0.463135
-0.365234
-0.302246
-0.305908
-0.030182
-0.204956
-0.378174
-0.106689
-0.327881
-0.162109
-0.165649
-0.142456
-0.361328
-0.377930
0.012444
-0.385742
-0.382080
0.070435
0.128906
-0.401611
-0.265137
-0.439941
-0.193726
-0.179443
-0.168091
-0.140991
-0.166382
-0.191650
-0.373047
0.115173
-0.324707
-0.235474
-0.113708
-0.342041
-0.328857
-0.156494
-0.307861
-0.271484
-0.244019
-0.070923
-0.156860
-0.297363
-0.250732
0.066772
-0.252930
0.027435
-0.156494
-0.274414
-0.162720
-0.068909
-0.218506
-0.079834
-0.137573
-0.230469
-0.119629
-0.239624
-0.237427
0.026855
-0.284424
-0.138672
-0.233276
-0.006119
-0.010757
-0.367188
-0.255127
-0.278564
-0.300781
-0.098938
-0.195068
-0.244019
-0.200562
-0.292725
-0.312256
-0.042114
-0.152588
-0.416260
0.042358
-0.277100
-0.260254
-0.329590
-0.162598
-0.059509
-0.204590
-0.309814
-0.335938
-0.296143
-0.308350
-0.033539
-0.153564
-0.317383
-0.319824
-0.200562
-0.006657
-0.030869
-0.240967
0.047302
0.005836
0.006992
-0.245605
-0.380371
-0.116638
-0.225464
-0.197632
-0.420166
0.016800
-0.004753
-0.393555
-0.208862
-0.325684
-0.127441
-0.311768
-0.251465
-0.342041
-0.297363
-0.134033
-0.298340
-0.350098
-0.279297
-0.179565
-0.486084
-0.026428
-0.135620
-0.361084
-0.319092
-0.260986
-0.464111
-0.290039
-0.435303
-0.258789
-0.370117
-0.458496
-0.310791
-0.368896
-0.365479
-0.290771
-0.412842
-0.105469
-0.099487
-0.188965
-0.425781
-0.306641
-0.467285
-0.267578
-0.293945
-0.094055
-0.353027
-0.052979
-0.407471
-0.314697
-0.297607
-0.275146
-0.209839
-0.375977
-0.291016
-0.356445
-0.454590
-0.338135
-0.300537
-0.381836
-0.451416
-0.373535
-0.379639
-0.222900
-0.274414
-0.126587
-0.145264
-0.278564
-0.279785
-0.101501
-0.287354
-0.071533
-0.308105
-0.391846
-0.135498
-0.401123
-0.283203
-0.367920
-0.417480
-0.343506
-0.333984
-0.217896
-0.269043
-0.038116
-0.101196
-0.412842
-0.419189
-0.246094
-0.186035
0.004353
-0.259277
-0.093445
-0.250732
-0.458496
-0.360596
-0.291992
-0.298828
-0.024063
-0.200806
-0.372559
-0.103210
-0.324707
-0.152100
-0.165039
-0.139648
-0.356445
-0.377441
0.016830
-0.376465
-0.375244
0.078369
0.126465
-0.395508
-0.259766
-0.435059
-0.193237
-0.141724
-0.162231
-0.138550
-0.154785
-0.184326
-0.369385
0.115173
-0.316162
-0.234009
-0.110291
-0.336426
-0.330566
-0.145752
-0.301514
-0.261719
-0.237915
-0.065063
-0.147339
-0.293457
-0.244629
0.065857
-0.246094
0.025970
-0.149292
-0.269775
-0.155273
-0.061249
-0.214478
-0.074768
-0.136841
-0.224609
-0.113342
-0.234863
-0.233398
0.034332
-0.276367
-0.131470
-0.227783
-0.007347
-0.002588
-0.362549
-0.244995
-0.271484
-0.296143
-0.100098
-0.184448
-0.235962
-0.171509
-0.284424
-0.306641
-0.037476
-0.146729
-0.410889
0.048492
-0.269531
-0.262939
-0.322266
-0.157227
-0.053925
-0.202026
-0.299072
-0.328369
-0.288330
-0.296387
-0.033447
-0.148315
-0.312256
-0.316406
-0.194092
-0.004890
-0.027252
-0.241455
0.052368
0.015450
0.014481
-0.240967
-0.372070
-0.111633
-0.222656
-0.191406
-0.409668
0.023956
-0.001961
-0.387939
-0.206421
-0.322510
-0.129028
-0.311523
-0.248047
-0.339844
-0.292236
-0.131226
-0.297852
-0.345947
-0.276611
-0.176880
-0.479980
-0.029953
-0.133301
-0.357666
-0.316162
-0.256104
-0.458496
-0.285400
-0.432373
-0.256104
-0.367188
-0.453613
-0.308594
-0.362793
-0.356201
-0.291504
-0.411133
-0.103638
-0.096863
-0.189453
-0.420410
-0.302979
-0.460205
-0.264404
-0.294189
-0.089844
-0.347168
-0.046143
-0.401611
-0.309570
-0.290039
-0.273193
-0.208252
-0.371582
-0.288330
-0.350586
-0.447998
-0.332275
-0.297607
-0.376465
-0.446045
-0.368164
-0.374023
-0.219116
-0.268799
-0.128296
-0.139160
-0.277100
-0.276611
-0.096069
-0.282227
-0.071655
-0.309570
-0.388428
-0.132935
-0.398438
-0.275879
-0.364258
-0.413330
-0.338135
-0.328613
-0.214966
-0.262695
-0.038818
-0.102905
-0.409912
-0.415283
-0.240845
-0.186768
0.005211
-0.258057
-0.090820
-0.253174
-0.451904
-0.355713
-0.285889
-0.294922
-0.021423
-0.196655
-0.368896
-0.102051
-0.321045
-0.147461
-0.163330
-0.138062
-0.352051
-0.374756
0.021072
-0.365967
-0.368896
0.084778
0.122009
-0.393066
-0.255859
-0.427979
-0.194580
-0.142944
-0.157471
-0.134277
-0.146606
-0.178345
-0.365234
0.111511
-0.307617
-0.231201
-0.111633
-0.336426
-0.333984
-0.140015
-0.296387
-0.258057
-0.234375
-0.061310
-0.136963
-0.287109
-0.239014
0.063721
-0.244385
0.026367
-0.146362
-0.263916
-0.151978
-0.054871
-0.208618
-0.069275
-0.135620
-0.222900
-0.109741
-0.234741
-0.228760
0.033356
-0.272705
-0.124023
-0.224609
-0.009811
0.000815
-0.358643
-0.234863
-0.267822
-0.292236
-0.100220
-0.181519
-0.231079
-0.174805
-0.276123
-0.302002
-0.035309
-0.140869
-0.406006
0.052765
-0.265869
-0.266113
-0.313477
-0.153564
-0.050110
-0.201050
-0.290283
-0.323486
-0.281982
-0.287598
-0.034912
-0.148682
-0.308350
-0.310303
-0.188232
-0.001341
-0.029221
-0.240723
0.060272
0.025040
0.019211
-0.236572
-0.364014
-0.107910
-0.219360
-0.186890
-0.398926
0.030273
0.002422
-0.384521
-0.205322
-0.322754
-0.128540
-0.308350
-0.246826
-0.336426
-0.288330
-0.131104
-0.296387
-0.344238
-0.273193
-0.171631
-0.477539
-0.029358
-0.130981
-0.354248
-0.316406
-0.251953
-0.456299
-0.282959
-0.429932
-0.253906
-0.366211
-0.450684
-0.308838
-0.358398
-0.351074
-0.291504
-0.411621
-0.101074
-0.093567
-0.190430
-0.416504
-0.301514
-0.456299
-0.261719
-0.292969
-0.083923
-0.343262
-0.044006
-0.397705
-0.304932
-0.284180
-0.270996
-0.207764
-0.368408
-0.287598
-0.346191
-0.442871
-0.329834
-0.295898
-0.372314
-0.442627
-0.363281
-0.372559
-0.217773
-0.267822
-0.127319
-0.134644
-0.274902
-0.274658
-0.093750
-0.280273
-0.070435
-0.308105
-0.384033
-0.130737
-0.395996
-0.275146
-0.362793
-0.409912
-0.334717
-0.325928
-0.215576
-0.258545
-0.039581
-0.101868
-0.408447
-0.413818
-0.237061
-0.184692
0.003803
-0.255615
-0.089966
-0.254150
-0.447998
-0.351074
-0.284180
-0.291016
-0.021133
-0.197021
-0.366943
-0.098816
-0.316650
-0.146240
-0.160034
-0.133423
-0.347168
-0.370117
0.020996
-0.361084
-0.366943
0.088135
0.118347
-0.390381
-0.251709
-0.423096
-0.197510
-0.158081
-0.153442
-0.129395
-0.141724
-0.173462
-0.362061
0.111511
-0.302490
-0.227783
-0.108704
-0.311035
-0.334961
-0.140381
-0.292236
-0.259277
-0.230469
-0.059265
-0.132812
-0.282959
-0.234863
0.059662
-0.242065
0.027039
-0.143311
-0.259766
-0.151123
-0.049744
-0.205566
-0.064209
-0.135498
-0.219971
-0.108154
-0.232788
-0.225342
0.033783
-0.271240
-0.119690
-0.222168
-0.010368
0.002205
-0.355469
-0.231323
-0.262939
-0.287842
-0.099670
-0.181396
-0.228638
-0.186646
-0.271973
-0.296875
-0.035980
-0.135620
-0.401855
0.055206
-0.261963
-0.267822
-0.308105
-0.148926
-0.045532
-0.199707
-0.287354
-0.320312
-0.276123
-0.280762
-0.035034
-0.152710
-0.304443
-0.305420
-0.183594
0.005035
-0.030502
-0.239868
0.063843
0.028015
0.018280
-0.234131
-0.359131
-0.105957
-0.217285
-0.179932
-0.393555
0.032562
0.003624
-0.381836
-0.204956
-0.326416
-0.125122
-0.307861
-0.248169
-0.337158
-0.292236
-0.136597
-0.297363
-0.348633
-0.273926
-0.174561
-0.486572
-0.022583
-0.132935
-0.357666
-0.315674
-0.253906
-0.463379
-0.289307
-0.435059
-0.255371
-0.366455
-0.458740
-0.309082
-0.365723
-0.358887
-0.291992
-0.412354
-0.100037
-0.098694
-0.189575
-0.425293
-0.302246
-0.462402
-0.262939
-0.297363
-0.086670
-0.347412
-0.053131
-0.401367
-0.307373
-0.291504
-0.273926
-0.210327
-0.373047
-0.289062
-0.353271
-0.451660
-0.331055
-0.297607
-0.379883
-0.449707
-0.370605
-0.378906
-0.220215
-0.270508
-0.121704
-0.139648
-0.278076
-0.277344
-0.097168
-0.284424
-0.068359
-0.305176
-0.387695
-0.129028
-0.403320
-0.282959
-0.362549
-0.414795
-0.338623
-0.329102
-0.213013
-0.268555
-0.036285
-0.092346
-0.411865
-0.418457
-0.240723
-0.183105
0.006283
-0.254883
-0.088440
-0.251221
-0.456787
-0.357178
-0.292236
-0.295898
-0.017548
-0.197021
-0.372070
-0.096008
-0.321289
-0.146484
-0.159912
-0.134277
-0.348877
-0.370361
0.023254
-0.370117
-0.372314
0.093567
0.131104
-0.396240
-0.253418
-0.426025
-0.194946
-0.119995
-0.157349
-0.131836
-0.144165
-0.178223
-0.363281
0.124878
-0.310547
-0.229004
-0.105957
-0.094421
-0.330566
-0.137573
-0.297363
-0.266357
-0.235107
-0.061554
-0.144165
-0.287109
-0.234253
0.063354
-0.242554
0.034058
-0.146362
-0.263916
-0.149902
-0.047180
-0.207886
-0.064941
-0.135254
-0.219727
-0.103333
-0.236206
-0.228394
0.042603
-0.274414
-0.123718
-0.222168
-0.001693
0.002728
-0.358398
-0.240234
-0.268555
-0.289062
-0.095642
-0.182617
-0.233398
-0.169678
-0.277100
-0.297363
-0.030914
-0.140747
-0.408691
0.059326
-0.265137
-0.261719
-0.315186
-0.153809
-0.047272
-0.198975
-0.294922
-0.324951
-0.281494
-0.283447
-0.030670
-0.147339
-0.305420
-0.307373
-0.192261
0.014656
-0.027130
-0.239014
0.058563
0.026352
0.019272
-0.232666
-0.366455
-0.109131
-0.217896
-0.183594
-0.402588
0.029343
0.002510
-0.386230
-0.205688
-0.328857
-0.123474
-0.301270
-0.249756
-0.334717
-0.295166
-0.147095
-0.297363
-0.354248
-0.273926
-0.177979
-0.489502
-0.015839
-0.133911
-0.360107
-0.320801
-0.258789
-0.467041
-0.293213
-0.435547
-0.257324
-0.370850
-0.464844
-0.314697
-0.369385
-0.367920
-0.288330
-0.412109
-0.102356
-0.107605
-0.186157
-0.429443
-0.299805
-0.473633
-0.267822
-0.295410
-0.095825
-0.351562
-0.068298
-0.406250
-0.312500
-0.300049
-0.272949
-0.210938
-0.375488
-0.289551
-0.361572
-0.458008
-0.338623
-0.299805
-0.384033
-0.452881
-0.375488
-0.379883
-0.225464
-0.273926
-0.115479
-0.146851
-0.282715
-0.281982
-0.105164
-0.288818
-0.066528
-0.300781
-0.388672
-0.132080
-0.404053
-0.288330
-0.367188
-0.416016
-0.344971
-0.333740
-0.215820
-0.282959
-0.037445
-0.086426
-0.412842
-0.420410
-0.245239
-0.179443
0.002707
-0.250977
-0.091980
-0.244873
-0.458984
-0.359619
-0.302490
-0.299072
-0.021164
-0.200073
-0.375732
-0.099731
-0.325684
-0.153076
-0.158936
-0.132080
-0.352051
-0.369385
0.014946
-0.378662
-0.378906
0.081665
0.133789
-0.395996
-0.257812
-0.428467
-0.193115
-0.146729
-0.162720
-0.133301
-0.157227
-0.186401
-0.364014
0.130127
-0.321777
-0.228027
-0.105896
-0.012482
-0.323242
-0.146118
-0.301025
-0.273926
-0.237915
-0.071411
-0.162109
-0.289551
-0.237915
0.064270
-0.243652
0.034454
-0.155640
-0.270264
-0.154297
-0.053986
-0.213135
-0.071106
-0.137207
-0.223022
-0.109497
-0.240845
-0.229980
0.039337
-0.281494
-0.132080
-0.230957
0.003620
-0.003771
-0.363281
-0.253906
-0.276855
-0.291504
-0.091003
-0.188843
-0.237183
-0.175659
-0.287842
-0.304932
-0.033356
-0.148560
-0.413574
0.051880
-0.267334
-0.252930
-0.324219
-0.164062
-0.057281
-0.198486
-0.305908
-0.330322
-0.287842
-0.298096
-0.029205
-0.148071
-0.305176
-0.317627
-0.198853
0.017822
-0.029739
-0.235474
0.044189
0.015930
0.008087
-0.236572
-0.374756
-0.118286
-0.218628
-0.192749
-0.415283
0.016068
-0.004253
-0.389404
-0.205078
-0.332031
-0.126343
-0.302002
-0.256592
-0.339844
-0.299561
-0.155273
-0.301758
-0.362305
-0.276855
-0.178223
-0.494385
-0.013817
-0.133911
-0.366699
-0.326172
-0.260742
-0.472656
-0.301514
-0.442383
-0.262451
-0.375732
-0.471191
-0.316895
-0.378174
-0.377930
-0.292236
-0.415039
-0.112122
-0.118225
-0.189575
-0.433594
-0.304443
-0.484619
-0.275391
-0.298828
-0.105530
-0.358643
-0.072693
-0.410400
-0.318115
-0.306641
-0.272705
-0.215698
-0.381348
-0.293213
-0.368408
-0.462402
-0.343994
-0.301514
-0.389648
-0.459961
-0.384766
-0.384766
-0.228027
-0.277100
-0.118347
-0.150513
-0.289795
-0.288818
-0.105164
-0.293213
-0.070251
-0.305664
-0.394531
-0.133789
-0.408691
-0.294678
-0.374512
-0.420654
-0.353516
-0.339355
-0.219360
-0.289062
-0.037842
-0.080933
-0.417480
-0.425781
-0.250732
-0.180542
0.003807
-0.255371
-0.094360
-0.246216
-0.466064
-0.366943
-0.311035
-0.307861
-0.029816
-0.205688
-0.381592
-0.105164
-0.328613
-0.160889
-0.161255
-0.136841
-0.356445
-0.374023
0.010216
-0.386230
-0.386475
0.068054
0.131592
-0.402100
-0.262451
-0.436035
-0.194946
-0.169556
-0.166260
-0.139282
-0.167236
-0.193848
-0.368408
0.130859
-0.332764
-0.232788
-0.110229
-0.208374
-0.323486
-0.156616
-0.306152
-0.279297
-0.242676
-0.077332
-0.175537
-0.295166
-0.245483
0.067566
-0.251465
0.033905
-0.160522
-0.274170
-0.162720
-0.059967
-0.218994
-0.076233
-0.139404
-0.229858
-0.121216
-0.247314
-0.237061
0.027664
-0.284668
-0.138550
-0.238037
0.002037
-0.010033
-0.368408
-0.264893
-0.284180
-0.301025
-0.094482
-0.196899
-0.245728
-0.195190
-0.296875
-0.312256
-0.036011
-0.154663
-0.419922
0.043610
-0.273682
-0.250977
-0.330566
-0.169067
-0.065247
-0.202515
-0.311523
-0.338867
-0.294434
-0.311035
-0.034149
-0.152100
-0.311279
-0.323975
-0.204834
0.016785
-0.032715
-0.236084
0.038544
0.009247
0.001766
-0.243774
-0.382324
-0.128662
-0.219604
-0.193481
-0.427246
0.006439
-0.009926
-0.395264
-0.204956
-0.330566
-0.125122
-0.304932
-0.255127
-0.339600
-0.299316
-0.150391
-0.299072
-0.360596
-0.275635
-0.178711
-0.491943
-0.013222
-0.134399
-0.366699
-0.324951
-0.261963
-0.470947
-0.299072
-0.441162
-0.262451
-0.375732
-0.467529
-0.314941
-0.377930
-0.376953
-0.290527
-0.413086
-0.109131
-0.108948
-0.186279
-0.432373
-0.306885
-0.481445
-0.273193
-0.292969
-0.101257
-0.356689
-0.068237
-0.410156
-0.316650
-0.305420
-0.273926
-0.215576
-0.381592
-0.292725
-0.365723
-0.461914
-0.343994
-0.299072
-0.386963
-0.457275
-0.382568
-0.385254
-0.224609
-0.277832
-0.117188
-0.150635
-0.284180
-0.287109
-0.105103
-0.291504
-0.067444
-0.304688
-0.393311
-0.134644
-0.403564
-0.291748
-0.371826
-0.420898
-0.352051
-0.338623
-0.218628
-0.284668
-0.036407
-0.086304
-0.416016
-0.421143
-0.250244
-0.181763
0.005428
-0.255859
-0.092285
-0.245361
-0.461426
-0.364990
-0.306396
-0.306152
-0.025375
-0.204712
-0.377441
-0.103516
-0.326416
-0.157715
-0.159790
-0.136353
-0.357422
-0.374023
0.013885
-0.384766
-0.384521
0.069580
0.135254
-0.399170
-0.263672
-0.434570
-0.193115
-0.152954
-0.165649
-0.137695
-0.162231
-0.189209
-0.368408
0.128662
-0.331055
-0.232788
-0.108093
-0.024399
-0.322021
-0.153564
-0.304688
-0.275391
-0.241699
-0.071594
-0.170288
-0.294678
-0.244019
0.070740
-0.250000
0.035492
-0.156982
-0.274658
-0.158081
-0.062225
-0.216187
-0.077454
-0.138184
-0.226318
-0.114197
-0.242554
-0.234253
0.032166
-0.283936
-0.135742
-0.234741
0.000848
-0.005135
-0.365234
-0.262939
-0.280518
-0.299072
-0.094971
-0.192261
-0.243530
-0.175659
-0.292480
-0.309814
-0.035614
-0.152466
-0.418457
0.046936
-0.275391
-0.252441
-0.328613
-0.165161
-0.060059
-0.203369
-0.311035
-0.335938
-0.291748
-0.306885
-0.030655
-0.151733
-0.310547
-0.321289
-0.201904
0.015884
-0.029892
-0.234009
0.039337
0.008286
0.003775
-0.243286
-0.380371
-0.124390
-0.220947
-0.190308
-0.425049
0.008957
-0.004086
-0.392090
-0.206665
-0.327393
-0.117188
-0.311279
-0.251465
-0.341309
-0.301758
-0.135620
-0.295410
-0.354492
-0.277100
-0.177612
-0.486572
-0.015564
-0.138428
-0.361572
-0.323975
-0.259521
-0.466064
-0.292725
-0.438232
-0.258545
-0.371338
-0.461182
-0.306396
-0.375000
-0.369629
-0.287109
-0.410889
-0.100830
-0.099609
-0.184937
-0.425537
-0.312256
-0.474609
-0.271973
-0.286133
-0.096863
-0.348633
-0.057465
-0.403076
-0.314941
-0.302002
-0.276123
-0.214722
-0.381104
-0.292236
-0.358643
-0.457031
-0.343506
-0.296631
-0.385010
-0.456543
-0.378174
-0.385498
-0.220825
-0.278076
-0.120605
-0.154419
-0.277100
-0.282715
-0.103943
-0.284180
-0.064148
-0.302979
-0.391357
-0.131226
-0.399414
-0.288330
-0.371338
-0.419189
-0.349854
-0.335205
-0.213867
-0.271729
-0.033752
-0.097961
-0.414062
-0.416504
-0.251221
-0.182861
0.008659
-0.256348
-0.085876
-0.243042
-0.458740
-0.359375
-0.295410
-0.303467
-0.017715
-0.202148
-0.374023
-0.099121
-0.324951
-0.152222
-0.162231
-0.138672
-0.355469
-0.374268
0.020111
-0.378906
-0.374268
0.079895
0.142944
-0.395264
-0.262939
-0.434570
-0.190186
-0.161011
-0.167969
-0.135254
-0.157104
-0.179199
-0.368896
0.126221
-0.322754
-0.232178
-0.106567
-0.079712
-0.327148
-0.150757
-0.304199
-0.264648
-0.241821
-0.059204
-0.153809
-0.293457
-0.245605
0.075073
-0.247559
0.036316
-0.146118
-0.272705
-0.152466
-0.067200
-0.212646
-0.075378
-0.129272
-0.223999
-0.107788
-0.229126
-0.234619
0.038025
-0.282227
-0.131714
-0.229004
-0.007996
-0.004631
-0.361328
-0.254883
-0.271484
-0.292725
-0.099854
-0.188721
-0.242920
-0.180176
-0.283203
-0.302979
-0.034821
-0.146362
-0.412109
0.055176
-0.272949
-0.260986
-0.323975
-0.156494
-0.048553
-0.202881
-0.309082
-0.331787
-0.285156
-0.294189
-0.026657
-0.156616
-0.315186
-0.311279
-0.200073
0.008278
-0.023285
-0.227783
0.048767
0.011261
0.011009
-0.236572
-0.375732
-0.109070
-0.221191
-0.186890
-0.415771
0.019333
0.006237
-0.390625
-0.206909
-0.327148
-0.116272
-0.311035
-0.251709
-0.341064
-0.301025
-0.132690
-0.295166
-0.354492
-0.275391
-0.180542
-0.485840
-0.016342
-0.138306
-0.359863
-0.324219
-0.261230
-0.464355
-0.291016
-0.436279
-0.258545
-0.372559
-0.458008
-0.306152
-0.374023
-0.367676
-0.284668
-0.411377
-0.096680
-0.097473
-0.182983
-0.425049
-0.314697
-0.472412
-0.268311
-0.284668
-0.094604
-0.347900
-0.057831
-0.401367
-0.316162
-0.302490
-0.279053
-0.213623
-0.380371
-0.290283
-0.359131
-0.457764
-0.345215
-0.297363
-0.382812
-0.455811
-0.375244
-0.385498
-0.222534
-0.278076
-0.119690
-0.157104
-0.274414
-0.280273
-0.107483
-0.282959
-0.063110
-0.302734
-0.389893
-0.133057
-0.396973
-0.288086
-0.372314
-0.419434
-0.350342
-0.336182
-0.215210
-0.270996
-0.033081
-0.100525
-0.412598
-0.414062
-0.250244
-0.183960
0.008949
-0.255615
-0.085144
-0.241943
-0.457520
-0.358398
-0.292969
-0.302490
-0.015343
-0.201782
-0.372070
-0.097839
-0.325928
-0.150757
-0.161987
-0.137451
-0.355225
-0.376953
0.017212
-0.379150
-0.374023
0.079163
0.142212
-0.393311
-0.264648
-0.433594
-0.191284
-0.172485
-0.168579
-0.133667
-0.159180
-0.176636
-0.370117
0.124023
-0.320557
-0.231445
-0.106201
-0.242920
-0.327637
-0.150269
-0.303223
-0.261963
-0.241089
-0.058899
-0.153198
-0.293945
-0.245972
0.076050
-0.245239
0.033752
-0.145508
-0.271240
-0.156250
-0.067993
-0.211792
-0.076294
-0.127808
-0.223267
-0.107361
-0.224976
-0.234863
0.038910
-0.281494
-0.131836
-0.228516
-0.009041
-0.004341
-0.361084
-0.255615
-0.270264
-0.293457
-0.099854
-0.188110
-0.243164
-0.180786
-0.282959
-0.304199
-0.035553
-0.146240
-0.411621
0.053436
-0.272217
-0.263428
-0.323975
-0.152954
-0.047638
-0.202637
-0.307373
-0.331055
-0.283447
-0.292725
-0.026413
-0.160645
-0.316650
-0.310547
-0.198120
0.007957
-0.021622
-0.225952
0.049316
0.009979
0.009819
-0.235352
-0.374756
-0.106934
-0.220581
-0.186890
-0.415039
0.019470
0.005112
-0.389648
-0.206421
-0.325684
-0.117981
-0.312256
-0.247925
-0.339844
-0.301514
-0.135254
-0.292725
-0.353516
-0.275146
-0.181641
-0.485107
-0.015572
-0.137573
-0.359131
-0.321533
-0.258057
-0.465332
-0.290771
-0.435059
-0.257324
-0.367432
-0.459717
-0.303711
-0.370117
-0.364746
-0.283936
-0.411133
-0.091492
-0.096985
-0.182983
-0.426025
-0.308838
-0.469238
-0.266602
-0.288086
-0.095154
-0.345947
-0.058289
-0.398438
-0.314209
-0.299805
-0.277832
-0.213013
-0.378662
-0.287354
-0.358887
-0.458496
-0.343750
-0.294189
-0.385254
-0.454346
-0.374512
-0.383301
-0.221924
-0.276367
-0.116760
-0.157715
-0.276855
-0.277344
-0.110962
-0.282471
-0.061584
-0.302734
-0.388916
-0.131104
-0.398438
-0.287842
-0.366699
-0.417969
-0.345947
-0.329590
-0.209351
-0.275391
-0.032501
-0.096924
-0.412842
-0.414062
-0.247437
-0.182495
0.005577
-0.252441
-0.083679
-0.240601
-0.457031
-0.357666
-0.294434
-0.299805
-0.012047
-0.199951
-0.372559
-0.097229
-0.329346
-0.147461
-0.163696
-0.137207
-0.350586
-0.375000
0.020233
-0.379150
-0.374023
0.085022
0.145752
-0.391846
-0.262451
-0.428223
-0.190796
-0.143311
-0.168579
-0.134399
-0.156616
-0.177979
-0.367920
0.128418
-0.315918
-0.228638
-0.106567
-0.048004
-0.325928
-0.140625
-0.303711
-0.263428
-0.240234
-0.059753
-0.152344
-0.290283
-0.238037
0.075317
-0.243286
0.032928
-0.146851
-0.269775
-0.152466
-0.060059
-0.210938
-0.076355
-0.133301
-0.221558
-0.102722
-0.228149
-0.228760
0.045624
-0.279297
-0.131348
-0.227173
-0.005821
-0.001403
-0.361328
-0.253906
-0.270996
-0.292236
-0.098328
-0.184692
-0.243042
-0.169434
-0.279541
-0.301270
-0.030212
-0.146240
-0.408936
0.059967
-0.268555
-0.259766
-0.326660
-0.160034
-0.044281
-0.201416
-0.306152
-0.329346
-0.281738
-0.289795
-0.020966
-0.154053
-0.312988
-0.309570
-0.201904
0.009857
-0.019699
-0.226562
0.045349
0.015381
0.012535
-0.229858
-0.375732
-0.109192
-0.218506
-0.190552
-0.411133
0.019119
0.004120
-0.390137
-0.208740
-0.323242
-0.117493
-0.309082
-0.242554
-0.335938
-0.296143
-0.136719
-0.290527
-0.349609
-0.273682
-0.180786
-0.481934
-0.013840
-0.141357
-0.354004
-0.321533
-0.251221
-0.460205
-0.285889
-0.428711
-0.255859
-0.362549
-0.455322
-0.300049
-0.362549
-0.357666
-0.284912
-0.412354
-0.079163
-0.090149
-0.182251
-0.424561
-0.303955
-0.461670
-0.264160
-0.289307
-0.089172
-0.341309
-0.058197
-0.394775
-0.310303
-0.296143
-0.280518
-0.209106
-0.373291
-0.284180
-0.356689
-0.455566
-0.342773
-0.289307
-0.382568
-0.448975
-0.367920
-0.381104
-0.223633
-0.273193
-0.113464
-0.157471
-0.277588
-0.271973
-0.117737
-0.283447
-0.056152
-0.298828
-0.384277
-0.129883
-0.396973
-0.284180
-0.362305
-0.414551
-0.339600
-0.321777
-0.205566
-0.276367
-0.034119
-0.096924
-0.408936
-0.409180
-0.241577
-0.180542
-0.001330
-0.246704
-0.083679
-0.236816
-0.450439
-0.352539
-0.293213
-0.294678
-0.008514
-0.197510
-0.366455
-0.095093
-0.330322
-0.141235
-0.164062
-0.133179
-0.342041
-0.373535
0.018951
-0.376953
-0.371338
0.091675
0.142334
-0.385254
-0.260742
-0.417480
-0.194824
-0.136719
-0.171143
-0.129517
-0.156738
-0.175293
-0.366211
0.130249
-0.305420
-0.221558
-0.105286
-0.129395
-0.322510
-0.134155
-0.301025
-0.260986
-0.239868
-0.062561
-0.151611
-0.284912
-0.229004
0.071411
-0.239624
0.026093
-0.145996
-0.264648
-0.149658
-0.051727
-0.208252
-0.072388
-0.136963
-0.220215
-0.097046
-0.228027
-0.223755
0.052338
-0.276855
-0.128662
-0.226074
-0.008911
-0.002831
-0.357178
-0.251465
-0.268799
-0.288818
-0.095337
-0.178467
-0.239502
-0.162720
-0.270996
-0.298584
-0.026886
-0.144165
-0.402588
0.067993
-0.255127
-0.262207
-0.323242
-0.162109
-0.038116
-0.200928
-0.303223
-0.324707
-0.272949
-0.281250
-0.019897
-0.155273
-0.306641
-0.307373
-0.200806
0.017349
-0.014923
-0.225220
0.044098
0.022003
0.009666
-0.222656
-0.372314
-0.110840
-0.212280
-0.190918
-0.403076
0.020370
-0.001759
-0.388184
-0.213867
-0.322754
-0.119629
-0.314453
-0.240845
-0.338379
-0.298096
-0.135498
-0.288330
-0.347168
-0.277344
-0.186157
-0.478271
-0.021042
-0.145142
-0.354492
-0.320068
-0.249512
-0.461426
-0.283691
-0.427246
-0.254395
-0.361084
-0.455078
-0.296631
-0.358887
-0.357666
-0.286133
-0.412842
-0.069031
-0.092529
-0.183716
-0.425049
-0.303467
-0.461670
-0.263672
-0.290283
-0.088867
-0.339844
-0.057037
-0.392090
-0.312256
-0.298340
-0.285156
-0.208496
-0.372314
-0.282715
-0.354736
-0.457031
-0.342529
-0.287842
-0.386963
-0.446533
-0.370117
-0.380371
-0.224854
-0.275391
-0.113892
-0.161865
-0.281006
-0.270020
-0.119141
-0.285156
-0.053619
-0.302734
-0.384277
-0.130249
-0.399902
-0.279053
-0.360107
-0.415771
-0.338379
-0.316406
-0.205811
-0.277344
-0.034180
-0.100281
-0.407471
-0.407959
-0.239746
-0.183105
-0.005268
-0.247559
-0.083252
-0.239014
-0.450684
-0.352539
-0.292236
-0.293213
-0.009293
-0.198975
-0.364014
-0.096497
-0.333984
-0.138916
-0.168945
-0.135010
-0.337891
-0.376221
0.017639
-0.378662
-0.373779
0.095703
0.139038
-0.383545
-0.265137
-0.411865
-0.196655
-0.148315
-0.172974
-0.131714
-0.161255
-0.175049
-0.369385
0.127686
-0.299316
-0.220459
-0.109070
-0.253174
-0.324951
-0.131592
-0.305420
-0.257080
-0.238159
-0.063354
-0.148071
-0.281982
-0.226440
0.071106
-0.240601
0.018326
-0.144531
-0.262695
-0.151733
-0.047729
-0.210815
-0.070984
-0.141968
-0.219116
-0.101013
-0.230469
-0.223877
0.057556
-0.275391
-0.126953
-0.226074
-0.013733
0.001019
-0.355469
-0.251221
-0.268555
-0.285645
-0.096558
-0.177734
-0.243042
-0.175171
-0.272949
-0.298828
-0.025101
-0.146240
-0.396973
0.073364
-0.246948
-0.263184
-0.326660
-0.167603
-0.032074
-0.203491
-0.304932
-0.323730
-0.270264
-0.278809
-0.017776
-0.155640
-0.307129
-0.308594
-0.204468
0.015793
-0.014572
-0.225464
0.040497
0.025314
0.011681
-0.221802
-0.374756
-0.113647
-0.210083
-0.197144
-0.400146
0.021759
-0.003571
-0.388916
-0.216553
-0.325195
-0.122375
-0.310059
-0.244385
-0.339355
-0.299316
-0.136719
-0.288330
-0.350586
-0.278076
-0.187866
-0.479492
-0.023315
-0.142700
-0.356689
-0.319824
-0.254395
-0.460693
-0.285400
-0.427246
-0.255859
-0.362305
-0.456787
-0.299072
-0.361572
-0.363770
-0.286133
-0.411133
-0.075317
-0.101990
-0.182129
-0.427490
-0.302979
-0.465820
-0.263428
-0.291260
-0.097290
-0.343018
-0.061371
-0.395020
-0.315918
-0.302979
-0.284912
-0.206299
-0.373047
-0.282715
-0.358887
-0.459473
-0.346436
-0.291016
-0.388672
-0.447510
-0.373047
-0.381348
-0.226807
-0.276855
-0.114319
-0.165039
-0.282471
-0.274902
-0.118225
-0.289551
-0.056305
-0.304199
-0.386719
-0.132446
-0.401611
-0.278076
-0.363037
-0.416992
-0.342773
-0.320801
-0.209717
-0.280029
-0.034027
-0.100098
-0.408936
-0.410156
-0.241943
-0.182739
-0.006672
-0.249390
-0.088196
-0.238037
-0.450684
-0.354736
-0.294434
-0.296631
-0.013992
-0.199097
-0.366699
-0.102783
-0.333984
-0.143066
-0.170776
-0.136963
-0.339355
-0.378662
0.013237
-0.384033
-0.380615
0.084106
0.135010
-0.382568
-0.268066
-0.414795
-0.197144
-0.154053
-0.173218
-0.134766
-0.168213
-0.180908
-0.371338
0.120667
-0.303711
-0.222900
-0.111328
-0.248535
-0.322998
-0.138184
-0.308838
-0.256348
-0.239136
-0.070679
-0.156860
-0.284668
-0.231689
0.075134
-0.240967
0.015656
-0.149414
-0.267090
-0.159668
-0.054230
-0.216064
-0.074768
-0.143066
-0.222534
-0.111816
-0.235596
-0.226074
0.051056
-0.276367
-0.133545
-0.232788
-0.013802
-0.000316
-0.356934
-0.258545
-0.273438
-0.292969
-0.095642
-0.178101
-0.243652
-0.173706
-0.281250
-0.306152
-0.027328
-0.152222
-0.399170
0.064087
-0.248047
-0.259277
-0.331055
-0.171753
-0.041229
-0.204102
-0.307373
-0.326416
-0.277100
-0.291748
-0.021866
-0.154907
-0.308594
-0.315918
-0.205444
0.010872
-0.018692
-0.229614
0.035126
0.020386
0.008308
-0.228027
-0.380859
-0.120605
-0.211548
-0.203491
-0.405762
0.013443
-0.008385
-0.390625
-0.216309
-0.327148
-0.125488
-0.311768
-0.247559
-0.340820
-0.299561
-0.137817
-0.294678
-0.351807
-0.278564
-0.187134
-0.486572
-0.020493
-0.137085
-0.361328
-0.315674
-0.262207
-0.463623
-0.289551
-0.433594
-0.257568
-0.366699
-0.460938
-0.305664
-0.368408
-0.368408
-0.288086
-0.410400
-0.092773
-0.104309
-0.182617
-0.428467
-0.305420
-0.468750
-0.264893
-0.292969
-0.097534
-0.350342
-0.060486
-0.400879
-0.318115
-0.303223
-0.278076
-0.211060
-0.377686
-0.286377
-0.361816
-0.458984
-0.344971
-0.297607
-0.388184
-0.452393
-0.378662
-0.382568
-0.222534
-0.275635
-0.117249
-0.161255
-0.279297
-0.277588
-0.111816
-0.288574
-0.064514
-0.304932
-0.391602
-0.135620
-0.402344
-0.286133
-0.365479
-0.418213
-0.347412
-0.329834
-0.211792
-0.279297
-0.033325
-0.096741
-0.411865
-0.418213
-0.247803
-0.180176
-0.002516
-0.256592
-0.089966
-0.243774
-0.457031
-0.358887
-0.295898
-0.302246
-0.015854
-0.197021
-0.371582
-0.102783
-0.331787
-0.145874
-0.165405
-0.137695
-0.351318
-0.376953
0.015717
-0.385254
-0.377686
0.077393
0.141235
-0.393555
-0.264404
-0.427734
-0.192383
-0.116577
-0.169556
-0.134888
-0.162964
-0.185791
-0.369385
0.119629
-0.314209
-0.230103
-0.109009
-0.109741
-0.321289
-0.138428
-0.308594
-0.259277
-0.241821
-0.068359
-0.154419
-0.288818
-0.239746
0.073547
-0.241455
0.028015
-0.152100
-0.272461
-0.160156
-0.061157
-0.218262
-0.079529
-0.139526
-0.224121
-0.107422
-0.234863
-0.229736
0.042847
-0.280518
-0.138550
-0.231812
-0.005981
-0.003090
-0.361816
-0.256348
-0.279053
-0.296631
-0.096069
-0.181641
-0.243042
-0.159180
-0.283203
-0.308594
-0.030258
-0.153931
-0.407471
0.056061
-0.266357
-0.255615
-0.332520
-0.167114
-0.050629
-0.204346
-0.309082
-0.329102
-0.289062
-0.303711
-0.025726
-0.149658
-0.313232
-0.317871
-0.205078
0.006271
-0.023285
-0.233887
0.042755
0.016144
0.012474
-0.233887
-0.379150
-0.116699
-0.219360
-0.203247
-0.412842
0.017181
-0.004673
-0.390625
-0.213257
-0.328857
-0.129517
-0.313721
-0.253906
-0.337646
-0.297607
-0.139404
-0.302979
-0.353760
-0.277588
-0.184082
-0.487793
-0.018799
-0.128906
-0.364990
-0.317139
-0.270508
-0.462402
-0.290527
-0.439941
-0.258057
-0.371826
-0.458740
-0.313965
-0.374268
-0.369141
-0.285400
-0.410400
-0.111938
-0.102783
-0.184937
-0.428955
-0.308594
-0.471680
-0.268799
-0.289795
-0.092651
-0.359863
-0.061218
-0.405518
-0.318604
-0.299561
-0.266846
-0.213379
-0.380127
-0.291992
-0.360596
-0.454102
-0.341064
-0.301025
-0.379395
-0.453125
-0.382812
-0.381592
-0.219727
-0.272461
-0.122498
-0.155029
-0.273926
-0.276123
-0.103821
-0.285156
-0.072388
-0.304199
-0.395020
-0.138184
-0.397705
-0.293701
-0.369141
-0.416260
-0.351318
-0.342285
-0.218506
-0.273438
-0.033051
-0.098389
-0.413086
-0.425049
-0.251465
-0.176636
0.000977
-0.264404
-0.091858
-0.247681
-0.457031
-0.363281
-0.297363
-0.306641
-0.022751
-0.195557
-0.374268
-0.104370
-0.323242
-0.159424
-0.156494
-0.137329
-0.365479
-0.373291
0.017227
-0.383057
-0.373047
0.062561
0.139038
-0.404053
-0.260498
-0.439941
-0.187622
-0.129395
-0.165527
-0.131592
-0.157959
-0.188843
-0.367188
0.112183
-0.323730
-0.236328
-0.106934
-0.254150
-0.319580
-0.141357
-0.303711
-0.259277
-0.242798
-0.066345
-0.149902
-0.295410
-0.250000
0.068298
-0.243408
0.038788
-0.154419
-0.278320
-0.162964
-0.071960
-0.219971
-0.082153
-0.132568
-0.225220
-0.105774
-0.228760
-0.235718
0.026917
-0.284180
-0.143066
-0.226929
-0.000364
-0.004009
-0.364258
-0.253662
-0.281738
-0.302490
-0.097534
-0.186157
-0.239746
-0.162842
-0.285645
-0.311523
-0.043701
-0.150391
-0.417236
0.045288
-0.287598
-0.252930
-0.330566
-0.158203
-0.059082
-0.201660
-0.306396
-0.328613
-0.300537
-0.314453
-0.029221
-0.148438
-0.319336
-0.315918
-0.199707
-0.000584
-0.027206
-0.236206
0.049835
0.008759
0.013756
-0.242310
-0.378662
-0.108032
-0.229614
-0.198975
-0.413818
0.019150
-0.001371
-0.387939
-0.209595
-0.331299
-0.127930
-0.316162
-0.255859
-0.339844
-0.299805
-0.139526
-0.305908
-0.353271
-0.277344
-0.184570
-0.486572
-0.019653
-0.129761
-0.364990
-0.320801
-0.274902
-0.461670
-0.293213
-0.443359
-0.258789
-0.373291
-0.456787
-0.319824
-0.376953
-0.369141
-0.283936
-0.412842
-0.120789
-0.103760
-0.187256
-0.424805
-0.310791
-0.475830
-0.273682
-0.289307
-0.091125
-0.362305
-0.063232
-0.407471
-0.319092
-0.298584
-0.264160
-0.216919
-0.381836
-0.295410
-0.360596
-0.450195
-0.339600
-0.302490
-0.377197
-0.454590
-0.381836
-0.382324
-0.219482
-0.273926
-0.126709
-0.154541
-0.272705
-0.277100
-0.103821
-0.282959
-0.078369
-0.307617
-0.395508
-0.139771
-0.396484
-0.296631
-0.374512
-0.417236
-0.354248
-0.346191
-0.220825
-0.271973
-0.035156
-0.098450
-0.414307
-0.426758
-0.253174
-0.176392
0.001573
-0.268555
-0.090149
-0.249756
-0.458984
-0.365479
-0.297607
-0.309326
-0.028473
-0.197021
-0.374512
-0.105103
-0.320312
-0.168945
-0.154419
-0.137329
-0.371338
-0.371826
0.015900
-0.382324
-0.371338
0.056213
0.132080
-0.409668
-0.259033
-0.443359
-0.188477
-0.166870
-0.166626
-0.130737
-0.160767
-0.188843
-0.366455
0.105591
-0.326660
-0.237915
-0.109680
-0.302246
-0.320557
-0.149780
-0.302979
-0.259766
-0.244263
-0.066711
-0.147705
-0.298828
-0.255127
0.063538
-0.248291
0.040070
-0.153931
-0.280273
-0.166016
-0.076599
-0.219116
-0.084656
-0.128540
-0.227905
-0.110718
-0.224731
-0.237671
0.018539
-0.286377
-0.143799
-0.226685
0.000481
-0.009392
-0.365479
-0.252686
-0.284668
-0.303223
-0.099609
-0.191162
-0.240234
-0.183716
-0.286621
-0.311035
-0.050873
-0.147827
-0.420654
0.040680
-0.296143
-0.254883
-0.328857
-0.154663
-0.060822
-0.203491
-0.306152
-0.329346
-0.302734
-0.316406
-0.030869
-0.149780
-0.323730
-0.315186
-0.199341
-0.004879
-0.028732
-0.236572
0.053406
0.004402
0.010544
-0.244873
-0.378418
-0.104858
-0.233032
-0.198486
-0.414551
0.021057
-0.002945
-0.388184
-0.205566
-0.328857
-0.125366
-0.314697
-0.254150
-0.339111
-0.298340
-0.138672
-0.305908
-0.350830
-0.277344
-0.183472
-0.486328
-0.018021
-0.130859
-0.362305
-0.322266
-0.272949
-0.460205
-0.291016
-0.441650
-0.256592
-0.372559
-0.456299
-0.319580
-0.373535
-0.367188
-0.285645
-0.413330
-0.116272
-0.099060
-0.187134
-0.423828
-0.309814
-0.475342
-0.273682
-0.288818
-0.088196
-0.359863
-0.061279
-0.406006
-0.315918
-0.297119
-0.264893
-0.216187
-0.379639
-0.295166
-0.357422
-0.448486
-0.338135
-0.303467
-0.377197
-0.451660
-0.377441
-0.381348
-0.220825
-0.274414
-0.126221
-0.151855
-0.271240
-0.275146
-0.104553
-0.282959
-0.078003
-0.305420
-0.392578
-0.138672
-0.396973
-0.294678
-0.375244
-0.416260
-0.351318
-0.344238
-0.221313
-0.268555
-0.034149
-0.099243
-0.413574
-0.425537
-0.250488
-0.174805
0.002201
-0.264160
-0.090698
-0.248657
-0.457520
-0.363281
-0.296387
-0.305664
-0.024750
-0.195801
-0.373291
-0.102295
-0.319092
-0.166382
-0.152954
-0.135254
-0.367676
-0.371094
0.017319
-0.378662
-0.369873
0.062805
0.131226
-0.407715
-0.257080
-0.439209
-0.189575
-0.175415
-0.166992
-0.129028
-0.157349
-0.186157
-0.365479
0.109314
-0.321289
-0.234985
-0.107910
-0.253662
-0.321777
-0.148682
-0.301025
-0.259521
-0.242554
-0.063904
-0.143921
-0.296143
-0.251709
0.061310
-0.246704
0.039764
-0.151489
-0.278076
-0.163208
-0.074829
-0.216797
-0.082397
-0.128906
-0.225708
-0.106934
-0.224854
-0.237305
0.022552
-0.285645
-0.139282
-0.226196
0.000014
-0.009895
-0.364502
-0.248047
-0.280029
-0.297607
-0.097412
-0.189453
-0.238281
-0.188599
-0.282227
-0.307617
-0.048584
-0.142456
-0.417725
0.045166
-0.291504
-0.257568
-0.324707
-0.151855
-0.058655
-0.202026
-0.304443
-0.327148
-0.297852
-0.309814
-0.029999
-0.151367
-0.319824
-0.312500
-0.195435
-0.002085
-0.029510
-0.235352
0.055573
0.008522
0.010155
-0.242188
-0.374023
-0.101562
-0.231812
-0.197021
-0.411865
0.023666
-0.000323
-0.387695
-0.204834
-0.329346
-0.124939
-0.310791
-0.254150
-0.339844
-0.299561
-0.144897
-0.304688
-0.354980
-0.278320
-0.185181
-0.489990
-0.017349
-0.132202
-0.362305
-0.321777
-0.270508
-0.465088
-0.295410
-0.441895
-0.259033
-0.372559
-0.461670
-0.319580
-0.375732
-0.371094
-0.287109
-0.414307
-0.116638
-0.106323
-0.187012
-0.427979
-0.306885
-0.477295
-0.274658
-0.293457
-0.092590
-0.360352
-0.068359
-0.407471
-0.316895
-0.302002
-0.269043
-0.216797
-0.380127
-0.294434
-0.362793
-0.454346
-0.339111
-0.301758
-0.382568
-0.454834
-0.379883
-0.382812
-0.222046
-0.274414
-0.122253
-0.154541
-0.278564
-0.280029
-0.106750
-0.286865
-0.073975
-0.305908
-0.393799
-0.138306
-0.401855
-0.297607
-0.372803
-0.416748
-0.351318
-0.342285
-0.219971
-0.278809
-0.035919
-0.092712
-0.414551
-0.426025
-0.251709
-0.176880
0.001421
-0.261230
-0.091797
-0.248169
-0.461670
-0.366699
-0.302734
-0.305908
-0.024750
-0.198730
-0.376221
-0.104309
-0.324219
-0.163940
-0.157104
-0.135742
-0.363525
-0.373291
0.013390
-0.381592
-0.376221
0.062866
0.132446
-0.408691
-0.258301
-0.437500
-0.193481
-0.162964
-0.166870
-0.131714
-0.161011
-0.189941
-0.367676
0.115234
-0.324219
-0.235840
-0.108887
-0.186279
-0.319580
-0.150635
-0.303955
-0.264160
-0.245239
-0.071350
-0.156128
-0.296631
-0.249878
0.061829
-0.246582
0.036591
-0.157349
-0.277832
-0.165771
-0.069763
-0.218628
-0.082336
-0.133301
-0.229126
-0.110840
-0.233154
-0.236084
0.026108
-0.285889
-0.142700
-0.228882
0.001629
-0.010277
-0.366211
-0.254395
-0.284668
-0.300537
-0.096741
-0.193481
-0.241333
-0.189575
-0.287842
-0.311035
-0.044952
-0.150024
-0.419678
0.043976
-0.287354
-0.253418
-0.330078
-0.160889
-0.061951
-0.201538
-0.307617
-0.330811
-0.297363
-0.312256
-0.030716
-0.151245
-0.319092
-0.318359
-0.201416
0.002966
-0.028305
-0.236328
0.047485
0.008896
0.007889
-0.241821
-0.379150
-0.110535
-0.227295
-0.198975
-0.417480
0.018723
-0.004864
-0.390137
-0.205200
-0.332031
-0.125610
-0.303223
-0.253906
-0.338379
-0.298828
-0.152344
-0.301025
-0.359375
-0.278564
-0.184692
-0.493408
-0.014198
-0.132690
-0.363037
-0.323975
-0.267090
-0.468262
-0.299561
-0.441162
-0.262939
-0.374512
-0.464844
-0.320557
-0.375488
-0.376709
-0.288574
-0.415771
-0.113281
-0.113281
-0.183960
-0.434570
-0.304199
-0.479736
-0.273193
-0.296631
-0.096008
-0.360352
-0.077576
-0.409180
-0.319336
-0.307373
-0.270996
-0.215942
-0.377197
-0.293701
-0.367920
-0.459717
-0.344727
-0.303223
-0.387695
-0.455811
-0.383545
-0.384033
-0.227417
-0.275879
-0.116455
-0.156494
-0.286133
-0.283447
-0.112305
-0.293457
-0.069702
-0.303955
-0.393066
-0.139038
-0.404541
-0.299561
-0.371094
-0.417725
-0.353027
-0.341309
-0.218750
-0.288818
-0.037476
-0.087097
-0.414551
-0.427246
-0.250000
-0.177979
-0.004086
-0.255859
-0.095154
-0.245850
-0.461670
-0.366943
-0.309082
-0.305664
-0.026962
-0.202759
-0.378662
-0.104553
-0.328613
-0.160889
-0.157715
-0.131104
-0.359619
-0.375244
0.008598
-0.387207
-0.384521
0.060181
0.130859
-0.404785
-0.260254
-0.433594
-0.196289
-0.157837
-0.167603
-0.133301
-0.167480
-0.194702
-0.368408
0.119141
-0.326660
-0.232178
-0.107300
-0.159668
-0.316895
-0.154541
-0.306885
-0.271484
-0.245850
-0.078125
-0.169800
-0.296631
-0.247192
0.060486
-0.245728
0.030106
-0.163696
-0.278320
-0.168579
-0.063782
-0.219727
-0.082153
-0.139771
-0.230103
-0.115356
-0.241333
-0.233398
0.027359
-0.287598
-0.146240
-0.235229
0.003412
-0.010307
-0.367676
-0.263672
-0.289795
-0.301514
-0.094666
-0.193481
-0.243286
-0.186401
-0.293457
-0.316650
-0.043732
-0.156372
-0.419678
0.040222
-0.280029
-0.248169
-0.334473
-0.170288
-0.064453
-0.202026
-0.310791
-0.331787
-0.296387
-0.316650
-0.030502
-0.151978
-0.315186
-0.326660
-0.205078
0.010818
-0.029037
-0.237549
0.038269
0.006683
0.002825
-0.243286
-0.383545
-0.120667
-0.223511
-0.201660
-0.423584
0.010376
-0.013672
-0.393311
-0.206421
-0.332764
-0.127563
-0.302490
-0.253418
-0.339111
-0.300049
-0.161743
-0.300049
-0.363770
-0.279785
-0.185059
-0.495361
-0.012230
-0.135742
-0.365723
-0.326660
-0.265381
-0.471191
-0.303467
-0.442383
-0.264160
-0.373779
-0.470215
-0.319092
-0.377441
-0.377930
-0.290771
-0.418213
-0.109802
-0.119934
-0.186035
-0.438232
-0.304932
-0.482910
-0.276123
-0.300537
-0.100891
-0.360840
-0.082581
-0.410400
-0.320801
-0.311768
-0.275146
-0.217651
-0.380371
-0.292480
-0.372803
-0.465332
-0.349121
-0.299316
-0.393066
-0.459229
-0.387695
-0.386475
-0.231201
-0.277588
-0.114319
-0.160278
-0.293213
-0.285400
-0.119507
-0.297119
-0.066772
-0.305420
-0.395264
-0.139648
-0.408691
-0.302734
-0.370850
-0.420166
-0.355225
-0.338623
-0.217285
-0.297119
-0.038727
-0.081482
-0.416504
-0.427002
-0.251465
-0.178345
-0.008408
-0.256348
-0.096069
-0.245483
-0.464111
-0.368652
-0.316650
-0.308594
-0.030777
-0.207275
-0.380615
-0.107971
-0.333984
-0.162598
-0.161133
-0.131226
-0.357910
-0.378662
0.003633
-0.391357
-0.392090
0.057709
0.127075
-0.404053
-0.263428
-0.430908
-0.201416
-0.166138
-0.170532
-0.136475
-0.176636
-0.197754
-0.370850
0.122864
-0.327881
-0.231079
-0.110046
-0.210083
-0.314209
-0.158203
-0.311035
-0.276855
-0.247437
-0.084839
-0.182373
-0.295654
-0.244507
0.062042
-0.249756
0.025452
-0.167969
-0.276611
-0.172974
-0.059265
-0.222290
-0.082886
-0.145264
-0.233398
-0.120972
-0.248413
-0.234253
0.027985
-0.289551
-0.149902
-0.240601
0.002207
-0.014206
-0.370361
-0.271240
-0.293457
-0.304932
-0.095032
-0.197632
-0.249146
-0.192871
-0.297119
-0.320312
-0.042053
-0.160400
-0.419434
0.040558
-0.276855
-0.248413
-0.341064
-0.179565
-0.064392
-0.204224
-0.315674
-0.337158
-0.295654
-0.320312
-0.029831
-0.157593
-0.315918
-0.331055
-0.210815
0.015572
-0.029221
-0.236450
0.029312
0.003542
-0.005196
-0.242554
-0.390625
-0.130615
-0.220459
-0.203491
-0.428955
0.000964
-0.019684
-0.395020
-0.208618
-0.333496
-0.127441
-0.303467
-0.252441
-0.339355
-0.299805
-0.164185
-0.297607
-0.363770
-0.280029
-0.186279
-0.494629
-0.011406
-0.135254
-0.364746
-0.326416
-0.264648
-0.470703
-0.303223
-0.442139
-0.261963
-0.373291
-0.470459
-0.319092
-0.376221
-0.376953
-0.288086
-0.419678
-0.105225
-0.117310
-0.186157
-0.439453
-0.305908
-0.481201
-0.273682
-0.299316
-0.098511
-0.359619
-0.085022
-0.408936
-0.320068
-0.312012
-0.275879
-0.217285
-0.379883
-0.291260
-0.372559
-0.466309
-0.352051
-0.297363
-0.392578
-0.459229
-0.387207
-0.387695
-0.231567
-0.280518
-0.112671
-0.162720
-0.292969
-0.281982
-0.124878
-0.298096
-0.064026
-0.304443
-0.395264
-0.140869
-0.407959
-0.304443
-0.366943
-0.420654
-0.353760
-0.337158
-0.217529
-0.299316
-0.039978
-0.082825
-0.416748
-0.426025
-0.249756
-0.178711
-0.013596
-0.256348
-0.094482
-0.245361
-0.461914
-0.367920
-0.317383
-0.308594
-0.028915
-0.208740
-0.378906
-0.107239
-0.335449
-0.163208
-0.161011
-0.130127
-0.358643
-0.379639
0.003714
-0.392090
-0.392822
0.056305
0.129150
-0.402832
-0.263916
-0.426025
-0.201416
-0.171021
-0.169800
-0.134644
-0.180054
-0.195190
-0.371582
0.122559
-0.325684
-0.229248
-0.107666
-0.229980
-0.312744
-0.156616
-0.311035
-0.275879
-0.247559
-0.084961
-0.181641
-0.295166
-0.241943
0.062683
-0.249146
0.024063
-0.168335
-0.275146
-0.173828
-0.058624
-0.222290
-0.085327
-0.145874
-0.233032
-0.120178
-0.248291
-0.232056
0.029922
-0.290039
-0.152466
-0.238770
0.005081
-0.013077
-0.369141
-0.272217
-0.294434
-0.305420
-0.093689
-0.196289
-0.249634
-0.194092
-0.296143
-0.320068
-0.041962
-0.159058
-0.418945
0.042480
-0.275635
-0.248291
-0.344238
-0.179443
-0.060303
-0.205322
-0.318359
-0.336182
-0.295410
-0.319092
-0.026581
-0.162109
-0.316162
-0.329590
-0.211914
0.017731
-0.025696
-0.234863
0.028122
0.001208
-0.006779
-0.240112
-0.392090
-0.130981
-0.219604
-0.205200
-0.427734
-0.000381
-0.021790
-0.394287
-0.209839
-0.333740
-0.126953
-0.308594
-0.250977
-0.338867
-0.299805
-0.159546
-0.300049
-0.358643
-0.280029
-0.188354
-0.493164
-0.010147
-0.136597
-0.364746
-0.324463
-0.265381
-0.468506
-0.299805
-0.443115
-0.257568
-0.371094
-0.467285
-0.317871
-0.374756
-0.370850
-0.287598
-0.418945
-0.102112
-0.109131
-0.185913
-0.437500
-0.308350
-0.478516
-0.270752
-0.298340
-0.092346
-0.356689
-0.078125
-0.406738
-0.319824
-0.307129
-0.275146
-0.216919
-0.380127
-0.291504
-0.369141
-0.463867
-0.348877
-0.297852
-0.390625
-0.459961
-0.385254
-0.388916
-0.228394
-0.278809
-0.113525
-0.162354
-0.286865
-0.276611
-0.124207
-0.292480
-0.064514
-0.305176
-0.394531
-0.139038
-0.405518
-0.302246
-0.365967
-0.420654
-0.352783
-0.335205
-0.214844
-0.295654
-0.037170
-0.085754
-0.417725
-0.425049
-0.250244
-0.178467
-0.011116
-0.259033
-0.089905
-0.244751
-0.461670
-0.366455
-0.312988
-0.307373
-0.023499
-0.203369
-0.376953
-0.103210
-0.334229
-0.162109
-0.157715
-0.130981
-0.359131
-0.377197
0.012657
-0.389404
-0.386230
0.066467
0.137451
-0.404785
-0.262207
-0.424805
-0.197266
-0.155884
-0.171509
-0.131836
-0.172607
-0.191406
-0.371826
0.123657
-0.321045
-0.228271
-0.107239
-0.016449
-0.312744
-0.145142
-0.308350
-0.272217
-0.246704
-0.078247
-0.169800
-0.293213
-0.239258
0.064392
-0.247437
0.031464
-0.162598
-0.274414
-0.166992
-0.055847
-0.219360
-0.082336
-0.142822
-0.229736
-0.111084
-0.240479
-0.230347
0.035431
-0.286865
-0.147705
-0.232300
0.007206
-0.010361
-0.366943
-0.266357
-0.292236
-0.301270
-0.094543
-0.189941
-0.247437
-0.177856
-0.287354
-0.312988
-0.039398
-0.153687
-0.416992
0.053558
-0.278809
-0.249390
-0.343018
-0.172485
-0.050934
-0.204834
-0.316895
-0.332764
-0.294189
-0.309570
-0.023071
-0.156738
-0.316895
-0.322510
-0.209595
0.020035
-0.020325
-0.233154
0.038116
0.006969
0.001485
-0.235352
-0.388672
-0.122375
-0.221313
-0.204468
-0.421631
0.009529
-0.013710
-0.393066
-0.211548
-0.324707
-0.120483
-0.308105
-0.242554
-0.333252
-0.293701
-0.147095
-0.294434
-0.347412
-0.275391
-0.183594
-0.480713
-0.005424
-0.133301
-0.357910
-0.318359
-0.256836
-0.458008
-0.286621
-0.433838
-0.249756
-0.364990
-0.454590
-0.308594
-0.364502
-0.354492
-0.281738
-0.410645
-0.089294
-0.091187
-0.182495
-0.427002
-0.304688
-0.463135
-0.260986
-0.289795
-0.080322
-0.345459
-0.066650
-0.394043
-0.310791
-0.293701
-0.272949
-0.211792
-0.371338
-0.285645
-0.358398
-0.453613
-0.338135
-0.291504
-0.378906
-0.450195
-0.371826
-0.383301
-0.220215
-0.274658
-0.111755
-0.153564
-0.271240
-0.264893
-0.118347
-0.279541
-0.058777
-0.299805
-0.386963
-0.130981
-0.396484
-0.292236
-0.358398
-0.412842
-0.340332
-0.325684
-0.206909
-0.281006
-0.031982
-0.090027
-0.410645
-0.414307
-0.243408
-0.176025
-0.005787
-0.254150
-0.081421
-0.241577
-0.453125
-0.355957
-0.297852
-0.296875
-0.008858
-0.193726
-0.366455
-0.091492
-0.324219
-0.155640
-0.152954
-0.128540
-0.350830
-0.368408
0.028992
-0.375977
-0.368652
0.086853
0.145142
-0.399902
-0.254150
-0.416992
-0.189209
-0.137207
-0.167847
-0.122498
-0.154541
-0.175415
-0.364990
0.128906
-0.307617
-0.221436
-0.100708
0.195312
-0.313721
-0.127197
-0.296875
-0.260986
-0.240356
-0.062805
-0.147095
-0.283691
-0.228760
0.065918
-0.239624
0.039734
-0.148071
-0.267334
-0.149780
-0.052216
-0.208252
-0.072998
-0.134277
-0.219360
-0.092224
-0.226807
-0.222534
0.049286
-0.277100
-0.134888
-0.217773
0.011963
-0.003002
-0.357666
-0.246948
-0.276367
-0.286377
-0.094299
-0.177246
-0.238770
-0.156250
-0.267578
-0.294189
-0.033905
-0.140259
-0.406494
0.068359
-0.272949
-0.250000
-0.328125
-0.155884
-0.035492
-0.197144
-0.305908
-0.322266
-0.281982
-0.284424
-0.019104
-0.151001
-0.310791
-0.303223
-0.197754
0.026962
-0.014946
-0.225220
0.056427
0.019730
0.015167
-0.223633
-0.371826
-0.103149
-0.218384
-0.194946
-0.403320
0.027878
0.002655
-0.383301
-0.207520
-0.321777
-0.118042
-0.308838
-0.238403
-0.333984
-0.290527
-0.140015
-0.293701
-0.343018
-0.270996
-0.179810
-0.474365
-0.009300
-0.134766
-0.352051
-0.318359
-0.252197
-0.452637
-0.284668
-0.430908
-0.246094
-0.361084
-0.447754
-0.307129
-0.358398
-0.346680
-0.281006
-0.408691
-0.082153
-0.084229
-0.183105
-0.419678
-0.302490
-0.459229
-0.260498
-0.288330
-0.069763
-0.340576
-0.061371
-0.388428
-0.306396
-0.287598
-0.271240
-0.211182
-0.369385
-0.284912
-0.352295
-0.448242
-0.332031
-0.288574
-0.374512
-0.445801
-0.365967
-0.380371
-0.217529
-0.269775
-0.114258
-0.150269
-0.269531
-0.259766
-0.115784
-0.275879
-0.056152
-0.297607
-0.381592
-0.129150
-0.392578
-0.287598
-0.359131
-0.408691
-0.333984
-0.320312
-0.206299
-0.270020
-0.033386
-0.095703
-0.404541
-0.410400
-0.238403
-0.174805
-0.006840
-0.251709
-0.079529
-0.238892
-0.447510
-0.349854
-0.289307
-0.292969
-0.007599
-0.192749
-0.361572
-0.086731
-0.320557
-0.152466
-0.154053
-0.123657
-0.346680
-0.364746
0.026520
-0.368408
-0.359619
0.095337
0.137207
-0.394043
-0.249390
-0.409424
-0.188599
-0.158691
-0.167725
-0.116577
-0.148071
-0.167969
-0.362061
0.123352
-0.299561
-0.218262
-0.099976
-0.074036
-0.318848
-0.124084
-0.294189
-0.257568
-0.234863
-0.055145
-0.135864
-0.280518
-0.227417
0.062225
-0.237305
0.038940
-0.139160
-0.261475
-0.143555
-0.050537
-0.202393
-0.069214
-0.131592
-0.215820
-0.089722
-0.219238
-0.220337
0.049530
-0.276855
-0.123352
-0.212524
0.005657
-0.007416
-0.354004
-0.238525
-0.269531
-0.278076
-0.094543
-0.175171
-0.235474
-0.168457
-0.259766
-0.287109
-0.036316
-0.131226
-0.400635
0.077087
-0.266357
-0.256348
-0.318604
-0.148804
-0.028946
-0.197998
-0.301514
-0.316162
-0.274170
-0.271729
-0.017334
-0.153809
-0.307129
-0.294922
-0.192871
0.028717
-0.014427
-0.221313
0.060883
0.026489
0.014359
-0.217285
-0.364258
-0.095459
-0.213745
-0.190552
-0.392578
0.036682
0.003616
-0.378418
-0.205811
-0.319580
-0.121460
-0.307861
-0.235229
-0.333008
-0.286621
-0.140137
-0.291504
-0.341797
-0.270264
-0.179810
-0.476074
-0.011681
-0.133423
-0.350098
-0.314697
-0.249146
-0.452393
-0.282471
-0.427002
-0.247803
-0.358643
-0.446045
-0.307129
-0.356689
-0.345215
-0.282471
-0.408447
-0.079102
-0.080566
-0.183350
-0.421143
-0.298584
-0.452881
-0.257812
-0.290771
-0.069275
-0.338379
-0.059570
-0.386230
-0.301270
-0.285400
-0.271973
-0.210083
-0.367676
-0.282959
-0.349854
-0.448730
-0.331543
-0.287842
-0.373779
-0.442139
-0.363037
-0.378662
-0.216919
-0.265869
-0.114624
-0.146240
-0.271240
-0.259521
-0.111206
-0.277100
-0.054077
-0.296631
-0.380859
-0.129395
-0.393555
-0.285645
-0.355957
-0.406006
-0.329834
-0.315186
-0.203491
-0.270752
-0.034607
-0.095093
-0.403320
-0.409668
-0.233765
-0.175415
-0.006462
-0.249634
-0.077820
-0.241943
-0.444824
-0.348389
-0.286621
-0.288818
-0.002983
-0.188110
-0.361084
-0.085510
-0.320312
-0.145752
-0.153564
-0.122314
-0.341553
-0.366211
0.028656
-0.364258
-0.360840
0.100708
0.136719
-0.390625
-0.247681
-0.407959
-0.191528
-0.121948
-0.162598
-0.115173
-0.140747
-0.166016
-0.358398
0.126831
-0.296387
-0.216309
-0.099976
0.141479
-0.315430
-0.120361
-0.292725
-0.255127
-0.232178
-0.055420
-0.134277
-0.280273
-0.221436
0.061890
-0.232666
0.038086
-0.138062
-0.260742
-0.137939
-0.040802
-0.198242
-0.064026
-0.135376
-0.214233
-0.083923
-0.223999
-0.215942
0.054443
-0.272949
-0.120056
-0.213379
0.002199
-0.002153
-0.351807
-0.236206
-0.267090
-0.277588
-0.093201
-0.170044
-0.231689
-0.137939
-0.255127
-0.287598
-0.032166
-0.130493
-0.401611
0.080444
-0.262451
-0.255371
-0.316895
-0.151367
-0.026993
-0.198242
-0.297363
-0.314209
-0.269043
-0.266602
-0.016647
-0.150635
-0.300293
-0.294922
-0.191895
0.035065
-0.013687
-0.223999
0.059296
0.033752
0.016190
-0.214844
-0.362549
-0.098145
-0.209961
-0.186646
-0.388916
0.037079
0.004044
-0.376465
-0.208130
-0.318848
-0.127930
-0.303711
-0.237549
-0.330322
-0.285156
-0.148682
-0.291504
-0.346191
-0.268311
-0.178223
-0.479736
-0.019714
-0.126587
-0.352783
-0.308594
-0.247559
-0.457764
-0.284668
-0.424561
-0.251953
-0.357422
-0.452148
-0.305420
-0.359131
-0.349609
-0.285400
-0.406738
-0.090088
-0.093506
-0.183350
-0.427002
-0.289551
-0.452393
-0.259277
-0.296387
-0.082764
-0.341797
-0.058716
-0.390625
-0.302490
-0.288818
-0.272217
-0.207397
-0.368164
-0.278564
-0.353271
-0.450439
-0.329590
-0.285645
-0.374756
-0.441162
-0.367432
-0.375977
-0.215942
-0.263672
-0.117371
-0.141113
-0.281250
-0.269531
-0.100952
-0.281494
-0.057098
-0.301514
-0.384033
-0.128052
-0.397217
-0.278564
-0.352783
-0.406250
-0.333252
-0.314941
-0.203003
-0.282227
-0.035431
-0.085327
-0.404785
-0.408691
-0.233765
-0.182129
-0.000364
-0.248291
-0.081055
-0.243896
-0.445068
-0.354004
-0.290771
-0.289551
-0.007133
-0.188965
-0.366455
-0.095032
-0.323242
-0.139038
-0.156616
-0.128418
-0.335205
-0.368652
0.023773
-0.366455
-0.372070
0.092529
0.133789
-0.385986
-0.249390
-0.411865
-0.194946
-0.081421
-0.153320
-0.125854
-0.139282
-0.177490
-0.353271
0.130615
-0.303955
-0.220337
-0.109802
0.142090
-0.314209
-0.123962
-0.296143
-0.261475
-0.230957
-0.067261
-0.149048
-0.279785
-0.220581
0.065674
-0.234253
0.035553
-0.145996
-0.260986
-0.142700
-0.029541
-0.202026
-0.058899
-0.143311
-0.216919
-0.091187
-0.237427
-0.213501
0.048370
-0.267822
-0.124756
-0.222046
-0.003193
0.009247
-0.354736
-0.242798
-0.271729
-0.289307
-0.094299
-0.175293
-0.234253
-0.115967
-0.265381
-0.297607
-0.024261
-0.142944
-0.404541
0.067749
-0.259766
-0.247681
-0.319336
-0.165771
-0.040192
-0.197998
-0.292236
-0.320068
-0.270264
-0.275635
-0.019547
-0.141846
-0.296143
-0.305908
-0.196777
0.032684
-0.020294
-0.229370
0.048187
0.035767
0.014603
-0.221069
-0.367676
-0.116577
-0.206177
-0.183228
-0.395996
0.023346
0.001826
-0.379639
-0.209839
-0.321777
-0.129395
-0.305176
-0.241943
-0.334229
-0.291016
-0.139893
-0.289551
-0.352295
-0.275879
-0.181030
-0.483154
-0.025269
-0.132080
-0.354248
-0.313477
-0.251465
-0.462402
-0.285645
-0.426270
-0.258301
-0.359375
-0.459473
-0.300537
-0.363281
-0.360107
-0.286377
-0.409668
-0.087158
-0.104919
-0.185181
-0.432129
-0.296387
-0.460205
-0.264160
-0.297119
-0.100220
-0.344971
-0.053497
-0.398682
-0.309570
-0.298828
-0.281738
-0.205811
-0.368408
-0.282471
-0.356445
-0.458740
-0.338135
-0.290039
-0.383545
-0.442139
-0.373535
-0.378662
-0.221436
-0.273193
-0.118774
-0.148804
-0.283691
-0.279053
-0.102234
-0.287842
-0.058899
-0.305420
-0.385498
-0.130371
-0.402344
-0.274902
-0.356689
-0.413086
-0.340332
-0.320801
-0.204712
-0.282227
-0.032288
-0.091431
-0.407959
-0.408447
-0.239746
-0.185059
0.004951
-0.248535
-0.085999
-0.243652
-0.452637
-0.359131
-0.295654
-0.292480
-0.011581
-0.193848
-0.367920
-0.098572
-0.329590
-0.134521
-0.166260
-0.138794
-0.338379
-0.376465
0.018051
-0.375488
-0.382568
0.088623
0.135742
-0.381348
-0.259277
-0.420166
-0.197021
-0.101196
-0.157104
-0.137573
-0.155518
-0.181885
-0.361572
0.129150
-0.309082
-0.225708
-0.111755
-0.119324
-0.321533
-0.134277
-0.305420
-0.260986
-0.235718
-0.069275
-0.159668
-0.285645
-0.228760
0.073181
-0.239380
0.027664
-0.150269
-0.264893
-0.150024
-0.038055
-0.210815
-0.063477
-0.144653
-0.220459
-0.105896
-0.243164
-0.220581
0.051819
-0.270508
-0.128906
-0.229492
-0.010170
0.007973
-0.359863
-0.254150
-0.272217
-0.294922
-0.098083
-0.179443
-0.240845
-0.139893
-0.276123
-0.306641
-0.022049
-0.152466
-0.404053
0.056519
-0.253418
-0.251953
-0.325439
-0.173340
-0.046051
-0.199951
-0.296387
-0.330566
-0.275391
-0.283936
-0.022934
-0.145142
-0.301758
-0.315918
-0.204712
0.016800
-0.022278
-0.231201
0.043457
0.026688
0.013275
-0.227661
-0.377686
-0.126099
-0.207642
-0.191284
-0.406982
0.014748
-0.000755
-0.386719
-0.213013
-0.327148
-0.125610
-0.308105
-0.248413
-0.341797
-0.301270
-0.141357
-0.291748
-0.356445
-0.280762
-0.182129
-0.488525
-0.024704
-0.142700
-0.359863
-0.324707
-0.252930
-0.468750
-0.290039
-0.430420
-0.262939
-0.367920
-0.466553
-0.302979
-0.368164
-0.372559
-0.292725
-0.415039
-0.088257
-0.109253
-0.185181
-0.433350
-0.305176
-0.472656
-0.271729
-0.298828
-0.108154
-0.348389
-0.054382
-0.406250
-0.317383
-0.311035
-0.286865
-0.208374
-0.377686
-0.286865
-0.362793
-0.465820
-0.347900
-0.295410
-0.395508
-0.450195
-0.379639
-0.384033
-0.227539
-0.279785
-0.116516
-0.158569
-0.287598
-0.286133
-0.107300
-0.293457
-0.061005
-0.309326
-0.390381
-0.130859
-0.409424
-0.281738
-0.367188
-0.421143
-0.348633
-0.326172
-0.211914
-0.283691
-0.035278
-0.099121
-0.414551
-0.415283
-0.244873
-0.188354
0.002157
-0.251221
-0.094116
-0.243896
-0.459717
-0.363037
-0.302979
-0.298584
-0.021027
-0.201660
-0.376465
-0.103882
-0.338135
-0.139282
-0.175049
-0.145142
-0.343506
-0.381836
0.011200
-0.384277
-0.389160
0.082703
0.134033
-0.383301
-0.271240
-0.427979
-0.199463
-0.151367
-0.166504
-0.144287
-0.169678
-0.189331
-0.374268
0.129028
-0.315918
-0.228882
-0.114502
-0.278320
-0.329102
-0.148560
-0.311523
-0.263672
-0.241455
-0.071960
-0.164673
-0.290771
-0.239502
0.076904
-0.247559
0.018066
-0.154541
-0.270020
-0.159668
-0.053040
-0.220459
-0.072266
-0.146118
-0.227905
-0.115845
-0.245605
-0.231567
0.049042
-0.276123
-0.132080
-0.239746
-0.015434
-0.001623
-0.362061
-0.260742
-0.271973
-0.297363
-0.098572
-0.187744
-0.247681
-0.182739
-0.290527
-0.313477
-0.022980
-0.157715
-0.406982
0.053741
-0.252441
-0.260254
-0.332520
-0.177368
-0.051300
-0.204590
-0.308350
-0.337402
-0.279785
-0.297607
-0.028305
-0.155396
-0.308594
-0.323975
-0.205688
0.005825
-0.026321
-0.234985
0.037506
0.018707
0.009476
-0.237549
-0.384033
-0.127441
-0.212524
-0.195923
-0.418213
0.009743
-0.006123
-0.395264
-0.213379
-0.326660
-0.120361
-0.300049
-0.248657
-0.338379
-0.298340
-0.145264
-0.290039
-0.358643
-0.276367
-0.179565
-0.490723
-0.020569
-0.140991
-0.357422
-0.324951
-0.254883
-0.467529
-0.290039
-0.431641
-0.261963
-0.365723
-0.468262
-0.303223
-0.367920
-0.373779
-0.291748
-0.412598
-0.092407
-0.113708
-0.184326
-0.430908
-0.301758
-0.475342
-0.270752
-0.295654
-0.108276
-0.348633
-0.063354
-0.405762
-0.315430
-0.308350
-0.281494
-0.207031
-0.375488
-0.286865
-0.365723
-0.462891
-0.347656
-0.297119
-0.394531
-0.450928
-0.378174
-0.382324
-0.226685
-0.278076
-0.114746
-0.156982
-0.286865
-0.288818
-0.108276
-0.292480
-0.061493
-0.305420
-0.389404
-0.129883
-0.408447
-0.284180
-0.368164
-0.419678
-0.347900
-0.329834
-0.212036
-0.283691
-0.036682
-0.091370
-0.413818
-0.416504
-0.247681
-0.185059
0.002079
-0.247925
-0.095764
-0.243896
-0.458496
-0.360352
-0.303955
-0.299805
-0.021622
-0.201904
-0.375000
-0.103455
-0.333252
-0.140747
-0.170410
-0.140991
-0.343750
-0.375977
0.009102
-0.383789
-0.387695
0.080322
0.135742
-0.385010
-0.266602
-0.426025
-0.197266
-0.156616
-0.163818
-0.140015
-0.171753
-0.190186
-0.371094
0.132324
-0.318604
-0.228149
-0.111877
-0.124695
-0.327637
-0.151855
-0.308594
-0.267090
-0.241333
-0.075989
-0.167969
-0.289307
-0.238892
0.073792
-0.247559
0.021423
-0.157715
-0.269775
-0.159546
-0.055328
-0.220337
-0.076233
-0.142700
-0.228638
-0.117920
-0.249023
-0.231812
0.044342
-0.278320
-0.135010
-0.238892
-0.008018
-0.006161
-0.361084
-0.263428
-0.272217
-0.298340
-0.093018
-0.191528
-0.246338
-0.185913
-0.291992
-0.310791
-0.024475
-0.159424
-0.409424
0.049866
-0.257324
-0.256348
-0.331055
-0.175903
-0.058258
-0.202026
-0.309814
-0.338379
-0.282227
-0.302002
-0.030670
-0.153809
-0.307129
-0.323486
-0.204956
0.011734
-0.029739
-0.236816
0.036255
0.015533
0.006847
-0.237305
-0.380859
-0.128296
-0.213989
-0.196289
-0.423096
0.007065
-0.006256
-0.394043
-0.208008
-0.329102
-0.125366
-0.294434
-0.255127
-0.336426
-0.298096
-0.156128
-0.297852
-0.363281
-0.274414
-0.177490
-0.491699
-0.013702
-0.129883
-0.364014
-0.320557
-0.260986
-0.470703
-0.298340
-0.437012
-0.261475
-0.372070
-0.471191
-0.313721
-0.375488
-0.378906
-0.289795
-0.410889
-0.113647
-0.122803
-0.183960
-0.429932
-0.299561
-0.483643
-0.272461
-0.298828
-0.110474
-0.359375
-0.075317
-0.410400
-0.317871
-0.308594
-0.270264
-0.210815
-0.378418
-0.290527
-0.371582
-0.460938
-0.344238
-0.298584
-0.390137
-0.456299
-0.384521
-0.379395
-0.226074
-0.276611
-0.115112
-0.150635
-0.289062
-0.289795
-0.101929
-0.291016
-0.068665
-0.304443
-0.393066
-0.131104
-0.408203
-0.291992
-0.370605
-0.417236
-0.352783
-0.339111
-0.216553
-0.290527
-0.036560
-0.077026
-0.413330
-0.424316
-0.248901
-0.180908
0.001867
-0.252197
-0.097473
-0.242676
-0.462891
-0.364746
-0.312012
-0.305420
-0.031982
-0.203491
-0.381592
-0.107483
-0.327637
-0.157227
-0.163208
-0.138184
-0.354248
-0.370850
0.005253
-0.385498
-0.386475
0.064270
0.130249
-0.397461
-0.261719
-0.434326
-0.191772
-0.160278
-0.160889
-0.136597
-0.171631
-0.197388
-0.365479
0.131470
-0.334961
-0.231079
-0.109497
-0.178101
-0.320312
-0.155518
-0.306152
-0.276611
-0.242554
-0.082825
-0.179932
-0.293213
-0.248169
0.069458
-0.249023
0.031525
-0.167358
-0.273682
-0.165283
-0.060699
-0.223877
-0.080322
-0.140991
-0.229370
-0.123413
-0.251709
-0.236084
0.024857
-0.283203
-0.143066
-0.239624
0.005306
-0.011276
-0.367920
-0.266113
-0.282227
-0.303467
-0.092285
-0.199707
-0.247070
-0.194946
-0.302490
-0.314941
-0.030518
-0.160034
-0.417236
0.035828
-0.273682
-0.243286
-0.333252
-0.175659
-0.072205
-0.200439
-0.309814
-0.339600
-0.293945
-0.319580
-0.035706
-0.150146
-0.310547
-0.327637
-0.207275
0.015327
-0.036926
-0.237427
0.033569
0.007492
0.001654
-0.244019
-0.383301
-0.130005
-0.219116
-0.198242
-0.430176
0.001636
-0.013596
-0.394043
-0.202881
-0.330322
-0.125488
-0.293945
-0.256592
-0.333740
-0.297363
-0.159912
-0.297363
-0.363770
-0.274658
-0.175659
-0.491455
-0.012817
-0.127441
-0.364502
-0.322998
-0.260498
-0.469727
-0.299316
-0.439697
-0.262207
-0.375732
-0.468262
-0.319092
-0.375244
-0.375732
-0.286377
-0.410400
-0.116394
-0.121582
-0.183838
-0.430176
-0.301270
-0.484619
-0.272461
-0.298096
-0.105347
-0.358887
-0.078369
-0.410645
-0.317871
-0.307617
-0.266113
-0.210815
-0.376953
-0.292480
-0.369629
-0.457031
-0.346191
-0.298828
-0.385986
-0.457275
-0.385986
-0.378662
-0.227295
-0.275391
-0.115540
-0.150146
-0.288330
-0.287109
-0.102417
-0.291748
-0.069153
-0.301514
-0.393311
-0.132935
-0.406982
-0.294434
-0.371826
-0.413330
-0.352539
-0.341797
-0.222168
-0.287842
-0.038879
-0.076660
-0.415039
-0.424805
-0.248047
-0.178955
-0.000921
-0.253662
-0.097961
-0.245239
-0.461670
-0.365479
-0.313477
-0.306152
-0.033905
-0.206299
-0.380859
-0.106750
-0.323486
-0.163818
-0.158325
-0.133423
-0.358154
-0.367920
0.005047
-0.385010
-0.385742
0.060394
0.122009
-0.398438
-0.259033
-0.434326
-0.194946
-0.184570
-0.159790
-0.131958
-0.170776
-0.193726
-0.364746
0.128784
-0.334229
-0.232178
-0.108215
-0.299561
-0.318115
-0.161499
-0.303711
-0.276611
-0.240356
-0.081177
-0.179688
-0.293945
-0.249756
0.064575
-0.250244
0.032654
-0.165527
-0.275635
-0.166992
-0.058838
-0.222168
-0.078186
-0.136597
-0.227783
-0.122803
-0.247437
-0.235840
0.018326
-0.285156
-0.143555
-0.239746
0.007221
-0.009598
-0.367920
-0.263916
-0.283936
-0.301025
-0.091125
-0.200439
-0.246582
-0.201660
-0.302734
-0.314697
-0.036987
-0.157959
-0.419189
0.033478
-0.280273
-0.244995
-0.329834
-0.172607
-0.070496
-0.199585
-0.310059
-0.337646
-0.295898
-0.319336
-0.034637
-0.157959
-0.310547
-0.327148
-0.204468
0.019531
-0.036987
-0.235596
0.035583
0.005234
-0.004063
-0.244751
-0.381348
-0.126221
-0.220459
-0.193237
-0.428467
0.002340
-0.015091
-0.393799
-0.200684
-0.332764
-0.127686
-0.297363
-0.259766
-0.338623
-0.300293
-0.162842
-0.301270
-0.368896
-0.276855
-0.176270
-0.495850
-0.013977
-0.129150
-0.369141
-0.328857
-0.261475
-0.473633
-0.303223
-0.443115
-0.264160
-0.377930
-0.473877
-0.319824
-0.382324
-0.380127
-0.289551
-0.415039
-0.118286
-0.126831
-0.187622
-0.434814
-0.303223
-0.489990
-0.279297
-0.301270
-0.112122
-0.360596
-0.079712
-0.413086
-0.319092
-0.309326
-0.269775
-0.216797
-0.381592
-0.292480
-0.372803
-0.460693
-0.347900
-0.301758
-0.391113
-0.462891
-0.389404
-0.383301
-0.229492
-0.276855
-0.118469
-0.148315
-0.293213
-0.290283
-0.104431
-0.294189
-0.071411
-0.306885
-0.397217
-0.134033
-0.411377
-0.298340
-0.376221
-0.418945
-0.357910
-0.342773
-0.222534
-0.293457
-0.038757
-0.072449
-0.417725
-0.427246
-0.250488
-0.182007
0.000774
-0.257568
-0.097290
-0.247681
-0.467529
-0.369629
-0.317139
-0.310791
-0.036407
-0.211060
-0.383789
-0.108887
-0.326660
-0.167236
-0.161255
-0.136841
-0.358887
-0.372070
0.006390
-0.388184
-0.390381
0.060272
0.123596
-0.403564
-0.261475
-0.437256
-0.198608
-0.192993
-0.163818
-0.137939
-0.174316
-0.197144
-0.368408
0.132202
-0.338867
-0.233643
-0.112366
-0.320068
-0.321777
-0.165039
-0.308594
-0.283936
-0.244019
-0.083435
-0.185791
-0.296631
-0.249268
0.066284
-0.256836
0.030548
-0.165527
-0.275391
-0.167969
-0.058868
-0.223022
-0.080627
-0.140015
-0.231445
-0.127930
-0.251953
-0.239746
0.019226
-0.285645
-0.146240
-0.242310
0.005730
-0.014221
-0.372314
-0.268555
-0.285645
-0.303711
-0.093933
-0.203125
-0.249390
-0.204956
-0.307617
-0.317139
-0.036255
-0.162231
-0.422363
0.029755
-0.280762
-0.246460
-0.332520
-0.173340
-0.073059
-0.202271
-0.312256
-0.342529
-0.298096
-0.320557
-0.037079
-0.156738
-0.313232
-0.328613
-0.207153
0.018936
-0.036987
-0.237549
0.035126
0.003929
-0.004196
-0.245605
-0.384766
-0.132690
-0.220459
-0.193604
-0.436523
0.000012
-0.015488
-0.397461
-0.200806
-0.328369
-0.124695
-0.292725
-0.255859
-0.336426
-0.297119
-0.155273
-0.299805
-0.363281
-0.275879
-0.176147
-0.491699
-0.009186
-0.129639
-0.366211
-0.327637
-0.258789
-0.466797
-0.297852
-0.439209
-0.258789
-0.373779
-0.468506
-0.315674
-0.377686
-0.375488
-0.284668
-0.413330
-0.110962
-0.116394
-0.182983
-0.430420
-0.301514
-0.482910
-0.273193
-0.291748
-0.106079
-0.354004
-0.075256
-0.409668
-0.315918
-0.306396
-0.269287
-0.211426
-0.378906
-0.292969
-0.368896
-0.459473
-0.344727
-0.299805
-0.387939
-0.456543
-0.382568
-0.379639
-0.226685
-0.276367
-0.113525
-0.146851
-0.283691
-0.285400
-0.102234
-0.290283
-0.067566
-0.299316
-0.391602
-0.131470
-0.405273
-0.293945
-0.370361
-0.416504
-0.352539
-0.339355
-0.220215
-0.285156
-0.037811
-0.076843
-0.414062
-0.421387
-0.247314
-0.181274
0.003187
-0.252441
-0.096375
-0.243286
-0.462891
-0.363525
-0.310059
-0.302734
-0.031189
-0.202271
-0.379639
-0.103271
-0.321289
-0.161011
-0.160400
-0.136719
-0.353271
-0.370117
0.011658
-0.381836
-0.384277
0.068298
0.132446
-0.400146
-0.258057
-0.431885
-0.191406
-0.169189
-0.164185
-0.135132
-0.165649
-0.190430
-0.366943
0.135742
-0.332520
-0.229248
-0.106628
0.097168
-0.322021
-0.152588
-0.301025
-0.278564
-0.240234
-0.075378
-0.178223
-0.294434
-0.244385
0.070801
-0.250732
0.035187
-0.161865
-0.273926
-0.156982
-0.061371
-0.219971
-0.078918
-0.136230
-0.225830
-0.117310
-0.245972
-0.236206
0.027069
-0.280273
-0.140381
-0.235352
0.008484
-0.008499
-0.365967
-0.261230
-0.278564
-0.295898
-0.091797
-0.192749
-0.240967
-0.174194
-0.299072
-0.308838
-0.033478
-0.155151
-0.416748
0.039490
-0.275635
-0.246460
-0.327393
-0.163452
-0.064514
-0.198364
-0.308838
-0.335205
-0.290527
-0.310791
-0.033051
-0.148804
-0.308350
-0.321289
-0.198975
0.018661
-0.030365
-0.232300
0.039673
0.006733
0.002331
-0.238403
-0.378418
-0.123230
-0.220093
-0.192383
-0.428955
0.005665
-0.008858
-0.390381
-0.199219
-0.323975
-0.115601
-0.304443
-0.244751
-0.336914
-0.295654
-0.134644
-0.293945
-0.349609
-0.273926
-0.176392
-0.483887
-0.011406
-0.138916
-0.356934
-0.324463
-0.255127
-0.457520
-0.287842
-0.433105
-0.250977
-0.367432
-0.455078
-0.304688
-0.368164
-0.358643
-0.283936
-0.410156
-0.089661
-0.093872
-0.182617
-0.420898
-0.304932
-0.469971
-0.266357
-0.284668
-0.085205
-0.343018
-0.059235
-0.397461
-0.310791
-0.294922
-0.271484
-0.210938
-0.376465
-0.291016
-0.355225
-0.451660
-0.338867
-0.295166
-0.382812
-0.451660
-0.371826
-0.381348
-0.220337
-0.274414
-0.116516
-0.150635
-0.268799
-0.274170
-0.104553
-0.280273
-0.062439
-0.296631
-0.385010
-0.127319
-0.397949
-0.287109
-0.366699
-0.413818
-0.341064
-0.330322
-0.209106
-0.265381
-0.033325
-0.098267
-0.409424
-0.413818
-0.242798
-0.180908
0.003115
-0.252441
-0.084595
-0.240845
-0.454102
-0.353516
-0.290771
-0.296875
-0.012947
-0.197754
-0.369629
-0.092773
-0.317871
-0.150269
-0.161133
-0.132202
-0.350586
-0.366455
0.025131
-0.371582
-0.364746
0.092285
0.142334
-0.396484
-0.254639
-0.422852
-0.187256
-0.152588
-0.169434
-0.123596
-0.147827
-0.172119
-0.366699
0.130371
-0.312500
-0.225220
-0.101257
0.306641
-0.327637
-0.135376
-0.297363
-0.262939
-0.238037
-0.053833
-0.144287
-0.289795
-0.237915
0.069641
-0.243530
0.038361
-0.142090
-0.266846
-0.142090
-0.061401
-0.210449
-0.073242
-0.126953
-0.219360
-0.096069
-0.225342
-0.229614
0.044006
-0.278564
-0.123840
-0.221924
-0.001043
-0.006935
-0.354980
-0.242676
-0.266357
-0.281250
-0.093201
-0.180176
-0.234985
-0.161133
-0.273682
-0.291748
-0.031830
-0.136597
-0.407227
0.066711
-0.269531
-0.259033
-0.316406
-0.150757
-0.038513
-0.198975
-0.306152
-0.322754
-0.278564
-0.282227
-0.020935
-0.149780
-0.308594
-0.300537
-0.193237
0.018570
-0.019073
-0.226074
0.057007
0.021439
0.015732
-0.225220
-0.367920
-0.097595
-0.218994
-0.186890
-0.406006
0.029526
0.007267
-0.384521
-0.203735
-0.321777
-0.116333
-0.304443
-0.239868
-0.335449
-0.291260
-0.134277
-0.294189
-0.345703
-0.271484
-0.174316
-0.479248
-0.011703
-0.137329
-0.353760
-0.320801
-0.252441
-0.454346
-0.284424
-0.430908
-0.249634
-0.363770
-0.450928
-0.305908
-0.361816
-0.351807
-0.281250
-0.409180
-0.086243
-0.085693
-0.183350
-0.420654
-0.302002
-0.461426
-0.261719
-0.286621
-0.074341
-0.340332
-0.058197
-0.392578
-0.306396
-0.290283
-0.271484
-0.210205
-0.373047
-0.287842
-0.350342
-0.447754
-0.334717
-0.291748
-0.376953
-0.447510
-0.366699
-0.379395
-0.219238
-0.269287
-0.115601
-0.146606
-0.268311
-0.267090
-0.106079
-0.278564
-0.057953
-0.293945
-0.383301
-0.126343
-0.394531
-0.284912
-0.363037
-0.410156
-0.335449
-0.325439
-0.210693
-0.261475
-0.036133
-0.099060
-0.405273
-0.410645
-0.237671
-0.176147
-0.001947
-0.249146
-0.085571
-0.237915
-0.449463
-0.350342
-0.287842
-0.291992
-0.010849
-0.193481
-0.366211
-0.090637
-0.316406
-0.147949
-0.157959
-0.125732
-0.347168
-0.364990
0.023834
-0.366211
-0.359619
0.097229
0.138184
-0.392090
-0.250732
-0.416748
-0.189209
-0.154419
-0.166382
-0.118774
-0.143311
-0.167603
-0.364258
0.126953
-0.304688
-0.221802
-0.098938
-0.023315
-0.324219
-0.129761
-0.291504
-0.261230
-0.233643
-0.052277
-0.139771
-0.284668
-0.231079
0.065247
-0.237671
0.039093
-0.138672
-0.264648
-0.140625
-0.055206
-0.204346
-0.068665
-0.128906
-0.216187
-0.091553
-0.222534
-0.224854
0.046173
-0.278076
-0.122559
-0.217041
-0.000200
-0.006630
-0.353760
-0.238159
-0.262207
-0.278809
-0.094299
-0.177490
-0.231445
-0.162964
-0.265869
-0.289307
-0.033752
-0.132324
-0.403809
0.071655
-0.264160
-0.260742
-0.312012
-0.148193
-0.033569
-0.196899
-0.299805
-0.319824
-0.271484
-0.273682
-0.018402
-0.152100
-0.304199
-0.296387
-0.190674
0.022552
-0.016678
-0.225220
0.058044
0.024826
0.015358
-0.220825
-0.362549
-0.094299
-0.214966
-0.186768
-0.396484
0.032928
0.007542
-0.378906
-0.205200
-0.321533
-0.116272
-0.308350
-0.238525
-0.335205
-0.288574
-0.129761
-0.292969
-0.342529
-0.269775
-0.173584
-0.477783
-0.014763
-0.136597
-0.353027
-0.316406
-0.249146
-0.454102
-0.283203
-0.430176
-0.248047
-0.361816
-0.449219
-0.302734
-0.360107
-0.346924
-0.284668
-0.407715
-0.084106
-0.082214
-0.183350
-0.418701
-0.300781
-0.455811
-0.257812
-0.288086
-0.070862
-0.338623
-0.053101
-0.389893
-0.303223
-0.285645
-0.272949
-0.209595
-0.370605
-0.286377
-0.347900
-0.445557
-0.328857
-0.290527
-0.375244
-0.445557
-0.363037
-0.378906
-0.216064
-0.267334
-0.118225
-0.143311
-0.267334
-0.264893
-0.103699
-0.277588
-0.059326
-0.295898
-0.382568
-0.125122
-0.394287
-0.282227
-0.358398
-0.409668
-0.332031
-0.322998
-0.206665
-0.259521
-0.033905
-0.100098
-0.404297
-0.409180
-0.236572
-0.177246
-0.000272
-0.251465
-0.078552
-0.242188
-0.447998
-0.348145
-0.282715
-0.291260
-0.006191
-0.191528
-0.363281
-0.086182
-0.315674
-0.142578
-0.156616
-0.124695
-0.345459
-0.364746
0.029648
-0.364014
-0.356201
0.105286
0.139282
-0.391602
-0.249023
-0.414307
-0.189087
-0.121399
-0.164551
-0.117981
-0.135864
-0.164795
-0.361328
0.124268
-0.300781
-0.221680
-0.098083
0.084229
-0.324707
-0.124023
-0.290771
-0.259521
-0.232178
-0.049194
-0.131226
-0.282471
-0.229004
0.063782
-0.235962
0.040588
-0.136108
-0.261230
-0.137329
-0.049591
-0.199463
-0.064453
-0.128784
-0.213379
-0.085938
-0.220337
-0.221802
0.051697
-0.274902
-0.115784
-0.213013
-0.001577
-0.002178
-0.351318
-0.233765
-0.260986
-0.276855
-0.094666
-0.172119
-0.228394
-0.144043
-0.259033
-0.285645
-0.031738
-0.128296
-0.401367
0.078369
-0.262695
-0.263184
-0.309326
-0.145874
-0.029739
-0.197510
-0.296143
-0.316406
-0.270264
-0.266602
-0.020187
-0.149780
-0.303955
-0.292725
-0.187988
0.024826
-0.015060
-0.226807
0.064148
0.030228
0.019882
-0.218994
-0.359863
-0.092224
-0.212158
-0.182495
-0.390625
0.039490
0.009491
-0.378906
-0.206177
-0.324707
-0.134277
-0.308594
-0.247681
-0.333008
-0.285889
-0.139526
-0.299072
-0.350342
-0.270508
-0.175781
-0.484131
-0.021271
-0.127808
-0.360596
-0.315186
-0.254639
-0.459717
-0.289062
-0.434814
-0.254150
-0.367676
-0.454590
-0.310791
-0.362793
-0.352051
-0.288574
-0.411133
-0.102234
-0.093445
-0.186890
-0.426758
-0.299805
-0.460938
-0.258789
-0.294434
-0.079163
-0.347900
-0.053406
-0.398438
-0.306885
-0.285645
-0.267578
-0.209595
-0.371826
-0.287598
-0.353271
-0.446777
-0.326660
-0.295654
-0.371582
-0.447266
-0.371094
-0.376709
-0.218628
-0.265625
-0.121277
-0.137573
-0.274170
-0.270264
-0.095703
-0.281982
-0.068237
-0.306152
-0.388672
-0.128418
-0.395508
-0.281006
-0.360596
-0.413330
-0.340088
-0.328125
-0.215454
-0.265381
-0.036560
-0.091980
-0.408936
-0.417480
-0.238037
-0.181152
0.002697
-0.254883
-0.085327
-0.253174
-0.451904
-0.355957
-0.290039
-0.296387
-0.016174
-0.191772
-0.370605
-0.096008
-0.315186
-0.146118
-0.152344
-0.129761
-0.348145
-0.367920
0.024414
-0.366699
-0.367188
0.092834
0.130981
-0.396729
-0.249512
-0.421875
-0.193237
-0.112244
-0.154297
-0.123657
-0.135376
-0.177368
-0.359131
0.122070
-0.308105
-0.229370
-0.107544
-0.000044
-0.325439
-0.127563
-0.292725
-0.265869
-0.228516
-0.059235
-0.141968
-0.284424
-0.230469
0.062561
-0.239258
0.041138
-0.145630
-0.263672
-0.150391
-0.041473
-0.203369
-0.061554
-0.136108
-0.214844
-0.093994
-0.233276
-0.222046
0.035828
-0.271973
-0.124512
-0.218628
-0.002815
0.009682
-0.358887
-0.237183
-0.269043
-0.289795
-0.095032
-0.180054
-0.230469
-0.144043
-0.271729
-0.294922
-0.034332
-0.137329
-0.408936
0.062744
-0.272705
-0.258789
-0.313721
-0.152222
-0.043304
-0.196777
-0.289307
-0.318848
-0.280273
-0.281250
-0.027695
-0.143188
-0.301270
-0.303711
-0.189697
0.021393
-0.025909
-0.237671
0.061157
0.031738
0.018311
-0.230713
-0.362305
-0.105408
-0.218506
-0.184082
-0.398682
0.032043
0.004395
-0.384033
-0.207153
-0.326416
-0.127319
-0.310303
-0.247192
-0.335938
-0.293701
-0.143555
-0.299561
-0.350098
-0.275146
-0.185059
-0.485352
-0.019318
-0.132812
-0.360840
-0.312256
-0.263184
-0.463623
-0.290771
-0.434326
-0.256592
-0.365479
-0.459473
-0.309326
-0.366455
-0.361328
-0.288574
-0.410889
-0.100586
-0.099060
-0.185791
-0.429932
-0.303223
-0.465820
-0.262939
-0.295898
-0.089050
-0.352295
-0.060638
-0.403320
-0.314941
-0.295898
-0.271729
-0.211426
-0.375977
-0.286621
-0.359863
-0.454834
-0.335693
-0.296143
-0.381348
-0.450928
-0.376465
-0.381348
-0.220459
-0.270020
-0.118652
-0.148315
-0.278076
-0.273682
-0.110596
-0.285156
-0.066589
-0.305420
-0.391602
-0.134277
-0.399658
-0.287109
-0.360107
-0.416504
-0.345215
-0.332275
-0.213623
-0.278320
-0.033997
-0.091248
-0.410889
-0.418701
-0.245483
-0.179443
0.001061
-0.255371
-0.089111
-0.248047
-0.457520
-0.361084
-0.294189
-0.298828
-0.019577
-0.193237
-0.372803
-0.102600
-0.328369
-0.148804
-0.156738
-0.131958
-0.353027
-0.374512
0.017685
-0.379639
-0.375732
0.080872
0.135986
-0.398682
-0.257324
-0.426270
-0.191040
-0.094055
-0.162231
-0.133545
-0.153076
-0.186401
-0.365234
0.120605
-0.313232
-0.230103
-0.107910
-0.168823
-0.319092
-0.130859
-0.300537
-0.265869
-0.237671
-0.067749
-0.154907
-0.287109
-0.236450
0.066040
-0.242310
0.034454
-0.152954
-0.270752
-0.156494
-0.054077
-0.212891
-0.073364
-0.139648
-0.221680
-0.100281
-0.234131
-0.228516
0.041901
-0.277100
-0.137085
-0.224121
0.000773
0.001284
-0.363770
-0.251221
-0.277832
-0.297119
-0.096252
-0.180420
-0.236816
-0.141724
-0.279785
-0.303467
-0.034180
-0.146362
-0.410889
0.054291
-0.271973
-0.254639
-0.327148
-0.161621
-0.051086
-0.198486
-0.301025
-0.325684
-0.287842
-0.296387
-0.027359
-0.141357
-0.310547
-0.314941
-0.197876
0.008362
-0.025452
-0.233521
0.045624
0.016449
0.014381
-0.232056
-0.373535
-0.112488
-0.221802
-0.197876
-0.408447
0.022186
-0.003941
-0.387451
-0.211304
-0.329102
-0.121826
-0.312256
-0.248779
-0.340088
-0.301270
-0.141968
-0.296387
-0.353516
-0.278809
-0.188965
-0.488525
-0.019897
-0.142212
-0.363037
-0.322754
-0.264160
-0.465820
-0.290039
-0.434814
-0.258789
-0.368896
-0.464355
-0.308594
-0.367920
-0.370117
-0.289062
-0.415527
-0.090698
-0.103577
-0.185425
-0.434082
-0.305908
-0.470947
-0.270264
-0.296387
-0.096924
-0.350830
-0.066650
-0.405518
-0.321045
-0.304199
-0.280029
-0.211182
-0.376953
-0.286865
-0.363281
-0.462646
-0.346924
-0.299316
-0.391602
-0.453613
-0.378174
-0.380859
-0.227539
-0.276855
-0.116699
-0.160156
-0.283691
-0.276367
-0.120728
-0.291748
-0.063965
-0.305420
-0.389893
-0.139282
-0.405273
-0.287842
-0.366943
-0.421143
-0.347900
-0.331299
-0.215454
-0.285400
-0.038635
-0.099121
-0.413086
-0.418457
-0.250977
-0.182617
-0.005741
-0.253418
-0.096191
-0.241699
-0.458984
-0.360107
-0.300781
-0.300049
-0.023560
-0.198242
-0.371582
-0.106384
-0.335938
-0.151123
-0.165771
-0.134033
-0.351807
-0.382324
0.011261
-0.388184
-0.380859
0.076904
0.135376
-0.393066
-0.267334
-0.426514
-0.192627
-0.134277
-0.171753
-0.138672
-0.166626
-0.190186
-0.374268
0.121643
-0.314453
-0.230103
-0.110657
-0.197144
-0.325195
-0.140625
-0.309082
-0.264648
-0.244751
-0.070557
-0.158203
-0.287109
-0.238647
0.068298
-0.244995
0.021606
-0.159058
-0.272217
-0.160645
-0.061493
-0.219238
-0.078186
-0.143066
-0.227417
-0.111450
-0.238770
-0.231201
0.043640
-0.283447
-0.139160
-0.234009
-0.005325
-0.005249
-0.364990
-0.258545
-0.279541
-0.297607
-0.096863
-0.183716
-0.243164
-0.170654
-0.290039
-0.312256
-0.034515
-0.155151
-0.409912
0.052155
-0.264160
-0.257568
-0.333984
-0.166992
-0.052856
-0.202759
-0.310303
-0.329102
-0.286377
-0.305664
-0.029373
-0.149902
-0.315430
-0.321533
-0.202393
-0.001363
-0.024673
-0.234253
0.038208
0.012970
0.011887
-0.235474
-0.380371
-0.119446
-0.220825
-0.205688
-0.412842
0.015419
-0.010498
-0.393066
-0.211304
-0.328613
-0.120422
-0.313965
-0.245728
-0.341797
-0.303223
-0.137451
-0.290771
-0.351562
-0.279297
-0.191528
-0.485352
-0.022842
-0.147339
-0.361328
-0.323975
-0.256104
-0.465332
-0.287842
-0.430176
-0.257568
-0.365479
-0.461670
-0.300049
-0.364746
-0.366699
-0.288818
-0.416748
-0.075317
-0.102112
-0.186279
-0.430908
-0.305908
-0.467041
-0.267822
-0.296143
-0.100464
-0.344971
-0.062408
-0.400635
-0.318359
-0.306152
-0.286865
-0.209351
-0.376953
-0.283691
-0.361084
-0.463623
-0.348145
-0.293945
-0.394287
-0.452393
-0.375488
-0.382080
-0.228760
-0.277588
-0.115967
-0.163574
-0.283936
-0.274170
-0.121521
-0.288818
-0.059570
-0.305908
-0.388184
-0.137207
-0.406494
-0.282715
-0.362305
-0.419678
-0.343018
-0.322998
-0.211060
-0.281250
-0.037506
-0.104187
-0.411133
-0.414062
-0.245239
-0.185913
-0.007687
-0.251465
-0.095032
-0.240967
-0.457275
-0.358398
-0.298584
-0.297852
-0.019867
-0.199463
-0.370117
-0.104248
-0.338379
-0.143555
-0.173950
-0.138062
-0.344482
-0.383301
0.012497
-0.384766
-0.380615
0.084961
0.135742
-0.385986
-0.270264
-0.420654
-0.198730
-0.141968
-0.174927
-0.136230
-0.168945
-0.185059
-0.378662
0.125488
-0.305664
-0.225952
-0.112244
-0.245117
-0.329590
-0.138672
-0.311768
-0.260498
-0.243408
-0.068237
-0.154297
-0.286133
-0.234985
0.074341
-0.244995
0.011879
-0.154419
-0.267822
-0.159058
-0.056915
-0.218872
-0.078491
-0.145264
-0.226318
-0.111450
-0.238647
-0.230591
0.050751
-0.279297
-0.133911
-0.233887
-0.012970
-0.004456
-0.361572
-0.254639
-0.272705
-0.292725
-0.096802
-0.181519
-0.244385
-0.179321
-0.285400
-0.307373
-0.027435
-0.154785
-0.402588
0.059448
-0.253174
-0.261475
-0.333008
-0.172485
-0.044281
-0.205078
-0.308350
-0.327393
-0.278809
-0.295410
-0.024948
-0.155029
-0.312744
-0.318115
-0.206543
0.000013
-0.019241
-0.231567
0.035187
0.017029
0.013306
-0.229492
-0.381592
-0.120361
-0.215698
-0.204590
-0.409424
0.015854
-0.010582
-0.393311
-0.214355
-0.324219
-0.121033
-0.312500
-0.239746
-0.338623
-0.298584
-0.134399
-0.287842
-0.347168
-0.277344
-0.190063
-0.477295
-0.019791
-0.149048
-0.355957
-0.322754
-0.249878
-0.458496
-0.282471
-0.425293
-0.254395
-0.359863
-0.453613
-0.295410
-0.356201
-0.357422
-0.285889
-0.415527
-0.062927
-0.091858
-0.183228
-0.425049
-0.302979
-0.460449
-0.264404
-0.290283
-0.089355
-0.338379
-0.061707
-0.393311
-0.314697
-0.299561
-0.286133
-0.206299
-0.372070
-0.281982
-0.355225
-0.457275
-0.344971
-0.289551
-0.389893
-0.445801
-0.368896
-0.378418
-0.228882
-0.276367
-0.114014
-0.163696
-0.280029
-0.266357
-0.126221
-0.284912
-0.052917
-0.300781
-0.383545
-0.134521
-0.400391
-0.278320
-0.358643
-0.415527
-0.336426
-0.315186
-0.207764
-0.274170
-0.037567
-0.106934
-0.406738
-0.407227
-0.238159
-0.183472
-0.010139
-0.246704
-0.091858
-0.237793
-0.449951
-0.351562
-0.292725
-0.292725
-0.013786
-0.197144
-0.362793
-0.098755
-0.335449
-0.139893
-0.172729
-0.134521
-0.337158
-0.378662
0.014023
-0.379883
-0.372559
0.094360
0.134521
-0.379883
-0.265869
-0.409668
-0.195923
-0.155273
-0.176636
-0.129272
-0.165039
-0.177246
-0.374023
0.124939
-0.296875
-0.219238
-0.109192
-0.307373
-0.328125
-0.130249
-0.305908
-0.254639
-0.238525
-0.062683
-0.147217
-0.282227
-0.227539
0.071594
-0.242065
0.010147
-0.148193
-0.262451
-0.152466
-0.052246
-0.214233
-0.076599
-0.142944
-0.220947
-0.103271
-0.230713
-0.225708
0.055817
-0.276123
-0.129883
-0.228149
-0.015053
-0.002434
-0.355957
-0.248901
-0.267090
-0.284912
-0.094910
-0.174805
-0.240601
-0.174316
-0.274902
-0.299805
-0.026642
-0.148315
-0.394043
0.070984
-0.244751
-0.264404
-0.325684
-0.167847
-0.032379
-0.204712
-0.303467
-0.320557
-0.268555
-0.282227
-0.019974
-0.154907
-0.306641
-0.310303
-0.203857
0.006180
-0.013649
-0.225708
0.036530
0.023178
0.012756
-0.221802
-0.374268
-0.114990
-0.211060
-0.201782
-0.397217
0.019714
-0.010178
-0.387939
-0.216064
-0.325195
-0.122620
-0.312256
-0.241455
-0.338623
-0.298340
-0.137451
-0.287842
-0.349609
-0.278076
-0.189575
-0.478027
-0.021393
-0.148438
-0.356201
-0.322998
-0.249512
-0.461182
-0.283691
-0.426758
-0.256104
-0.361084
-0.455566
-0.295166
-0.357910
-0.360107
-0.287598
-0.414062
-0.065796
-0.095093
-0.183472
-0.426514
-0.302734
-0.462402
-0.265381
-0.290771
-0.090820
-0.340576
-0.060547
-0.394775
-0.316406
-0.302246
-0.286865
-0.205933
-0.372803
-0.282715
-0.356689
-0.458496
-0.344971
-0.289551
-0.390381
-0.447021
-0.371826
-0.379395
-0.228394
-0.277588
-0.113281
-0.166016
-0.280518
-0.270020
-0.124268
-0.287109
-0.053406
-0.302002
-0.385010
-0.133789
-0.402344
-0.278564
-0.360596
-0.416504
-0.339600
-0.315918
-0.207764
-0.276123
-0.037354
-0.105896
-0.407715
-0.408447
-0.238647
-0.184082
-0.010048
-0.247559
-0.091736
-0.239136
-0.450928
-0.353516
-0.293701
-0.293457
-0.013832
-0.199219
-0.364258
-0.100220
-0.335693
-0.140747
-0.173584
-0.135376
-0.337158
-0.378906
0.013893
-0.380859
-0.376709
0.092834
0.134644
-0.382812
-0.267334
-0.410400
-0.198242
-0.157837
-0.176392
-0.132202
-0.166138
-0.178589
-0.373291
0.125854
-0.299072
-0.220459
-0.110779
-0.274658
-0.326172
-0.132812
-0.307861
-0.255127
-0.238159
-0.066162
-0.151123
-0.282959
-0.228882
0.073425
-0.242188
0.010612
-0.148438
-0.262939
-0.154785
-0.050659
-0.214966
-0.076416
-0.143921
-0.221558
-0.104187
-0.233398
-0.224976
0.055206
-0.275635
-0.130981
-0.227783
-0.016205
-0.001001
-0.355469
-0.253418
-0.269775
-0.285400
-0.094421
-0.177368
-0.242920
-0.174438
-0.277832
-0.302002
-0.026276
-0.150757
-0.395264
0.069946
-0.245239
-0.263184
-0.329346
-0.171753
-0.033813
-0.204834
-0.306396
-0.323486
-0.271973
-0.284424
-0.019089
-0.155273
-0.306885
-0.312256
-0.204468
0.008400
-0.016205
-0.226807
0.033600
0.024429
0.010719
-0.225220
-0.376953
-0.118408
-0.210938
-0.202759
-0.400635
0.017929
-0.009224
-0.389893
-0.216553
-0.329102
-0.124939
-0.309326
-0.246094
-0.341797
-0.302979
-0.139160
-0.290771
-0.355957
-0.279541
-0.189575
-0.485352
-0.022705
-0.145264
-0.360352
-0.323242
-0.256836
-0.464355
-0.288818
-0.428467
-0.260498
-0.364502
-0.461426
-0.299805
-0.365234
-0.370850
-0.290527
-0.414062
-0.077698
-0.104797
-0.181885
-0.430908
-0.303223
-0.470947
-0.268311
-0.292969
-0.102356
-0.347900
-0.063843
-0.400391
-0.319824
-0.309326
-0.286133
-0.207153
-0.377197
-0.286377
-0.363037
-0.464355
-0.349854
-0.293945
-0.393066
-0.450439
-0.377686
-0.381836
-0.229492
-0.280029
-0.113586
-0.168823
-0.284424
-0.280273
-0.117371
-0.293701
-0.058319
-0.303955
-0.389160
-0.136475
-0.407715
-0.282715
-0.365234
-0.418945
-0.345947
-0.323486
-0.211670
-0.282715
-0.036926
-0.102295
-0.411377
-0.413818
-0.243652
-0.185791
-0.008568
-0.250244
-0.094299
-0.239136
-0.455322
-0.357422
-0.297607
-0.298096
-0.018280
-0.201294
-0.370361
-0.104553
-0.337402
-0.141968
-0.174316
-0.139282
-0.340820
-0.381592
0.009132
-0.388184
-0.384277
0.080322
0.132812
-0.385010
-0.270996
-0.419922
-0.199341
-0.145142
-0.174316
-0.137695
-0.170166
-0.189331
-0.375732
0.124756
-0.310303
-0.226685
-0.111633
-0.056213
-0.325195
-0.140991
-0.312256
-0.258789
-0.243164
-0.073120
-0.161987
-0.288086
-0.237671
0.075867
-0.243042
0.010780
-0.155762
-0.269531
-0.162842
-0.058197
-0.220581
-0.080627
-0.145386
-0.225098
-0.113098
-0.241333
-0.228394
0.049133
-0.277832
-0.136841
-0.236938
-0.017654
-0.001634
-0.358887
-0.262695
-0.275146
-0.293945
-0.095276
-0.181763
-0.245605
-0.168823
-0.290283
-0.312012
-0.025726
-0.158325
-0.400635
0.058258
-0.249390
-0.258057
-0.334229
-0.177246
-0.047485
-0.205688
-0.309814
-0.328857
-0.281250
-0.301025
-0.025238
-0.154907
-0.308838
-0.322266
-0.207642
0.003582
-0.024536
-0.233521
0.027557
0.020462
0.007526
-0.234131
-0.384766
-0.127563
-0.212891
-0.206055
-0.413330
0.009964
-0.013184
-0.394043
-0.215210
-0.330078
-0.130249
-0.304932
-0.251953
-0.342529
-0.300537
-0.148926
-0.298340
-0.359863
-0.279053
-0.185425
-0.491699
-0.021027
-0.138184
-0.364258
-0.321289
-0.263428
-0.468994
-0.295410
-0.434570
-0.263428
-0.370850
-0.466309
-0.310547
-0.373535
-0.378174
-0.293213
-0.415039
-0.100769
-0.114929
-0.183838
-0.432617
-0.302490
-0.478271
-0.274170
-0.297119
-0.104126
-0.358154
-0.070679
-0.409180
-0.322266
-0.310547
-0.278076
-0.213745
-0.380127
-0.291016
-0.369141
-0.464600
-0.348145
-0.300293
-0.393799
-0.454834
-0.383789
-0.383057
-0.228516
-0.277832
-0.116028
-0.161499
-0.287598
-0.286621
-0.110962
-0.296143
-0.065979
-0.305664
-0.394043
-0.138794
-0.410156
-0.291016
-0.370850
-0.418945
-0.351807
-0.333984
-0.216553
-0.286865
-0.038208
-0.093994
-0.415771
-0.422852
-0.249023
-0.184448
-0.005070
-0.255371
-0.098694
-0.244751
-0.460205
-0.363525
-0.305908
-0.304199
-0.027222
-0.203003
-0.377197
-0.109375
-0.334229
-0.150513
-0.168823
-0.139282
-0.351074
-0.380371
0.004982
-0.390625
-0.387939
0.065491
0.127930
-0.394287
-0.266846
-0.430664
-0.195190
-0.135132
-0.167725
-0.138428
-0.169189
-0.197021
-0.373047
0.123474
-0.324951
-0.232300
-0.112427
-0.136475
-0.321045
-0.149536
-0.309814
-0.267090
-0.245728
-0.078918
-0.171631
-0.294678
-0.244995
0.070984
-0.244873
0.018890
-0.164062
-0.274414
-0.166260
-0.061981
-0.223511
-0.082153
-0.143555
-0.229004
-0.117981
-0.248047
-0.232300
0.032654
-0.282715
-0.142578
-0.240356
-0.009262
-0.007786
-0.364258
-0.265869
-0.284424
-0.301514
-0.096008
-0.190552
-0.245483
-0.171265
-0.296875
-0.318604
-0.031525
-0.162109
-0.413086
0.044128
-0.266113
-0.251709
-0.334473
-0.178345
-0.062134
-0.205811
-0.311523
-0.335205
-0.290283
-0.316406
-0.031586
-0.151123
-0.312012
-0.329590
-0.207153
0.003244
-0.032440
-0.239380
0.027893
0.014191
0.003683
-0.242188
-0.385010
-0.131958
-0.218018
-0.204468
-0.422852
0.004784
-0.014687
-0.395264
-0.211670
-0.330078
-0.133667
-0.300537
-0.256348
-0.339355
-0.299561
-0.155396
-0.301758
-0.364990
-0.279785
-0.181885
-0.494141
-0.018936
-0.134888
-0.365723
-0.326660
-0.261963
-0.472656
-0.297119
-0.438232
-0.266113
-0.375488
-0.469971
-0.315918
-0.376709
-0.381592
-0.293945
-0.416504
-0.109070
-0.117493
-0.184326
-0.437500
-0.301270
-0.481934
-0.277832
-0.297363
-0.104736
-0.362793
-0.072266
-0.415527
-0.322754
-0.311035
-0.272949
-0.213501
-0.379883
-0.293945
-0.370117
-0.464111
-0.347900
-0.301758
-0.393555
-0.455322
-0.386230
-0.380859
-0.229248
-0.275879
-0.117859
-0.155884
-0.290283
-0.288574
-0.106628
-0.296143
-0.067810
-0.306641
-0.397461
-0.139893
-0.411865
-0.293213
-0.374512
-0.420410
-0.353760
-0.337402
-0.221436
-0.286621
-0.039703
-0.091492
-0.417725
-0.425781
-0.251221
-0.187500
-0.002769
-0.255371
-0.101562
-0.248291
-0.462158
-0.366455
-0.312256
-0.305908
-0.033234
-0.204346
-0.381104
-0.109680
-0.331787
-0.156738
-0.166382
-0.139038
-0.356445
-0.379639
0.003407
-0.389160
-0.390625
0.061401
0.123718
-0.397705
-0.265381
-0.435547
-0.194580
-0.156982
-0.164551
-0.137939
-0.169678
-0.199585
-0.373047
0.126099
-0.331299
-0.234863
-0.112793
-0.175781
-0.323975
-0.156128
-0.307617
-0.270996
-0.245239
-0.081848
-0.176758
-0.296875
-0.250244
0.067688
-0.248657
0.021790
-0.168701
-0.275146
-0.166992
-0.063110
-0.224487
-0.080933
-0.144653
-0.231812
-0.119812
-0.250732
-0.235840
0.025970
-0.284912
-0.143188
-0.240967
-0.008102
-0.008736
-0.368896
-0.266846
-0.283203
-0.305176
-0.096497
-0.197021
-0.245972
-0.179321
-0.303711
-0.322510
-0.034088
-0.162354
-0.418457
0.034637
-0.273682
-0.250732
-0.333984
-0.176758
-0.068848
-0.203003
-0.311035
-0.339844
-0.293945
-0.322754
-0.035217
-0.151733
-0.313232
-0.332520
-0.203003
0.001133
-0.035553
-0.241089
0.029587
0.012817
0.003403
-0.247314
-0.385010
-0.131348
-0.220703
-0.200562
-0.426758
0.003227
-0.014908
-0.395264
-0.207886
-0.329346
-0.130981
-0.302246
-0.256836
-0.342041
-0.302246
-0.148071
-0.297607
-0.363037
-0.281006
-0.180298
-0.494385
-0.023422
-0.140015
-0.366211
-0.328125
-0.254395
-0.472900
-0.295166
-0.434814
-0.269043
-0.375488
-0.469727
-0.306396
-0.378418
-0.385498
-0.296387
-0.417236
-0.097778
-0.119812
-0.184326
-0.435059
-0.303223
-0.479004
-0.277344
-0.299072
-0.114685
-0.357178
-0.067078
-0.412842
-0.323486
-0.315674
-0.281982
-0.209839
-0.379883
-0.293213
-0.368896
-0.467529
-0.349121
-0.300781
-0.399902
-0.455811
-0.384033
-0.380615
-0.230713
-0.277588
-0.117981
-0.158569
-0.293213
-0.291992
-0.104248
-0.299072
-0.066162
-0.307861
-0.395996
-0.135254
-0.414307
-0.287109
-0.374268
-0.422607
-0.353271
-0.334717
-0.218384
-0.285156
-0.038208
-0.096252
-0.416016
-0.421631
-0.247559
-0.194702
-0.001538
-0.252441
-0.103638
-0.246460
-0.462402
-0.365967
-0.308838
-0.302246
-0.035248
-0.207886
-0.381592
-0.109497
-0.335449
-0.149170
-0.175659
-0.146851
-0.350830
-0.382080
0.003887
-0.389404
-0.395264
0.066650
0.124634
-0.388428
-0.271484
-0.435059
-0.198608
-0.147095
-0.169678
-0.143433
-0.170532
-0.198730
-0.377197
0.131714
-0.329590
-0.232422
-0.114258
-0.186157
-0.330811
-0.158325
-0.312012
-0.272461
-0.244141
-0.080078
-0.177856
-0.296387
-0.247314
0.073853
-0.250977
0.013344
-0.166504
-0.272705
-0.167969
-0.059906
-0.226685
-0.080688
-0.147461
-0.231445
-0.126343
-0.253174
-0.238403
0.032196
-0.279785
-0.136230
-0.246826
-0.018356
-0.005707
-0.365723
-0.267578
-0.278564
-0.303223
-0.097595
-0.193726
-0.247925
-0.174683
-0.306885
-0.322754
-0.026489
-0.164307
-0.410889
0.037415
-0.258057
-0.252930
-0.334473
-0.182007
-0.065552
-0.204346
-0.311768
-0.339844
-0.287598
-0.319824
-0.035675
-0.149902
-0.312256
-0.334229
-0.204468
-0.002626
-0.035065
-0.240967
0.024460
0.014824
0.006847
-0.247192
-0.386719
-0.135254
-0.215942
-0.197754
-0.427734
0.001280
-0.017654
-0.397949
-0.210083
-0.326172
-0.126953
-0.303711
-0.249634
-0.341553
-0.299072
-0.141235
-0.291748
-0.357666
-0.280518
-0.178589
-0.488770
-0.023209
-0.142456
-0.362305
-0.326416
-0.249878
-0.468018
-0.288818
-0.429932
-0.266113
-0.369629
-0.467285
-0.298340
-0.370361
-0.376709
-0.292969
-0.417236
-0.083618
-0.109009
-0.183716
-0.435059
-0.303467
-0.469238
-0.271973
-0.297363
-0.111084
-0.348389
-0.058716
-0.406494
-0.318604
-0.311035
-0.286133
-0.207275
-0.375488
-0.287109
-0.363281
-0.467285
-0.348389
-0.294922
-0.398682
-0.451416
-0.379395
-0.380371
-0.229614
-0.278564
-0.114136
-0.157715
-0.290527
-0.286133
-0.106384
-0.297852
-0.057922
-0.304688
-0.389893
-0.131226
-0.410645
-0.280273
-0.364258
-0.421875
-0.348633
-0.327637
-0.213013
-0.281494
-0.037537
-0.098999
-0.412598
-0.414062
-0.243164
-0.192383
-0.002357
-0.247925
-0.101196
-0.243408
-0.456055
-0.360352
-0.302734
-0.295410
-0.026733
-0.204834
-0.375488
-0.103699
-0.336182
-0.136719
-0.176025
-0.145630
-0.341553
-0.381104
0.009697
-0.384277
-0.390869
0.079468
0.131958
-0.379883
-0.270752
-0.424561
-0.199219
-0.132324
-0.168579
-0.143188
-0.165649
-0.192383
-0.376953
0.134033
-0.318359
-0.228271
-0.113159
-0.164795
-0.330811
-0.145996
-0.309570
-0.270020
-0.240845
-0.074036
-0.167114
-0.290527
-0.236084
0.075684
-0.247192
0.010773
-0.157837
-0.266113
-0.159912
-0.051025
-0.222046
-0.077698
-0.148682
-0.225952
-0.119141
-0.251221
-0.231445
0.043457
-0.275879
-0.130249
-0.241089
-0.019592
-0.000924
-0.359863
-0.262207
-0.269775
-0.297607
-0.097656
-0.188232
-0.245850
-0.170288
-0.295410
-0.315430
-0.022537
-0.160889
-0.402588
0.049225
-0.245605
-0.257568
-0.331787
-0.178223
-0.054504
-0.202148
-0.307861
-0.333740
-0.277344
-0.302979
-0.028961
-0.147949
-0.305664
-0.325684
-0.202393
0.003471
-0.027145
-0.239136
0.028076
0.018799
0.011711
-0.237671
-0.382324
-0.132080
-0.213135
-0.195068
-0.421387
0.005085
-0.011490
-0.394043
-0.212158
-0.320801
-0.122742
-0.302490
-0.239258
-0.335693
-0.292480
-0.139648
-0.288086
-0.351318
-0.273682
-0.176025
-0.481445
-0.013847
-0.135254
-0.356934
-0.315430
-0.242065
-0.463623
-0.284912
-0.427246
-0.255859
-0.360352
-0.462891
-0.296143
-0.360107
-0.358643
-0.287842
-0.411377
-0.074219
-0.097107
-0.181519
-0.426514
-0.296387
-0.456787
-0.260254
-0.297607
-0.093201
-0.338867
-0.057251
-0.393066
-0.308594
-0.294922
-0.278076
-0.205688
-0.370361
-0.281250
-0.356934
-0.458740
-0.339111
-0.291260
-0.389404
-0.446045
-0.372070
-0.375000
-0.223389
-0.271240
-0.111206
-0.146606
-0.281250
-0.272461
-0.107910
-0.284424
-0.050995
-0.297852
-0.383301
-0.124451
-0.405273
-0.278076
-0.353516
-0.415039
-0.335205
-0.321777
-0.203979
-0.275879
-0.033447
-0.092590
-0.406006
-0.409912
-0.236328
-0.185913
0.001863
-0.244873
-0.090454
-0.240234
-0.450684
-0.351807
-0.294922
-0.290283
-0.011162
-0.190918
-0.367188
-0.088379
-0.328125
-0.131958
-0.165649
-0.136475
-0.336426
-0.370361
0.022308
-0.371826
-0.373047
0.101074
0.144043
-0.382080
-0.258789
-0.413086
-0.188965
-0.087585
-0.161743
-0.131470
-0.148315
-0.178345
-0.367188
0.141602
-0.307129
-0.221436
-0.104004
0.082031
-0.328613
-0.123352
-0.297607
-0.269775
-0.233154
-0.062988
-0.150513
-0.280518
-0.223633
0.070862
-0.240356
0.023834
-0.149658
-0.258301
-0.144165
-0.038910
-0.208740
-0.068054
-0.145264
-0.214722
-0.097412
-0.239136
-0.221436
0.056854
-0.270996
-0.122437
-0.225098
-0.006615
0.006508
-0.355957
-0.247192
-0.263184
-0.285156
-0.092529
-0.176025
-0.238647
-0.134033
-0.276367
-0.296143
-0.018173
-0.149292
-0.399170
0.069275
-0.245850
-0.254883
-0.322510
-0.165405
-0.040924
-0.197876
-0.298096
-0.324463
-0.271484
-0.279053
-0.022537
-0.140991
-0.295898
-0.307861
-0.198120
0.024307
-0.018845
-0.231812
0.044586
0.031204
0.020981
-0.222412
-0.368408
-0.118591
-0.208130
-0.188110
-0.404541
0.021378
-0.003195
-0.385498
-0.206543
-0.316650
-0.117371
-0.302246
-0.231445
-0.330566
-0.285645
-0.147583
-0.289062
-0.343018
-0.270264
-0.173218
-0.471924
-0.007324
-0.135376
-0.353027
-0.319092
-0.238281
-0.452393
-0.280762
-0.426270
-0.247437
-0.357422
-0.452393
-0.302002
-0.349121
-0.341309
-0.283691
-0.406006
-0.069214
-0.081726
-0.179810
-0.417969
-0.291748
-0.453125
-0.258789
-0.294678
-0.069824
-0.333496
-0.061554
-0.385010
-0.299561
-0.283203
-0.271973
-0.208130
-0.366943
-0.280518
-0.351074
-0.447998
-0.331055
-0.283691
-0.379150
-0.441162
-0.362305
-0.375732
-0.220215
-0.266846
-0.108887
-0.143433
-0.272461
-0.257324
-0.114136
-0.279053
-0.049652
-0.292480
-0.376221
-0.123047
-0.397461
-0.281494
-0.351318
-0.406982
-0.327148
-0.314941
-0.203491
-0.270020
-0.037994
-0.091553
-0.401367
-0.407471
-0.232544
-0.177490
-0.012138
-0.241455
-0.081604
-0.238892
-0.441895
-0.343750
-0.288818
-0.285889
-0.003971
-0.187012
-0.361084
-0.080933
-0.318359
-0.141846
-0.155273
-0.120117
-0.335693
-0.362061
0.026535
-0.362305
-0.358643
0.110718
0.135742
-0.386963
-0.247559
-0.399902
-0.190430
-0.133179
-0.165161
-0.114929
-0.140259
-0.166504
-0.360596
0.135132
-0.293701
-0.212158
-0.096436
0.032410
-0.321533
-0.117004
-0.289551
-0.262207
-0.228516
-0.059082
-0.139282
-0.271729
-0.216431
0.058289
-0.236328
0.031738
-0.139771
-0.255371
-0.138794
-0.036285
-0.199707
-0.063965
-0.139893
-0.212158
-0.080811
-0.229004
-0.215332
0.058777
-0.273926
-0.115356
-0.215210
0.003910
-0.003073
-0.351074
-0.233521
-0.260254
-0.272949
-0.087341
-0.170410
-0.230957
-0.148315
-0.256592
-0.283203
-0.028824
-0.132690
-0.395020
0.086548
-0.249756
-0.257080
-0.315186
-0.156128
-0.026962
-0.196167
-0.297363
-0.313232
-0.265625
-0.264160
-0.017075
-0.154907
-0.295654
-0.293213
-0.187012
0.040955
-0.016083
-0.224243
0.054657
0.034576
0.012856
-0.211670
-0.358398
-0.102356
-0.204834
-0.187500
-0.385498
0.032471
0.000044
-0.376709
-0.205444
-0.322266
-0.130249
-0.300781
-0.238525
-0.330566
-0.286621
-0.164917
-0.296143
-0.350342
-0.274658
-0.178101
-0.479248
-0.010162
-0.131958
-0.359863
-0.321777
-0.245483
-0.460449
-0.289307
-0.435303
-0.253662
-0.361328
-0.458984
-0.311035
-0.355469
-0.348877
-0.287598
-0.410645
-0.088013
-0.098572
-0.185547
-0.424561
-0.290771
-0.468018
-0.268066
-0.302979
-0.081909
-0.343262
-0.067261
-0.394531
-0.304932
-0.289795
-0.270508
-0.211304
-0.372803
-0.284424
-0.360840
-0.450928
-0.332520
-0.289551
-0.382812
-0.447754
-0.375000
-0.377441
-0.222046
-0.268311
-0.111816
-0.143921
-0.283203
-0.266357
-0.114868
-0.283691
-0.059113
-0.300537
-0.385254
-0.125977
-0.404053
-0.287109
-0.360107
-0.410645
-0.340576
-0.323242
-0.210815
-0.283447
-0.041229
-0.078369
-0.409668
-0.417480
-0.236816
-0.178711
-0.013214
-0.248657
-0.087585
-0.245361
-0.449463
-0.352783
-0.299072
-0.295166
-0.013565
-0.189819
-0.368896
-0.091980
-0.321289
-0.151123
-0.154663
-0.125977
-0.339600
-0.365479
0.020554
-0.368164
-0.372803
0.098389
0.127808
-0.398193
-0.249756
-0.409424
-0.197632
-0.166992
-0.162231
-0.122742
-0.147461
-0.178955
-0.359863
0.132812
-0.304199
-0.217773
-0.108643
0.005627
-0.316895
-0.126587
-0.295410
-0.270264
-0.229370
-0.071716
-0.156860
-0.276611
-0.221680
0.055573
-0.244873
0.033264
-0.150757
-0.261719
-0.150879
-0.030014
-0.206909
-0.067749
-0.145874
-0.221436
-0.091553
-0.242920
-0.218994
0.039337
-0.275391
-0.127930
-0.223389
0.004978
-0.003103
-0.359863
-0.243408
-0.273438
-0.285400
-0.087097
-0.184937
-0.238403
-0.164429
-0.266846
-0.294678
-0.034973
-0.141357
-0.405029
0.073181
-0.263184
-0.254150
-0.327393
-0.169312
-0.038300
-0.198242
-0.299805
-0.321289
-0.275635
-0.280273
-0.021423
-0.153442
-0.297852
-0.304932
-0.197144
0.042664
-0.024063
-0.231201
0.049072
0.030121
0.004566
-0.219971
-0.367188
-0.117371
-0.211548
-0.192383
-0.399414
0.020645
-0.007717
-0.382568
-0.208252
-0.321777
-0.126587
-0.296875
-0.240479
-0.328613
-0.287109
-0.161743
-0.294922
-0.349609
-0.271484
-0.174561
-0.481445
-0.010857
-0.126465
-0.358887
-0.315674
-0.246704
-0.461914
-0.288330
-0.429688
-0.253174
-0.364258
-0.459473
-0.311523
-0.357910
-0.351807
-0.286377
-0.409668
-0.092163
-0.096802
-0.181519
-0.428955
-0.289795
-0.462891
-0.263184
-0.299072
-0.084351
-0.343994
-0.065369
-0.397705
-0.309326
-0.290527
-0.268555
-0.206787
-0.369385
-0.283936
-0.359619
-0.452637
-0.332031
-0.290039
-0.382568
-0.446289
-0.373291
-0.374756
-0.221680
-0.267090
-0.109131
-0.141846
-0.283936
-0.270996
-0.111206
-0.286377
-0.056915
-0.295166
-0.383057
-0.127197
-0.402100
-0.285889
-0.355225
-0.410156
-0.338135
-0.326416
-0.210083
-0.285889
-0.035309
-0.076111
-0.408936
-0.414307
-0.236938
-0.178955
-0.005459
-0.246216
-0.089233
-0.244507
-0.448730
-0.355957
-0.302734
-0.292236
-0.012871
-0.193481
-0.368896
-0.096497
-0.321045
-0.148438
-0.155273
-0.124817
-0.337891
-0.366455
0.018097
-0.371094
-0.378174
0.093689
0.132935
-0.393066
-0.248657
-0.408936
-0.190186
-0.112305
-0.157227
-0.126953
-0.145142
-0.180908
-0.356201
0.133667
-0.308594
-0.219238
-0.106567
-0.130371
-0.313965
-0.122681
-0.292236
-0.272705
-0.231201
-0.071594
-0.163696
-0.275635
-0.223389
0.060089
-0.239990
0.035614
-0.153442
-0.263672
-0.149902
-0.032013
-0.209717
-0.064209
-0.145020
-0.218506
-0.091614
-0.239868
-0.219482
0.043518
-0.273926
-0.131104
-0.221924
0.007530
0.005154
-0.359131
-0.246948
-0.274170
-0.288330
-0.088684
-0.179810
-0.236816
-0.138916
-0.271729
-0.297363
-0.030792
-0.143799
-0.407227
0.067017
-0.260986
-0.250488
-0.323975
-0.164795
-0.045166
-0.196777
-0.298096
-0.321533
-0.275146
-0.284668
-0.022583
-0.144775
-0.296875
-0.309326
-0.194946
0.040222
-0.022522
-0.229370
0.045166
0.028732
0.010689
-0.220459
-0.367432
-0.118103
-0.212280
-0.186890
-0.399902
0.018860
-0.009521
-0.383301
-0.205322
-0.326172
-0.130005
-0.299561
-0.249634
-0.335938
-0.297852
-0.152710
-0.297119
-0.356934
-0.276123
-0.180054
-0.488037
-0.012543
-0.131714
-0.361816
-0.320312
-0.253418
-0.468994
-0.293701
-0.432373
-0.261475
-0.370117
-0.466309
-0.312256
-0.368164
-0.370361
-0.291016
-0.412842
-0.097717
-0.109375
-0.182617
-0.432861
-0.298584
-0.473877
-0.270264
-0.297852
-0.097229
-0.352783
-0.067871
-0.406250
-0.317383
-0.305176
-0.274658
-0.211304
-0.376465
-0.289307
-0.366699
-0.460693
-0.341553
-0.294922
-0.390137
-0.452637
-0.379883
-0.379883
-0.226074
-0.272461
-0.111267
-0.154785
-0.287598
-0.282715
-0.108826
-0.292480
-0.061005
-0.303467
-0.389404
-0.134521
-0.406494
-0.288086
-0.364502
-0.417236
-0.346924
-0.331055
-0.213135
-0.288574
-0.034119
-0.084839
-0.411377
-0.419678
-0.242188
-0.182983
-0.001822
-0.246826
-0.094849
-0.243774
-0.459229
-0.362549
-0.308838
-0.298828
-0.021805
-0.199951
-0.376709
-0.102722
-0.329834
-0.149170
-0.164795
-0.134888
-0.345215
-0.374512
0.009758
-0.384033
-0.386963
0.075806
0.131348
-0.391357
-0.260742
-0.421875
-0.192261
-0.124451
-0.164429
-0.134399
-0.160278
-0.191650
-0.365723
0.132690
-0.320312
-0.225708
-0.110779
-0.096619
-0.319092
-0.137451
-0.302734
-0.271240
-0.239746
-0.076782
-0.174927
-0.287109
-0.237305
0.067688
-0.242920
0.027756
-0.160889
-0.272705
-0.161133
-0.047607
-0.219727
-0.073853
-0.145142
-0.225708
-0.109497
-0.245239
-0.228027
0.039825
-0.279785
-0.135132
-0.233887
-0.003473
0.000213
-0.363037
-0.261719
-0.280029
-0.298096
-0.093018
-0.186523
-0.243042
-0.160889
-0.289795
-0.311279
-0.028976
-0.154297
-0.411865
0.052551
-0.261230
-0.248291
-0.332275
-0.176270
-0.056244
-0.201538
-0.305176
-0.331299
-0.284668
-0.305176
-0.026947
-0.145874
-0.305176
-0.324463
-0.205078
0.021057
-0.028351
-0.232056
0.031769
0.020630
0.006516
-0.234863
-0.380615
-0.127441
-0.214966
-0.195435
-0.416504
0.007812
-0.013885
-0.391602
-0.208984
-0.330078
-0.129761
-0.303955
-0.251465
-0.340332
-0.302734
-0.150269
-0.298828
-0.363770
-0.280273
-0.183594
-0.492676
-0.017487
-0.139160
-0.366943
-0.329346
-0.255127
-0.471924
-0.296387
-0.435303
-0.268799
-0.373535
-0.469238
-0.310303
-0.374023
-0.378418
-0.292480
-0.418213
-0.093384
-0.112854
-0.185059
-0.437988
-0.305176
-0.477539
-0.276611
-0.296387
-0.103943
-0.355469
-0.069519
-0.410156
-0.321777
-0.310791
-0.280518
-0.214478
-0.380615
-0.291748
-0.368164
-0.466797
-0.351807
-0.297852
-0.394043
-0.457275
-0.383057
-0.384033
-0.233765
-0.279297
-0.111023
-0.160889
-0.292725
-0.286133
-0.113098
-0.297363
-0.061829
-0.303711
-0.394531
-0.140869
-0.410889
-0.290771
-0.368408
-0.422607
-0.353027
-0.332520
-0.217651
-0.288574
-0.038910
-0.094543
-0.414062
-0.420410
-0.244995
-0.188477
-0.006779
-0.250488
-0.100769
-0.243164
-0.461670
-0.364258
-0.308838
-0.302246
-0.026520
-0.207886
-0.378174
-0.105652
-0.334229
-0.149780
-0.169312
-0.138794
-0.349121
-0.382568
0.004421
-0.388916
-0.392578
0.068420
0.127197
-0.390381
-0.269043
-0.426758
-0.199585
-0.144531
-0.170166
-0.138184
-0.164307
-0.195190
-0.376221
0.129517
-0.326172
-0.228027
-0.114685
-0.058502
-0.324219
-0.151001
-0.310059
-0.272217
-0.244019
-0.077881
-0.174072
-0.294678
-0.241821
0.070007
-0.249634
0.015053
-0.163696
-0.274658
-0.165771
-0.054901
-0.222412
-0.080322
-0.146484
-0.229614
-0.119629
-0.248169
-0.236450
0.036682
-0.282471
-0.138550
-0.240845
-0.014557
-0.000474
-0.364990
-0.266357
-0.278320
-0.300049
-0.096985
-0.193604
-0.246704
-0.165771
-0.297607
-0.320801
-0.032471
-0.161377
-0.412842
0.047272
-0.260010
-0.255859
-0.334717
-0.181274
-0.055267
-0.203979
-0.313477
-0.333984
-0.285400
-0.310791
-0.026535
-0.152832
-0.308350
-0.328857
-0.206665
0.007381
-0.027695
-0.236084
0.022568
0.012924
0.003254
-0.244141
-0.386963
-0.132080
-0.218506
-0.198975
-0.423828
0.003025
-0.014717
-0.394531
-0.212769
-0.329834
-0.125488
-0.315918
-0.249512
-0.342773
-0.304688
-0.138916
-0.297363
-0.357910
-0.281982
-0.186157
-0.488525
-0.017990
-0.141357
-0.364990
-0.325928
-0.257568
-0.469238
-0.290527
-0.435059
-0.265137
-0.371582
-0.463623
-0.307373
-0.372559
-0.372559
-0.290039
-0.416504
-0.086304
-0.098877
-0.184692
-0.433105
-0.313232
-0.472656
-0.275391
-0.290527
-0.096252
-0.350830
-0.060608
-0.406494
-0.321289
-0.309082
-0.283447
-0.215698
-0.382080
-0.291504
-0.362793
-0.463867
-0.351562
-0.296631
-0.391846
-0.457031
-0.380127
-0.385742
-0.227783
-0.279297
-0.117493
-0.165894
-0.284180
-0.277344
-0.113586
-0.289062
-0.059509
-0.304932
-0.395020
-0.140747
-0.406006
-0.289062
-0.368164
-0.422363
-0.351318
-0.330566
-0.213989
-0.278320
-0.035309
-0.105225
-0.414795
-0.418213
-0.248169
-0.191162
-0.002104
-0.255615
-0.092468
-0.243530
-0.459473
-0.361572
-0.299805
-0.302246
-0.018814
-0.204468
-0.374023
-0.100586
-0.333008
-0.148804
-0.168335
-0.139282
-0.353516
-0.383789
0.011589
-0.384521
-0.381348
0.078003
0.135132
-0.392334
-0.269775
-0.427979
-0.197144
-0.146362
-0.172241
-0.133057
-0.162476
-0.186401
-0.376221
0.126953
-0.317383
-0.227417
-0.111755
-0.116882
-0.326416
-0.145630
-0.309814
-0.262207
-0.244629
-0.064575
-0.158325
-0.293701
-0.242554
0.074158
-0.248169
0.019073
-0.152222
-0.272705
-0.158203
-0.060638
-0.219116
-0.080383
-0.140503
-0.225952
-0.109558
-0.234253
-0.235352
0.044281
-0.283203
-0.134888
-0.234741
-0.017624
-0.000029
-0.364746
-0.257812
-0.273193
-0.294678
-0.102722
-0.186035
-0.247070
-0.171143
-0.288086
-0.312744
-0.030884
-0.153198
-0.411133
0.057037
-0.263428
-0.263916
-0.332520
-0.169922
-0.044464
-0.206055
-0.313477
-0.330566
-0.283447
-0.300293
-0.023376
-0.156372
-0.315186
-0.319580
-0.205444
0.003222
-0.020111
-0.228516
0.033936
0.014549
0.010597
-0.239014
-0.383057
-0.116089
-0.220337
-0.197021
-0.415771
0.015030
-0.005474
-0.393311
-0.213257
-0.330078
-0.127930
-0.319092
-0.252686
-0.345215
-0.307373
-0.135010
-0.298584
-0.358643
-0.282471
-0.190552
-0.487061
-0.019958
-0.141479
-0.364746
-0.326660
-0.264160
-0.467529
-0.289062
-0.435547
-0.263916
-0.373535
-0.461182
-0.310303
-0.371582
-0.371094
-0.287354
-0.415771
-0.090088
-0.096313
-0.185303
-0.432129
-0.317383
-0.473633
-0.276855
-0.286377
-0.094910
-0.351318
-0.058533
-0.406006
-0.323242
-0.307617
-0.281738
-0.215942
-0.381836
-0.292969
-0.362061
-0.462158
-0.353027
-0.298096
-0.387207
-0.457764
-0.381592
-0.385498
-0.229248
-0.279785
-0.121460
-0.168579
-0.281982
-0.274414
-0.114929
-0.285645
-0.059540
-0.308105
-0.397461
-0.143066
-0.403809
-0.290039
-0.371826
-0.422363
-0.353516
-0.333008
-0.218262
-0.273926
-0.035950
-0.110168
-0.415527
-0.417480
-0.250977
-0.192627
-0.000705
-0.258301
-0.092041
-0.245972
-0.459473
-0.365234
-0.298340
-0.303955
-0.017227
-0.205566
-0.374756
-0.104553
-0.332764
-0.153198
-0.166870
-0.140747
-0.358154
-0.384521
0.011803
-0.384277
-0.377930
0.074585
0.130615
-0.395752
-0.268555
-0.432373
-0.197021
-0.174316
-0.172607
-0.130493
-0.163330
-0.183960
-0.376465
0.120239
-0.315918
-0.229736
-0.111328
-0.342285
-0.328369
-0.149292
-0.310791
-0.255127
-0.244751
-0.062988
-0.151855
-0.295654
-0.248901
0.074585
-0.248657
0.021103
-0.149414
-0.275879
-0.162109
-0.067505
-0.218140
-0.080994
-0.135376
-0.226196
-0.110107
-0.228271
-0.238647
0.039703
-0.285400
-0.138184
-0.232544
-0.020035
0.000625
-0.364990
-0.254395
-0.272217
-0.295898
-0.105286
-0.188232
-0.248779
-0.186768
-0.289795
-0.312988
-0.035492
-0.150146
-0.412598
0.053986
-0.271973
-0.266846
-0.331787
-0.164307
-0.045074
-0.205444
-0.311768
-0.332031
-0.286133
-0.302246
-0.022949
-0.162964
-0.318848
-0.319092
-0.205322
-0.003633
-0.022903
-0.227051
0.040710
0.014488
0.011589
-0.241943
-0.384521
-0.110596
-0.225220
-0.199097
-0.414307
0.018570
-0.004532
-0.393066
-0.212891
-0.330566
-0.125732
-0.317627
-0.251221
-0.343262
-0.304199
-0.134644
-0.298096
-0.355957
-0.278809
-0.187012
-0.488525
-0.016693
-0.140015
-0.363037
-0.323242
-0.261475
-0.466553
-0.290771
-0.436279
-0.261963
-0.371338
-0.462158
-0.309814
-0.371094
-0.365723
-0.287842
-0.413086
-0.090820
-0.094788
-0.185791
-0.430420
-0.313965
-0.472900
-0.272705
-0.290527
-0.092773
-0.349121
-0.057617
-0.403564
-0.318604
-0.302002
-0.278076
-0.217163
-0.380615
-0.291992
-0.360596
-0.459961
-0.347168
-0.296875
-0.385010
-0.458984
-0.380127
-0.385498
-0.226929
-0.276123
-0.120178
-0.160522
-0.281006
-0.272949
-0.111450
-0.283936
-0.059784
-0.305664
-0.395996
-0.136475
-0.403809
-0.290771
-0.370605
-0.421143
-0.349365
-0.330566
-0.215820
-0.273193
-0.033325
-0.099548
-0.415283
-0.416992
-0.249268
-0.186646
0.002983
-0.257324
-0.087036
-0.245239
-0.461914
-0.363037
-0.295898
-0.302734
-0.014420
-0.201294
-0.373535
-0.099731
-0.331299
-0.152222
-0.163086
-0.136963
-0.357178
-0.379639
0.017517
-0.382080
-0.374512
0.083862
0.136475
-0.397217
-0.262939
-0.431396
-0.195190
-0.157715
-0.169800
-0.131104
-0.158325
-0.182739
-0.372070
0.125854
-0.315186
-0.229370
-0.109802
-0.240601
-0.326904
-0.141113
-0.308105
-0.260010
-0.242676
-0.060486
-0.151367
-0.293945
-0.242554
0.072815
-0.247192
0.029633
-0.145264
-0.273193
-0.156738
-0.061401
-0.213013
-0.077209
-0.133423
-0.223022
-0.104614
-0.228271
-0.235352
0.041992
-0.283447
-0.135132
-0.228638
-0.011703
-0.000820
-0.365234
-0.252197
-0.271240
-0.292725
-0.101746
-0.186035
-0.246216
-0.178345
-0.284424
-0.306152
-0.032501
-0.144531
-0.413330
0.058563
-0.271729
-0.264160
-0.328613
-0.160034
-0.043427
-0.203735
-0.307373
-0.329834
-0.285645
-0.293701
-0.022522
-0.158691
-0.315674
-0.312500
-0.204590
0.008110
-0.023300
-0.227173
0.044952
0.017654
0.012527
-0.235229
-0.379395
-0.108398
-0.223267
-0.195923
-0.412354
0.022339
-0.000067
-0.392334
-0.210938
-0.326416
-0.121216
-0.309326
-0.247314
-0.334961
-0.295898
-0.139404
-0.294434
-0.351807
-0.272705
-0.178467
-0.484619
-0.015701
-0.132812
-0.359131
-0.315918
-0.257324
-0.458496
-0.286621
-0.432617
-0.258057
-0.366943
-0.455322
-0.307129
-0.366943
-0.356445
-0.283691
-0.407715
-0.094360
-0.094788
-0.186401
-0.424072
-0.304688
-0.465088
-0.266357
-0.286865
-0.092834
-0.344482
-0.062103
-0.395996
-0.310791
-0.291016
-0.267578
-0.212646
-0.372559
-0.286621
-0.355957
-0.450928
-0.338623
-0.293457
-0.375000
-0.453125
-0.373291
-0.377930
-0.222900
-0.267334
-0.119202
-0.143799
-0.275879
-0.271240
-0.108154
-0.279785
-0.056854
-0.297363
-0.386963
-0.131958
-0.397949
-0.285156
-0.362305
-0.412109
-0.340576
-0.326416
-0.209229
-0.271484
-0.032318
-0.085144
-0.409912
-0.411865
-0.242920
-0.176514
0.003420
-0.252686
-0.085876
-0.243042
-0.453613
-0.358154
-0.291748
-0.298096
-0.014015
-0.195068
-0.367188
-0.098328
-0.321777
-0.150146
-0.156250
-0.127808
-0.353027
-0.369141
0.023239
-0.374268
-0.368896
0.081848
0.139404
-0.394287
-0.252197
-0.424805
-0.189941
-0.126587
-0.161011
-0.124268
-0.150391
-0.180054
-0.360107
0.126587
-0.315674
-0.224976
-0.107605
-0.167358
-0.319824
-0.135742
-0.300049
-0.264160
-0.234741
-0.060669
-0.149048
-0.287598
-0.233032
0.067627
-0.241699
0.035461
-0.145142
-0.268066
-0.148682
-0.054108
-0.206909
-0.072205
-0.131714
-0.215454
-0.099792
-0.228271
-0.228149
0.038727
-0.278564
-0.130249
-0.222900
-0.002119
0.002438
-0.359619
-0.248169
-0.269775
-0.289795
-0.094482
-0.178223
-0.238037
-0.148315
-0.279053
-0.300049
-0.032623
-0.139404
-0.409180
0.052887
-0.269043
-0.256592
-0.318848
-0.153931
-0.046173
-0.198853
-0.297607
-0.324219
-0.280273
-0.287109
-0.019852
-0.148804
-0.305908
-0.308105
-0.196411
0.019257
-0.025742
-0.223755
0.047058
0.017883
0.009964
-0.229736
-0.370117
-0.112000
-0.219849
-0.186768
-0.406738
0.021805
0.000563
-0.382812
-0.205933
-0.329346
-0.128174
-0.307617
-0.250732
-0.334717
-0.295166
-0.146729
-0.302002
-0.353760
-0.271484
-0.174805
-0.485840
-0.012749
-0.131348
-0.361816
-0.320557
-0.256348
-0.462646
-0.294189
-0.437500
-0.258789
-0.370850
-0.458252
-0.312500
-0.367676
-0.356201
-0.288086
-0.410645
-0.101379
-0.098145
-0.187866
-0.426758
-0.302246
-0.469971
-0.269043
-0.293945
-0.083069
-0.350342
-0.065674
-0.399902
-0.310791
-0.290039
-0.263184
-0.215698
-0.376221
-0.290771
-0.358643
-0.448730
-0.333252
-0.293701
-0.375000
-0.454834
-0.378662
-0.382324
-0.222534
-0.266846
-0.122498
-0.139771
-0.279297
-0.271729
-0.102661
-0.280518
-0.064087
-0.302979
-0.392578
-0.132324
-0.400391
-0.288574
-0.366699
-0.412842
-0.342041
-0.330811
-0.214966
-0.269775
-0.032776
-0.081360
-0.411621
-0.417969
-0.243530
-0.176758
-0.001024
-0.258057
-0.088867
-0.247192
-0.457275
-0.360596
-0.293945
-0.302246
-0.021957
-0.198364
-0.371826
-0.097534
-0.316162
-0.155518
-0.154297
-0.125610
-0.355957
-0.366211
0.022949
-0.373535
-0.369141
0.081970
0.131226
-0.401367
-0.248413
-0.425781
-0.192993
-0.162109
-0.160278
-0.121521
-0.146118
-0.180786
-0.359131
0.126221
-0.317871
-0.227173
-0.106934
-0.316406
-0.321533
-0.137939
-0.298584
-0.271240
-0.234375
-0.063293
-0.150635
-0.288574
-0.235107
0.060211
-0.244751
0.040985
-0.145020
-0.267334
-0.151245
-0.051178
-0.205933
-0.070496
-0.132080
-0.217285
-0.101196
-0.229858
-0.229004
0.027695
-0.281250
-0.130737
-0.218872
-0.000239
-0.002150
-0.362793
-0.247070
-0.272949
-0.290039
-0.097107
-0.187744
-0.238159
-0.183472
-0.275391
-0.296387
-0.039886
-0.136841
-0.412354
0.053497
-0.276611
-0.254395
-0.316895
-0.152832
-0.044586
-0.198853
-0.296631
-0.326172
-0.282715
-0.287598
-0.022476
-0.152100
-0.306885
-0.305176
-0.195557
0.023376
-0.028488
-0.228149
0.049988
0.021805
0.008102
-0.231323
-0.367188
-0.108826
-0.220093
-0.186035
-0.405029
0.022461
-0.000895
-0.382568
-0.205933
-0.326904
-0.128784
-0.305908
-0.251465
-0.334717
-0.294678
-0.147217
-0.303467
-0.354248
-0.271973
-0.176514
-0.485352
-0.012527
-0.131958
-0.362061
-0.317871
-0.260742
-0.461426
-0.294678
-0.435547
-0.258789
-0.374268
-0.459717
-0.316406
-0.369629
-0.360596
-0.287109
-0.409668
-0.106995
-0.098450
-0.184692
-0.428711
-0.302490
-0.472412
-0.268311
-0.291992
-0.085327
-0.354248
-0.065979
-0.405518
-0.314941
-0.290283
-0.262695
-0.213379
-0.373779
-0.290283
-0.359375
-0.450195
-0.335205
-0.295898
-0.375244
-0.452881
-0.379883
-0.380859
-0.222656
-0.269775
-0.120667
-0.142212
-0.276123
-0.274414
-0.103577
-0.283203
-0.067322
-0.302490
-0.392334
-0.135620
-0.397461
-0.286865
-0.367432
-0.415039
-0.345947
-0.336670
-0.218262
-0.273682
-0.031586
-0.083984
-0.411621
-0.419189
-0.246704
-0.177490
0.001490
-0.258545
-0.089600
-0.250244
-0.456299
-0.363525
-0.297852
-0.302734
-0.021881
-0.196777
-0.371582
-0.098572
-0.318848
-0.159302
-0.153687
-0.129395
-0.358154
-0.364502
0.019943
-0.376221
-0.372559
0.074036
0.129639
-0.399658
-0.247925
-0.428223
-0.186890
-0.151245
-0.160034
-0.126221
-0.149658
-0.185181
-0.359131
0.122314
-0.321777
-0.231445
-0.109070
-0.247559
-0.318604
-0.139160
-0.298340
-0.268311
-0.236694
-0.064514
-0.153809
-0.290039
-0.241455
0.059631
-0.245117
0.042084
-0.148682
-0.271240
-0.155273
-0.056122
-0.209961
-0.070923
-0.131958
-0.219727
-0.103943
-0.230103
-0.230957
0.027069
-0.282227
-0.133057
-0.220337
0.001233
0.000933
-0.362305
-0.250244
-0.275391
-0.294678
-0.094604
-0.185059
-0.237549
-0.168823
-0.282959
-0.299805
-0.041779
-0.141357
-0.412109
0.050964
-0.281006
-0.250488
-0.319092
-0.153320
-0.051910
-0.196899
-0.299072
-0.325195
-0.289795
-0.294922
-0.026093
-0.145264
-0.309814
-0.311279
-0.195190
0.018188
-0.027298
-0.231934
0.050110
0.019165
0.008942
-0.235596
-0.369385
-0.110229
-0.222290
-0.188477
-0.408691
0.022278
-0.001135
-0.386475
-0.203979
-0.329834
-0.132690
-0.308838
-0.257324
-0.340088
-0.299805
-0.145874
-0.303955
-0.357422
-0.276855
-0.183594
-0.491211
-0.018417
-0.133911
-0.365479
-0.320312
-0.270264
-0.467529
-0.296875
-0.439941
-0.261230
-0.375244
-0.464600
-0.317627
-0.376221
-0.374268
-0.290527
-0.414307
-0.113342
-0.109863
-0.186768
-0.431885
-0.307861
-0.478271
-0.274414
-0.294434
-0.096497
-0.362793
-0.068787
-0.412598
-0.321045
-0.303223
-0.269043
-0.215942
-0.381592
-0.294189
-0.365234
-0.456055
-0.340576
-0.301025
-0.386230
-0.456543
-0.383545
-0.383789
-0.225220
-0.274414
-0.123657
-0.153198
-0.282471
-0.281006
-0.106079
-0.289551
-0.073608
-0.308838
-0.397461
-0.139160
-0.403320
-0.293457
-0.373291
-0.419922
-0.353516
-0.342041
-0.220215
-0.279785
-0.035675
-0.091980
-0.414551
-0.425781
-0.251465
-0.182251
0.000540
-0.261719
-0.093994
-0.250488
-0.463135
-0.367676
-0.304199
-0.304688
-0.031952
-0.199951
-0.379150
-0.107727
-0.326416
-0.163818
-0.159668
-0.138428
-0.363770
-0.374512
0.012398
-0.386475
-0.382080
0.061951
0.126953
-0.404785
-0.259521
-0.438232
-0.191162
-0.145020
-0.166138
-0.134399
-0.162842
-0.195557
-0.367432
0.117065
-0.327881
-0.235718
-0.112244
-0.229248
-0.320557
-0.150879
-0.305420
-0.267578
-0.243652
-0.073181
-0.162720
-0.296387
-0.251465
0.065430
-0.248535
0.031921
-0.158447
-0.277832
-0.165039
-0.066895
-0.219604
-0.081177
-0.136230
-0.227051
-0.116394
-0.237549
-0.238037
0.023743
-0.284912
-0.142456
-0.229858
-0.001808
-0.005596
-0.366211
-0.259033
-0.283691
-0.302490
-0.098511
-0.192505
-0.243652
-0.173584
-0.295410
-0.314209
-0.042725
-0.151245
-0.418945
0.039368
-0.283691
-0.250977
-0.330078
-0.163696
-0.061768
-0.200928
-0.307129
-0.333984
-0.297852
-0.316406
-0.032440
-0.148560
-0.317139
-0.322998
-0.202393
0.000067
-0.033783
-0.237671
0.042633
0.009071
0.009300
-0.243774
-0.381104
-0.116943
-0.226929
-0.199829
-0.420654
0.014877
-0.007980
-0.391113
-0.207764
-0.327637
-0.128174
-0.310547
-0.253418
-0.341309
-0.298828
-0.139404
-0.299805
-0.352295
-0.277344
-0.179810
-0.488770
-0.023956
-0.135498
-0.361816
-0.320557
-0.264648
-0.464355
-0.291748
-0.436768
-0.259521
-0.372314
-0.461914
-0.313477
-0.371582
-0.369873
-0.290283
-0.413574
-0.108582
-0.105286
-0.188354
-0.428711
-0.307617
-0.471680
-0.270996
-0.293701
-0.095581
-0.355957
-0.059540
-0.409180
-0.314941
-0.299316
-0.274414
-0.212036
-0.379395
-0.290771
-0.359131
-0.455078
-0.338867
-0.300293
-0.385742
-0.451172
-0.377686
-0.380127
-0.223022
-0.276855
-0.125488
-0.148682
-0.279785
-0.280762
-0.104065
-0.288574
-0.072815
-0.309082
-0.393311
-0.135620
-0.403076
-0.285889
-0.369873
-0.420410
-0.347412
-0.336914
-0.219360
-0.273926
-0.038239
-0.096558
-0.413818
-0.422119
-0.249878
-0.183960
0.002392
-0.261475
-0.092651
-0.250732
-0.459717
-0.362549
-0.298096
-0.300537
-0.027405
-0.198608
-0.374268
-0.104675
-0.325928
-0.157104
-0.162964
-0.139771
-0.357910
-0.374268
0.015373
-0.381348
-0.377930
0.073975
0.128174
-0.398926
-0.260742
-0.433838
-0.191895
-0.152344
-0.161377
-0.138550
-0.160034
-0.189209
-0.367676
0.115356
-0.320557
-0.234131
-0.111938
-0.295166
-0.327148
-0.149048
-0.303223
-0.265137
-0.240112
-0.067505
-0.152832
-0.293701
-0.246216
0.065369
-0.247803
0.028900
-0.153687
-0.271729
-0.157959
-0.063904
-0.217041
-0.076965
-0.137451
-0.224976
-0.115906
-0.236450
-0.234863
0.031281
-0.280762
-0.135620
-0.227905
-0.004604
-0.004158
-0.363037
-0.251465
-0.275146
-0.299316
-0.097229
-0.189331
-0.239502
-0.176392
-0.290039
-0.309082
-0.039276
-0.148804
-0.413330
0.043915
-0.274414
-0.256836
-0.323486
-0.158447
-0.057922
-0.201904
-0.302979
-0.331299
-0.292969
-0.304932
-0.035034
-0.148560
-0.313965
-0.317871
-0.195923
-0.004097
-0.031372
-0.241577
0.049957
0.011444
0.013832
-0.241943
-0.375977
-0.114563
-0.224487
-0.193481
-0.414795
0.020874
-0.002935
-0.389648
-0.206299
-0.321777
-0.127075
-0.309082
-0.248657
-0.338867
-0.293213
-0.128784
-0.294678
-0.344482
-0.274170
-0.177246
-0.479004
-0.030731
-0.132690
-0.356445
-0.313477
-0.257568
-0.458008
-0.284424
-0.429688
-0.253418
-0.365967
-0.453857
-0.306396
-0.362793
-0.357178
-0.289795
-0.407715
-0.101807
-0.099304
-0.187866
-0.420410
-0.303467
-0.460205
-0.261475
-0.293213
-0.092712
-0.344727
-0.045197
-0.400391
-0.308105
-0.290771
-0.273926
-0.204956
-0.371582
-0.285156
-0.349854
-0.447266
-0.328857
-0.296875
-0.377930
-0.444336
-0.367432
-0.374268
-0.216187
-0.269775
-0.127441
-0.138550
-0.274902
-0.275879
-0.094727
-0.280518
-0.072632
-0.309570
-0.387451
-0.130127
-0.397217
-0.274170
-0.362061
-0.413574
-0.338135
-0.328369
-0.215210
-0.262451
-0.036652
-0.100403
-0.408203
-0.413574
-0.241211
-0.184937
0.006706
-0.258057
-0.089355
-0.252197
-0.452637
-0.354736
-0.286133
-0.293457
-0.021011
-0.194458
-0.368652
-0.101318
-0.322021
-0.148071
-0.163452
-0.140747
-0.348877
-0.372070
0.023544
-0.367188
-0.368164
0.088440
0.125244
-0.392334
-0.256348
-0.426270
-0.192749
-0.140259
-0.156250
-0.136230
-0.148804
-0.179688
-0.363281
0.113464
-0.307861
-0.231079
-0.111023
-0.350342
-0.332520
-0.141357
-0.296143
-0.257812
-0.233154
-0.060455
-0.137451
-0.284424
-0.239624
0.066162
-0.243896
0.030182
-0.145142
-0.263672
-0.153198
-0.055817
-0.209595
-0.069275
-0.135254
-0.221558
-0.110229
-0.232300
-0.230347
0.036285
-0.271240
-0.124817
-0.221191
-0.006496
0.001101
-0.357910
-0.235474
-0.264404
-0.291016
-0.097046
-0.183716
-0.233521
-0.174927
-0.278320
-0.298828
-0.032349
-0.141968
-0.402344
0.053558
-0.265137
-0.262695
-0.313477
-0.151001
-0.050903
-0.198853
-0.290771
-0.322754
-0.283936
-0.286377
-0.035980
-0.147827
-0.307617
-0.308838
-0.187378
-0.000440
-0.029434
-0.240601
0.062744
0.022400
0.022659
-0.234619
-0.363525
-0.106384
-0.219971
-0.187256
-0.400879
0.032623
0.003208
-0.383545
-0.203369
-0.319092
-0.126953
-0.305664
-0.243408
-0.335938
-0.288574
-0.130371
-0.292725
-0.343262
-0.275391
-0.173584
-0.475586
-0.032532
-0.129272
-0.354736
-0.312988
-0.255859
-0.453857
-0.283203
-0.429443
-0.251465
-0.364014
-0.449951
-0.308350
-0.358643
-0.350586
-0.287842
-0.407715
-0.103760
-0.097168
-0.187866
-0.416016
-0.301270
-0.456787
-0.259033
-0.292969
-0.087402
-0.341309
-0.042999
-0.396240
-0.302979
-0.285645
-0.271240
-0.203979
-0.367920
-0.284668
-0.346924
-0.441895
-0.327393
-0.295410
-0.373779
-0.440430
-0.363281
-0.370605
-0.213867
-0.268311
-0.127319
-0.135132
-0.272705
-0.273438
-0.091309
-0.278564
-0.071106
-0.309082
-0.383789
-0.129150
-0.394775
-0.271729
-0.360596
-0.409668
-0.335938
-0.326660
-0.216187
-0.260742
-0.038208
-0.099182
-0.406494
-0.412598
-0.239990
-0.183838
0.003712
-0.256836
-0.091431
-0.253174
-0.447021
-0.351074
-0.282227
-0.291748
-0.019913
-0.194580
-0.364990
-0.100220
-0.315918
-0.147705
-0.161255
-0.135132
-0.345215
-0.369873
0.022629
-0.359619
-0.366455
0.089905
0.120483
-0.391357
-0.251709
-0.420898
-0.195923
-0.162598
-0.149902
-0.133057
-0.144775
-0.174561
-0.360840
0.108765
-0.301025
-0.228394
-0.111450
-0.324219
-0.332520
-0.138672
-0.293213
-0.256104
-0.230225
-0.061035
-0.133545
-0.282471
-0.236694
0.061554
-0.242188
0.029984
-0.142822
-0.260010
-0.151611
-0.049988
-0.207153
-0.065369
-0.134766
-0.221558
-0.110657
-0.233398
-0.226318
0.032654
-0.270996
-0.122803
-0.221558
-0.007225
0.002731
-0.357422
-0.231201
-0.261719
-0.289062
-0.098267
-0.182617
-0.230835
-0.186523
-0.271484
-0.296875
-0.036133
-0.139893
-0.398438
0.054199
-0.264404
-0.264160
-0.310303
-0.148438
-0.049713
-0.196289
-0.287109
-0.319580
-0.279053
-0.280029
-0.036224
-0.151001
-0.307617
-0.306885
-0.184937
0.004257
-0.030609
-0.240356
0.068787
0.025131
0.020065
-0.234131
-0.358887
-0.102661
-0.219727
-0.183472
-0.396729
0.035431
0.003763
-0.380859
-0.202393
-0.317871
-0.129517
-0.301025
-0.239502
-0.330322
-0.281738
-0.139160
-0.293457
-0.342529
-0.271973
-0.172485
-0.473877
-0.023315
-0.125122
-0.352051
-0.307129
-0.256836
-0.451660
-0.284180
-0.430908
-0.247314
-0.358887
-0.449219
-0.308350
-0.356201
-0.345459
-0.283936
-0.405518
-0.106140
-0.095642
-0.187134
-0.415283
-0.295898
-0.455322
-0.255371
-0.294189
-0.082214
-0.341309
-0.049774
-0.391357
-0.299072
-0.282471
-0.266113
-0.204712
-0.367432
-0.282715
-0.348877
-0.441406
-0.323975
-0.291016
-0.369385
-0.440186
-0.364014
-0.369385
-0.211914
-0.262451
-0.120667
-0.132568
-0.271973
-0.266846
-0.095886
-0.275879
-0.067566
-0.302002
-0.382812
-0.125122
-0.390137
-0.277344
-0.353760
-0.404785
-0.335938
-0.325684
-0.211792
-0.266357
-0.039276
-0.087585
-0.401855
-0.412354
-0.238281
-0.175171
0.000502
-0.252441
-0.089172
-0.248047
-0.443604
-0.350342
-0.285156
-0.290039
-0.015930
-0.189941
-0.364258
-0.098145
-0.314209
-0.149658
-0.153809
-0.128540
-0.342041
-0.363770
0.022110
-0.359619
-0.363037
0.090698
0.125610
-0.394287
-0.245850
-0.415527
-0.192139
-0.126465
-0.151001
-0.128540
-0.143311
-0.174561
-0.354004
0.110657
-0.300537
-0.221680
-0.106567
-0.216797
-0.318604
-0.129517
-0.288330
-0.261963
-0.228516
-0.062927
-0.139893
-0.278320
-0.231201
0.058838
-0.238281
0.037994
-0.145752
-0.260010
-0.149780
-0.043854
-0.203247
-0.064453
-0.135254
-0.218628
-0.100464
-0.234985
-0.221436
0.031433
-0.271729
-0.126953
-0.217896
0.005306
0.000692
-0.358398
-0.231445
-0.266357
-0.287354
-0.093140
-0.180420
-0.231323
-0.162109
-0.262939
-0.292236
-0.036591
-0.137085
-0.398926
0.058014
-0.267334
-0.257324
-0.312012
-0.150024
-0.048676
-0.192627
-0.286621
-0.316895
-0.278076
-0.280029
-0.031128
-0.145996
-0.302490
-0.302246
-0.187866
0.022278
-0.028824
-0.236084
0.068115
0.022324
0.017563
-0.226807
-0.360596
-0.103149
-0.217896
-0.185303
-0.396240
0.031982
0.002153
-0.378662
-0.204224
-0.315430
-0.121643
-0.302002
-0.232300
-0.327881
-0.281006
-0.139526
-0.287354
-0.337402
-0.269043
-0.175659
-0.470947
-0.013191
-0.133423
-0.348145
-0.310791
-0.252441
-0.448730
-0.278564
-0.427002
-0.244873
-0.353271
-0.444092
-0.306396
-0.352295
-0.339844
-0.280273
-0.405273
-0.088074
-0.084412
-0.184082
-0.413818
-0.295654
-0.451904
-0.254150
-0.289062
-0.071289
-0.335205
-0.056396
-0.383789
-0.295410
-0.280518
-0.266602
-0.205811
-0.365723
-0.281982
-0.346924
-0.441406
-0.327393
-0.287598
-0.369141
-0.438477
-0.360596
-0.374268
-0.211914
-0.264160
-0.114380
-0.139404
-0.266113
-0.258057
-0.107483
-0.273926
-0.061340
-0.294678
-0.379150
-0.125244
-0.385498
-0.281738
-0.351562
-0.402832
-0.331055
-0.318604
-0.203735
-0.264404
-0.037445
-0.091858
-0.398926
-0.408203
-0.235352
-0.172119
-0.008018
-0.247925
-0.082153
-0.241943
-0.439697
-0.343262
-0.282227
-0.286865
-0.006573
-0.185425
-0.356689
-0.090210
-0.312500
-0.149292
-0.150269
-0.120850
-0.338623
-0.360107
0.025085
-0.355957
-0.356689
0.101746
0.133667
-0.392090
-0.246094
-0.407715
-0.190186
-0.128662
-0.158691
-0.116943
-0.140869
-0.164062
-0.353760
0.118042
-0.294434
-0.213867
-0.098083
0.195557
-0.313232
-0.123230
-0.286865
-0.256836
-0.227905
-0.056732
-0.133911
-0.275391
-0.222534
0.056976
-0.233032
0.039673
-0.140259
-0.259033
-0.142456
-0.043091
-0.197144
-0.065063
-0.133179
-0.213013
-0.086121
-0.226318
-0.214966
0.045013
-0.272949
-0.123291
-0.212158
0.006775
-0.002825
-0.351562
-0.231201
-0.262451
-0.280029
-0.088745
-0.173828
-0.229858
-0.146240
-0.252686
-0.285645
-0.037872
-0.130005
-0.397217
0.075134
-0.265381
-0.258789
-0.313721
-0.149170
-0.032623
-0.192871
-0.293213
-0.312256
-0.269531
-0.269043
-0.020279
-0.152466
-0.298340
-0.293701
-0.188477
0.034576
-0.018555
-0.226685
0.065308
0.026077
0.015976
-0.214844
-0.358643
-0.094666
-0.214844
-0.187012
-0.387451
0.035858
0.005772
-0.375244
-0.207642
-0.319824
-0.118286
-0.307617
-0.233643
-0.332520
-0.286133
-0.143311
-0.293457
-0.341064
-0.270996
-0.178589
-0.473633
-0.007267
-0.133423
-0.351562
-0.317139
-0.251465
-0.451416
-0.282959
-0.429932
-0.244873
-0.357178
-0.448486
-0.309814
-0.354248
-0.341797
-0.280518
-0.407959
-0.083923
-0.081177
-0.184082
-0.417969
-0.297119
-0.459961
-0.259766
-0.291016
-0.068054
-0.338867
-0.059235
-0.386963
-0.301025
-0.283203
-0.268066
-0.210693
-0.369629
-0.283447
-0.351318
-0.444336
-0.329834
-0.288574
-0.372314
-0.443604
-0.365479
-0.378662
-0.215454
-0.267334
-0.114197
-0.144409
-0.268311
-0.257568
-0.112854
-0.275879
-0.059418
-0.296387
-0.381592
-0.126221
-0.391846
-0.287354
-0.356934
-0.408691
-0.332764
-0.321533
-0.207275
-0.268311
-0.035797
-0.092346
-0.404053
-0.411621
-0.237061
-0.171753
-0.007610
-0.249390
-0.077393
-0.240479
-0.446045
-0.347656
-0.286865
-0.291992
-0.003727
-0.187378
-0.360596
-0.085388
-0.316406
-0.151855
-0.151245
-0.120422
-0.345459
-0.362061
0.027298
-0.362793
-0.355713
0.106079
0.139526
-0.396484
-0.247192
-0.408447
-0.189209
-0.152710
-0.165039
-0.115540
-0.142334
-0.165527
-0.357422
0.124268
-0.296875
-0.215210
-0.098633
0.057709
-0.316406
-0.120422
-0.290283
-0.259277
-0.231934
-0.055908
-0.134644
-0.276855
-0.224487
0.057190
-0.236084
0.043274
-0.137817
-0.260742
-0.141113
-0.046143
-0.198730
-0.066162
-0.132202
-0.213745
-0.082581
-0.221802
-0.218628
0.052002
-0.276611
-0.122620
-0.210571
0.009354
-0.005455
-0.353027
-0.233643
-0.265625
-0.277832
-0.089661
-0.174438
-0.229980
-0.157837
-0.255859
-0.283936
-0.037140
-0.127075
-0.402344
0.082581
-0.267334
-0.258789
-0.317383
-0.147339
-0.028091
-0.196045
-0.299316
-0.315674
-0.273926
-0.267090
-0.017578
-0.154785
-0.302002
-0.291260
-0.190430
0.036377
-0.015381
-0.224609
0.065002
0.028427
0.014999
-0.213867
-0.361084
-0.091797
-0.213867
-0.189941
-0.387695
0.038940
0.006924
-0.377686
-0.208008
-0.325439
-0.127441
-0.301270
-0.240845
-0.332031
-0.289062
-0.156738
-0.298584
-0.351318
-0.271484
-0.181030
-0.484131
-0.007835
-0.122681
-0.360107
-0.314453
-0.262207
-0.458496
-0.291504
-0.435303
-0.251709
-0.362305
-0.458984
-0.319580
-0.364014
-0.354492
-0.281250
-0.410889
-0.103699
-0.098450
-0.184937
-0.429443
-0.295410
-0.470215
-0.262451
-0.296631
-0.083740
-0.351318
-0.067444
-0.399170
-0.306641
-0.291748
-0.262451
-0.211548
-0.374756
-0.287842
-0.361572
-0.450684
-0.333252
-0.294678
-0.376953
-0.449219
-0.376465
-0.382080
-0.219238
-0.269043
-0.116760
-0.144531
-0.275146
-0.270264
-0.109863
-0.281006
-0.065491
-0.299561
-0.385742
-0.132812
-0.397949
-0.292236
-0.360596
-0.412842
-0.342773
-0.331787
-0.211792
-0.282959
-0.032806
-0.077515
-0.410889
-0.419678
-0.241577
-0.170288
-0.003576
-0.252441
-0.084290
-0.247681
-0.455322
-0.360596
-0.301270
-0.299316
-0.010941
-0.189819
-0.370117
-0.096252
-0.320312
-0.155762
-0.146606
-0.125732
-0.351807
-0.364258
0.022247
-0.375000
-0.372559
0.086243
0.139160
-0.402832
-0.247681
-0.420410
-0.188599
-0.121521
-0.156494
-0.122864
-0.148926
-0.181152
-0.355225
0.128662
-0.314209
-0.223877
-0.104553
0.195923
-0.310791
-0.128540
-0.295898
-0.266357
-0.235229
-0.069641
-0.157349
-0.284180
-0.230957
0.058563
-0.241577
0.049469
-0.151245
-0.270264
-0.151123
-0.043549
-0.209229
-0.069946
-0.137207
-0.219116
-0.092957
-0.234741
-0.224365
0.040161
-0.280273
-0.138550
-0.219360
0.014633
-0.000957
-0.364502
-0.247314
-0.280273
-0.292236
-0.090698
-0.182251
-0.236206
-0.138428
-0.271973
-0.296875
-0.036316
-0.141724
-0.416016
0.061279
-0.282227
-0.246460
-0.326660
-0.158936
-0.048462
-0.197998
-0.299072
-0.325195
-0.285889
-0.289307
-0.022507
-0.143311
-0.303223
-0.310547
-0.199951
0.035492
-0.022690
-0.230469
0.055603
0.021576
0.012207
-0.223999
-0.370361
-0.109009
-0.220215
-0.191650
-0.406982
0.023132
-0.001999
-0.383545
-0.205688
-0.326904
-0.126343
-0.294434
-0.250977
-0.335449
-0.295898
-0.158447
-0.298096
-0.360107
-0.275391
-0.177124
-0.489014
-0.010254
-0.127441
-0.362061
-0.318848
-0.258789
-0.468018
-0.297852
-0.434814
-0.258057
-0.370361
-0.467041
-0.315430
-0.373535
-0.372314
-0.288574
-0.411133
-0.110046
-0.115845
-0.183105
-0.431152
-0.295898
-0.479004
-0.270264
-0.297607
-0.104187
-0.356445
-0.073853
-0.408203
-0.316162
-0.305664
-0.269775
-0.211182
-0.376465
-0.289795
-0.368652
-0.458740
-0.340088
-0.297119
-0.389160
-0.452881
-0.381836
-0.381104
-0.224609
-0.274414
-0.113892
-0.150635
-0.286621
-0.285889
-0.108582
-0.290527
-0.066162
-0.303711
-0.390137
-0.132812
-0.407471
-0.292969
-0.367920
-0.414551
-0.349365
-0.334473
-0.215454
-0.291504
-0.033417
-0.076233
-0.412354
-0.420654
-0.244629
-0.177246
0.001046
-0.251465
-0.093262
-0.244629
-0.460205
-0.364258
-0.312744
-0.302979
-0.026733
-0.202515
-0.378418
-0.105347
-0.326904
-0.156494
-0.160156
-0.135132
-0.351074
-0.368896
0.009224
-0.385498
-0.387451
0.068420
0.130005
-0.395996
-0.257812
-0.427490
-0.191895
-0.139404
-0.163086
-0.135254
-0.166016
-0.194702
-0.361084
0.132690
-0.327637
-0.228760
-0.108032
-0.065491
-0.315186
-0.149780
-0.303467
-0.273682
-0.241821
-0.081543
-0.181396
-0.290283
-0.243408
0.066772
-0.246582
0.034485
-0.164185
-0.274658
-0.162842
-0.054260
-0.220215
-0.075806
-0.140869
-0.226685
-0.115234
-0.245728
-0.232544
0.033936
-0.280273
-0.140137
-0.237061
0.006233
-0.009155
-0.367188
-0.262939
-0.284668
-0.299561
-0.091553
-0.191650
-0.243774
-0.167480
-0.293213
-0.311523
-0.031052
-0.155884
-0.415039
0.042267
-0.272949
-0.242676
-0.331543
-0.172852
-0.064819
-0.198853
-0.307129
-0.336670
-0.289795
-0.312744
-0.031708
-0.149170
-0.307373
-0.326416
-0.203247
0.020187
-0.032715
-0.234375
0.036194
0.011787
0.002296
-0.237061
-0.380859
-0.127808
-0.216553
-0.194702
-0.424805
0.004829
-0.012917
-0.392822
-0.204590
-0.327148
-0.127197
-0.291992
-0.251465
-0.334961
-0.294922
-0.163086
-0.296387
-0.362793
-0.277344
-0.174683
-0.491211
-0.010056
-0.132812
-0.364990
-0.325928
-0.251709
-0.472168
-0.296143
-0.434570
-0.263428
-0.372314
-0.470215
-0.312500
-0.372314
-0.374023
-0.292236
-0.416260
-0.101257
-0.118591
-0.184326
-0.434570
-0.293213
-0.477539
-0.273193
-0.299805
-0.107117
-0.355225
-0.077332
-0.408936
-0.316162
-0.308838
-0.274414
-0.213623
-0.375488
-0.289551
-0.369385
-0.463867
-0.344238
-0.296387
-0.394287
-0.456543
-0.382080
-0.381836
-0.230835
-0.275391
-0.108337
-0.152344
-0.293213
-0.285889
-0.113342
-0.297119
-0.060150
-0.302490
-0.389648
-0.135010
-0.413086
-0.291016
-0.368652
-0.419434
-0.349121
-0.331299
-0.214478
-0.294678
-0.038696
-0.073792
-0.413330
-0.419434
-0.244019
-0.183350
-0.007603
-0.247070
-0.098694
-0.242920
-0.460449
-0.363770
-0.316162
-0.302002
-0.031677
-0.206055
-0.376709
-0.105896
-0.329102
-0.154541
-0.166138
-0.133545
-0.345703
-0.373535
0.006126
-0.385986
-0.393066
0.072266
0.122620
-0.392334
-0.262207
-0.421875
-0.197876
-0.161255
-0.164795
-0.137695
-0.168701
-0.193604
-0.367188
0.139038
-0.325684
-0.226807
-0.109436
-0.158203
-0.318115
-0.150879
-0.305176
-0.280273
-0.240479
-0.083740
-0.188232
-0.288086
-0.236084
0.065308
-0.249634
0.021240
-0.168091
-0.270508
-0.162476
-0.045502
-0.220337
-0.076538
-0.147827
-0.228149
-0.119019
-0.255371
-0.231812
0.036438
-0.281006
-0.138306
-0.242188
0.000229
-0.008797
-0.366211
-0.266846
-0.281250
-0.298828
-0.092651
-0.192627
-0.245972
-0.180664
-0.296387
-0.315186
-0.027817
-0.160522
-0.413574
0.044037
-0.261719
-0.247437
-0.334229
-0.180176
-0.061920
-0.200806
-0.309326
-0.338623
-0.282715
-0.312256
-0.032196
-0.154297
-0.304688
-0.328125
-0.203491
0.023193
-0.032501
-0.235352
0.025360
0.015640
-0.001339
-0.239380
-0.382080
-0.136230
-0.212280
-0.192505
-0.426025
-0.003515
-0.018738
-0.394287
-0.205444
-0.321777
-0.124695
-0.291748
-0.242676
-0.331543
-0.287842
-0.151733
-0.290771
-0.352295
-0.271729
-0.170654
-0.481934
-0.011581
-0.128052
-0.359375
-0.312012
-0.242798
-0.463135
-0.288574
-0.426025
-0.255615
-0.362305
-0.462158
-0.303711
-0.363037
-0.356689
-0.287598
-0.409424
-0.090271
-0.105347
-0.182739
-0.426758
-0.288086
-0.458252
-0.260010
-0.297119
-0.096497
-0.344238
-0.066833
-0.397705
-0.308350
-0.293945
-0.273926
-0.206787
-0.366943
-0.281006
-0.359863
-0.454590
-0.332031
-0.290039
-0.383789
-0.446533
-0.368164
-0.372559
-0.221924
-0.267334
-0.109924
-0.138916
-0.282715
-0.275879
-0.104858
-0.285400
-0.057037
-0.296875
-0.384521
-0.127197
-0.406250
-0.278564
-0.351807
-0.412109
-0.334961
-0.320068
-0.205078
-0.283203
-0.035828
-0.073853
-0.405762
-0.410889
-0.234009
-0.185791
-0.003317
-0.245850
-0.088135
-0.243286
-0.453857
-0.354248
-0.302246
-0.290039
-0.020081
-0.196411
-0.368408
-0.095520
-0.322510
-0.141846
-0.164307
-0.132446
-0.338623
-0.367920
0.019089
-0.369141
-0.373535
0.093140
0.130249
-0.387939
-0.251709
-0.413818
-0.193115
-0.093018
-0.156738
-0.131348
-0.148560
-0.182861
-0.358643
0.141357
-0.313232
-0.219971
-0.105530
0.023788
-0.318359
-0.131226
-0.295654
-0.273682
-0.231567
-0.072266
-0.167358
-0.279785
-0.224365
0.065430
-0.240967
0.027603
-0.157104
-0.261475
-0.145630
-0.032745
-0.209229
-0.068054
-0.143921
-0.216309
-0.103638
-0.247314
-0.224609
0.049072
-0.268066
-0.126465
-0.225830
0.004696
0.000928
-0.360596
-0.246094
-0.266602
-0.286133
-0.090698
-0.178223
-0.236816
-0.141968
-0.279297
-0.300537
-0.017471
-0.148926
-0.405518
0.055817
-0.253174
-0.249146
-0.319580
-0.169189
-0.048798
-0.194580
-0.294189
-0.326660
-0.272461
-0.286865
-0.029221
-0.143066
-0.294922
-0.313232
-0.196045
0.027573
-0.023285
-0.233521
0.041107
0.029480
0.015915
-0.226562
-0.368164
-0.124390
-0.207275
-0.184204
-0.408936
0.014137
-0.009369
-0.385498
-0.201538
-0.319336
-0.129028
-0.299072
-0.241455
-0.330811
-0.283691
-0.138916
-0.290283
-0.343262
-0.269043
-0.166748
-0.475098
-0.027130
-0.127563
-0.354004
-0.313232
-0.243286
-0.453613
-0.282471
-0.426025
-0.253662
-0.361572
-0.449463
-0.305908
-0.355469
-0.345703
-0.288086
-0.407715
-0.092346
-0.093567
-0.186157
-0.418457
-0.291748
-0.450439
-0.255371
-0.295654
-0.082581
-0.336426
-0.049805
-0.391602
-0.301270
-0.281494
-0.270508
-0.203857
-0.362793
-0.283447
-0.348877
-0.440918
-0.324219
-0.289551
-0.372559
-0.438965
-0.361084
-0.368896
-0.218994
-0.262207
-0.121216
-0.130615
-0.278809
-0.270264
-0.091370
-0.279053
-0.061005
-0.304199
-0.382080
-0.127686
-0.397705
-0.268555
-0.352051
-0.406494
-0.330078
-0.316895
-0.210815
-0.261963
-0.039490
-0.084717
-0.405029
-0.408691
-0.230225
-0.187012
-0.002920
-0.250000
-0.087219
-0.251465
-0.444092
-0.347656
-0.284668
-0.286865
-0.021973
-0.195801
-0.364502
-0.092224
-0.312988
-0.140137
-0.161499
-0.127930
-0.338867
-0.365234
0.021591
-0.355713
-0.363037
0.097595
0.114807
-0.385742
-0.246094
-0.410156
-0.198608
-0.138794
-0.147339
-0.124817
-0.135620
-0.172852
-0.357910
0.121155
-0.299316
-0.220825
-0.106689
-0.195923
-0.329590
-0.129639
-0.288330
-0.266846
-0.223511
-0.063171
-0.140503
-0.276611
-0.223511
0.057404
-0.239746
0.025604
-0.144409
-0.252930
-0.144287
-0.032501
-0.202026
-0.059937
-0.138306
-0.213257
-0.103455
-0.238525
-0.220703
0.037170
-0.266602
-0.114014
-0.219116
-0.006615
0.008720
-0.355957
-0.229248
-0.257812
-0.283447
-0.095093
-0.177979
-0.227417
-0.175659
-0.267822
-0.293213
-0.027588
-0.136230
-0.395996
0.061218
-0.252686
-0.260986
-0.306152
-0.153076
-0.041138
-0.193848
-0.282227
-0.314453
-0.266602
-0.270264
-0.031235
-0.148926
-0.296875
-0.304688
-0.185547
0.020096
-0.028305
-0.236328
0.058563
0.034302
0.020157
-0.227905
-0.354736
-0.111633
-0.209717
-0.176270
-0.392334
0.029694
-0.000042
-0.379150
-0.201294
-0.322266
-0.132080
-0.306885
-0.243408
-0.334717
-0.286621
-0.139038
-0.294678
-0.345947
-0.272217
-0.169800
-0.477783
-0.024139
-0.128296
-0.356201
-0.312988
-0.248169
-0.458008
-0.287842
-0.430908
-0.255371
-0.365723
-0.451416
-0.307861
-0.357910
-0.347900
-0.289551
-0.410889
-0.095520
-0.091492
-0.186279
-0.422363
-0.296875
-0.453857
-0.257324
-0.295410
-0.076965
-0.342041
-0.047699
-0.393555
-0.304932
-0.285156
-0.271973
-0.209717
-0.368164
-0.287109
-0.349365
-0.445801
-0.325439
-0.291016
-0.371826
-0.443359
-0.366211
-0.374023
-0.218384
-0.263672
-0.122192
-0.134155
-0.278076
-0.270020
-0.094910
-0.281494
-0.059204
-0.305176
-0.384766
-0.129272
-0.397461
-0.275879
-0.355713
-0.409180
-0.332520
-0.320557
-0.211914
-0.265137
-0.037598
-0.091064
-0.407227
-0.411377
-0.233154
-0.183472
-0.002321
-0.251465
-0.087769
-0.250732
-0.447510
-0.352051
-0.284912
-0.290527
-0.018494
-0.195435
-0.367432
-0.093445
-0.318359
-0.141235
-0.158569
-0.128052
-0.341797
-0.369385
0.023956
-0.360107
-0.366211
0.097290
0.124329
-0.390381
-0.248169
-0.415527
-0.195557
-0.120789
-0.152710
-0.127930
-0.136475
-0.172119
-0.359619
0.120605
-0.300781
-0.224609
-0.106018
-0.201416
-0.328125
-0.125977
-0.291992
-0.267090
-0.227661
-0.060303
-0.139404
-0.279297
-0.225464
0.059601
-0.239014
0.031860
-0.142456
-0.256348
-0.143799
-0.036285
-0.202271
-0.058655
-0.140137
-0.214355
-0.098022
-0.235474
-0.220215
0.039246
-0.271973
-0.119202
-0.218262
-0.006451
0.008484
-0.358643
-0.232666
-0.265381
-0.285889
-0.100769
-0.176636
-0.229980
-0.164795
-0.264893
-0.294678
-0.030945
-0.135376
-0.399414
0.062866
-0.258301
-0.261475
-0.309082
-0.153076
-0.038666
-0.197754
-0.286133
-0.316895
-0.269775
-0.270264
-0.026001
-0.147339
-0.299316
-0.302979
-0.188843
0.019257
-0.024704
-0.234619
0.059448
0.032013
0.020111
-0.228760
-0.359863
-0.108337
-0.210815
-0.177979
-0.393066
0.030777
0.001558
-0.380371
-0.207031
-0.321533
-0.124939
-0.306885
-0.235962
-0.333252
-0.289307
-0.141602
-0.293457
-0.345459
-0.273926
-0.175781
-0.476562
-0.014343
-0.139038
-0.353760
-0.322754
-0.245239
-0.457275
-0.284912
-0.428711
-0.252441
-0.360107
-0.449219
-0.305664
-0.352539
-0.345215
-0.285400
-0.412109
-0.075989
-0.084045
-0.184082
-0.423584
-0.297363
-0.457275
-0.261719
-0.293457
-0.067688
-0.338623
-0.058624
-0.388672
-0.305420
-0.288574
-0.274414
-0.212524
-0.369629
-0.285645
-0.351562
-0.448486
-0.333252
-0.286621
-0.377441
-0.445312
-0.366455
-0.379395
-0.224731
-0.269043
-0.113708
-0.145508
-0.277100
-0.262207
-0.113037
-0.282471
-0.051239
-0.297119
-0.383301
-0.129395
-0.396729
-0.282227
-0.355957
-0.410889
-0.332764
-0.316406
-0.210327
-0.267822
-0.039368
-0.097961
-0.404785
-0.408936
-0.232544
-0.177612
-0.013039
-0.246704
-0.086365
-0.240234
-0.446533
-0.346436
-0.288086
-0.290039
-0.011047
-0.196777
-0.364014
-0.089478
-0.321289
-0.144653
-0.160522
-0.120544
-0.338867
-0.369141
0.020630
-0.364746
-0.361816
0.104309
0.125854
-0.387207
-0.253662
-0.405029
-0.195068
-0.156982
-0.166626
-0.119385
-0.145752
-0.167847
-0.364258
0.123291
-0.296387
-0.216431
-0.100586
-0.075928
-0.323730
-0.124878
-0.292480
-0.265381
-0.231812
-0.058594
-0.141235
-0.277588
-0.222046
0.057220
-0.237793
0.027924
-0.141602
-0.257568
-0.143921
-0.040527
-0.201416
-0.062866
-0.139404
-0.214478
-0.092529
-0.229004
-0.219727
0.051544
-0.277100
-0.121094
-0.218140
-0.004932
-0.001460
-0.353027
-0.236816
-0.261963
-0.278564
-0.096863
-0.177734
-0.231812
-0.176758
-0.261719
-0.292480
-0.035309
-0.135010
-0.398193
0.078491
-0.252686
-0.263428
-0.313232
-0.156616
-0.025726
-0.200317
-0.297607
-0.316650
-0.265625
-0.264893
-0.016418
-0.156494
-0.298584
-0.297852
-0.190918
0.027328
-0.016327
-0.226318
0.050568
0.030670
0.010262
-0.221558
-0.362793
-0.103455
-0.208008
-0.188721
-0.387939
0.030472
-0.002398
-0.380127
-0.212036
-0.323486
-0.122253
-0.305420
-0.234863
-0.333496
-0.291748
-0.143921
-0.289307
-0.347656
-0.275391
-0.177246
-0.480469
-0.012833
-0.141968
-0.355469
-0.323486
-0.243042
-0.460449
-0.285645
-0.427979
-0.253418
-0.358887
-0.454834
-0.302734
-0.355713
-0.350098
-0.287354
-0.412598
-0.073425
-0.090576
-0.184082
-0.423828
-0.296631
-0.460449
-0.261475
-0.295166
-0.079224
-0.337402
-0.061340
-0.388916
-0.305176
-0.291748
-0.278809
-0.211670
-0.370117
-0.283691
-0.354980
-0.452148
-0.335938
-0.288330
-0.382812
-0.447266
-0.368652
-0.378906
-0.223633
-0.270752
-0.111084
-0.150269
-0.281006
-0.266113
-0.114746
-0.285645
-0.053833
-0.299072
-0.384521
-0.127930
-0.400879
-0.281250
-0.354736
-0.413818
-0.333740
-0.316162
-0.208496
-0.272217
-0.038574
-0.092407
-0.406250
-0.410156
-0.236328
-0.181274
-0.009727
-0.246338
-0.084229
-0.239624
-0.450195
-0.347412
-0.292725
-0.291992
-0.010963
-0.199097
-0.364990
-0.089233
-0.323975
-0.143066
-0.164551
-0.125854
-0.336670
-0.370117
0.019958
-0.368896
-0.367188
0.108337
0.132690
-0.385498
-0.256836
-0.405518
-0.196533
-0.144287
-0.166260
-0.124084
-0.148926
-0.171021
-0.364990
0.131104
-0.298584
-0.215942
-0.103516
0.194702
-0.324219
-0.128174
-0.296631
-0.267334
-0.233398
-0.061066
-0.148315
-0.277832
-0.221436
0.061035
-0.241699
0.026871
-0.144287
-0.258789
-0.145264
-0.039673
-0.203735
-0.066040
-0.141724
-0.216431
-0.096558
-0.234131
-0.221069
0.054962
-0.275635
-0.120300
-0.222412
-0.004890
-0.001286
-0.353760
-0.243042
-0.263184
-0.279541
-0.092041
-0.179077
-0.237183
-0.168701
-0.268799
-0.292480
-0.028198
-0.139282
-0.397217
0.079224
-0.248657
-0.261719
-0.317139
-0.162231
-0.028397
-0.200439
-0.300781
-0.319580
-0.269287
-0.267334
-0.019577
-0.154419
-0.297852
-0.302979
-0.194824
0.029892
-0.016907
-0.226929
0.047699
0.032196
0.011246
-0.221313
-0.364746
-0.110107
-0.207642
-0.188721
-0.395264
0.028702
-0.003925
-0.384766
-0.211548
-0.326172
-0.120422
-0.302490
-0.244995
-0.338135
-0.296875
-0.150635
-0.293945
-0.358643
-0.278564
-0.179932
-0.489258
-0.015083
-0.138184
-0.362305
-0.323486
-0.252441
-0.468262
-0.291992
-0.432129
-0.259033
-0.366211
-0.470215
-0.304443
-0.367920
-0.371582
-0.291260
-0.412354
-0.084229
-0.105713
-0.183716
-0.433594
-0.299561
-0.474121
-0.266113
-0.295654
-0.110413
-0.348633
-0.064453
-0.403320
-0.316406
-0.306396
-0.284424
-0.206299
-0.376221
-0.284424
-0.366943
-0.466064
-0.345947
-0.295898
-0.395508
-0.450928
-0.377197
-0.381104
-0.230713
-0.278564
-0.113953
-0.155762
-0.290527
-0.281738
-0.116150
-0.296143
-0.056854
-0.302002
-0.387695
-0.127563
-0.408936
-0.281738
-0.363281
-0.422363
-0.345215
-0.325928
-0.214722
-0.292725
-0.033478
-0.084473
-0.414307
-0.414307
-0.245483
-0.182129
0.001411
-0.247070
-0.092529
-0.240479
-0.457031
-0.357666
-0.305664
-0.298096
-0.013649
-0.203735
-0.374268
-0.099121
-0.337891
-0.140991
-0.169434
-0.139404
-0.343018
-0.373291
0.013031
-0.386719
-0.389160
0.092468
0.146240
-0.383545
-0.265137
-0.422363
-0.193237
-0.136719
-0.167480
-0.144409
-0.165894
-0.188721
-0.369873
0.142700
-0.318359
-0.223511
-0.111267
-0.129517
-0.326172
-0.140503
-0.309570
-0.275635
-0.240601
-0.072937
-0.170288
-0.287109
-0.231079
0.072266
-0.248779
0.028214
-0.157471
-0.266602
-0.154663
-0.052094
-0.217896
-0.073303
-0.148193
-0.222900
-0.117004
-0.247803
-0.235107
0.052490
-0.278564
-0.130859
-0.242188
-0.002987
-0.001114
-0.365479
-0.262207
-0.273193
-0.294922
-0.091064
-0.182861
-0.244995
-0.164429
-0.291748
-0.306396
-0.019455
-0.154419
-0.404541
0.061646
-0.248291
-0.254639
-0.332764
-0.173340
-0.054016
-0.199463
-0.312256
-0.335449
-0.280273
-0.295898
-0.028305
-0.150513
-0.302246
-0.323242
-0.204590
0.016663
-0.024155
-0.232788
0.034576
0.015961
0.007328
-0.233398
-0.381104
-0.130005
-0.211670
-0.194824
-0.422119
0.007500
-0.008858
-0.394531
-0.213013
-0.323486
-0.122314
-0.304688
-0.240967
-0.336182
-0.293213
-0.142212
-0.290283
-0.350342
-0.278809
-0.177612
-0.483887
-0.018723
-0.141846
-0.357178
-0.321289
-0.247437
-0.461182
-0.286865
-0.431152
-0.258545
-0.362061
-0.460938
-0.298584
-0.362793
-0.364990
-0.291016
-0.412598
-0.078064
-0.098755
-0.183105
-0.426514
-0.301758
-0.466553
-0.262939
-0.294922
-0.098145
-0.343506
-0.055939
-0.397705
-0.312744
-0.304199
-0.286621
-0.205444
-0.374756
-0.285645
-0.358154
-0.462402
-0.342529
-0.292480
-0.393066
-0.447021
-0.371582
-0.379150
-0.226562
-0.275635
-0.114807
-0.155029
-0.284912
-0.277588
-0.110718
-0.292725
-0.055298
-0.299316
-0.385498
-0.124695
-0.404297
-0.280518
-0.360596
-0.416748
-0.340820
-0.322754
-0.211304
-0.278320
-0.035583
-0.096680
-0.411133
-0.411133
-0.238647
-0.182617
-0.000618
-0.245972
-0.094238
-0.240112
-0.452881
-0.354248
-0.296875
-0.293213
-0.015732
-0.199219
-0.369873
-0.095520
-0.333008
-0.134888
-0.171509
-0.138184
-0.339355
-0.373779
0.014374
-0.378174
-0.380859
0.093445
0.141235
-0.381348
-0.265381
-0.417236
-0.195435
-0.139648
-0.168945
-0.139160
-0.162109
-0.182007
-0.369385
0.133423
-0.309814
-0.221924
-0.108704
-0.247925
-0.326416
-0.137451
-0.302734
-0.268555
-0.237061
-0.066650
-0.157349
-0.286377
-0.229004
0.070251
-0.244751
0.023285
-0.151245
-0.262695
-0.150513
-0.048767
-0.215088
-0.071411
-0.144043
-0.220337
-0.110413
-0.241943
-0.230469
0.053101
-0.275391
-0.126587
-0.233887
-0.011024
0.000148
-0.356689
-0.253418
-0.266602
-0.288818
-0.093262
-0.180664
-0.240601
-0.175171
-0.278320
-0.302246
-0.022858
-0.149048
-0.398193
0.068115
-0.243042
-0.260742
-0.325928
-0.170288
-0.043274
-0.201782
-0.307129
-0.330811
-0.273193
-0.285645
-0.024277
-0.151245
-0.301270
-0.314209
-0.200684
0.017578
-0.020203
-0.232910
0.038147
0.018845
0.010971
-0.230591
-0.375732
-0.121582
-0.208130
-0.192017
-0.409668
0.014084
-0.004662
-0.389893
-0.215210
-0.322510
-0.122620
-0.305908
-0.238037
-0.333740
-0.289551
-0.137329
-0.292725
-0.347900
-0.273438
-0.172852
-0.482666
-0.017792
-0.136963
-0.354492
-0.316162
-0.246704
-0.458252
-0.285156
-0.429199
-0.254395
-0.359619
-0.456299
-0.302002
-0.359619
-0.354736
-0.287842
-0.414062
-0.080444
-0.089294
-0.182861
-0.425537
-0.296631
-0.460449
-0.259033
-0.295410
-0.080933
-0.342285
-0.053741
-0.392822
-0.304932
-0.291504
-0.275879
-0.207642
-0.372070
-0.282959
-0.354492
-0.452881
-0.333496
-0.290283
-0.381104
-0.446533
-0.369141
-0.379883
-0.225586
-0.269775
-0.114990
-0.142212
-0.279053
-0.270996
-0.102478
-0.284668
-0.055176
-0.298096
-0.385254
-0.124634
-0.402344
-0.280029
-0.355713
-0.414062
-0.334961
-0.320557
-0.208984
-0.268311
-0.034821
-0.092773
-0.407471
-0.410889
-0.233398
-0.179443
-0.005608
-0.246704
-0.086548
-0.240845
-0.450928
-0.350830
-0.289795
-0.291504
-0.012558
-0.194458
-0.369385
-0.088074
-0.322998
-0.135742
-0.162476
-0.130615
-0.339111
-0.369141
0.020645
-0.368896
-0.366943
0.100525
0.140625
-0.384277
-0.254883
-0.413818
-0.192871
-0.118164
-0.161865
-0.125488
-0.144653
-0.175781
-0.364990
0.130493
-0.306396
-0.220703
-0.101501
-0.060516
-0.326416
-0.124512
-0.295410
-0.270508
-0.232544
-0.061951
-0.143921
-0.282959
-0.223022
0.066956
-0.239014
0.030380
-0.143311
-0.260254
-0.141357
-0.043091
-0.205200
-0.065613
-0.139526
-0.214355
-0.093750
-0.235962
-0.223511
0.051086
-0.275391
-0.123779
-0.221313
-0.005703
0.002644
-0.357666
-0.243164
-0.261719
-0.284180
-0.096130
-0.176270
-0.232544
-0.155396
-0.268066
-0.292969
-0.027496
-0.139526
-0.400391
0.072021
-0.250732
-0.259277
-0.317627
-0.159912
-0.038208
-0.197388
-0.297363
-0.322998
-0.268555
-0.272949
-0.020248
-0.148438
-0.298584
-0.304688
-0.193970
0.024612
-0.018433
-0.232178
0.050354
0.027298
0.015305
-0.223511
-0.366211
-0.109436
-0.208618
-0.189209
-0.399170
0.025970
0.004604
-0.383057
-0.211670
-0.316406
-0.118225
-0.302002
-0.231812
-0.328613
-0.283691
-0.132690
-0.291992
-0.341064
-0.267822
-0.168091
-0.471680
-0.011162
-0.133423
-0.347168
-0.315430
-0.243774
-0.448486
-0.281006
-0.424561
-0.247192
-0.357422
-0.445557
-0.301758
-0.352051
-0.341309
-0.279297
-0.406494
-0.075928
-0.077942
-0.178345
-0.415771
-0.293213
-0.451416
-0.255371
-0.289062
-0.060089
-0.337158
-0.054321
-0.383545
-0.296875
-0.282227
-0.266357
-0.208252
-0.367676
-0.280273
-0.346191
-0.438965
-0.325439
-0.283203
-0.369385
-0.439209
-0.359131
-0.374512
-0.219116
-0.263428
-0.112183
-0.140259
-0.266846
-0.258789
-0.099670
-0.276123
-0.048706
-0.288574
-0.377686
-0.123352
-0.391357
-0.278076
-0.352051
-0.404541
-0.324951
-0.313232
-0.206177
-0.260010
-0.034149
-0.095825
-0.397217
-0.405029
-0.229492
-0.167969
-0.008476
-0.241089
-0.081421
-0.236572
-0.440918
-0.342529
-0.281982
-0.286133
-0.007858
-0.189819
-0.359375
-0.082336
-0.312988
-0.138794
-0.153564
-0.116455
-0.338135
-0.357178
0.024567
-0.358398
-0.350586
0.106384
0.133057
-0.384277
-0.243164
-0.401611
-0.189087
-0.138550
-0.160889
-0.108459
-0.137329
-0.162720
-0.357178
0.126343
-0.296387
-0.213135
-0.093933
-0.026016
-0.320801
-0.119019
-0.286865
-0.264893
-0.228149
-0.054474
-0.130493
-0.278076
-0.219971
0.059143
-0.230591
0.039886
-0.133545
-0.255615
-0.133911
-0.042267
-0.197266
-0.059204
-0.131958
-0.206421
-0.081482
-0.219849
-0.218750
0.053680
-0.276855
-0.115173
-0.209717
0.001309
-0.002048
-0.349365
-0.231689
-0.255859
-0.272949
-0.094360
-0.172852
-0.224854
-0.167114
-0.255127
-0.281250
-0.033875
-0.127075
-0.393555
0.081055
-0.251709
-0.256592
-0.303955
-0.148071
-0.027634
-0.192383
-0.293945
-0.312988
-0.262207
-0.260010
-0.013977
-0.152588
-0.296143
-0.291260
-0.184814
0.034363
-0.015228
-0.224854
0.059631
0.031830
0.013023
-0.214966
-0.355713
-0.090210
-0.206055
-0.184082
-0.384277
0.037415
0.005867
-0.373291
-0.208496
0.000000
0.000000
-0.000000
0.000000
-0.000000
-0.000000
-0.000000
-0.000000
-0.000000
-0.000000
0.000000
0.000000
-0.000000
0.000000
-0.000000
-0.000000
-0.000000
-0.000000
0.000000
-0.000000
-0.000000
-0.000000
-0.000000
-0.000000
-0.000000
-0.000000
-0.000000
-0.000000
0.000000
-0.000000
0.000000
0.000000
-0.000000
-0.000000
0.000000
0.000000
-0.000000
-0.000000
-0.000000
-0.000000
-0.000000
-0.000000
-0.000000
-0.000000
-0.000000
-0.000000
-0.000000
-0.000000
-0.000000
-0.000000
-0.000000
-0.000000
0.000000
0.000000
-0.000000
-0.000000
-0.000000
-0.000000
-0.000000
-0.000000
-0.000000
-0.000000
0.000000
-0.000000
-0.000000
-0.000000
-0.000000
0.000000
-0.000000
-0.000000
-0.000000
-0.000000
0.000000
-0.000000
-0.000000
-0.000000
-0.000000
-0.000000
0.000000
-0.000000
-0.000000
0.000000
-0.000000
-0.000000
-0.000000
-0.000000
-0.000000
-0.000000
-0.000000
-0.000000
-0.000000
-0.000000
-0.000000
-0.000000
-0.000000
0.000000
-0.000000
-0.000000
-0.000000
-0.000000
-0.000000
0.000000
0.000000
-0.000000
-0.000000
-0.000000
-0.000000
-0.000000
-0.000000
0.000000
-0.000000
0.000000
0.000000
-0.000000
-0.000000
-0.000000
-0.000000
-0.000000
-0.000000
-0.000000
-0.000000
-0.000000
-0.000000
-0.000000
-0.000000
-0.000000
-0.000000
-0.000000
-0.000000
0.000000
-0.000000
-0.000000
0.000000
-0.000000
-0.000000
-0.000000
0.000000
0.000000
0.000000
-0.000000
-0.000000
0.000000
-0.000000
-0.000000
-0.000000
-0.000000
-0.000000
-0.000000
-0.000000
0.000000
-0.000000
0.000000
-0.000000
-0.000000
0.000000
-0.000000
-0.000000
-0.000000
0.000000
-0.000000
-0.000000
0.000000
-0.000000
-0.000000
-0.000000
-0.000000
0.000000
-0.000000
-0.000000
-0.000000
-0.000000
0.000000
-0.000000
-0.000000
-0.000000
0.000000
0.000000
-0.000000
-0.000000
-0.000000
-0.000000
-0.000000
-0.000000
-0.000000
-0.000000
-0.000000
0.000000
-0.000000
-0.000000
0.000000
-0.000000
-0.000000
0.000000
0.000000
-0.000000
0.000000
-0.000000
-0.000000
-0.000000
-0.000000
-0.000000
-0.000000
0.000000
0.000000
-0.000000
0.000000
-0.000000
-0.000000
-0.000000
-0.000000
0.000000
-0.000000
-0.000000
-0.000000
-0.000000
-0.000000
-0.000000
-0.000000
-0.000000
-0.000000
0.000000
-0.000000
0.000000
0.000000
-0.000000
-0.000000
0.000000
0.000000
-0.000000
-0.000000
-0.000000
-0.000000
-0.000000
-0.000000
-0.000000
-0.000000
-0.000000
-0.000000
-0.000000
-0.000000
-0.000000
-0.000000
-0.000000
-0.000000
0.000000
0.000000
-0.000000
-0.000000
-0.000000
-0.000000
-0.000000
-0.000000
-0.000000
-0.000000
0.000000
-0.000000
-0.000000
-0.000000
-0.000000
0.000000
-0.000000
-0.000000
-0.000000
-0.000000
0.000000
-0.000000
-0.000000
-0.000000
-0.000000
-0.000000
0.000000
-0.000000
-0.000000
0.000000
-0.000000
-0.000000
-0.000000
-0.000000
-0.000000
-0.000000
-0.000000
-0.000000
-0.000000
-0.000000
-0.000000
-0.000000
-0.000000
0.000000
-0.000000
-0.000000
-0.000000
-0.000000
-0.000000
0.000000
0.000000
-0.000000
-0.000000
-0.000000
-0.000000
-0.000000
-0.000000
0.000000
-0.000000
0.000000
0.000000
-0.000000
-0.000000
-0.000000
-0.000000
-0.000000
-0.000000
-0.000000
-0.000000
-0.000000
-0.000000
-0.000000
-0.000000
-0.000000
-0.000000
-0.000000
-0.000000
0.000000
-0.000000
-0.000000
0.000000
-0.000000
-0.000000
-0.000000
0.000000
0.000000
0.000000
-0.000000
-0.000000
0.000000
-0.000000
-0.000000
-0.000000
-0.000000
-0.000000
-0.000000
-0.000000
0.000000
-0.000000
0.000000
-0.000000
-0.000000
0.000000
-0.000000
-0.000000
-0.000000
0.000000
-0.000000
-0.000000
0.000000
-0.000000
-0.000000
-0.000000
-0.000000
0.000000
-0.000000
-0.000000
-0.000000
-0.000000
0.000000
-0.000000
-0.000000
-0.000000
0.000000
0.000000
-0.000000
-0.000000
-0.000000
-0.000000
-0.000000
-0.000000
-0.000000
-0.000000
-0.000000
0.000000
-0.000000
-0.000000
0.000000
-0.000000
-0.000000
0.000000
0.000000
-0.000000
0.000000
-0.000000
-0.000000
-0.000000
-0.000000
-0.000000
-0.000000
0.000000
0.000000
-0.000000
0.000000
-0.000000
-0.000000
-0.000000
-0.000000
0.000000
-0.000000
-0.000000
-0.000000
-0.000000
-0.000000
-0.000000
-0.000000
-0.000000
-0.000000
0.000000
-0.000000
0.000000
0.000000
-0.000000
-0.000000
0.000000
0.000000
-0.000000
-0.000000
-0.000000
-0.000000
-0.000000
-0.000000
-0.000000
-0.000000
-0.000000
-0.000000
-0.000000
-0.000000
-0.000000
-0.000000
-0.000000
-0.000000
0.000000
0.000000
-0.000000
-0.000000
-0.000000
-0.000000
-0.000000
-0.000000
-0.000000
-0.000000
0.000000
-0.000000
-0.000000
-0.000000
-0.000000
0.000000
-0.000000
-0.000000
-0.000000
-0.000000
0.000000
-0.000000
-0.000000
-0.000000
-0.000000
-0.000000
0.000000
-0.000000
-0.000000
0.000000
-0.000000
-0.000000
-0.000000
-0.000000
-0.000000
-0.000000
-0.000000
-0.000000
-0.000000
-0.000000
-0.000000
-0.000000
-0.000000
0.000000
-0.000000
-0.000000
-0.000000
-0.000000
-0.000000
0.000000
0.000000
-0.000000
-0.000000
-0.000000
-0.000000
-0.000000
-0.000000
0.000000
-0.000000
0.000000
0.000000
-0.000000
-0.000000
-0.000000
-0.000000
-0.000000
-0.000000
-0.000000
-0.000000
-0.000000
-0.000000
-0.000000
-0.000000
-0.000000
-0.000000
-0.000000
-0.000000
0.000000
-0.000000
-0.000000
0.000000
-0.000000
-0.000000
-0.000000
0.000000
0.000000
0.000000
-0.000000
-0.000000
0.000000
-0.000000
-0.000000
-0.000000
-0.000000
-0.000000
-0.000000
-0.000000
0.000000
-0.000000
0.000000
-0.000000
-0.000000
0.000000
-0.000000
-0.000000
-0.000000
0.000000
-0.000000
-0.000000
0.000000
-0.000000
-0.000000
-0.000000
-0.000000
0.000000
-0.000000
-0.000000
-0.000000
-0.000000
0.000000
-0.000000
-0.000000
-0.000000
0.000000
0.000000
-0.000000
-0.000000
-0.000000
-0.000000
-0.000000
-0.000000
-0.000000
-0.000000
-0.000000
0.000000
-0.000000
-0.000000
0.000000
-0.000000
-0.000000
0.000000
0.000000
-0.000000
0.000000
-0.000000
-0.000000
-0.000000
-0.000000
-0.000000
-0.000000
0.000000
0.000000
-0.000000
0.000000
-0.000000
-0.000000
-0.000000
-0.000000
0.000000
-0.000000
-0.000000
-0.000000
-0.000000
-0.000000
-0.000000
-0.000000
-0.000000
-0.000000
0.000000
-0.000000
0.000000
0.000000
-0.000000
-0.000000
0.000000
0.000000
-0.000000
-0.000000
-0.000000
-0.000000
-0.000000
-0.000000
-0.000000
-0.000000
-0.000000
-0.000000
-0.000000
-0.000000
-0.000000
-0.000000
-0.000000
-0.000000
0.000000
0.000000
-0.000000
-0.000000
-0.000000
-0.000000
-0.000000
-0.000000
-0.000000
-0.000000
0.000000
-0.000000
-0.000000
-0.000000
-0.000000
0.000000
-0.000000
-0.000000
-0.000000
-0.000000
0.000000
-0.000000
-0.000000
-0.000000
-0.000000
-0.000000
0.000000
-0.000000
-0.000000
0.000000
-0.000000
-0.000000
-0.000000
-0.000000
-0.000000
-0.000000
-0.000000
-0.000000
-0.000000
-0.000000
-0.000000
-0.000000
-0.000000
0.000000
-0.000000
-0.000000
-0.000000
-0.000000
-0.000000
0.000000
0.000000
-0.000000
-0.000000
-0.000000
-0.000000
-0.000000
-0.000000
0.000000
-0.000000
0.000000
0.000000
-0.000000
-0.000000
-0.000000
-0.000000
-0.000000
-0.000000
-0.000000
-0.000000
-0.000000
-0.000000
-0.000000
-0.000000
-0.000000
-0.000000
-0.000000
-0.000000
0.000000
-0.000000
-0.000000
0.000000
-0.000000
-0.000000
-0.000000
0.000000
0.000000
0.000000
-0.000000
-0.000000
0.000000
-0.000000
-0.000000
-0.000000
-0.000000
-0.000000
-0.000000
-0.000000
0.000000
-0.000000
0.000000
-0.000000
-0.000000
0.000000
-0.000000
-0.000000
-0.000000
0.000000
-0.000000
-0.000000
0.000000
-0.000000
-0.000000
-0.000000
-0.000000
0.000000
-0.000000
-0.000000
-0.000000
-0.000000
0.000000
-0.000000
-0.000000
-0.000000
0.000000
0.000000
-0.000000
-0.000000
-0.000000
-0.000000
-0.000000
-0.000000
-0.000000
-0.000000
-0.000000
0.000000
-0.000000
-0.000000
0.000000
-0.000000
-0.000000
0.000000
0.000000
-0.000000
0.000000
-0.000000
-0.000000
-0.000000
-0.000000
-0.000000
-0.000000
0.000000
0.000000
-0.000000
0.000000
-0.000000
-0.000000
-0.000000
-0.000000
0.000000
-0.000000
-0.000000
-0.000000
-0.000000
-0.000000
-0.000000
-0.000000
-0.000000
-0.000000
0.000000
-0.000000
0.000000
0.000000
-0.000000
-0.000000
0.000000
0.000000
-0.000000
-0.000000
-0.000000
-0.000000
-0.000000
-0.000000
-0.000000
-0.000000
-0.000000
-0.000000
-0.000000
-0.000000
-0.000000
-0.000000
-0.000000
-0.000000
0.000000
0.000000
-0.000000
-0.000000
-0.000000
-0.000000
-0.000000
-0.000000
-0.000000
-0.000000
0.000000
-0.000000
-0.000000
-0.000000
-0.000000
0.000000
-0.000000
-0.000000
-0.000000
-0.000000
0.000000
-0.000000
-0.000000
-0.000000
-0.000000
-0.000000
0.000000
-0.000000
-0.000000
0.000000
-0.000000
-0.000000
-0.000000
-0.000000
-0.000000
-0.000000
-0.000000
-0.000000
-0.000000
-0.000000
-0.000000
-0.000000
-0.000000
0.000000
-0.000000
-0.000000
-0.000000
-0.000000
-0.000000
0.000000
0.000000
-0.000000
-0.000000
-0.000000
-0.000000
-0.000000
-0.000000
0.000000
-0.000000
0.000000
0.000000
-0.000000
-0.000000
-0.000000
-0.000000
-0.000000
-0.000000
-0.000000
-0.000000
-0.000000
-0.000000
-0.000000
-0.000000
-0.000000
-0.000000
-0.000000
-0.000000
0.000000
-0.000000
-0.000000
0.000000
-0.000000
-0.000000
-0.000000
0.000000
0.000000
0.000000
-0.000000
-0.000000
0.000000
-0.000000
-0.000000
-0.000000
-0.000000
-0.000000
-0.000000
-0.000000
0.000000
-0.000000
0.000000
-0.000000
-0.000000
0.000000
-0.000000
-0.000000
-0.000000
0.000000
-0.000000
-0.000000
0.000000
-0.000000
-0.000000
-0.000000
-0.000000
0.000000
-0.000000
-0.000000
-0.000000
-0.000000
0.000000
-0.000000
-0.000000
-0.000000
0.000000
0.000000
-0.000000
-0.000000
-0.000000
-0.000000
-0.000000
-0.000000
-0.000000
-0.000000
-0.000000
0.000000
-0.000000
-0.000000
0.000000
-0.000000
-0.000000
0.000000
0.000000
-0.000000
0.000000
-0.000000
-0.000000
-0.000000
-0.000000
-0.000000
-0.000000
0.000000
0.000000
-0.000000
0.000000
-0.000000
-0.000000
-0.000000
-0.000000
0.000000
-0.000000
-0.000000
-0.000000
-0.000000
-0.000000
-0.000000
-0.000000
-0.000000
-0.000000
0.000000
-0.000000
0.000000
0.000000
-0.000000
-0.000000
0.000000
0.000000
-0.000000
-0.000000
-0.000000
-0.000000
-0.000000
-0.000000
-0.000000
-0.000000
-0.000000
-0.000000
-0.000000
-0.000000
-0.000000
-0.000000
-0.000000
-0.000000
0.000000
0.000000
-0.000000
-0.000000
-0.000000
-0.000000
-0.000000
-0.000000
-0.000000
-0.000000
0.000000
-0.000000
-0.000000
-0.000000
-0.000000
0.000000
-0.000000
-0.000000
-0.000000
-0.000000
0.000000
-0.000000
-0.000000
-0.000000
-0.000000
-0.000000
0.000000
-0.000000
-0.000000
0.000000
-0.000000
-0.000000
-0.000000
-0.000000
-0.000000
-0.000000
-0.000000
-0.000000
-0.000000
-0.000000
-0.000000
-0.000000
-0.000000
0.000000
-0.000000
-0.000000
-0.000000
-0.000000
-0.000000
0.000000
0.000000
-0.000000
-0.000000
-0.000000
-0.000000
-0.000000
-0.000000
0.000000
-0.000000
0.000000
0.000000
-0.000000
-0.000000
-0.000000
-0.000000
-0.000000
-0.000000
-0.000000
-0.000000
-0.000000
-0.000000
-0.000000
-0.000000
-0.000000
-0.000000
-0.000000
-0.000000
0.000000
-0.000000
-0.000000
0.000000
-0.000000
-0.000000
-0.000000
0.000000
0.000000
0.000000
-0.000000
-0.000000
0.000000
-0.000000
-0.000000
-0.000000
-0.000000
-0.000000
-0.000000
-0.000000
0.000000
-0.000000
0.000000
-0.000000
-0.000000
0.000000
-0.000000
-0.000000
-0.000000
0.000000
-0.000000
-0.000000
0.000000
-0.000000
-0.000000
-0.000000
-0.000000
0.000000
-0.000000
-0.000000
-0.000000
-0.000000
0.000000
-0.000000
-0.000000
-0.000000
0.000000
0.000000
-0.000000
-0.000000
-0.000000
-0.000000
-0.000000
-0.000000
-0.000000
-0.000000
-0.000000
0.000000
-0.000000
-0.000000
0.000000
-0.000000
-0.000000
0.000000
0.000000
-0.000000
0.000000
-0.000000
-0.000000
-0.000000
-0.000000
-0.000000
-0.000000
0.000000
0.000000
-0.000000
0.000000
-0.000000
-0.000000
-0.000000
-0.000000
0.000000
-0.000000
-0.000000
-0.000000
-0.000000
-0.000000
-0.000000
-0.000000
-0.000000
-0.000000
0.000000
-0.000000
0.000000
0.000000
-0.000000
-0.000000
0.000000
0.000000
-0.000000
-0.000000
-0.000000
-0.000000
-0.000000
-0.000000
-0.000000
-0.000000
-0.000000
-0.000000
-0.000000
-0.000000
-0.000000
-0.000000
-0.000000
-0.000000
0.000000
0.000000
-0.000000
-0.000000
-0.000000
-0.000000
-0.000000
-0.000000
-0.000000
-0.000000
0.000000
-0.000000
-0.000000
-0.000000
-0.000000
0.000000
-0.000000
-0.000000
-0.000000
-0.000000
0.000000
-0.000000
-0.000000
-0.000000
-0.000000
-0.000000
0.000000
-0.000000
-0.000000
0.000000
-0.000000
-0.000000
-0.000000
-0.000000
-0.000000
-0.000000
-0.000000
-0.000000
-0.000000
-0.000000
-0.000000
-0.000000
-0.000000
0.000000
-0.000000
-0.000000
-0.000000
-0.000000
-0.000000
0.000000
0.000000
-0.000000
-0.000000
-0.000000
-0.000000
-0.000000
-0.000000
0.000000
-0.000000
0.000000
0.000000
-0.000000
-0.000000
-0.000000
-0.000000
-0.000000
-0.000000
-0.000000
-0.000000
-0.000000
-0.000000
-0.000000
-0.000000
-0.000000
-0.000000
-0.000000
-0.000000
0.000000
-0.000000
-0.000000
0.000000
-0.000000
-0.000000
-0.000000
0.000000
0.000000
0.000000
-0.000000
-0.000000
0.000000
-0.000000
-0.000000
-0.000000
-0.000000
-0.000000
-0.000000
-0.000000
0.000000
-0.000000
0.000000
-0.000000
-0.000000
0.000000
-0.000000
-0.000000
-0.000000
0.000000
-0.000000
-0.000000
0.000000
-0.000000
-0.000000
-0.000000
-0.000000
0.000000
-0.000000
-0.000000
-0.000000
-0.000000
0.000000
-0.000000
-0.000000
-0.000000
0.000000
0.000000
-0.000000
-0.000000
-0.000000
-0.000000
-0.000000
-0.000000
-0.000000
-0.000000
-0.000000
0.000000
-0.000000
-0.000000
0.000000
-0.000000
-0.000000
0.000000
0.000000
-0.000000
0.000000
-0.000000
-0.000000
-0.000000
-0.000000
-0.000000
-0.000000
0.000000
0.000000
-0.000000
0.000000
-0.000000
-0.000000
-0.000000
-0.000000
0.000000
-0.000000
-0.000000
-0.000000
-0.000000
-0.000000
-0.000000
-0.000000
-0.000000
-0.000000
0.000000
-0.000000
0.000000
0.000000
-0.000000
-0.000000
0.000000
0.000000
-0.000000
-0.000000
-0.000000
-0.000000
-0.000000
-0.000000
-0.000000
-0.000000
-0.000000
-0.000000
-0.000000
-0.000000
-0.000000
-0.000000
-0.000000
-0.000000
0.000000
0.000000
-0.000000
-0.000000
-0.000000
-0.000000
-0.000000
-0.000000
-0.000000
-0.000000
0.000000
-0.000000
-0.000000
-0.000000
-0.000000
0.000000
-0.000000
-0.000000
-0.000000
-0.000000
0.000000
-0.000000
-0.000000
-0.000000
-0.000000
-0.000000
0.000000
-0.000000
-0.000000
0.000000
-0.000000
-0.000000
-0.000000
-0.000000
-0.000000
-0.000000
-0.000000
-0.000000
-0.000000
-0.000000
-0.000000
-0.000000
-0.000000
0.000000
-0.000000
-0.000000
-0.000000
-0.000000
-0.000000
0.000000
0.000000
-0.000000
-0.000000
-0.000000
-0.000000
-0.000000
-0.000000
0.000000
-0.000000
0.000000
0.000000
-0.000000
-0.000000
-0.000000
-0.000000
-0.000000
-0.000000
-0.000000
-0.000000
-0.000000
-0.000000
-0.000000
-0.000000
-0.000000
-0.000000
-0.000000
-0.000000
0.000000
-0.000000
-0.000000
0.000000
-0.000000
-0.000000
-0.000000
0.000000
0.000000
0.000000
-0.000000
-0.000000
0.000000
-0.000000
-0.000000
-0.000000
-0.000000
-0.000000
-0.000000
-0.000000
0.000000
-0.000000
0.000000
-0.000000
-0.000000
0.000000
-0.000000
-0.000000
-0.000000
0.000000
-0.000000
-0.000000
0.000000
-0.000000
-0.000000
-0.000000
-0.000000
0.000000
-0.000000
-0.000000
-0.000000
-0.000000
0.000000
-0.000000
-0.000000
-0.000000
0.000000
0.000000
-0.000000
-0.000000
-0.000000
-0.000000
-0.000000
-0.000000
-0.000000
-0.000000
-0.000000
0.000000
-0.000000
-0.000000
0.000000
-0.000000
-0.000000
0.000000
0.000000
-0.000000
0.000000
-0.000000
-0.000000
-0.000000
-0.000000
-0.000000
-0.000000
0.000000
0.000000
-0.000000
0.000000
-0.000000
-0.000000
-0.000000
-0.000000
0.000000
-0.000000
-0.000000
-0.000000
-0.000000
-0.000000
-0.000000
-0.000000
-0.000000
-0.000000
0.000000
-0.000000
0.000000
0.000000
-0.000000
-0.000000
0.000000
0.000000
-0.000000
-0.000000
-0.000000
-0.000000
-0.000000
-0.000000
-0.000000
-0.000000
-0.000000
-0.000000
-0.000000
-0.000000
-0.000000
-0.000000
-0.000000
-0.000000
0.000000
0.000000
-0.000000
-0.000000
-0.000000
-0.000000
-0.000000
-0.000000
-0.000000
-0.000000
0.000000
-0.000000
-0.000000
-0.000000
-0.000000
0.000000
-0.000000
-0.000000
-0.000000
-0.000000
0.000000
-0.000000
-0.000000
-0.000000
-0.000000
-0.000000
0.000000
-0.000000
-0.000000
0.000000
-0.000000
-0.000000
-0.000000
-0.000000
-0.000000
-0.000000
-0.000000
-0.000000
-0.000000
-0.000000
-0.000000
-0.000000
-0.000000
0.000000
-0.000000
-0.000000
-0.000000
-0.000000
-0.000000
0.000000
0.000000
-0.000000
-0.000000
-0.000000
-0.000000
-0.000000
-0.000000
0.000000
-0.000000
0.000000
0.000000
-0.000000
-0.000000
-0.000000
-0.000000
-0.000000
-0.000000
-0.000000
-0.000000
-0.000000
-0.000000
-0.000000
-0.000000
-0.000000
-0.000000
-0.000000
-0.000000
0.000000
-0.000000
-0.000000
0.000000
-0.000000
-0.000000
-0.000000
0.000000
0.000000
0.000000
-0.000000
-0.000000
0.000000
-0.000000
-0.000000
-0.000000
-0.000000
-0.000000
-0.000000
-0.000000
0.000000
-0.000000
0.000000
-0.000000
-0.000000
0.000000
-0.000000
-0.000000
-0.000000
0.000000
-0.000000
-0.000000
0.000000
-0.000000
-0.000000
-0.000000
-0.000000
0.000000
-0.000000
-0.000000
-0.000000
-0.000000
0.000000
-0.000000
-0.000000
-0.000000
0.000000
0.000000
-0.000000
-0.000000
-0.000000
-0.000000
-0.000000
-0.000000
-0.000000
-0.000000
-0.000000
0.000000
-0.000000
-0.000000
0.000000
-0.000000
-0.000000
0.000000
0.000000
-0.000000
0.000000
-0.000000
-0.000000
-0.000000
-0.000000
-0.000000
-0.000000
0.000000
0.000000
-0.000000
0.000000
-0.000000
-0.000000
-0.000000
-0.000000
0.000000
-0.000000
-0.000000
-0.000000
-0.000000
-0.000000
-0.000000
-0.000000
-0.000000
-0.000000
0.000000
-0.000000
0.000000
0.000000
-0.000000
-0.000000
0.000000
0.000000
-0.000000
-0.000000
-0.000000
-0.000000
-0.000000
-0.000000
-0.000000
-0.000000
-0.000000
-0.000000
-0.000000
-0.000000
-0.000000
-0.000000
-0.000000
-0.000000
0.000000
0.000000
-0.000000
-0.000000
-0.000000
-0.000000
-0.000000
-0.000000
-0.000000
-0.000000
0.000000
-0.000000
-0.000000
-0.000000
-0.000000
0.000000
-0.000000
-0.000000
-0.000000
-0.000000
0.000000
-0.000000
-0.000000
-0.000000
-0.000000
-0.000000
0.000000
-0.000000
-0.000000
0.000000
-0.000000
-0.000000
-0.000000
-0.000000
-0.000000
-0.000000
-0.000000
-0.000000
-0.000000
-0.000000
-0.000000
-0.000000
-0.000000
0.000000
-0.000000
-0.000000
-0.000000
-0.000000
-0.000000
0.000000
0.000000
-0.000000
-0.000000
-0.000000
-0.000000
-0.000000
-0.000000
0.000000
-0.000000
0.000000
0.000000
-0.000000
-0.000000
-0.000000
-0.000000
-0.000000
-0.000000
-0.000000
-0.000000
-0.000000
-0.000000
-0.000000
-0.000000
-0.000000
-0.000000
-0.000000
-0.000000
0.000000
-0.000000
-0.000000
0.000000
-0.000000
-0.000000
-0.000000
0.000000
0.000000
0.000000
-0.000000
-0.000000
0.000000
-0.000000
-0.000000
-0.000000
-0.000000
-0.000000
-0.000000
-0.000000
0.000000
-0.000000
0.000000
-0.000000
-0.000000
0.000000
-0.000000
-0.000000
-0.000000
0.000000
-0.000000
-0.000000
0.000000
-0.000000
-0.000000
-0.000000
-0.000000
0.000000
-0.000000
-0.000000
-0.000000
-0.000000
0.000000
-0.000000
-0.000000
-0.000000
0.000000
0.000000
-0.000000
-0.000000
-0.000000
-0.000000
-0.000000
-0.000000
-0.000000
-0.000000
-0.000000
0.000000
-0.000000
-0.000000
0.000000
-0.000000
-0.000000
0.000000
0.000000
-0.000000
0.000000
-0.000000
-0.000000
-0.000000
-0.000000
-0.000000
-0.000000
0.000000
0.000000
-0.000000
0.000000
-0.000000
-0.000000
-0.000000
-0.000000
0.000000
-0.000000
-0.000000
-0.000000
-0.000000
-0.000000
-0.000000
-0.000000
-0.000000
-0.000000
0.000000
-0.000000
0.000000
0.000000
-0.000000
-0.000000
0.000000
0.000000
-0.000000
-0.000000
-0.000000
-0.000000
-0.000000
-0.000000
-0.000000
-0.000000
-0.000000
-0.000000
-0.000000
-0.000000
-0.000000
-0.000000
-0.000000
-0.000000
0.000000
0.000000
-0.000000
-0.000000
-0.000000
-0.000000
-0.000000
-0.000000
-0.000000
-0.000000
0.000000
-0.000000
-0.000000
-0.000000
-0.000000
0.000000
-0.000000
-0.000000
-0.000000
-0.000000
0.000000
-0.000000
-0.000000
-0.000000
-0.000000
-0.000000
0.000000
-0.000000
-0.000000
0.000000
-0.000000
-0.000000
-0.000000
-0.000000
-0.000000
-0.000000
-0.000000
-0.000000
-0.000000
-0.000000
-0.000000
-0.000000
-0.000000
0.000000
-0.000000
-0.000000
-0.000000
-0.000000
-0.000000
0.000000
0.000000
-0.000000
-0.000000
-0.000000
-0.000000
-0.000000
-0.000000
0.000000
-0.000000
0.000000
0.000000
-0.000000
-0.000000
-0.000000
-0.000000
-0.000000
-0.000000
-0.000000
-0.000000
-0.000000
-0.000000
-0.000000
-0.000000
-0.000000
-0.000000
-0.000000
-0.000000
0.000000
-0.000000
-0.000000
0.000000
-0.000000
-0.000000
-0.000000
0.000000
0.000000
0.000000
-0.000000
-0.000000
0.000000
-0.000000
-0.000000
-0.000000
-0.000000
-0.000000
-0.000000
-0.000000
0.000000
-0.000000
0.000000
-0.000000
-0.000000
0.000000
-0.000000
-0.000000
-0.000000
0.000000
-0.000000
-0.000000
0.000000
-0.000000
-0.000000
-0.000000
-0.000000
0.000000
-0.000000
-0.000000
-0.000000
-0.000000
0.000000
-0.000000
-0.000000
-0.000000
0.000000
0.000000
-0.000000
-0.000000
-0.000000
-0.000000
-0.000000
-0.000000
-0.000000
-0.000000
-0.000000
0.000000
-0.000000
-0.000000
0.000000
-0.000000
-0.000000
0.000000
0.000000
-0.000000
0.000000
-0.000000
-0.000000
-0.000000
-0.000000
-0.000000
-0.000000
0.000000
0.000000
-0.000000
0.000000
-0.000000
-0.000000
-0.000000
-0.000000
0.000000
-0.000000
-0.000000
-0.000000
-0.000000
-0.000000
-0.000000
-0.000000
-0.000000
-0.000000
0.000000
-0.000000
0.000000
0.000000
-0.000000
-0.000000
0.000000
0.000000
-0.000000
-0.000000
-0.000000
-0.000000
-0.000000
-0.000000
-0.000000
-0.000000
-0.000000
-0.000000
-0.000000
-0.000000
-0.000000
-0.000000
-0.000000
-0.000000
0.000000
0.000000
-0.000000
-0.000000
-0.000000
-0.000000
-0.000000
-0.000000
-0.000000
-0.000000
0.000000
-0.000000
-0.000000
-0.000000
-0.000000
0.000000
-0.000000
-0.000000
-0.000000
-0.000000
0.000000
-0.000000
-0.000000
-0.000000
-0.000000
-0.000000
0.000000
-0.000000
-0.000000
0.000000
-0.000000
-0.000000
-0.000000
-0.000000
-0.000000
-0.000000
-0.000000
-0.000000
-0.000000
-0.000000
-0.000000
-0.000000
-0.000000
0.000000
-0.000000
-0.000000
-0.000000
-0.000000
-0.000000
0.000000
0.000000
-0.000000
-0.000000
-0.000000
-0.000000
-0.000000
-0.000000
0.000000
-0.000000
0.000000
0.000000
-0.000000
-0.000000
-0.000000
-0.000000
-0.000000
-0.000000
-0.000000
-0.000000
-0.000000
-0.000000
-0.000000
-0.000000
-0.000000
-0.000000
-0.000000
-0.000000
0.000000
-0.000000
-0.000000
0.000000
-0.000000
-0.000000
-0.000000
0.000000
0.000000
0.000000
-0.000000
-0.000000
0.000000
-0.000000
-0.000000
-0.000000
-0.000000
-0.000000
-0.000000
-0.000000
0.000000
-0.000000
0.000000
-0.000000
-0.000000
0.000000
-0.000000
-0.000000
-0.000000
0.000000
-0.000000
-0.000000
0.000000
-0.000000
-0.000000
-0.000000
-0.000000
0.000000
-0.000000
-0.000000
-0.000000
-0.000000
0.000000
-0.000000
-0.000000
-0.000000
0.000000
0.000000
-0.000000
-0.000000
-0.000000
-0.000000
-0.000000
-0.000000
-0.000000
-0.000000
-0.000000
0.000000
-0.000000
-0.000000
0.000000
-0.000000
-0.000000
0.000000
0.000000
-0.000000
0.000000
-0.000000
-0.000000
-0.000000
-0.000000
-0.000000
-0.000000
0.000000
0.000000
-0.000000
0.000000
-0.000000
-0.000000
-0.000000
-0.000000
0.000000
-0.000000
-0.000000
-0.000000
-0.000000
-0.000000
-0.000000
-0.000000
-0.000000
-0.000000
0.000000
-0.000000
0.000000
0.000000
-0.000000
-0.000000
0.000000
0.000000
-0.000000
-0.000000
-0.000000
-0.000000
-0.000000
-0.000000
-0.000000
-0.000000
-0.000000
-0.000000
-0.000000
-0.000000
-0.000000
-0.000000
-0.000000
-0.000000
0.000000
0.000000
-0.000000
-0.000000
-0.000000
-0.000000
-0.000000
-0.000000
-0.000000
-0.000000
0.000000
-0.000000
-0.000000
-0.000000
-0.000000
0.000000
-0.000000
-0.000000
-0.000000
-0.000000
0.000000
-0.000000
-0.000000
-0.000000
-0.000000
-0.000000
0.000000
-0.000000
-0.000000
0.000000
-0.000000
-0.000000
-0.000000
-0.000000
-0.000000
-0.000000
-0.000000
-0.000000
-0.000000
-0.000000
-0.000000
-0.000000
-0.000000
0.000000
-0.000000
-0.000000
-0.000000
-0.000000
-0.000000
0.000000
0.000000
-0.000000
-0.000000
-0.000000
-0.000000
-0.000000
-0.000000
0.000000
-0.000000
0.000000
0.000000
-0.000000
-0.000000
-0.000000
-0.000000
-0.000000
-0.000000
-0.000000
-0.000000
-0.000000
-0.000000
-0.000000
-0.000000
-0.000000
-0.000000
-0.000000
-0.000000
0.000000
-0.000000
-0.000000
0.000000
-0.000000
-0.000000
-0.000000
0.000000
0.000000
0.000000
-0.000000
-0.000000
0.000000
-0.000000
-0.000000
-0.000000
-0.000000
-0.000000
-0.000000
-0.000000
0.000000
-0.000000
0.000000
-0.000000
-0.000000
0.000000
-0.000000
-0.000000
-0.000000
0.000000
-0.000000
-0.000000
0.000000
-0.000000
-0.000000
-0.000000
-0.000000
0.000000
-0.000000
-0.000000
-0.000000
-0.000000
0.000000
-0.000000
-0.000000
-0.000000
0.000000
0.000000
-0.000000
-0.000000
-0.000000
-0.000000
-0.000000
-0.000000
-0.000000
-0.000000
-0.000000
0.000000
-0.000000
-0.000000
0.000000
-0.000000
-0.000000
0.000000
0.000000
-0.000000
0.000000
-0.000000
-0.000000
-0.000000
-0.000000
-0.000000
-0.000000
0.000000
0.000000
-0.000000
0.000000
-0.000000
-0.000000
-0.000000
-0.000000
0.000000
-0.000000
-0.000000
-0.000000
-0.000000
-0.000000
-0.000000
-0.000000
-0.000000
-0.000000
0.000000
-0.000000
0.000000
0.000000
-0.000000
-0.000000
0.000000
0.000000
-0.000000
-0.000000
-0.000000
-0.000000
-0.000000
-0.000000
-0.000000
-0.000000
-0.000000
-0.000000
-0.000000
-0.000000
-0.000000
-0.000000
-0.000000
-0.000000
0.000000
0.000000
-0.000000
-0.000000
-0.000000
-0.000000
-0.000000
-0.000000
-0.000000
-0.000000
0.000000
-0.000000
-0.000000
-0.000000
-0.000000
0.000000
-0.000000
-0.000000
-0.000000
-0.000000
0.000000
-0.000000
-0.000000
-0.000000
-0.000000
-0.000000
0.000000
-0.000000
-0.000000
0.000000
-0.000000
-0.000000
-0.000000
-0.000000
-0.000000
-0.000000
-0.000000
-0.000000
-0.000000
-0.000000
-0.000000
-0.000000
-0.000000
0.000000
-0.000000
-0.000000
-0.000000
-0.000000
-0.000000
0.000000
0.000000
-0.000000
-0.000000
-0.000000
-0.000000
-0.000000
-0.000000
0.000000
-0.000000
0.000000
0.000000
-0.000000
-0.000000
-0.000000
-0.000000
-0.000000
-0.000000
-0.000000
-0.000000
-0.000000
-0.000000
-0.000000
-0.000000
-0.000000
-0.000000
-0.000000
-0.000000
0.000000
-0.000000
-0.000000
0.000000
-0.000000
-0.000000
-0.000000
0.000000
0.000000
0.000000
-0.000000
-0.000000
0.000000
-0.000000
-0.000000
-0.000000
-0.000000
-0.000000
-0.000000
-0.000000
0.000000
-0.000000
0.000000
-0.000000
-0.000000
0.000000
-0.000000
-0.000000
-0.000000
0.000000
-0.000000
-0.000000
0.000000
-0.000000
-0.000000
-0.000000
-0.000000
0.000000
-0.000000
-0.000000
-0.000000
-0.000000
0.000000
-0.000000
-0.000000
-0.000000
0.000000
0.000000
-0.000000
-0.000000
-0.000000
-0.000000
-0.000000
-0.000000
-0.000000
-0.000000
-0.000000
0.000000
-0.000000
-0.000000
0.000000
-0.000000
-0.000000
0.000000
0.000000
-0.000000
0.000000
-0.000000
-0.000000
-0.000000
-0.000000
-0.000000
-0.000000
0.000000
0.000000
-0.000000
0.000000
-0.000000
-0.000000
-0.000000
-0.000000
0.000000
-0.000000
-0.000000
-0.000000
-0.000000
-0.000000
-0.000000
-0.000000
-0.000000
-0.000000
0.000000
-0.000000
0.000000
0.000000
-0.000000
-0.000000
0.000000
0.000000
-0.000000
-0.000000
-0.000000
-0.000000
-0.000000
-0.000000
-0.000000
-0.000000
-0.000000
-0.000000
-0.000000
-0.000000
-0.000000
-0.000000
-0.000000
-0.000000
0.000000
0.000000
-0.000000
-0.000000
-0.000000
-0.000000
-0.000000
-0.000000
-0.000000
-0.000000
0.000000
-0.000000
-0.000000
-0.000000
-0.000000
0.000000
-0.000000
-0.000000
-0.000000
-0.000000
0.000000
-0.000000
-0.000000
-0.000000
-0.000000
-0.000000
0.000000
-0.000000
-0.000000
0.000000
-0.000000
-0.000000
-0.000000
-0.000000
-0.000000
-0.000000
-0.000000
-0.000000
-0.000000
-0.000000
-0.000000
-0.000000
-0.000000
0.000000
-0.000000
-0.000000
-0.000000
-0.000000
-0.000000
0.000000
0.000000
-0.000000
-0.000000
-0.000000
-0.000000
-0.000000
-0.000000
0.000000
-0.000000
0.000000
0.000000
-0.000000
-0.000000
-0.000000
-0.000000
-0.000000
-0.000000
-0.000000
-0.000000
-0.000000
-0.000000
-0.000000
-0.000000
-0.000000
-0.000000
-0.000000
-0.000000
0.000000
-0.000000
-0.000000
0.000000
-0.000000
-0.000000
-0.000000
0.000000
0.000000
0.000000
-0.000000
-0.000000
0.000000
-0.000000
-0.000000
-0.000000
-0.000000
-0.000000
-0.000000
-0.000000
0.000000
-0.000000
0.000000
-0.000000
-0.000000
0.000000
-0.000000
-0.000000
-0.000000
0.000000
-0.000000
-0.000000
0.000000
-0.000000
-0.000000
-0.000000
-0.000000
0.000000
-0.000000
-0.000000
-0.000000
-0.000000
0.000000
-0.000000
-0.000000
-0.000000
0.000000
0.000000
-0.000000
-0.000000
-0.000000
-0.000000
-0.000000
-0.000000
-0.000000
-0.000000
-0.000000
0.000000
-0.000000
-0.000000
0.000000
-0.000000
-0.000000
0.000000
0.000000
-0.000000
0.000000
-0.000000
-0.000000
-0.000000
-0.000000
-0.000000
-0.000000
0.000000
0.000000
-0.000000
0.000000
-0.000000
-0.000000
-0.000000
-0.000000
0.000000
-0.000000
-0.000000
-0.000000
-0.000000
-0.000000
-0.000000
-0.000000
-0.000000
-0.000000
0.000000
-0.000000
0.000000
0.000000
-0.000000
-0.000000
0.000000
0.000000
-0.000000
-0.000000
-0.000000
-0.000000
-0.000000
-0.000000
-0.000000
-0.000000
-0.000000
-0.000000
-0.000000
-0.000000
-0.000000
-0.000000
-0.000000
-0.000000
0.000000
0.000000
-0.000000
-0.000000
-0.000000
-0.000000
-0.000000
-0.000000
-0.000000
-0.000000
0.000000
-0.000000
-0.000000
-0.000000
-0.000000
0.000000
-0.000000
-0.000000
-0.000000
-0.000000
0.000000
-0.000000
-0.000000
-0.000000
-0.000000
-0.000000
0.000000
-0.000000
-0.000000
0.000000
-0.000000
-0.000000
-0.000000
-0.000000
-0.000000
-0.000000
-0.000000
-0.000000
-0.000000
-0.000000
-0.000000
-0.000000
-0.000000
0.000000
-0.000000
-0.000000
-0.000000
-0.000000
-0.000000
0.000000
0.000000
-0.000000
-0.000000
-0.000000
-0.000000
-0.000000
-0.000000
0.000000
-0.000000
0.000000
0.000000
-0.000000
-0.000000
-0.000000
-0.000000
-0.000000
-0.000000
-0.000000
-0.000000
-0.000000
-0.000000
-0.000000
-0.000000
-0.000000
-0.000000
-0.000000
-0.000000
0.000000
-0.000000
-0.000000
0.000000
-0.000000
-0.000000
-0.000000
0.000000
0.000000
0.000000
-0.000000
-0.000000
0.000000
-0.000000
-0.000000
-0.000000
-0.000000
-0.000000
-0.000000
-0.000000
0.000000
-0.000000
0.000000
-0.000000
-0.000000
0.000000
-0.000000
-0.000000
-0.000000
0.000000
-0.000000
-0.000000
0.000000
-0.000000
-0.000000
-0.000000
-0.000000
0.000000
-0.000000
-0.000000
-0.000000
-0.000000
0.000000
-0.000000
-0.000000
-0.000000
0.000000
0.000000
-0.000000
-0.000000
-0.000000
-0.000000
-0.000000
-0.000000
-0.000000
-0.000000
-0.000000
0.000000
-0.000000
-0.000000
0.000000
-0.000000
-0.000000
0.000000
0.000000
-0.000000
0.000000
-0.000000
-0.000000
-0.000000
-0.000000
-0.000000
-0.000000
0.000000
0.000000
-0.000000
0.000000
-0.000000
-0.000000
-0.000000
-0.000000
0.000000
-0.000000
-0.000000
-0.000000
-0.000000
-0.000000
-0.000000
-0.000000
-0.000000
-0.000000
0.000000
-0.000000
0.000000
0.000000
-0.000000
-0.000000
0.000000
0.000000
-0.000000
-0.000000
-0.000000
-0.000000
-0.000000
-0.000000
-0.000000
-0.000000
-0.000000
-0.000000
-0.000000
-0.000000
-0.000000
-0.000000
-0.000000
-0.000000
0.000000
0.000000
-0.000000
-0.000000
-0.000000
-0.000000
-0.000000
-0.000000
-0.000000
-0.000000
0.000000
-0.000000
-0.000000
-0.000000
-0.000000
0.000000
-0.000000
-0.000000
-0.000000
-0.000000
0.000000
-0.000000
-0.000000
-0.000000
-0.000000
-0.000000
0.000000
-0.000000
-0.000000
0.000000
-0.000000
-0.000000
-0.000000
-0.000000
-0.000000
-0.000000
-0.000000
-0.000000
-0.000000
-0.000000
-0.000000
-0.000000
-0.000000
0.000000
-0.000000
-0.000000
-0.000000
-0.000000
-0.000000
0.000000
0.000000
-0.000000
-0.000000
-0.000000
-0.000000
-0.000000
-0.000000
0.000000
-0.000000
0.000000
0.000000
-0.000000
-0.000000
-0.000000
-0.000000
-0.000000
-0.000000
-0.000000
-0.000000
-0.000000
-0.000000
-0.000000
-0.000000
-0.000000
-0.000000
-0.000000
-0.000000
0.000000
-0.000000
-0.000000
0.000000
-0.000000
-0.000000
-0.000000
0.000000
0.000000
0.000000
-0.000000
-0.000000
0.000000
-0.000000
-0.000000
-0.000000
-0.000000
-0.000000
-0.000000
-0.000000
0.000000
-0.000000
0.000000
-0.000000
-0.000000
0.000000
-0.000000
-0.000000
-0.000000
0.000000
-0.000000
-0.000000
0.000000
-0.000000
-0.000000
-0.000000
-0.000000
0.000000
-0.000000
-0.000000
-0.000000
-0.000000
0.000000
-0.000000
-0.000000
-0.000000
0.000000
0.000000
-0.000000
-0.000000
-0.000000
-0.000000
-0.000000
-0.000000
-0.000000
-0.000000
-0.000000
0.000000
-0.000000
-0.000000
0.000000
-0.000000
-0.000000
0.000000
0.000000
-0.000000
0.000000
-0.000000
-0.000000
-0.000000
-0.000000
-0.000000
-0.000000
0.000000
0.000000
-0.000000
0.000000
-0.000000
-0.000000
-0.000000
-0.000000
0.000000
-0.000000
-0.000000
-0.000000
-0.000000
-0.000000
-0.000000
-0.000000
-0.000000
-0.000000
0.000000
-0.000000
0.000000
0.000000
-0.000000
-0.000000
0.000000
0.000000
-0.000000
-0.000000
-0.000000
-0.000000
-0.000000
-0.000000
-0.000000
-0.000000
-0.000000
-0.000000
-0.000000
-0.000000
-0.000000
-0.000000
-0.000000
-0.000000
0.000000
0.000000
-0.000000
-0.000000
-0.000000
-0.000000
-0.000000
-0.000000
-0.000000
-0.000000
0.000000
-0.000000
-0.000000
-0.000000
-0.000000
0.000000
-0.000000
-0.000000
-0.000000
-0.000000
0.000000
-0.000000
-0.000000
-0.000000
-0.000000
-0.000000
0.000000
-0.000000
-0.000000
0.000000
-0.000000
-0.000000
-0.000000
-0.000000
-0.000000
-0.000000
-0.000000
-0.000000
-0.000000
-0.000000
-0.000000
-0.000000
-0.000000
0.000000
-0.000000
-0.000000
-0.000000
-0.000000
-0.000000
0.000000
0.000000
-0.000000
-0.000000
-0.000000
-0.000000
-0.000000
-0.000000
0.000000
-0.000000
0.000000
0.000000
-0.000000
-0.000000
-0.000000
-0.000000
-0.000000
-0.000000
-0.000000
-0.000000
-0.000000
-0.000000
-0.000000
-0.000000
-0.000000
-0.000000
-0.000000
-0.000000
0.000000
-0.000000
-0.000000
0.000000
-0.000000
-0.000000
-0.000000
0.000000
0.000000
0.000000
-0.000000
-0.000000
0.000000
-0.000000
-0.000000
-0.000000
-0.000000
-0.000000
-0.000000
-0.000000
0.000000
-0.000000
0.000000
-0.000000
-0.000000
0.000000
-0.000000
-0.000000
-0.000000
0.000000
-0.000000
-0.000000
0.000000
-0.000000
-0.000000
-0.000000
-0.000000
0.000000
-0.000000
-0.000000
-0.000000
-0.000000
0.000000
-0.000000
-0.000000
-0.000000
0.000000
0.000000
-0.000000
-0.000000
-0.000000
-0.000000
-0.000000
-0.000000
-0.000000
-0.000000
-0.000000
0.000000
-0.000000
-0.000000
0.000000
-0.000000
-0.000000
0.000000
0.000000
-0.000000
0.000000
-0.000000
-0.000000
-0.000000
-0.000000
-0.000000
-0.000000
0.000000
0.000000
-0.000000
0.000000
-0.000000
-0.000000
-0.000000
-0.000000
0.000000
-0.000000
-0.000000
-0.000000
-0.000000
-0.000000
-0.000000
-0.000000
-0.000000
-0.000000
0.000000
-0.000000
0.000000
0.000000
-0.000000
-0.000000
0.000000
0.000000
-0.000000
-0.000000
-0.000000
-0.000000
-0.000000
-0.000000
-0.000000
-0.000000
-0.000000
-0.000000
-0.000000
-0.000000
-0.000000
-0.000000
-0.000000
-0.000000
0.000000
0.000000
-0.000000
-0.000000
-0.000000
-0.000000
-0.000000
-0.000000
-0.000000
-0.000000
0.000000
-0.000000
-0.000000
-0.000000
-0.000000
0.000000
-0.000000
-0.000000
-0.000000
-0.000000
0.000000
-0.000000
-0.000000
-0.000000
-0.000000
-0.000000
0.000000
-0.000000
-0.000000
0.000000
-0.000000
-0.000000
-0.000000
-0.000000
-0.000000
-0.000000
-0.000000
-0.000000
-0.000000
-0.000000
-0.000000
-0.000000
-0.000000
0.000000
-0.000000
-0.000000
-0.000000
-0.000000
-0.000000
0.000000
0.000000
-0.000000
-0.000000
-0.000000
-0.000000
-0.000000
-0.000000
0.000000
-0.000000
0.000000
0.000000
-0.000000
-0.000000
-0.000000
-0.000000
-0.000000
-0.000000
-0.000000
-0.000000
-0.000000
-0.000000
-0.000000
-0.000000
-0.000000
-0.000000
-0.000000
-0.000000
0.000000
-0.000000
-0.000000
0.000000
-0.000000
-0.000000
-0.000000
0.000000
0.000000
0.000000
-0.000000
-0.000000
0.000000
-0.000000
-0.000000
-0.000000
-0.000000
-0.000000
-0.000000
-0.000000
0.000000
-0.000000
0.000000
-0.000000
-0.000000
0.000000
-0.000000
-0.000000
-0.000000
0.000000
-0.000000
-0.000000
0.000000
-0.000000
-0.000000
-0.000000
-0.000000
0.000000
-0.000000
-0.000000
-0.000000
-0.000000
0.000000
-0.000000
-0.000000
-0.000000
0.000000
0.000000
-0.000000
-0.000000
-0.000000
-0.000000
-0.000000
-0.000000
-0.000000
-0.000000
-0.000000
0.000000
-0.000000
-0.000000
0.000000
-0.000000
-0.000000
0.000000
0.000000
-0.000000
0.000000
-0.000000
-0.000000
-0.000000
-0.000000
-0.000000
-0.000000
0.000000
0.000000
-0.000000
0.000000
-0.000000
-0.000000
-0.000000
-0.000000
0.000000
-0.000000
-0.000000
-0.000000
-0.000000
-0.000000
-0.000000
-0.000000
-0.000000
-0.000000
0.000000
-0.000000
0.000000
0.000000
-0.000000
-0.000000
0.000000
0.000000
-0.000000
-0.000000
-0.000000
-0.000000
-0.000000
-0.000000
-0.000000
-0.000000
-0.000000
-0.000000
-0.000000
-0.000000
-0.000000
-0.000000
-0.000000
-0.000000
0.000000
0.000000
-0.000000
-0.000000
-0.000000
-0.000000
-0.000000
-0.000000
-0.000000
-0.000000
0.000000
-0.000000
-0.000000
-0.000000
-0.000000
0.000000
-0.000000
-0.000000
-0.000000
-0.000000
0.000000
-0.000000
-0.000000
-0.000000
-0.000000
-0.000000
0.000000
-0.000000
-0.000000
0.000000
-0.000000
-0.000000
-0.000000
-0.000000
-0.000000
-0.000000
-0.000000
-0.000000
-0.000000
-0.000000
-0.000000
-0.000000
-0.000000
0.000000
-0.000000
-0.000000
-0.000000
-0.000000
-0.000000
0.000000
0.000000
-0.000000
-0.000000
-0.000000
-0.000000
-0.000000
-0.000000
0.000000
-0.000000
0.000000
0.000000
-0.000000
-0.000000
-0.000000
-0.000000
-0.000000
-0.000000
-0.000000
-0.000000
-0.000000
-0.000000
-0.000000
-0.000000
-0.000000
-0.000000
-0.000000
-0.000000
0.000000
-0.000000
-0.000000
0.000000
-0.000000
-0.000000
-0.000000
0.000000
0.000000
0.000000
-0.000000
-0.000000
0.000000
-0.000000
-0.000000
-0.000000
-0.000000
-0.000000
-0.000000
-0.000000
0.000000
-0.000000
0.000000
-0.000000
-0.000000
0.000000
-0.000000
-0.000000
-0.000000
0.000000
-0.000000
-0.000000
0.000000
-0.000000
-0.000000
-0.000000
-0.000000
0.000000
-0.000000
-0.000000
-0.000000
-0.000000
0.000000
-0.000000
-0.000000
-0.000000
0.000000
0.000000
-0.000000
-0.000000
-0.000000
-0.000000
-0.000000
-0.000000
-0.000000
-0.000000
-0.000000
0.000000
-0.000000
-0.000000
0.000000
-0.000000
-0.000000
0.000000
0.000000
-0.000000
0.000000
-0.000000
-0.000000
-0.000000
-0.000000
-0.000000
-0.000000
0.000000
0.000000
-0.000000
0.000000
-0.000000
-0.000000
-0.000000
-0.000000
0.000000
-0.000000
-0.000000
-0.000000
-0.000000
-0.000000
-0.000000
-0.000000
-0.000000
-0.000000
0.000000
-0.000000
0.000000
0.000000
-0.000000
-0.000000
0.000000
0.000000
-0.000000
-0.000000
-0.000000
-0.000000
-0.000000
-0.000000
-0.000000
-0.000000
-0.000000
-0.000000
-0.000000
-0.000000
-0.000000
-0.000000
-0.000000
-0.000000
0.000000
0.000000
-0.000000
-0.000000
-0.000000
-0.000000
-0.000000
-0.000000
-0.000000
-0.000000
0.000000
-0.000000
-0.000000
-0.000000
-0.000000
0.000000
-0.000000
-0.000000
-0.000000
-0.000000
0.000000
-0.000000
-0.000000
-0.000000
-0.000000
-0.000000
0.000000
-0.000000
-0.000000
0.000000
-0.000000
-0.000000
-0.000000
-0.000000
-0.000000
-0.000000
-0.000000
-0.000000
-0.000000
-0.000000
-0.000000
-0.000000
-0.000000
0.000000
-0.000000
-0.000000
-0.000000
-0.000000
-0.000000
0.000000
0.000000
-0.000000
-0.000000
-0.000000
-0.000000
-0.000000
-0.000000
0.000000
-0.000000
0.000000
0.000000
-0.000000
-0.000000
-0.000000
-0.000000
-0.000000
-0.000000
-0.000000
-0.000000
-0.000000
-0.000000
-0.000000
-0.000000
-0.000000
-0.000000
-0.000000
-0.000000
0.000000
-0.000000
-0.000000
0.000000
-0.000000
-0.000000
-0.000000
0.000000
0.000000
0.000000
-0.000000
-0.000000
0.000000
-0.000000
-0.000000
-0.000000
-0.000000
-0.000000
-0.000000
-0.000000
0.000000
-0.000000
0.000000
-0.000000
-0.000000
0.000000
-0.000000
-0.000000
-0.000000
0.000000
-0.000000
-0.000000
0.000000
-0.000000
-0.000000
-0.000000
-0.000000
0.000000
-0.000000
-0.000000
-0.000000
-0.000000
0.000000
-0.000000
-0.000000
-0.000000
0.000000
0.000000
-0.000000
-0.000000
-0.000000
-0.000000
-0.000000
-0.000000
-0.000000
-0.000000
-0.000000
0.000000
-0.000000
-0.000000
0.000000
-0.000000
-0.000000
