-0.359375
0.061462
0.016754
0.190063
-0.113953
-0.157593
-0.126831
-0.197021
-0.039673
0.388428
-0.166870
-0.076172
0.115906
0.013100
0.067017
0.271973
0.248169
-0.399414
0.008568
0.129639
0.057922
-0.010368
-0.008652
-0.141846
0.022583
-0.056641
-0.156494
-0.081543
0.216553
-0.384033
-0.162354
0.298096
0.219482
0.127808
0.130981
-0.038635
-0.124329
-0.016663
-0.256348
-0.197388
-0.109863
-0.308350
0.199219
-0.172363
0.057098
-0.041656
-0.226685
0.000854
-0.045197
-0.293213
0.040375
-0.061066
0.112854
-0.411377
-0.011360
-0.079346
-0.094727
-0.105347
0.081909
-0.389404
0.069702
-0.192261
0.041504
-0.287109
0.198242
-0.202759
0.309082
0.040161
-0.236084
-0.279053
0.137329
0.180786
0.574219
0.246460
-0.089111
-0.191650
0.606934
0.315430
0.022110
0.125488
0.000204
-0.106262
-0.062622
0.211548
-0.103149
0.115723
0.046936
0.230347
-0.056335
-0.122620
0.203369
-0.030380
0.088440
-0.124756
-0.064148
-0.074646
0.286621
0.300781
0.234619
0.012352
0.146118
-0.088013
-0.306641
0.036407
-0.093018
-0.060730
0.023056
-0.151001
-0.012268
0.002043
-0.195068
-0.061188
-0.320557
-0.109009
-0.095764
-0.144409
0.176636
-3.900391
0.226318
-0.093079
0.089600
0.001655
0.094666
0.023422
0.126099
-0.215576
-0.158081
-0.007858
-0.037750
-0.058655
-0.066467
0.253418
-0.027634
-0.156250
-0.085388
-0.090454
-0.011360
-0.120605
-0.280518
-0.215210
0.017853
0.020645
-0.124329
0.109924
-0.043793
0.162720
-0.083679
0.053040
-0.027069
-0.010757
-0.237183
-0.179321
0.228882
0.176147
0.771484
0.000414
-0.403320
-0.230103
0.102478
-0.023270
-0.154541
-0.076965
0.003859
0.160278
-0.129395
0.050903
-0.119080
-0.180298
0.166260
-0.014336
0.459473
0.152832
-0.039581
0.295410
0.137451
-0.322266
0.008263
-0.229370
-0.087952
0.195801
0.091675
-0.097656
0.170166
-0.027695
0.024353
0.035553
-0.043304
0.025574
-0.084900
0.130249
-0.019012
-0.011909
-0.260254
0.115417
0.028351
0.170288
-0.097961
-0.214600
-0.183472
-0.190186
-0.149902
0.447998
-0.115540
-0.054199
0.118774
0.059448
-0.002054
0.351318
0.313477
-0.415039
0.052826
0.159546
0.013817
0.031494
0.075378
-0.075378
0.015137
-0.100891
-0.193604
-0.033295
0.171509
-0.412598
-0.180908
0.288086
0.160400
0.057892
0.074158
-0.023743
-0.070435
-0.005157
-0.272949
-0.314453
-0.209717
-0.403809
0.223877
-0.162720
0.076599
0.022446
-0.241699
0.037262
0.014908
-0.218994
0.019882
-0.021652
0.053040
-0.420654
-0.094482
0.040222
-0.072571
-0.190674
0.127686
-0.441162
0.153198
-0.156250
0.024704
-0.418701
0.192871
-0.192627
0.319336
0.072937
-0.301270
-0.274902
0.081360
0.096863
0.477539
0.261719
-0.153442
-0.194336
0.563477
0.291504
0.130493
0.114563
-0.024185
-0.148804
-0.028000
0.304688
-0.024445
0.021057
-0.020798
0.228149
0.026962
-0.200073
0.217651
-0.001740
0.142456
0.032135
-0.105591
-0.217651
0.332031
0.367920
0.148926
0.051422
0.093079
0.035675
-0.138184
0.071411
0.003275
-0.003157
-0.114258
-0.159180
-0.004562
0.086243
-0.118774
-0.001697
-0.302734
0.017166
-0.113586
-0.047333
0.343262
-1.668945
0.261963
-0.244263
0.239624
0.066528
0.161133
0.093140
-0.050446
-0.293701
-0.234375
-0.065857
0.049316
0.028625
-0.175171
0.225220
-0.139282
-0.101868
-0.057251
-0.211060
0.000333
-0.300049
-0.352051
-0.340820
0.024963
-0.135620
-0.157227
0.149414
-0.093201
0.423096
-0.091675
0.150269
-0.046936
0.064880
-0.204102
-0.248657
0.385986
0.201050
0.909668
-0.097229
-0.432861
-0.119751
0.170654
-0.056335
-0.262939
-0.112976
-0.076050
0.087097
-0.110779
-0.052979
-0.088135
-0.141235
0.193359
-0.038574
0.443359
0.043579
-0.047333
0.321045
0.245728
-0.355469
0.051483
-0.173584
0.002512
0.249023
0.068176
0.093506
0.256104
0.004253
0.049530
-0.086182
0.006432
0.042358
-0.074951
0.065430
-0.035278
-0.021347
-0.353271
0.489990
0.029419
-0.259277
-0.009308
-0.032745
-0.144531
-0.277832
-0.170166
0.322510
0.035919
-0.096008
0.060333
0.001663
-0.030563
0.145996
0.270508
-0.242065
-0.022385
0.233887
0.005028
0.145142
0.088135
-0.265381
0.083008
-0.112610
-0.455566
0.183350
0.331299
-0.005760
0.112793
0.359619
0.045563
0.295898
0.427734
0.018082
-0.045715
0.196289
-0.103271
-0.307373
0.047699
-0.283203
0.118347
-0.106506
0.282959
-0.141724
-0.132324
0.170166
-0.162231
0.000400
0.176025
0.108521
-0.147949
-0.563477
0.190552
0.016022
-0.057465
0.013878
-0.046844
-0.382812
0.012802
-0.364746
-0.364746
0.000965
0.277344
-0.391113
0.251953
-0.083496
-0.174683
-0.122864
0.240723
0.188843
0.509277
0.220093
0.062164
-0.068542
0.616211
0.450195
-0.105347
0.167725
-0.167969
-0.101562
0.267334
0.345215
0.021576
-0.047424
0.069763
0.346924
0.669434
-0.055054
0.360107
0.260498
-0.109131
0.457520
-0.266357
-0.298096
0.337891
0.329834
-0.128784
0.101501
-0.116577
0.560059
1.064453
0.003508
-0.017059
-0.073425
-0.327393
1.244141
-0.133179
0.224609
0.558105
0.209473
-0.348633
0.446533
-0.020279
0.192139
0.227661
-1.308594
0.255371
-0.227173
0.254150
0.130859
0.246704
0.259766
-0.175659
-0.176147
0.189941
-0.115784
0.234741
0.633301
-0.218262
0.146484
-0.396729
0.576660
0.036041
-0.312744
0.118835
-0.185059
0.473877
-0.243286
0.151123
0.056915
0.122131
-0.105103
-0.066711
0.129883
0.528809
-0.009804
0.004169
0.396729
-0.284912
0.054504
0.091370
0.100830
-0.308105
-0.270020
-0.361816
-0.156860
0.044403
-0.033081
-0.100647
0.117310
-0.110474
-0.154785
0.116394
-0.407715
0.348145
-0.126343
-0.097595
-0.063232
0.323242
-0.285156
0.327881
0.335938
0.265381
-0.083801
0.165161
0.382080
0.142700
0.098572
-0.250244
0.678223
0.032196
0.034058
-0.000456
-0.207886
0.129272
-0.077026
0.035919
-0.488037
-0.011581
-0.082520
-0.168457
0.344727
0.048462
-0.230957
0.032562
-0.096375
-0.287598
-0.139526
-0.253174
0.399170
0.045959
-0.103271
0.045380
-0.012001
-0.057892
0.366943
0.269287
-0.194092
0.246460
0.202515
-0.083130
0.093201
0.170166
-0.141479
-0.010361
-0.100830
-0.389648
0.100464
0.163452
-0.043243
-0.042084
0.313965
-0.011848
0.208008
0.247925
-0.057404
-0.002808
0.019592
-0.179565
-0.429443
-0.135864
-0.379639
0.175049
-0.083862
0.206909
0.061768
-0.164185
0.172485
0.043457
-0.002794
0.104736
0.163818
-0.144043
-0.440674
0.017029
0.065186
0.094543
-0.156494
0.004078
-0.234131
0.192871
-0.226562
-0.323975
-0.149170
0.169434
-0.283691
0.187256
0.044434
-0.161133
-0.197388
0.000753
0.108826
0.184082
0.247559
-0.083069
-0.211060
0.511230
0.323730
0.013481
0.026245
-0.149414
-0.252197
0.195557
0.385498
0.078613
-0.088623
-0.188965
0.123962
0.645508
0.122559
0.262451
0.267090
0.035248
0.489990
-0.228760
-0.332764
0.364258
0.373291
-0.101624
0.185669
-0.225342
0.766113
0.858398
0.106262
0.006004
0.000581
-0.345947
0.314453
-0.128540
0.279053
0.639160
0.136230
-0.306641
0.416748
-0.104004
0.199829
0.439209
3.062500
0.250000
-0.511230
0.301758
0.131104
0.186646
0.371582
-0.198730
-0.273926
0.008255
-0.188843
0.093811
0.641602
-0.285400
0.151855
-0.344238
0.482422
0.049042
-0.336182
0.135620
-0.253662
0.225220
-0.199341
0.080811
0.007439
0.136841
-0.126953
-0.171143
0.123962
0.481445
0.080566
-0.159058
0.367676
-0.248657
-0.049194
-0.084290
0.231201
-0.350586
-0.386719
-0.367920
-0.197876
0.032959
-0.064392
-0.268555
0.079102
-0.216431
-0.125488
0.083557
-0.384033
0.319580
-0.088501
-0.072693
-0.149414
0.328613
-0.297607
0.088440
0.345703
0.308105
-0.098938
0.095276
0.441406
0.171021
0.212524
-0.295410
0.772949
-0.001792
0.038513
0.215454
-0.257568
0.059937
-0.159058
0.076782
-0.426270
-0.066345
-0.051025
-0.144653
0.257812
0.034637
-0.059998
-0.031647
-0.179932
-0.307861
-0.162109
-0.196411
0.479980
0.076477
-0.085876
0.112915
0.020630
-0.085815
0.550293
0.299072
-0.231079
0.294434
0.155151
-0.098267
0.095825
0.177124
-0.062988
-0.014618
-0.121643
-0.295166
0.019394
0.157959
-0.146606
-0.156006
0.289795
0.071594
0.062561
0.049469
-0.063721
0.055603
-0.002871
-0.241333
-0.424561
-0.184937
-0.458984
0.181519
-0.097229
0.149048
0.071716
-0.197632
0.114746
0.008347
-0.124329
0.043030
0.099365
-0.049866
-0.393066
-0.091492
0.053680
0.102112
-0.223511
0.001559
-0.259521
0.224487
-0.166504
-0.240723
-0.306396
0.163330
-0.195068
0.224121
0.107666
-0.328125
-0.258545
-0.038269
0.075317
0.271729
0.300781
-0.235107
-0.179443
0.494141
0.258789
0.146851
0.016678
-0.107910
-0.223022
0.169800
0.329590
0.050476
-0.062500
-0.165283
0.096558
0.424805
-0.014877
0.252686
0.174561
0.093567
0.299561
-0.143921
-0.288086
0.380371
0.419434
-0.027695
0.136719
-0.124207
0.478271
0.447998
0.118164
0.067444
-0.013969
-0.321533
-0.415527
-0.138550
0.216309
0.296143
0.166382
-0.339844
0.246338
-0.104126
0.135132
0.376465
3.121094
0.339600
-0.531250
0.294922
0.161011
0.187866
0.198975
-0.105957
-0.319580
-0.100403
-0.186035
0.157593
0.406494
-0.256104
0.176392
-0.322266
0.246094
-0.106506
-0.259277
0.055725
-0.408936
0.103027
-0.273926
0.006241
0.034515
0.018234
0.041168
-0.084106
0.378662
0.226807
0.147949
-0.124634
0.292236
-0.216064
-0.145996
0.089478
0.303711
0.094910
-0.279053
-0.454102
-0.074768
0.102905
-0.087219
-0.345215
0.005432
-0.147949
-0.089172
0.051392
-0.293213
0.126221
-0.076904
0.034088
-0.101990
0.397217
-0.176025
-0.111633
0.371338
0.356934
-0.216919
0.082764
0.222290
0.149048
0.223022
-0.159790
0.429199
0.054230
0.037781
0.138672
-0.217407
0.149048
-0.087097
-0.053650
-0.215210
-0.026901
-0.056274
-0.171997
0.229614
-0.000831
0.190063
-0.086304
-0.399170
-0.462402
-0.295898
-0.072205
0.618164
0.196533
-0.021759
0.335938
0.143677
-0.079407
0.833984
0.338379
-0.304443
0.229614
0.051971
-0.095947
0.213745
0.194214
0.140015
0.015747
-0.147949
-0.118042
-0.112183
-0.008606
-0.210327
-0.248657
0.243896
0.135254
-0.207397
-0.305908
0.006546
0.087524
-0.021240
-0.309570
-0.361572
-0.130127
-0.604004
0.133057
-0.072449
0.059296
-0.126343
-0.198364
0.053619
-0.087585
-0.324951
0.019073
-0.040466
0.046783
-0.317139
-0.137817
0.061279
0.113464
-0.180542
-0.040253
-0.249390
0.253418
-0.104919
-0.002077
-0.521484
0.093750
-0.090576
0.333496
0.189209
-0.691895
-0.343994
-0.101929
0.086304
0.505371
0.309082
-0.438477
0.016922
0.428223
0.158936
0.294189
0.010651
-0.002626
-0.121521
0.204224
0.249023
0.024765
-0.119263
-0.030365
0.132935
0.103149
-0.224854
0.353760
0.262207
0.106079
-0.096191
-0.032135
-0.096558
0.301025
0.462158
-0.141602
0.013481
0.011345
-0.226685
-0.118958
0.050629
0.162109
-0.072754
-0.326660
-1.644531
-0.177368
0.169312
-0.304932
0.281250
-0.449463
-0.227295
0.008224
0.057556
-0.080872
1.158203
0.558594
-0.344727
0.239624
0.244995
0.187744
-0.242920
0.045105
-0.299316
-0.139526
-0.039856
0.394531
0.018265
-0.130859
0.185669
-0.066711
-0.131104
-0.354736
-0.007244
-0.159302
-0.583984
0.037323
-0.420166
0.025711
0.321777
-0.187622
0.209595
0.123718
0.758789
-0.247925
0.187134
0.077881
0.185425
-0.193359
-0.277100
0.483887
0.231567
1.155273
-0.133057
-0.606934
0.355225
0.203613
-0.106873
-0.278076
-0.052429
0.034515
-0.018326
-0.048187
-0.088928
-0.133423
0.013672
0.075989
0.051361
0.455811
0.070679
-0.243164
0.456055
0.389404
-0.306885
0.220581
-0.218140
0.107788
0.252686
0.090027
-0.261719
0.314209
0.124817
-0.172119
-0.187378
0.313232
-0.010971
-0.158081
0.086792
0.024551
-0.076538
-0.190796
0.259033
0.005959
0.298340
-0.084229
-0.537598
-0.611816
-0.413818
0.029892
0.733398
0.299561
-0.002651
0.506348
0.238281
-0.081970
1.076172
0.374268
-0.313232
0.235840
-0.028839
-0.137207
0.326660
0.222900
0.288574
0.044037
-0.201172
-0.007309
-0.208618
-0.103027
-0.144775
-0.337891
0.226807
0.134644
-0.426758
-0.543945
0.051056
0.184326
-0.039856
-0.356201
-0.373291
-0.094849
-0.715820
0.063904
-0.063660
-0.027252
-0.233154
-0.189819
0.018051
-0.154541
-0.466553
0.016891
-0.130371
0.135376
-0.243286
-0.142334
0.068542
0.151001
-0.207275
-0.128296
-0.218994
0.307129
-0.118713
0.069458
-0.616211
0.049072
-0.066345
0.376953
0.247314
-0.980469
-0.401123
-0.179688
0.108154
0.658203
0.338623
-0.639160
0.160767
0.364990
0.085632
0.399170
-0.000167
0.019333
-0.089844
0.184326
0.208252
0.024048
-0.114319
0.013817
0.152466
0.037415
-0.272461
0.409180
0.418945
0.110107
-0.266846
0.060272
0.006210
0.270264
0.518555
-0.249146
-0.015030
0.002905
-0.526855
-0.338867
0.043121
0.256348
-0.103760
-0.350830
-2.580078
-0.222778
0.193237
-0.593262
0.413330
-0.535645
-0.521484
0.068665
0.066467
-0.346191
-0.595703
0.708984
-0.435303
0.216064
0.317383
0.186401
-0.534668
0.102112
-0.329102
-0.174805
0.044403
0.507324
-0.115479
-0.051453
0.176758
0.007099
-0.269287
-0.546875
0.189941
-0.249023
-0.732422
0.082520
-0.471191
0.013435
0.654297
-0.294189
0.256836
0.241699
0.954102
-0.434814
0.225708
0.145264
0.175049
-0.183472
-0.327637
0.663574
0.182373
1.714844
-0.128540
-0.725586
0.646484
0.239014
-0.126831
-0.351318
-0.065857
0.102661
-0.011131
-0.073059
-0.012482
-0.268555
0.096069
0.081726
0.121338
0.517090
0.169556
-0.370117
0.540527
0.449707
-0.336426
0.249756
-0.376465
0.151611
0.214844
0.139648
-0.653320
0.406250
0.196289
-0.290039
-0.202393
0.459717
-0.043213
-0.268799
0.216309
0.062042
-0.084961
-0.272949
0.230469
0.024841
0.197754
-0.085083
-0.300049
-0.346680
-0.349609
-0.006649
0.537598
0.083252
-0.040741
0.323975
0.160645
-0.055817
0.629883
0.346924
-0.318359
0.105408
0.060089
-0.029221
0.169678
0.119751
0.053558
0.042786
-0.154663
-0.113098
-0.115723
0.083374
-0.203613
-0.198120
0.261230
0.158203
-0.140259
-0.136230
0.011986
0.092163
0.014198
-0.256836
-0.287109
-0.067810
-0.495117
0.104370
-0.133911
0.034271
-0.128174
-0.199951
0.029938
-0.122986
-0.344727
0.055298
-0.062286
0.099915
-0.336426
-0.060425
-0.003895
0.011253
-0.152222
-0.038391
-0.324707
0.159546
-0.188599
-0.040833
-0.413574
0.130615
-0.206665
0.328125
0.104736
-0.607422
-0.305420
0.023865
0.135010
0.613770
0.298584
-0.396729
-0.003492
0.501953
0.231323
0.228027
0.063354
-0.079041
-0.096619
0.051605
0.204224
-0.015640
0.030792
0.033569
0.212158
0.116150
-0.203003
0.328857
0.264160
0.061493
-0.044128
0.015228
-0.079956
0.270508
0.406738
-0.032745
-0.019592
0.025223
-0.184570
-0.057281
0.040436
0.115601
-0.068848
-0.229248
-1.075195
-0.108704
0.161865
-0.303467
0.217529
-0.406982
-0.292969
-0.011200
0.013962
-0.042450
-3.458984
0.458984
-0.402344
0.205200
0.186157
0.198608
-0.260986
0.055725
-0.272217
-0.099792
0.004223
0.284668
-0.008781
-0.071594
0.164795
-0.074646
-0.046326
-0.314453
0.026627
-0.077209
-0.433838
0.006794
-0.354736
0.053284
0.409912
-0.212646
0.130371
0.071228
0.561523
-0.125977
0.158813
0.069458
0.150635
-0.182617
-0.247070
0.458252
0.176514
1.202148
-0.120178
-0.529785
0.254639
0.170166
-0.067078
-0.287842
-0.065613
0.032074
0.021729
-0.045319
-0.047089
-0.118530
-0.064270
0.103821
0.010292
0.437988
0.120605
-0.183838
0.404785
0.307617
-0.314453
0.114990
-0.186157
0.090576
0.192871
0.060181
-0.247314
0.287842
0.069336
-0.116699
-0.126953
0.257812
-0.013466
-0.193359
0.104431
0.056885
-0.037567
-0.151978
0.240479
0.017944
0.190674
-0.036438
-0.375977
-0.495117
-0.271729
-0.137695
0.560547
0.105286
0.027939
0.411133
0.181152
-0.073669
0.676758
0.333984
-0.317627
0.160400
0.109985
-0.030777
0.171143
0.194824
0.137573
0.009071
-0.095520
-0.130859
-0.091675
-0.156372
-0.260498
-0.151855
0.230591
0.077332
-0.117004
-0.168945
0.012077
0.023117
-0.060577
-0.294922
-0.325684
-0.124268
-0.571289
0.192871
-0.113892
0.082581
-0.113831
-0.203369
0.115784
0.031921
-0.281250
0.095642
0.028732
-0.048035
-0.357178
-0.114197
0.093079
0.137207
-0.109131
0.135254
-0.261475
0.270996
-0.062561
0.075745
-0.557617
-0.005478
-0.211792
0.348145
0.155029
-0.543945
-0.332764
-0.083374
0.094299
0.379883
0.256836
-0.350830
-0.079468
0.477295
0.213013
0.258301
-0.027328
-0.055237
-0.168945
0.086731
0.294922
0.077576
-0.164673
-0.067993
0.115540
0.112671
-0.181519
0.389648
0.424316
0.091919
-0.031555
-0.036957
-0.072266
0.223877
0.399170
-0.130127
-0.037140
-0.032135
-0.109009
0.046234
-0.000591
0.103394
-0.039520
-0.306641
-1.083008
-0.048218
0.189819
-0.197388
0.171997
-0.400635
-0.246582
0.017090
0.050446
-0.048920
0.720703
0.461426
-0.323730
0.318848
0.185547
0.245728
-0.217529
-0.019638
-0.264160
-0.069153
0.013573
0.370850
0.089905
-0.187988
0.117981
0.085815
-0.024857
-0.207886
0.000562
-0.088989
-0.357666
-0.237427
-0.444580
0.198242
0.245972
-0.218994
-0.013771
-0.039886
0.546875
-0.192017
0.201172
0.087097
0.133179
-0.209106
-0.306152
0.510742
0.109741
1.444336
-0.210815
-0.528809
0.305176
0.119507
-0.072327
-0.249634
-0.027267
-0.015060
0.031403
-0.062866
-0.079651
-0.026031
-0.032745
-0.019852
-0.004848
0.374512
0.082581
-0.110596
0.444092
0.292236
-0.280029
0.165039
-0.191040
0.095703
0.332764
0.037903
-0.084167
0.510742
0.129883
-0.092346
-0.226929
0.141846
-0.012283
-0.007965
0.137207
-0.017578
0.011467
-0.166626
0.289307
0.016907
0.016983
-0.002653
-0.160278
-0.293457
-0.175659
-0.216553
0.385986
-0.051514
0.009537
0.217407
0.045563
-0.095642
0.302246
0.323242
-0.254395
0.111206
0.244507
0.078918
0.012825
0.141724
-0.084229
-0.010391
-0.052277
-0.370361
0.085938
-0.050476
-0.340088
0.068237
0.277832
0.053467
0.221436
0.249023
-0.017456
-0.151367
-0.011589
-0.264160
-0.266113
-0.049835
-0.437988
0.249512
-0.141479
0.230957
-0.030273
-0.204712
0.179810
0.094055
-0.123779
0.167236
0.172852
-0.190186
-0.483154
-0.072876
0.073853
0.036438
0.005901
0.297607
-0.330078
0.140381
-0.070740
-0.065430
-0.360596
0.032135
-0.313965
0.321289
0.027481
-0.153442
-0.218506
0.072510
0.126709
0.242065
0.197021
-0.028946
-0.274902
0.592773
0.409424
0.073730
0.029968
-0.122253
-0.163086
0.171753
0.290283
0.073730
-0.124878
-0.050323
0.159912
0.308594
-0.097534
0.410645
0.306396
-0.000397
0.294678
-0.131348
-0.177490
0.221558
0.307617
-0.040894
-0.102722
-0.024139
0.320068
0.544922
-0.054352
-0.056854
-0.039093
-0.338379
0.337158
0.010544
0.145020
0.270752
-0.011841
-0.307617
0.167847
-0.021805
0.034027
0.232788
2.119141
0.279297
-0.162354
0.408691
0.102783
0.328857
0.123169
-0.034851
-0.176880
0.159302
-0.171753
0.405029
0.348389
-0.355713
0.081787
0.059845
0.321289
0.033997
-0.247192
0.029251
-0.009712
-0.289307
-0.426270
0.342529
-0.238525
-0.065125
-0.181519
-0.257812
0.217651
0.137329
0.150635
0.060242
0.182007
-0.230713
-0.290283
0.308838
0.177124
0.730469
-0.228516
-0.356689
-0.071716
0.012764
-0.045776
-0.080139
0.017181
-0.039734
0.001131
0.021545
-0.240112
0.260986
-0.196411
-0.177368
-0.119751
0.233765
-0.039917
0.094421
0.370361
0.177368
-0.235107
0.173218
0.089844
0.020264
0.481445
-0.046204
0.579590
0.530273
0.022278
0.007355
-0.213745
-0.076233
0.064087
0.229492
0.013283
-0.065247
0.047302
-0.152344
0.167603
0.000781
0.026077
0.004124
-0.007313
-0.098450
-0.048035
-0.288086
0.239258
-0.305664
0.002472
0.046173
-0.085754
-0.116089
0.000368
0.310303
-0.258301
0.072937
0.341797
0.220215
-0.215210
0.061371
-0.240112
-0.053192
0.000415
-0.516602
0.172729
-0.005684
-0.602051
0.202881
0.292969
0.089905
0.473145
0.551758
-0.079468
-0.358154
-0.042450
-0.322998
-0.197876
-0.080872
-0.322266
0.359131
-0.192749
0.282959
0.141235
-0.274658
0.178467
0.239380
-0.061462
0.166992
0.260010
-0.226318
-0.536133
-0.149292
0.015114
-0.074036
0.020859
0.545898
-0.427734
0.055908
0.020798
-0.038696
-0.343750
0.035706
-0.348877
0.317871
-0.070801
0.201050
-0.149536
0.178467
0.119507
0.103394
0.145996
0.239624
-0.546387
0.695801
0.557129
-0.049683
0.064636
-0.132324
-0.195435
0.157104
0.254395
0.030121
-0.026428
-0.082886
0.181763
0.212280
-0.047363
0.378174
0.041107
0.001179
0.424561
-0.178955
-0.247925
0.219360
0.222778
0.213257
-0.196289
0.084167
0.554688
0.562500
-0.079834
-0.216187
-0.021927
-0.283936
1.259766
0.130859
0.040649
0.460693
-0.296631
-0.183228
0.447998
-0.099060
-0.068481
0.590332
2.041016
0.083496
0.002335
0.500488
-0.019562
0.381104
0.424805
0.003254
-0.123840
0.211060
-0.340820
0.343506
0.348633
-0.532227
0.076721
0.093994
0.396973
0.256836
-0.473633
0.115662
0.285889
-0.665527
-0.427734
0.457031
-0.844727
-0.007629
-0.265137
-0.496826
-0.024612
0.192993
0.165771
0.010056
0.064819
-0.219482
-0.377441
0.179932
0.307617
0.386475
-0.151123
-0.197510
-0.465820
-0.061035
-0.028351
0.023834
-0.019669
-0.054382
0.064819
0.038910
-0.237671
0.402100
-0.378906
-0.213745
-0.238770
0.136841
-0.008965
0.144165
0.274658
0.036133
-0.288086
0.100647
0.161743
-0.117981
0.678223
-0.006863
1.012695
0.603516
-0.100647
0.163208
-0.157227
-0.355225
0.202759
0.413086
0.111511
-0.120422
0.129761
-0.167847
0.079651
-0.006283
0.062378
-0.017471
0.023041
-0.025131
-0.019135
-0.272217
0.216064
-0.372314
-0.027100
-0.040588
-0.120911
-0.100037
-0.044647
0.307373
-0.274414
0.071899
0.322266
0.234863
-0.271240
0.020264
-0.264404
-0.076050
0.000268
-0.498047
0.147827
0.051056
-0.666504
0.171875
0.290771
0.123657
0.487549
0.557617
-0.103882
-0.382568
-0.062744
-0.328857
-0.177490
-0.109558
-0.273926
0.357178
-0.196167
0.241211
0.196167
-0.291016
0.131714
0.252930
-0.072083
0.122192
0.226318
-0.161011
-0.500977
-0.178101
-0.028046
-0.130127
-0.022385
0.528320
-0.438721
0.027176
0.025589
-0.015625
-0.329590
0.071472
-0.298340
0.302246
-0.078735
0.246460
-0.144775
0.187988
0.115845
0.110779
0.144653
0.252441
-0.583984
0.689941
0.548828
-0.061890
0.077576
-0.106934
-0.191406
0.124146
0.223511
-0.015778
0.050598
-0.093872
0.180054
0.119385
-0.025406
0.315674
-0.110291
0.035706
0.396240
-0.169800
-0.256836
0.238281
0.207764
0.305664
-0.185669
0.140381
0.494385
0.337402
-0.053772
-0.234131
-0.014053
-0.218140
1.159180
0.146118
0.011879
0.382324
-0.366455
-0.148926
0.415527
-0.137573
-0.115662
0.667480
0.896973
0.046143
0.033508
0.463379
-0.048096
0.332520
0.479736
0.033905
-0.126709
0.128052
-0.342285
0.246948
0.218628
-0.505859
0.113281
0.099976
0.281006
0.274414
-0.504395
0.107605
0.280762
-0.743652
-0.390625
0.391357
-0.929688
-0.014153
-0.197632
-0.495850
-0.025177
0.117798
0.165527
-0.021713
-0.003477
-0.202271
-0.401855
0.141968
0.360596
0.358643
-0.091614
-0.168457
-0.539551
-0.031952
-0.028854
0.030914
-0.062744
-0.052826
0.104675
0.002972
-0.156982
0.346436
-0.397461
-0.138184
-0.249512
0.160522
0.042786
0.088196
0.230591
0.013107
-0.319824
0.080811
0.091492
-0.165283
0.688477
0.058899
0.956543
0.541992
-0.135620
0.194092
-0.110596
-0.387207
0.227051
0.392578
0.152466
-0.120178
0.134277
-0.233032
0.105774
0.006031
0.124084
-0.026093
-0.095398
-0.119873
-0.150269
-0.160278
0.334473
-0.256592
-0.055634
0.031738
-0.048462
-0.065857
0.187134
0.325928
-0.309326
0.062988
0.213135
0.145386
-0.122559
0.033661
-0.150269
-0.041046
-0.090332
-0.369141
0.043915
0.089600
-0.517090
0.020599
0.290283
0.133179
0.245361
0.309326
-0.066284
-0.247314
-0.047913
-0.326172
-0.232300
-0.107971
-0.351318
0.244751
-0.163574
0.121094
0.097412
-0.269287
0.057373
0.128784
-0.188721
0.072144
0.088196
-0.012337
-0.412354
-0.133301
-0.030930
-0.134277
-0.112976
0.300293
-0.418213
0.059235
-0.073181
-0.017502
-0.344238
0.120483
-0.240967
0.313477
-0.017410
-0.074463
-0.193237
0.116760
0.142700
0.339111
0.191284
0.029602
-0.392822
0.606445
0.441895
0.016891
0.097168
-0.069946
-0.161255
0.088135
0.210693
-0.043854
0.099731
-0.054962
0.236938
0.102722
-0.050018
0.291992
-0.046539
0.061646
0.240845
-0.113098
-0.214111
0.273193
0.291748
0.190552
-0.099976
0.111267
0.224854
0.079163
0.009361
-0.112061
-0.023132
-0.188354
0.234741
0.046204
0.072937
0.124756
-0.196289
-0.234009
0.137939
-0.120056
-0.088928
0.469238
-2.050781
0.183594
-0.130127
0.356445
0.034088
0.244385
0.262695
0.036194
-0.197754
-0.023270
-0.224487
0.203979
0.071106
-0.338867
0.165405
0.026733
0.098022
0.078003
-0.339844
0.030411
0.010162
-0.517090
-0.364746
0.228027
-0.490234
-0.081116
-0.028824
-0.302246
0.202759
0.000923
0.168823
-0.019226
0.031982
-0.190186
-0.382324
0.253418
0.317627
0.631836
-0.101074
-0.297607
-0.281006
0.075439
-0.050873
-0.086365
-0.101379
-0.032196
0.093933
-0.058777
-0.071106
0.145020
-0.270752
-0.004944
-0.161743
0.287842
0.090332
-0.026001
0.287354
0.123779
-0.337646
0.114258
-0.034576
-0.093323
0.538086
0.088745
0.534668
0.431641
-0.068237
0.091553
-0.099426
-0.178833
0.128784
0.191406
0.132690
-0.075439
0.062805
-0.281494
0.018555
-0.021774
0.259033
-0.104248
-0.112732
-0.081970
-0.173828
-0.061707
0.341309
-0.237549
-0.047729
0.101074
-0.015594
-0.053253
0.242065
0.309814
-0.333252
0.046844
0.158813
0.161255
-0.130859
-0.013496
-0.145264
-0.031311
-0.051483
-0.252197
-0.044189
0.124939
-0.566406
-0.037476
0.269287
0.244019
0.195312
0.200684
-0.071899
-0.201172
-0.043701
-0.313721
-0.132935
-0.070984
-0.316162
0.235474
-0.183838
0.088013
0.038361
-0.272217
0.000611
0.033905
-0.294922
0.041809
0.020859
0.074951
-0.385986
-0.150391
-0.119507
-0.140137
-0.075439
0.247681
-0.407715
0.012741
-0.053253
0.061646
-0.377441
0.127686
-0.193481
0.330078
-0.007648
-0.149658
-0.234253
0.166870
0.148438
0.462646
0.213745
-0.054901
-0.318359
0.630859
0.397705
0.062500
0.094177
-0.042542
-0.096802
0.048431
0.117188
-0.107910
0.156860
0.030930
0.209229
-0.130493
-0.158325
0.281982
-0.117371
0.060242
-0.003698
-0.016205
-0.086853
0.239380
0.259277
0.313477
-0.179077
0.229858
-0.048584
-0.274170
-0.017990
-0.124756
-0.068604
-0.105347
-0.047729
0.044891
-0.014877
-0.179565
-0.201050
-0.239868
-0.057831
-0.098572
-0.178589
0.314209
-3.642578
0.207153
-0.037292
0.253174
0.006676
0.227173
0.101318
0.196777
-0.154419
-0.011917
-0.173340
0.205444
-0.156738
-0.228882
0.176147
0.105164
-0.069214
-0.038177
-0.225464
-0.019348
0.004215
-0.482422
-0.327637
0.192261
-0.355469
-0.154419
0.061462
-0.185181
0.218628
-0.159546
0.141235
0.052460
-0.067139
-0.165405
-0.374268
0.279297
0.361816
0.856445
0.063599
-0.304932
-0.249634
0.088135
-0.037537
-0.033112
-0.119995
0.069946
0.152954
-0.066833
0.058350
0.024475
-0.308838
0.067505
-0.124817
0.309570
0.251465
-0.154053
0.249634
0.065369
-0.385254
0.073120
-0.199951
-0.158325
0.481445
0.222778
0.167603
0.390381
-0.109131
0.012772
-0.004215
-0.117493
0.198730
0.056122
0.283203
-0.004200
0.068787
-0.274902
-0.120911
-0.129761
0.381104
-0.246460
0.000886
0.094727
-0.078308
-0.028046
0.237061
-0.267334
-0.014885
0.116943
-0.079346
-0.115417
0.156494
0.240723
-0.295898
0.046234
0.161011
0.278320
-0.287842
-0.093628
-0.268555
-0.050171
0.116394
-0.218994
-0.070068
0.207886
-0.760742
0.086975
0.211426
0.468506
0.356689
0.249146
-0.143311
-0.234741
-0.000728
-0.270996
0.095520
0.003979
-0.144287
0.339844
-0.212158
0.187134
0.045319
-0.305420
-0.022278
-0.051697
-0.310303
0.011292
0.064514
0.068970
-0.413574
-0.215088
-0.324707
-0.107666
0.076233
0.325684
-0.381592
-0.129150
0.103516
0.121887
-0.415527
0.124329
-0.151489
0.326904
-0.083557
0.027527
-0.220581
0.336182
0.102539
0.448730
0.227051
0.046387
-0.346191
0.737793
0.423340
0.039642
0.045044
-0.030228
-0.019135
0.170776
-0.031021
-0.199219
0.179810
0.133667
0.106750
-0.487793
-0.387939
0.306885
-0.382080
0.003168
-0.275146
0.025940
0.054077
0.172729
0.132080
0.650391
-0.396973
0.491211
-0.222778
-0.565918
-0.134644
-0.228394
-0.156128
-0.054474
0.523926
0.141113
-0.220337
-0.452637
-0.325928
-0.155396
0.025558
-0.055725
-0.300537
0.259033
-2.466797
0.135986
0.334229
0.208374
-0.110291
0.310303
0.091858
0.426514
0.005901
0.172119
-0.232666
0.324463
-0.376465
-0.257080
0.130981
0.214478
-0.143677
-0.040924
-0.267822
-0.024292
0.141846
-0.530762
-0.320801
0.299561
-0.691406
-0.193970
0.090881
-0.120850
0.148071
-0.362305
0.101624
0.193970
-0.255127
-0.138062
-0.330078
0.228760
0.530762
0.818359
0.412842
-0.197632
-0.441162
0.021942
-0.002785
0.191528
-0.073914
0.208130
0.191040
0.044952
0.159546
0.061798
-0.482666
0.082642
-0.150146
0.212524
0.436035
-0.255371
0.114258
-0.123718
-0.421143
-0.025085
-0.334961
-0.320068
0.489990
0.439941
-0.034882
0.367676
-0.241943
-0.037415
0.101746
-0.158691
0.477783
-0.013657
0.503418
0.082153
0.150635
-0.232910
-0.168701
-0.211304
0.471924
-0.323975
0.002012
0.111694
-0.031494
-0.027939
0.209595
-0.226807
0.040436
0.220337
-0.099609
-0.174072
0.201416
0.195679
-0.265625
0.057281
0.166138
0.345459
-0.345703
-0.107117
-0.279053
-0.053986
0.232300
-0.203613
-0.077454
0.164307
-0.881836
0.190796
0.164551
0.589844
0.409180
0.206909
-0.172852
-0.255859
0.020203
-0.284668
0.225464
0.055298
-0.094788
0.420166
-0.219604
0.269043
0.005005
-0.328125
-0.008186
-0.098572
-0.328857
0.007835
0.102112
0.021805
-0.430176
-0.269531
-0.427246
-0.023834
0.193726
0.409668
-0.342773
-0.168335
0.245605
0.208740
-0.518066
0.075623
-0.118408
0.354492
-0.118347
0.067993
-0.222778
0.400635
0.057831
0.430664
0.225708
0.094177
-0.328369
0.786133
0.427734
0.047791
-0.004761
-0.006439
0.021301
0.320068
-0.105469
-0.225952
0.106384
0.193237
0.043701
-0.720703
-0.569824
0.388672
-0.459229
-0.041595
-0.497314
0.034515
0.163818
0.111328
0.067444
0.791016
-0.569336
0.657227
-0.400146
-0.743652
-0.250244
-0.261475
-0.237305
-0.094299
0.630371
0.200928
-0.350098
-0.675293
-0.350342
-0.138306
0.087341
0.024002
-0.344727
0.118713
-0.460449
0.156738
0.629395
0.232178
-0.153564
0.409180
0.018997
0.562012
0.118469
0.327637
-0.265625
0.535156
-0.492676
-0.326172
0.074646
0.319824
-0.201050
-0.066345
-0.265381
-0.070190
0.196777
-0.588379
-0.392334
0.435791
-0.932617
-0.241089
0.073914
-0.063782
0.190552
-0.591309
0.098938
0.345703
-0.377197
-0.137451
-0.316895
0.271973
0.614258
0.967773
0.636230
-0.177368
-0.451172
-0.037689
0.004360
0.344971
-0.007904
0.322021
0.190430
0.137207
0.203857
0.108215
-0.557617
0.017075
-0.135254
0.141846
0.549805
-0.320312
0.077576
-0.219238
-0.425781
-0.038666
-0.459961
-0.407227
0.531738
0.580078
-0.215210
0.463379
-0.273926
-0.124146
0.112793
-0.155273
0.680664
-0.027283
0.676758
0.124329
0.212158
-0.188599
-0.078308
-0.170532
0.486084
-0.217651
-0.217773
-0.162476
-0.104858
-0.085693
0.329102
-0.171875
0.097656
0.383057
-0.004597
-0.153076
0.396240
0.224487
-0.324951
0.026367
0.168823
0.279785
-0.205444
-0.009117
-0.072571
-0.027039
0.165405
-0.182007
-0.086548
-0.101379
-0.826660
0.134521
0.168457
0.420898
0.206421
0.040985
-0.104309
-0.278320
-0.042755
-0.395752
0.077148
-0.022202
-0.285645
0.408203
-0.196045
0.203247
-0.061188
-0.336426
0.043304
0.014000
-0.365723
0.045258
0.070923
-0.022751
-0.394775
-0.270264
-0.260254
0.051056
0.119812
0.478027
-0.340332
0.019897
0.253174
0.353271
-0.689453
-0.031281
-0.137451
0.421875
-0.046600
-0.151123
-0.265381
0.219727
0.057739
0.420166
0.190796
0.008133
-0.275391
0.686035
0.373535
0.106567
-0.019989
0.040405
-0.060638
0.280029
0.024155
-0.124634
-0.049255
0.117249
0.114929
-0.633789
-0.484131
0.461670
-0.157227
0.009254
-0.506348
-0.011383
0.129639
0.103882
0.158691
0.544922
-0.481689
0.530762
-0.484619
-0.757324
-0.240967
-0.166748
-0.208130
-0.174316
-0.186279
0.205200
-0.249634
-0.693359
-0.247437
-0.230713
-0.026260
0.073303
-0.249268
-0.011185
-0.117737
0.275879
0.545410
0.329590
-0.076111
0.392822
-0.093811
0.417480
0.035583
0.196899
-0.155151
0.586914
-0.422119
-0.387207
0.072449
0.364746
-0.300049
-0.062256
-0.156006
-0.136719
0.094543
-0.784180
-0.503418
0.468018
-0.820801
-0.280762
-0.013977
-0.104797
0.324707
-0.755859
0.171021
0.340820
-0.359131
-0.191162
-0.377930
0.456787
0.444580
1.409180
0.457520
-0.320801
-0.184570
-0.029572
-0.026703
0.223511
0.012817
0.260986
0.187134
0.054626
0.202515
0.067505
-0.381104
-0.081726
-0.058533
0.211426
0.497559
-0.272461
0.229370
-0.104065
-0.385254
0.043182
-0.546875
-0.324463
0.588867
0.482910
-0.287842
0.681641
-0.097168
-0.141235
-0.021652
-0.163330
0.560059
0.089172
0.692871
0.027267
0.213501
-0.245483
0.086792
-0.157471
0.280518
-0.230103
-0.088318
-0.083557
-0.135132
-0.066956
0.285156
-0.055511
0.053772
0.322266
-0.025421
-0.160400
0.307617
0.207520
-0.239502
0.032257
0.182861
0.237915
-0.140015
-0.005032
-0.198730
0.006615
0.156494
-0.254150
-0.009140
0.093811
-0.594727
0.207275
0.202026
0.417236
0.314941
0.173218
-0.091919
-0.171997
0.080444
-0.251465
0.089355
0.097717
-0.210449
0.341309
-0.173828
0.304199
-0.130981
-0.260986
0.086365
-0.141602
-0.260010
0.097778
0.113770
-0.087280
-0.475098
-0.129517
-0.280762
0.058990
0.208862
0.301270
-0.309326
-0.071045
0.109009
0.096741
-0.443848
0.065735
-0.210327
0.359863
-0.090820
-0.102295
-0.212769
0.322998
0.090759
0.463623
0.225220
0.046265
-0.170776
0.722656
0.409180
0.037933
0.005962
-0.043274
-0.003679
0.380371
0.032928
-0.121765
-0.049347
0.186768
0.117859
-0.334717
-0.488770
0.476562
-0.093262
-0.094788
-0.321777
-0.055054
0.089050
0.131226
0.146118
0.451660
-0.429443
0.442383
-0.248901
-0.206665
-0.240723
-0.161377
-0.231812
-0.235107
0.548828
0.106384
-0.193481
-0.415283
-0.112793
-0.247070
0.143188
0.090332
-0.156128
-0.055664
0.642578
0.267822
0.494385
0.265137
-0.038116
0.409668
-0.045135
0.379883
0.069153
0.373047
-0.176636
0.614258
-0.156982
-0.320801
0.058258
0.187256
0.014702
-0.088379
-0.190308
-0.071472
0.075073
-0.248047
-0.416260
0.433350
-0.594727
-0.162231
-0.033936
-0.014069
0.231689
-0.385986
0.070801
0.340576
-0.160522
-0.205200
-0.195190
0.307373
0.421875
0.791992
0.401367
-0.286621
-0.218506
-0.046387
-0.011681
0.261719
0.092834
0.253906
0.067078
0.165161
0.018112
0.200195
-0.388184
-0.116394
-0.065186
0.183228
0.333496
-0.141724
0.203979
-0.074463
-0.291504
0.062195
-0.276123
-0.240845
0.414795
0.353516
-0.100159
0.449707
-0.124268
-0.178833
-0.029022
-0.024994
0.489258
0.014420
0.398438
0.087830
0.141602
-0.293213
0.245361
-0.096924
0.033447
-0.240234
0.093994
0.036804
-0.134033
-0.039032
0.228271
0.057434
-0.022156
0.203735
-0.041748
-0.135620
0.164185
0.202515
-0.145020
0.098938
0.205200
0.158203
-0.079590
0.000306
-0.369629
0.032715
0.130005
-0.302490
0.063599
0.345215
-0.311523
0.197388
0.255615
0.397217
0.461426
0.355225
-0.083923
-0.018906
0.183105
-0.060699
0.068848
0.195068
-0.137817
0.257080
-0.165894
0.401611
-0.155640
-0.161377
0.130981
-0.289551
-0.147827
0.157593
0.178711
-0.147095
-0.579102
0.017212
-0.262207
0.053619
0.273926
0.093750
-0.275635
-0.164917
-0.092834
-0.239746
-0.115356
0.179199
-0.303467
0.256592
-0.088928
0.004826
-0.186279
0.417480
0.135498
0.444824
0.285156
0.048340
-0.109192
0.768066
0.436035
-0.015610
0.031647
-0.166260
0.054169
0.370117
0.045746
-0.103088
-0.006088
0.222900
0.048248
0.053589
-0.427979
0.417236
-0.011925
-0.177856
-0.028625
-0.045380
0.041321
0.174072
0.138672
0.344727
-0.312988
0.260010
0.166992
0.515625
-0.175415
-0.177246
-0.205688
-0.248779
1.519531
-0.033508
-0.102051
0.034119
0.011505
-0.250977
0.306152
0.039429
-0.081970
0.013474
2.208984
0.207275
0.238892
0.155396
-0.009048
0.390381
0.037750
0.322510
0.055023
0.527344
-0.239502
0.500488
0.216797
-0.189453
0.059753
-0.027725
0.436279
-0.126343
-0.234863
0.059662
0.079529
0.362793
-0.246582
0.329102
-0.189209
-0.013802
-0.047394
0.046570
0.035034
0.233154
-0.043304
0.238892
0.134766
-0.197998
-0.002584
0.060577
0.381836
0.021576
0.235962
-0.218018
-0.330566
-0.056488
0.016434
0.214966
0.129883
0.189819
-0.042175
0.257568
-0.224121
0.310547
-0.421875
-0.090210
-0.116577
0.152100
0.104065
-0.000911
0.161255
-0.028793
-0.213867
0.027710
0.121826
-0.114502
0.187256
0.138428
0.223267
0.118103
-0.197144
-0.143433
0.007565
0.107788
0.320557
-0.102783
0.022293
0.157227
0.036591
-0.283936
0.288818
-0.037048
-0.017105
-0.250244
0.074951
-0.008972
-0.164795
0.006485
0.317139
0.184570
-0.072998
0.206787
0.009132
-0.109131
0.325195
0.220825
-0.134644
0.220459
0.154785
0.018707
0.027496
0.049255
-0.335938
0.047974
0.058350
-0.217773
0.012238
0.461670
-0.119202
0.003830
0.274902
0.380615
0.326416
0.219482
-0.075012
0.180908
0.189819
-0.010078
-0.046906
0.134888
-0.208496
0.184570
-0.164307
0.352783
-0.134033
-0.120911
0.110535
-0.366699
-0.175293
0.122253
0.135620
-0.084595
-0.555664
0.036621
-0.201294
0.103149
0.157349
-0.105469
-0.240356
-0.092773
-0.210083
-0.389160
-0.059692
0.244263
-0.281250
0.202026
0.004765
-0.153687
-0.244873
0.342529
0.125977
0.480957
0.373535
-0.161987
-0.019897
0.717773
0.335693
0.084595
0.026886
-0.205322
0.040222
0.262451
0.080017
-0.080444
0.023422
0.178101
-0.015839
0.220459
-0.398438
0.323730
0.061554
-0.128296
0.026901
0.009308
-0.000816
0.255127
0.219604
0.263428
-0.155273
0.119446
0.286377
0.659668
-0.061523
-0.085449
-0.168457
-0.231323
1.139648
-0.153687
-0.026657
0.103027
0.175049
-0.309570
0.247437
-0.014694
-0.023865
0.036957
2.843750
0.264160
-0.125854
0.064758
0.057709
0.307617
-0.034180
0.273926
-0.063416
0.403564
-0.219116
0.349854
0.343018
-0.055969
0.108887
-0.236328
0.490967
-0.279541
-0.158203
0.091370
-0.146729
0.675293
-0.150024
0.117798
0.251465
0.012581
0.067566
0.154907
0.121521
0.457031
-0.053467
0.114624
0.298340
-0.188477
0.079834
-0.015533
0.365479
-0.171021
0.104797
-0.298828
-0.253906
0.000274
0.002676
-0.015701
0.102844
0.120850
-0.094421
0.258545
-0.321289
0.185669
-0.348633
0.036682
-0.090271
0.253418
-0.019150
-0.065796
0.199829
0.116699
-0.219360
-0.032990
0.243042
0.022018
-0.021225
0.002375
0.138306
-0.136353
-0.180298
-0.097229
0.019821
0.291504
0.145386
-0.311035
-0.136475
0.204712
-0.054596
-0.356201
0.161377
-0.108093
0.087646
-0.443848
0.219116
0.234131
-0.127075
0.125977
0.242554
0.233276
-0.093933
0.179688
0.007618
-0.128174
0.254883
0.179810
-0.113525
0.231445
0.100098
0.059692
-0.053558
-0.048615
-0.494141
0.050934
0.171021
-0.086548
-0.065186
0.722168
-0.175171
-0.014046
0.240967
0.637207
0.427490
0.206421
-0.120178
0.296631
0.281738
0.136963
0.167725
0.235229
-0.024048
0.194336
-0.193604
0.407715
-0.176147
-0.101746
0.037415
-0.594727
-0.221802
0.069458
0.105408
0.000786
-0.586426
0.024002
-0.406494
0.080627
0.281738
-0.240967
-0.226440
-0.280273
-0.198486
-0.439209
0.025192
0.338135
-0.227295
0.163818
-0.029572
-0.082703
-0.262939
0.553223
0.103210
0.600098
0.445312
-0.208984
0.072998
0.821289
0.305176
0.119019
0.019211
-0.230957
0.184814
0.282715
-0.087402
-0.201782
0.137817
0.345947
-0.133545
-0.072876
-0.655273
0.267578
-0.214233
-0.175903
-0.237183
0.128540
0.151367
0.224609
0.118347
0.551270
-0.291260
0.330811
0.053101
0.408447
-0.104553
-0.142212
-0.240845
-0.120300
1.641602
-0.168701
-0.185425
-0.210571
0.159302
-0.254883
0.159790
-0.007046
-0.152588
-0.084229
2.099609
0.218506
0.046448
-0.127686
-0.017441
0.314453
-0.149414
0.524414
0.054688
0.544434
-0.218262
0.342773
0.091980
0.125000
0.111633
-0.225342
0.427246
-0.425293
-0.122681
0.091858
-0.149048
1.000000
-0.034363
0.051758
0.371582
-0.032501
0.246582
0.374756
0.094238
0.432617
-0.150513
0.217041
0.221680
-0.119629
0.201050
-0.093628
0.510742
-0.270508
0.423340
-0.206299
-0.368896
0.018402
0.043915
0.142334
0.098450
0.273438
-0.070618
0.347656
-0.220825
0.099915
-0.498535
0.201172
-0.094421
0.220337
0.151978
-0.210083
0.038025
-0.017807
-0.272461
-0.138794
0.148926
-0.077148
-0.199951
0.210327
-0.235229
-0.390625
-0.342773
-0.203003
0.198853
0.427246
0.315918
-0.593262
-0.048340
0.374512
-0.063477
-0.393066
0.097961
-0.155151
0.109863
-0.490723
0.328613
0.357178
-0.091675
0.147583
0.137085
0.167603
-0.087952
0.165283
-0.006344
-0.139282
0.074646
0.146851
-0.089844
0.167603
0.104919
0.154541
-0.150757
-0.123108
-0.595215
0.038300
0.267090
-0.078674
-0.071106
0.757324
-0.245605
0.102295
0.212646
0.721191
0.576660
0.340088
-0.150879
0.257324
0.306396
0.212769
0.322021
0.318115
0.133545
0.227783
-0.217651
0.455078
-0.186523
-0.103455
0.031403
-0.623047
-0.200195
0.086731
0.138428
-0.014771
-0.606934
0.044434
-0.535645
0.055328
0.403076
-0.204468
-0.211304
-0.402344
-0.157593
-0.414795
0.087708
0.330322
-0.268799
0.147583
-0.116333
0.090088
-0.228149
0.686523
0.110352
0.572754
0.418213
-0.108276
0.045624
0.896973
0.355469
0.052948
0.000037
-0.266602
0.222412
0.291748
-0.165039
-0.248901
0.189941
0.404297
-0.171021
-0.201782
-0.700195
0.276611
-0.291504
-0.234253
-0.298584
0.152954
0.241943
0.155518
0.009995
0.728027
-0.418701
0.433594
0.012657
0.384521
-0.171875
-0.227905
-0.279297
-0.067139
2.281250
-0.086121
-0.256592
-0.278809
0.054047
-0.180298
0.142456
0.010986
-0.219482
-0.121399
0.593262
0.124207
0.212646
-0.169434
-0.101501
0.358887
-0.138428
0.621582
0.172485
0.692871
-0.196533
0.343994
-0.003798
0.153076
0.061035
-0.108459
0.464844
-0.371582
-0.134521
0.133179
0.030792
1.000977
0.018204
0.159424
0.294434
-0.045288
0.169189
0.370605
-0.092957
0.428223
-0.200562
0.290527
0.118164
-0.101013
0.249390
-0.186279
0.541016
-0.283936
0.569824
-0.085632
-0.491455
-0.037415
0.087585
0.301758
0.128296
0.329102
-0.035736
0.399414
-0.143188
0.178223
-0.616699
0.190918
-0.146118
0.125244
0.262695
-0.191528
-0.070068
-0.174561
-0.254395
-0.208496
0.128906
-0.162109
-0.202393
0.302979
-0.273682
-0.401855
-0.431885
-0.202637
0.258789
0.368164
0.432129
-0.599609
0.015182
0.428955
0.003515
-0.353760
0.105713
-0.139282
0.137939
-0.380127
0.172974
0.138672
-0.124268
0.102112
0.208862
0.139648
-0.055847
0.258301
0.025269
-0.111572
0.204102
0.151611
-0.125977
0.147217
0.084778
0.140869
-0.095032
-0.077209
-0.426025
0.024246
0.228882
-0.065857
-0.106873
0.495361
-0.239624
0.091248
0.197510
0.590820
0.441895
0.229004
-0.131348
0.174072
0.203125
0.104004
0.234009
0.254150
0.024094
0.227539
-0.190308
0.357666
-0.197510
-0.129639
0.044312
-0.465576
-0.235718
0.101868
0.112549
-0.017532
-0.523438
0.037354
-0.459717
0.106812
0.333252
-0.127075
-0.164551
-0.267334
-0.108582
-0.258789
-0.044250
0.217773
-0.264893
0.188110
-0.080750
-0.022903
-0.249634
0.510742
0.129028
0.515625
0.360596
-0.134644
0.019516
0.802734
0.320801
0.051300
-0.042725
-0.215698
0.123230
0.260498
-0.086853
-0.194824
0.111572
0.291748
-0.129028
-0.188965
-0.539551
0.320312
-0.097107
-0.182495
-0.327148
0.108398
0.246948
0.125854
0.057007
0.575195
-0.384033
0.354004
-0.096558
0.208374
-0.166260
-0.182007
-0.251465
-0.090820
1.453125
-0.042664
-0.178833
-0.335938
0.042419
-0.220581
-0.028458
0.036530
-0.185425
-0.207031
-0.390137
0.191528
0.175537
-0.089539
-0.073181
0.326660
-0.199463
0.529785
0.125854
0.565430
-0.097656
0.350586
-0.047089
0.095093
0.049896
0.052002
0.315674
-0.326416
-0.052887
0.078186
0.017868
0.691895
-0.054443
0.232788
0.316162
-0.093628
0.063477
0.289307
-0.038300
0.212402
-0.131226
0.281982
0.047882
-0.138184
0.139648
-0.086609
0.427002
0.206421
0.448242
-0.162598
-0.309814
-0.040161
0.065430
0.242432
0.125488
0.276611
0.005207
0.296631
-0.050751
0.154053
-0.495117
0.115417
-0.121338
0.155640
0.292725
-0.174561
0.028137
-0.139160
-0.223389
-0.150024
0.002378
-0.139404
-0.076416
0.280029
-0.343506
-0.171631
-0.304688
-0.181763
0.157959
0.283936
0.350830
-0.447754
0.099487
0.333252
0.044403
-0.277344
0.119080
-0.046051
0.238892
-0.168457
-0.171265
-0.253418
-0.227905
0.007702
0.410156
0.059845
-0.005447
0.387207
0.137329
-0.047668
0.469971
0.243286
-0.268311
0.108459
0.068054
0.064087
0.045746
0.045258
-0.069092
0.013199
0.053711
-0.036682
-0.163940
0.059143
-0.271484
-0.073730
0.206543
0.298828
0.083435
-0.024994
-0.053253
0.058472
0.006138
-0.143433
-0.053894
0.033936
-0.294189
0.203857
-0.162842
0.130005
-0.164917
-0.185425
0.052124
-0.150146
-0.328125
0.094727
0.017731
0.024170
-0.383057
-0.036621
-0.181885
0.113831
0.072327
0.031616
-0.206787
0.047455
-0.077942
0.029419
-0.362549
0.054901
-0.246094
0.292236
0.051483
-0.339600
-0.317627
0.152954
0.139648
0.475586
0.279541
-0.278076
-0.043304
0.613281
0.244019
0.151611
-0.044678
-0.106506
-0.063232
0.061310
0.111694
-0.061676
0.002577
0.078918
0.023895
-0.119446
-0.275635
0.344238
0.230713
-0.007732
-0.270752
0.059326
0.134644
0.148071
0.230225
0.224731
-0.197632
0.146118
-0.221313
-0.096741
-0.072876
-0.042633
-0.133179
-0.129639
-0.223999
-0.006187
0.020554
-0.373779
0.065125
-0.317871
-0.319336
0.025024
-0.099976
-0.180908
-2.410156
0.327393
-0.109314
0.095703
0.038422
0.238159
-0.275635
0.259277
-0.084473
0.158203
0.047058
0.270508
-0.082458
-0.009392
0.095032
0.174561
0.010910
-0.258301
0.061981
-0.022797
-0.131836
0.043365
-0.230225
0.225220
0.379395
-0.200928
-0.019623
0.095215
0.195312
-0.103455
0.051666
0.165283
0.004585
-0.186279
-0.126953
0.226929
0.204590
1.133789
0.095520
-0.366455
0.042145
0.031143
0.002542
-0.036835
0.031982
0.117920
0.084839
0.040039
0.051392
-0.001289
-0.226929
0.054626
-0.053680
0.300049
0.269775
-0.153809
0.258057
0.051941
-0.251221
-0.016068
-0.204346
-0.043091
0.156372
0.162964
-0.362549
0.238403
-0.049896
-0.102112
-0.027771
0.149902
0.121216
-0.199341
0.211182
0.128174
0.058533
-0.145142
0.145996
0.005779
0.253906
-0.054779
-0.371582
-0.516602
-0.213623
-0.132080
0.533691
0.073730
0.052155
0.482910
0.213379
-0.040710
0.638184
0.292725
-0.328369
0.165039
0.093811
-0.009621
0.128052
0.168579
0.143433
-0.010719
-0.002951
-0.031769
-0.163086
-0.250732
-0.300781
-0.160278
0.196045
0.107971
-0.074463
-0.182739
-0.008965
0.014214
-0.116455
-0.264404
-0.245239
-0.123718
-0.507324
0.239624
-0.136719
0.068970
-0.122437
-0.200562
0.115540
0.075134
-0.307373
0.109741
0.038300
-0.055908
-0.343506
-0.115479
0.040802
0.203491
-0.044556
0.182739
-0.193848
0.275635
-0.006577
0.191528
-0.588867
-0.082153
-0.226074
0.338623
0.166260
-0.458496
-0.372314
-0.086548
0.097351
0.287842
0.241089
-0.355225
-0.101868
0.497559
0.176636
0.255371
-0.095520
-0.054626
-0.186157
-0.014801
0.278564
0.071289
-0.181030
-0.085815
0.007561
-0.044128
-0.164795
0.372314
0.477295
0.108582
-0.183350
0.008659
0.049805
0.153076
0.326904
-0.031128
-0.092773
-0.008942
-0.183228
-0.104614
-0.034729
0.041992
-0.046631
-0.220093
-1.009766
0.021255
0.143188
-0.294678
0.085327
-0.365967
-0.387939
0.023117
-0.015205
-0.139160
0.387207
0.404297
-0.248413
0.258789
0.111938
0.225342
-0.273926
0.059387
-0.206299
-0.029694
0.096741
0.286865
0.006783
-0.128540
0.094604
0.276611
-0.085449
-0.183594
0.080261
-0.072388
-0.217407
-0.344238
-0.374268
0.269043
0.333984
-0.247681
-0.107788
-0.047363
0.358887
-0.241699
0.168091
0.102661
0.027191
-0.212891
-0.279541
0.426025
0.070862
1.669922
-0.154541
-0.474609
0.253418
0.056122
-0.038269
-0.185791
-0.003365
0.003355
0.104431
-0.081177
0.028763
-0.027649
-0.072815
-0.025833
-0.028122
0.340332
0.187988
-0.117798
0.394775
0.174683
-0.252686
0.083252
-0.264404
0.039734
0.321045
0.081787
-0.232544
0.530273
0.104553
-0.052032
-0.185425
0.061066
-0.002354
-0.004341
0.236450
-0.003141
0.069946
-0.181030
0.198242
0.004097
0.064575
-0.017990
-0.152222
-0.298096
-0.119202
-0.226562
0.351562
-0.116211
0.026459
0.273193
0.059326
-0.049133
0.236084
0.263428
-0.288330
0.079468
0.238037
0.106384
-0.036652
0.104919
-0.096985
-0.014900
0.039642
-0.289062
0.026184
-0.105591
-0.383057
0.073853
0.254150
0.084412
0.270264
0.270752
-0.042847
-0.177979
-0.053772
-0.246460
-0.202759
-0.077393
-0.352295
0.313232
-0.173340
0.214722
-0.021973
-0.219116
0.179321
0.141602
-0.136230
0.176025
0.170166
-0.186401
-0.479492
-0.052643
0.010719
0.092407
0.039490
0.347412
-0.293213
0.156250
-0.028030
0.043060
-0.389404
-0.016434
-0.345703
0.312500
0.011070
-0.051270
-0.244873
0.084595
0.126343
0.185181
0.181030
0.013390
-0.308350
0.625977
0.386475
0.031464
-0.014320
-0.114990
-0.207275
0.059662
0.300781
0.060394
-0.132202
-0.078064
0.099548
0.162109
-0.073547
0.377441
0.324463
0.021286
0.130493
-0.130371
-0.094360
0.170654
0.244629
0.102905
-0.121399
0.006065
0.276123
0.346191
-0.081421
-0.117371
-0.046570
-0.223755
0.478271
0.109131
0.088684
0.169434
-0.089905
-0.272461
0.098022
-0.017975
-0.017014
0.181274
1.231445
0.205200
-0.089539
0.348633
0.004292
0.301025
0.100586
0.005199
-0.134155
0.143555
-0.067200
0.257812
0.286621
-0.316895
0.067078
0.172363
0.232666
0.092834
-0.175293
0.067139
0.112732
-0.447266
-0.349854
0.390869
-0.215576
-0.089661
-0.288086
-0.272217
0.010742
0.056763
0.116333
0.052490
0.046539
-0.258545
-0.219116
0.202759
0.118713
0.892578
-0.162109
-0.318604
-0.175537
-0.061859
-0.011230
-0.061951
0.062500
-0.057709
0.073914
0.008461
-0.130005
0.249756
-0.222778
-0.164429
-0.131714
0.234009
0.039673
0.117981
0.326660
0.068115
-0.195923
0.040680
0.010712
-0.029587
0.421631
-0.043335
0.411377
0.511719
0.013924
0.098083
-0.174316
-0.177856
0.074585
0.217407
0.103882
-0.070068
0.114441
-0.191284
0.173096
-0.004002
-0.000583
0.015762
-0.010895
-0.153076
-0.039459
-0.287598
0.211060
-0.309326
0.019394
0.140381
-0.061249
-0.060120
-0.046997
0.238281
-0.268311
0.014938
0.336182
0.222900
-0.197632
0.043823
-0.243408
-0.031464
0.077332
-0.458008
0.137451
-0.065552
-0.523438
0.242188
0.280762
0.079163
0.506836
0.581543
-0.079468
-0.359863
-0.051056
-0.281250
-0.150757
-0.060150
-0.246094
0.386230
-0.208008
0.286621
0.080872
-0.259521
0.208252
0.242432
-0.055603
0.211914
0.257812
-0.254639
-0.545410
-0.051514
-0.031647
0.006390
0.087585
0.538086
-0.365234
0.076721
0.009529
0.014511
-0.308838
-0.009102
-0.419922
0.306885
-0.098938
0.254639
-0.160889
0.186890
0.145874
0.089417
0.124268
0.283691
-0.508789
0.714844
0.539062
-0.126221
0.027145
-0.139282
-0.233643
0.086548
0.288574
0.036804
-0.072205
-0.090820
0.158936
0.198608
0.005852
0.383057
0.180420
-0.022705
0.299316
-0.206421
-0.163330
0.166016
0.170288
0.256348
-0.183472
0.055023
0.543945
0.533203
-0.118286
-0.250977
-0.045074
-0.202881
1.414062
0.202271
0.022278
0.431885
-0.290283
-0.187378
0.398926
-0.058929
-0.060486
0.438721
1.106445
0.044373
0.066895
0.432129
-0.089783
0.354980
0.365723
0.002790
-0.074402
0.241455
-0.197266
0.234863
0.394775
-0.480469
0.048676
0.166260
0.386475
0.302246
-0.358643
0.153809
0.390381
-0.681152
-0.347168
0.513184
-0.700195
-0.001130
-0.422119
-0.477783
-0.245850
0.175781
0.106812
0.018005
-0.008934
-0.278320
-0.241699
0.060974
0.180542
0.449219
-0.137085
-0.191650
-0.501465
-0.154419
0.006817
0.036163
0.078003
-0.083740
0.093933
0.048828
-0.181152
0.429688
-0.353027
-0.258545
-0.220337
0.145752
0.005131
0.241699
0.267822
-0.040894
-0.188965
-0.005459
0.141357
-0.121521
0.560547
-0.080688
0.847656
0.569336
-0.063232
0.221802
-0.154907
-0.410645
0.161499
0.408691
0.112000
-0.130615
0.178955
-0.235596
0.166260
-0.028671
-0.022232
0.002594
0.066956
-0.063538
-0.036133
-0.254395
0.143188
-0.355957
0.002251
0.085327
-0.117859
-0.067810
-0.144043
0.219849
-0.234497
-0.019714
0.345703
0.278809
-0.258057
-0.009338
-0.323486
-0.030762
0.100525
-0.516602
0.168823
0.007225
-0.552246
0.329590
0.290527
0.121277
0.602051
0.692383
-0.096252
-0.415527
-0.023956
-0.275635
-0.075867
0.009155
-0.164917
0.383301
-0.214722
0.315186
0.076538
-0.266846
0.195190
0.205811
-0.051605
0.219604
0.266113
-0.247925
-0.555664
-0.028702
-0.114380
-0.043518
0.140503
0.540039
-0.370605
-0.009514
0.009300
-0.024399
-0.223511
0.020493
-0.431396
0.301270
-0.168945
0.347168
-0.115906
0.267578
0.174438
0.130981
0.106995
0.382080
-0.532715
0.753906
0.604492
-0.207642
0.054932
-0.146484
-0.201050
0.155640
0.223633
-0.014793
-0.007744
-0.044586
0.195312
0.189209
0.016937
0.400635
0.081909
-0.080261
0.307617
-0.216919
-0.144775
0.153076
0.120422
0.350342
-0.245850
0.118774
0.557129
0.541016
-0.153564
-0.309326
-0.086853
-0.190430
1.722656
0.213379
-0.031235
0.461426
-0.348633
-0.159790
0.482666
-0.050476
-0.089661
0.448730
-0.019455
0.002186
0.187988
0.413330
-0.126709
0.370850
0.422607
0.080322
-0.008339
0.338867
-0.247314
0.268799
0.374756
-0.503906
0.041565
0.169434
0.430420
0.331055
-0.399902
0.165771
0.495361
-0.635254
-0.313232
0.553711
-0.836426
0.042969
-0.449219
-0.487793
-0.353271
0.194336
0.071899
0.047699
-0.049286
-0.280762
-0.216309
-0.040314
0.247070
0.189453
-0.044952
-0.134277
-0.619141
-0.197998
0.015236
0.135498
0.109680
-0.039612
0.090515
0.098206
-0.170288
0.503906
-0.419678
-0.300537
-0.244995
0.107544
0.036835
0.253418
0.224243
-0.109802
-0.170044
-0.016556
0.170044
-0.182617
0.583008
-0.052551
0.904785
0.527832
-0.112061
0.220459
-0.116699
-0.447266
0.229858
0.436523
0.125977
-0.116455
0.202881
-0.235596
0.184570
-0.018784
-0.051758
0.018143
0.064270
-0.068787
-0.055664
-0.249878
0.168579
-0.343750
-0.022476
0.055145
-0.128540
-0.076294
-0.097412
0.231812
-0.224731
0.008751
0.333008
0.250488
-0.238525
0.000687
-0.315186
-0.028687
0.058746
-0.536621
0.172119
0.052216
-0.509277
0.300537
0.301270
0.106384
0.562012
0.673828
-0.101501
-0.384277
-0.016922
-0.291748
-0.127563
-0.015343
-0.184326
0.355957
-0.207642
0.294434
0.105103
-0.270752
0.181519
0.196899
-0.050079
0.197632
0.253662
-0.215454
-0.532715
-0.030823
-0.108704
-0.054352
0.073242
0.487061
-0.377930
0.008911
-0.020645
-0.084656
-0.206177
0.053162
-0.422607
0.289062
-0.164062
0.295898
-0.109070
0.243652
0.172729
0.156738
0.124878
0.341797
-0.526855
0.732910
0.596680
-0.199341
0.067749
-0.157837
-0.220703
0.164429
0.234375
-0.014404
0.024933
-0.072693
0.219238
0.266113
0.050629
0.381592
0.065247
-0.068604
0.367676
-0.223511
-0.197266
0.198120
0.159790
0.332520
-0.194946
0.081177
0.633301
0.578125
-0.113892
-0.271484
-0.079590
-0.213379
1.549805
0.183960
0.000224
0.502930
-0.305176
-0.171265
0.526855
-0.070557
-0.051208
0.513672
-0.319336
0.022522
0.071533
0.426025
-0.101135
0.358643
0.453857
0.038391
-0.054260
0.285645
-0.271484
0.244873
0.416748
-0.514648
0.056244
0.057587
0.453857
0.308350
-0.420654
0.179077
0.404297
-0.572266
-0.303955
0.493164
-0.812500
0.062988
-0.415283
-0.478516
-0.291504
0.231201
0.091003
0.002735
-0.008087
-0.280762
-0.208008
-0.067810
0.278076
0.059906
-0.081604
-0.162109
-0.611328
-0.178711
-0.001249
0.052216
0.102234
-0.076843
0.055176
0.114014
-0.205811
0.495361
-0.392578
-0.272949
-0.250977
0.144287
-0.012512
0.224854
0.244263
-0.051697
-0.170166
-0.031204
0.229858
-0.140381
0.553223
-0.100769
0.937988
0.454834
-0.100891
0.256592
-0.138062
-0.400635
0.195435
0.392822
0.066223
-0.120178
0.184326
-0.187866
0.242798
0.045380
-0.065613
0.035461
-0.025406
-0.156494
-0.099182
-0.280762
0.273682
-0.248535
-0.029434
0.072815
-0.038300
-0.073730
0.034607
0.296143
-0.262695
0.060699
0.313721
0.134399
-0.113892
0.084595
-0.217285
-0.019653
-0.037506
-0.472168
0.152466
0.048492
-0.409424
0.136963
0.307129
0.026993
0.393066
0.524902
-0.060333
-0.238770
-0.018417
-0.270752
-0.277588
-0.114807
-0.313232
0.305420
-0.195435
0.241333
0.120361
-0.242676
0.185547
0.200317
-0.040710
0.173340
0.219360
-0.199707
-0.519531
-0.051239
0.044891
-0.038483
-0.050262
0.399414
-0.408691
0.111877
-0.096252
-0.127686
-0.266357
0.076538
-0.403809
0.280273
-0.063171
0.114136
-0.153687
0.143799
0.131226
0.153320
0.171875
0.154785
-0.453369
0.656250
0.503906
-0.057129
0.070740
-0.171753
-0.241455
0.058594
0.327148
0.057190
-0.021027
-0.122681
0.208740
0.391846
0.030273
0.329834
0.181030
0.012581
0.480713
-0.201660
-0.296631
0.258057
0.262207
0.148071
-0.049927
-0.050110
0.676270
0.690430
-0.015808
-0.143677
0.002586
-0.249634
1.152344
0.108032
0.123657
0.533203
-0.159058
-0.215454
0.433105
-0.109314
0.022949
0.563477
0.646973
0.093872
-0.225830
0.443848
-0.003397
0.320068
0.385742
-0.122131
-0.191162
0.108704
-0.228882
0.174805
0.487793
-0.447021
0.085632
-0.065186
0.445312
0.227051
-0.393799
0.171997
0.157471
-0.488525
-0.340088
0.349854
-0.527344
0.013847
-0.301270
-0.437012
-0.059235
0.324951
0.142822
-0.075195
0.138184
-0.253662
-0.231201
0.090515
0.193115
0.292725
-0.265869
-0.252441
-0.413330
-0.065613
-0.024216
-0.156006
0.023987
-0.160400
0.020050
0.046539
-0.285889
0.364990
-0.281006
-0.158447
-0.214355
0.221069
-0.124084
0.204712
0.301758
0.116516
-0.214111
0.007023
0.257080
-0.000464
0.463867
-0.179688
0.922363
0.425293
-0.039856
0.250977
-0.193481
-0.267578
0.052124
0.289795
-0.052582
-0.117493
0.101807
-0.159790
0.287598
0.083923
-0.062469
0.011246
-0.109314
-0.237183
-0.141479
-0.277588
0.380127
-0.100525
-0.034302
0.132935
0.056885
-0.065125
0.209717
0.327637
-0.294922
0.125366
0.271973
0.013275
0.017273
0.154053
-0.133423
0.001720
-0.089844
-0.359863
0.102356
0.076294
-0.282227
-0.028366
0.304688
0.006992
0.229004
0.334229
-0.025314
-0.064758
-0.003582
-0.222046
-0.380615
-0.182129
-0.412598
0.258301
-0.181885
0.204346
0.093201
-0.209106
0.184937
0.137939
-0.054016
0.146362
0.174561
-0.171753
-0.510742
-0.052917
0.140747
0.019821
-0.127563
0.260742
-0.400635
0.196533
-0.164795
-0.167480
-0.314697
0.105530
-0.369385
0.267578
0.037628
-0.085754
-0.219604
0.065796
0.094604
0.188843
0.238281
-0.054718
-0.326904
0.598145
0.386230
0.081482
0.057770
-0.182739
-0.237915
-0.021942
0.391602
0.104248
-0.076416
-0.138428
0.157471
0.450928
-0.034271
0.282471
0.287598
0.073059
0.466553
-0.162720
-0.327148
0.303223
0.344482
-0.001388
0.065125
-0.146484
0.621582
0.726562
0.055695
-0.023712
0.041840
-0.271973
0.697266
0.023697
0.210083
0.462646
0.011444
-0.276611
0.300293
-0.117981
0.088257
0.495117
1.632812
0.191162
-0.458740
0.404053
0.081543
0.273682
0.255371
-0.211792
-0.291504
-0.017899
-0.160278
0.126099
0.514648
-0.337646
0.113953
-0.172729
0.408203
0.094055
-0.313721
0.151733
-0.101135
-0.281494
-0.343018
0.203613
-0.154053
-0.030197
-0.175049
-0.313721
0.154907
0.369141
0.160156
-0.114197
0.260010
-0.231201
-0.200806
0.213745
0.122681
0.498047
-0.372559
-0.347412
-0.200928
0.030212
-0.039185
-0.316650
-0.015793
-0.198120
-0.019592
0.008972
-0.329346
0.229492
-0.175781
-0.042389
-0.157471
0.301025
-0.193237
0.152100
0.350586
0.252930
-0.234497
0.027725
0.242432
0.122864
0.317139
-0.219604
0.745117
0.334717
0.015656
0.202881
-0.226929
-0.084778
-0.065613
0.129395
-0.153687
-0.080933
0.023209
-0.172241
0.323486
0.077759
-0.035797
-0.038757
-0.141968
-0.262939
-0.193237
-0.213623
0.433105
0.029587
-0.035309
0.203003
0.114380
-0.070435
0.330078
0.333008
-0.284668
0.150879
0.217896
-0.033234
0.101807
0.173584
-0.097107
0.022308
-0.098877
-0.273193
0.055573
0.118958
-0.185913
-0.093750
0.290039
0.050171
0.136108
0.198486
-0.006077
0.054840
0.037201
-0.167358
-0.362793
-0.138550
-0.440918
0.209717
-0.165161
0.202393
0.007610
-0.173462
0.167725
0.017288
-0.096680
0.135376
0.134155
-0.142700
-0.500977
-0.033142
0.135132
0.055817
-0.101990
0.129883
-0.364014
0.184082
-0.201416
-0.198120
-0.312500
0.125977
-0.343018
0.263672
0.080566
-0.237061
-0.254639
0.071533
0.090454
0.279541
0.281982
-0.184326
-0.189087
0.576660
0.321045
0.152588
0.046722
-0.183716
-0.178223
0.003080
0.360596
0.100037
-0.095886
-0.076294
0.123413
0.432861
-0.135864
0.293213
0.339844
0.056641
0.364014
-0.108093
-0.258545
0.295410
0.368896
-0.064758
0.058655
-0.147095
0.469971
0.739746
0.055878
0.041138
0.020584
-0.293945
0.474365
-0.050995
0.223755
0.321289
0.147095
-0.323486
0.172119
-0.083130
0.104980
0.315674
1.852539
0.277100
-0.512207
0.331543
0.135986
0.273438
0.078186
-0.171021
-0.292969
0.011177
-0.115479
0.191772
0.479248
-0.229858
0.109314
-0.197388
0.395752
-0.059540
-0.220093
0.111328
-0.247070
-0.014290
-0.340088
0.150391
0.145874
-0.073608
-0.077576
-0.155884
0.299805
0.372314
0.138062
-0.059448
0.327393
-0.208984
-0.153442
0.287354
0.101990
0.626953
-0.344482
-0.398682
-0.030899
0.081238
-0.038971
-0.328125
-0.015587
-0.145020
-0.053528
0.028976
-0.342773
0.147583
-0.142700
0.012794
-0.106812
0.319092
-0.179199
0.104492
0.361328
0.299316
-0.242676
0.049133
0.207520
0.171509
0.196411
-0.187134
0.502930
0.264404
0.023865
0.087280
-0.212158
0.092896
-0.080872
-0.026016
-0.175415
-0.007652
-0.027405
-0.205566
0.373535
0.051422
-0.020889
-0.068115
-0.194092
-0.320312
-0.271729
-0.127197
0.497070
0.159912
-0.043365
0.269775
0.130005
-0.081482
0.515137
0.330322
-0.251709
0.179810
0.152344
-0.070862
0.186035
0.182861
-0.049744
0.045471
-0.126587
-0.235229
0.014183
0.149902
-0.080811
-0.120667
0.285645
0.093384
0.027908
0.045898
0.007919
0.130371
0.072205
-0.166382
-0.348389
-0.066101
-0.482910
0.144409
-0.127075
0.188232
-0.096252
-0.150757
0.141724
-0.112427
-0.167603
0.121582
0.080566
-0.088135
-0.464111
-0.008003
0.085754
0.088440
-0.086670
-0.014145
-0.308350
0.171631
-0.228638
-0.240112
-0.294189
0.147217
-0.295654
0.273193
0.101807
-0.430420
-0.273193
0.053528
0.112732
0.424805
0.317871
-0.290771
-0.047607
0.541992
0.279297
0.185669
0.043365
-0.163330
-0.124695
0.120361
0.307861
0.072510
-0.096497
-0.012871
0.135132
0.432129
-0.190552
0.341309
0.370850
0.016190
0.236938
-0.076050
-0.189575
0.301025
0.405029
-0.132568
0.042664
-0.123962
0.267578
0.642090
0.042175
0.102600
-0.039368
-0.331055
-0.084900
-0.138062
0.218506
0.155640
0.281738
-0.395996
0.064758
-0.026489
0.126709
0.095764
1.497070
0.402100
-0.495605
0.271729
0.195068
0.266602
-0.088684
-0.090515
-0.280762
0.048920
-0.087769
0.316895
0.413574
-0.160522
0.118530
-0.222778
0.334717
-0.220947
-0.115967
0.035736
-0.393066
0.237671
-0.346924
0.105164
0.359131
-0.087219
0.013809
0.006859
0.455322
0.278809
0.123474
0.008934
0.356934
-0.213501
-0.122131
0.323730
0.129639
0.664551
-0.275879
-0.485840
0.136108
0.108459
-0.058228
-0.313721
0.014877
-0.068604
-0.095581
0.063721
-0.322510
0.083191
-0.088135
0.012489
-0.043213
0.364990
-0.141479
0.024445
0.405029
0.350586
-0.231689
0.102417
0.143066
0.190918
0.126831
-0.142822
0.226318
0.208740
0.057373
-0.041962
-0.208130
0.258545
-0.076965
-0.136230
-0.162720
0.041931
-0.067261
-0.232056
0.446289
0.041107
0.011780
-0.070190
-0.311035
-0.453613
-0.387451
-0.029129
0.599609
0.330078
-0.042755
0.385254
0.185303
-0.085571
0.775391
0.344727
-0.228027
0.204956
0.061768
-0.137817
0.328369
0.218384
0.070312
0.071106
-0.184814
-0.161377
-0.048889
0.110596
0.065674
-0.188232
0.276123
0.094910
-0.166748
-0.193237
0.047272
0.227417
0.091919
-0.175659
-0.362305
0.003859
-0.581055
0.046143
-0.076111
0.135742
-0.238281
-0.116821
0.112732
-0.237183
-0.264404
0.110962
-0.003914
-0.024445
-0.395020
0.020950
0.081543
0.132446
-0.085388
-0.188110
-0.233765
0.196899
-0.268066
-0.243896
-0.311035
0.142944
-0.233032
0.296631
0.156616
-0.724121
-0.309570
-0.020203
0.140625
0.587402
0.344971
-0.469238
0.143677
0.459473
0.199463
0.256592
0.033203
-0.130127
-0.071533
0.220703
0.266602
0.062805
-0.124084
0.043243
0.158081
0.447754
-0.228882
0.404541
0.493652
-0.011192
0.099426
-0.028107
-0.106506
0.299072
0.468750
-0.308594
0.040863
-0.138794
-0.013748
0.533203
0.040741
0.208984
-0.091187
-0.403564
-1.022461
-0.258789
0.258301
-0.054565
0.463135
-0.498291
-0.161133
0.045013
0.171631
-0.203857
0.775879
0.585449
-0.524902
0.213257
0.304443
0.242065
-0.328857
-0.026688
-0.289307
0.058960
-0.025345
0.476074
0.324219
-0.061249
0.131714
-0.207886
0.237793
-0.430176
0.041168
-0.083374
-0.602539
0.525391
-0.374023
0.048737
0.715820
-0.122498
0.122070
0.196655
0.698242
0.151367
0.121887
0.092712
0.415771
-0.211060
-0.125488
0.430664
0.115967
0.878906
-0.261963
-0.608887
0.445557
0.165894
-0.088745
-0.320557
0.027023
0.015091
-0.142090
0.063721
-0.291992
-0.015587
0.021591
0.008011
0.047241
0.419922
-0.096008
-0.077637
0.483154
0.443848
-0.216797
0.214478
0.046692
0.245117
0.067078
-0.091797
-0.117310
0.198853
0.132690
-0.223145
-0.232422
0.476562
-0.119751
-0.248169
-0.161133
0.089478
-0.126465
-0.272461
0.440186
0.020126
0.084351
-0.101685
-0.395752
-0.493896
-0.461670
0.058990
0.674805
0.405762
-0.056671
0.418213
0.199585
-0.082031
0.953613
0.358643
-0.241455
0.208862
-0.010826
-0.173706
0.398682
0.213989
0.138916
0.087524
-0.228882
-0.101990
-0.107666
0.142334
0.091919
-0.263428
0.272705
0.140625
-0.309570
-0.378906
0.068420
0.274170
0.108093
-0.209595
-0.363281
0.030182
-0.635254
-0.017548
-0.044128
0.075256
-0.315186
-0.113647
0.049225
-0.339600
-0.359131
0.065125
-0.101074
0.082214
-0.335693
0.014305
0.049500
0.114258
-0.119629
-0.314697
-0.222046
0.190674
-0.289307
-0.211060
-0.342041
0.178711
-0.142212
0.322510
0.190796
-0.936035
-0.334229
-0.049469
0.153076
0.760742
0.369629
-0.581055
0.267822
0.406738
0.143677
0.308594
0.057922
-0.064026
-0.015282
0.294922
0.212769
0.014664
-0.092041
0.111023
0.202148
0.353271
-0.291504
0.420410
0.441895
-0.007446
-0.063293
0.006256
-0.055817
0.316650
0.517090
-0.356689
0.045044
-0.079773
-0.291992
0.245117
0.050262
0.268066
-0.129028
-0.404785
-1.730469
-0.338623
0.242676
-0.295166
0.554199
-0.558594
-0.307617
0.078125
0.160522
-0.368164
-0.443115
0.697754
-0.473145
0.146973
0.359131
0.197754
-0.469727
0.049133
-0.302002
-0.005074
0.006561
0.539062
0.158691
0.014877
0.176514
-0.213623
0.054565
-0.575684
0.124573
-0.183960
-0.773926
0.650879
-0.392578
-0.040436
0.854980
-0.164062
0.281250
0.344971
0.903320
-0.034119
0.122192
0.142822
0.401855
-0.202026
-0.141113
0.539551
0.150513
1.049805
-0.181396
-0.699219
0.601074
0.238770
-0.114075
-0.314453
0.002520
0.090637
-0.141113
0.032990
-0.215942
-0.148926
0.085876
0.066528
0.125488
0.496338
-0.019821
-0.186157
0.517578
0.495605
-0.250977
0.285156
-0.103271
0.236694
0.027679
0.007092
-0.433594
0.161865
0.165283
-0.351074
-0.204224
0.607910
-0.111084
-0.352783
-0.105835
0.120239
-0.175049
-0.336426
0.367188
-0.014709
0.127686
-0.177124
-0.313232
-0.315430
-0.434814
0.101562
0.617676
0.331543
-0.086609
0.313477
0.125244
-0.077820
0.846680
0.339111
-0.265381
0.157959
-0.005974
-0.123352
0.315186
0.136475
0.026886
0.097839
-0.203125
-0.123718
-0.091797
0.330811
-0.020477
-0.241699
0.288330
0.259766
-0.226196
-0.307861
0.044128
0.232666
0.161743
-0.209839
-0.284668
0.047028
-0.536133
-0.000840
-0.066772
0.093872
-0.289062
-0.138916
-0.007671
-0.420410
-0.372070
0.017365
-0.139282
0.151367
-0.360352
0.005558
-0.045776
0.018967
-0.109192
-0.331055
-0.296387
0.086304
-0.295166
-0.225952
-0.292725
0.280518
-0.098816
0.326172
0.131226
-0.853516
-0.303467
0.076111
0.149536
0.880859
0.383789
-0.490234
0.253906
0.466797
0.187622
0.255371
0.125732
-0.031067
0.047852
0.336670
0.141479
-0.076904
0.011383
0.200806
0.255127
0.204224
-0.399902
0.377686
0.164673
-0.019669
-0.153320
0.000788
-0.062927
0.349121
0.480469
-0.155151
0.003839
0.079346
-0.358643
0.014191
0.037018
0.208374
-0.166870
-0.334229
-1.389648
-0.325684
0.123901
-0.406494
0.483643
-0.520508
-0.184937
0.057953
0.082947
-0.280029
-1.380859
0.638184
-0.300049
0.091003
0.300537
0.190674
-0.383545
0.148315
-0.260986
-0.005871
-0.061615
0.503418
0.031281
0.017029
0.219116
-0.299561
-0.030899
-0.567383
0.047485
-0.184692
-0.750000
0.655273
-0.362549
-0.099060
0.609375
-0.153687
0.401611
0.387207
0.896973
-0.106506
0.088684
0.161621
0.321777
-0.190552
-0.111023
0.501465
0.269775
0.795898
0.006981
-0.656738
0.410889
0.252441
-0.109253
-0.239502
-0.014572
0.148315
-0.117126
0.059418
-0.170044
-0.182251
0.000659
0.149292
0.131714
0.516602
0.037903
-0.232666
0.446533
0.438721
-0.302979
0.246338
-0.161011
0.142944
-0.002241
0.109070
-0.493408
0.042603
0.081665
-0.362305
-0.104065
0.589844
0.013046
-0.426758
-0.054901
0.148804
-0.182007
-0.386230
0.281006
-0.036194
0.098450
-0.210571
-0.126831
-0.058411
-0.334473
0.070007
0.456055
0.128540
-0.113831
0.114014
-0.003378
-0.073547
0.516602
0.303711
-0.276367
0.083679
0.080139
-0.006222
0.129150
0.034943
-0.185669
0.083069
-0.147583
-0.245728
-0.003296
0.506348
-0.196655
-0.121887
0.319580
0.338379
0.036316
0.001718
-0.008080
0.084534
0.199219
-0.199097
-0.190796
0.057831
-0.367188
0.071045
-0.110901
0.167236
-0.177734
-0.179077
-0.021378
-0.394775
-0.296631
0.008385
-0.084412
0.137939
-0.442627
0.003860
-0.134399
-0.110962
-0.064392
-0.205200
-0.402588
-0.051849
-0.283447
-0.266846
-0.178589
0.364746
-0.129639
0.306396
0.019577
-0.524414
-0.228394
0.250488
0.157227
0.851562
0.350586
-0.234497
0.075439
0.589355
0.321045
0.108582
0.194824
-0.042145
0.071106
0.333740
0.098633
-0.148682
0.127563
0.239014
0.302734
0.133423
-0.402100
0.320312
-0.136230
-0.048157
-0.059448
-0.048584
-0.125122
0.371338
0.389648
0.095764
-0.050262
0.210205
-0.166626
0.068909
0.014511
0.059326
-0.165894
-0.240723
-0.229492
-0.246338
0.011116
-0.242798
0.262207
-0.413818
0.098877
-0.010216
-0.013420
0.017258
-2.175781
0.445312
-0.089111
0.099426
0.179077
0.209106
-0.098022
0.195312
-0.196045
0.056885
-0.189453
0.397461
0.025620
-0.066040
0.242554
-0.358887
0.058228
-0.378174
-0.161133
-0.095337
-0.507812
0.510254
-0.312256
-0.072876
0.132324
-0.075989
0.390625
0.250488
0.657227
0.013680
0.042633
0.127075
0.247314
-0.187378
-0.101013
0.366211
0.378174
0.268799
0.127808
-0.500488
0.012047
0.212769
-0.078369
-0.109558
-0.038300
0.151489
-0.076050
0.082947
-0.179810
-0.077515
-0.169434
0.175171
0.055542
0.456787
0.044495
-0.151001
0.327148
0.310303
-0.340332
0.179199
-0.080444
0.015396
0.063293
0.151001
-0.155273
-0.028107
-0.052734
-0.265381
-0.004883
0.394043
0.138550
-0.336914
-0.059113
0.134033
-0.149536
-0.376953
0.337891
-0.022995
0.015930
-0.176880
-0.086548
-0.041687
-0.324707
0.041534
0.433105
0.123718
-0.124695
0.056305
-0.040924
-0.079041
0.457275
0.308838
-0.250000
0.090027
0.115479
-0.002710
0.123596
0.048157
-0.219482
0.079651
-0.168945
-0.332031
0.060303
0.526855
-0.163574
-0.075623
0.340332
0.293945
0.095642
0.092102
-0.003036
0.047577
0.213501
-0.198853
-0.219116
0.074341
-0.375244
0.062927
-0.098450
0.206177
-0.162476
-0.167480
0.008156
-0.375488
-0.241333
0.029083
-0.044769
0.084900
-0.475098
0.023483
-0.098389
-0.131226
-0.052246
-0.186890
-0.411133
-0.060303
-0.306152
-0.340576
-0.115845
0.377441
-0.151978
0.296875
0.005875
-0.465088
-0.198242
0.255615
0.169556
0.812500
0.337891
-0.167480
0.036285
0.594238
0.365967
0.065552
0.212158
-0.057373
0.066956
0.383057
0.119629
-0.128784
0.114075
0.228149
0.326660
0.272217
-0.354004
0.333252
-0.123352
-0.072998
0.082031
-0.088745
-0.181274
0.390381
0.395752
0.034790
-0.028519
0.164917
-0.002632
0.324951
0.018234
0.038879
-0.156738
-0.282471
0.081726
-0.272705
0.040070
-0.035126
0.254883
-0.411621
0.240723
-0.022385
0.019012
0.100098
-1.166992
0.424561
-0.095947
0.136475
0.192749
0.226318
0.008469
0.151489
-0.196899
0.109558
-0.253418
0.427002
0.162964
-0.119812
0.242065
-0.417969
0.193115
-0.322510
-0.239136
-0.072693
-0.462646
0.570312
-0.318115
-0.055756
0.044403
-0.008583
0.359375
0.193848
0.612793
0.160522
0.032593
0.103027
0.324951
-0.197144
-0.099243
0.318604
0.383301
-0.026733
0.060547
-0.478027
-0.048065
0.200317
-0.082703
-0.088562
-0.027603
0.126099
-0.111328
0.099915
-0.274414
0.010193
-0.179810
0.117249
0.035889
0.427490
-0.045074
-0.065247
0.336182
0.328369
-0.318848
0.225708
0.047211
0.029587
0.105164
0.089294
0.099060
-0.032928
-0.056641
-0.252197
-0.027832
0.364746
0.115784
-0.257324
-0.158813
0.109009
-0.169434
-0.294434
0.411865
0.041840
-0.082275
-0.090820
-0.133301
-0.170654
-0.305176
-0.049500
0.491211
0.163452
-0.123962
0.051575
-0.002691
-0.067566
0.509766
0.352783
-0.238892
0.184082
0.143311
-0.081299
0.186890
0.134766
-0.149658
0.055573
-0.227905
-0.359131
0.086609
0.406494
-0.068237
-0.142822
0.354736
0.145020
0.060822
0.078247
0.013802
0.077332
0.151611
-0.199219
-0.368164
0.001873
-0.494385
0.053040
-0.077759
0.194702
-0.112793
-0.140747
0.067627
-0.251709
-0.178467
0.064636
0.014427
0.006767
-0.480713
0.011765
0.060547
-0.075745
-0.119385
-0.160278
-0.376221
0.057373
-0.334717
-0.385986
-0.128662
0.319824
-0.181030
0.272949
0.091797
-0.477539
-0.225342
0.115417
0.163696
0.634766
0.338379
-0.220947
-0.016266
0.538574
0.340088
0.118774
0.171875
-0.089478
-0.011963
0.312256
0.237915
-0.025192
0.024826
0.097229
0.265625
0.510742
-0.209351
0.317627
0.077820
-0.019623
0.312500
-0.111816
-0.266846
0.410400
0.455322
-0.177002
0.092041
-0.039185
0.242676
0.645996
0.084778
0.079529
-0.072998
-0.346191
-0.048553
-0.310303
0.180176
0.249634
0.293213
-0.432861
0.237427
-0.063965
0.098938
0.201294
1.331055
0.435547
-0.357422
0.205444
0.251465
0.205933
0.064453
-0.007866
-0.291992
0.042816
-0.256836
0.364990
0.387207
-0.144409
0.239014
-0.418457
0.325439
-0.274170
-0.255127
-0.037140
-0.492188
0.539062
-0.331543
-0.064819
0.198242
0.024796
0.279053
0.092346
0.605957
0.366211
0.070190
-0.006420
0.467041
-0.204590
-0.147461
0.315918
0.288086
-0.011581
-0.205811
-0.506348
0.032043
0.214111
-0.097473
-0.218018
-0.049957
0.009628
-0.135864
0.049866
-0.389893
0.046753
-0.104248
0.072510
0.001352
0.428223
-0.193848
0.002995
0.403320
0.422607
-0.294434
0.273193
0.195801
0.140991
0.153687
-0.065125
0.377686
0.027481
0.005032
-0.172607
-0.120911
0.340332
-0.058044
-0.154541
-0.297852
0.047058
-0.199341
-0.209106
0.472412
0.139893
-0.182007
0.067261
-0.216064
-0.354004
-0.303955
-0.174316
0.551270
0.111755
-0.118835
0.051544
0.060608
-0.042908
0.518555
0.415527
-0.259766
0.225464
0.183838
-0.150635
0.240723
0.227661
-0.029083
0.029663
-0.318115
-0.398926
0.113403
0.193848
0.006058
-0.205688
0.373535
-0.091736
-0.012642
0.102905
0.045013
0.059448
0.040344
-0.250488
-0.573242
-0.132446
-0.627441
0.046600
-0.075439
0.122681
-0.012222
-0.138794
0.132935
-0.016953
-0.108337
0.107910
0.062286
-0.062988
-0.449463
0.003321
0.262939
-0.043945
-0.260742
-0.065186
-0.373779
0.234863
-0.364990
-0.372314
-0.182495
0.226440
-0.256348
0.261963
0.152344
-0.480713
-0.235229
-0.075195
0.159058
0.419189
0.296387
-0.266113
-0.128418
0.453369
0.326904
0.154053
0.144775
-0.136108
-0.167114
0.133301
0.405762
0.107971
-0.041931
-0.104492
0.269043
0.795410
0.056213
0.288330
0.359863
0.069763
0.628906
-0.158447
-0.411621
0.425049
0.530273
-0.412842
0.256104
-0.300049
0.557129
0.931641
0.173096
0.131958
0.050751
-0.394531
-0.350098
-0.280762
0.376709
0.582031
0.286133
-0.439941
0.204712
-0.122742
0.202759
0.387451
1.669922
0.418701
-0.720215
0.342285
0.301758
0.173218
0.163818
-0.267822
-0.430420
-0.120972
-0.216064
0.221680
0.622559
-0.223389
0.224487
-0.397949
0.432861
-0.138428
-0.265625
0.026428
-0.474609
0.269287
-0.359863
-0.043793
0.303467
0.040436
0.097168
-0.126953
0.537109
0.536133
0.154419
-0.166992
0.562012
-0.221680
-0.242554
0.331299
0.133789
0.192749
-0.571289
-0.533691
0.116638
0.210327
-0.113708
-0.430908
-0.084778
-0.176880
-0.134155
-0.053131
-0.468262
0.100037
0.008545
-0.000487
-0.053131
0.440918
-0.348145
0.102966
0.498047
0.525391
-0.253906
0.294678
0.341797
0.270020
0.259521
-0.283203
0.743164
0.182373
0.111877
0.005692
-0.262451
0.218872
-0.282471
0.035919
-0.416748
-0.073730
-0.185547
-0.163086
0.468750
0.193604
-0.210205
0.164307
-0.261230
-0.437988
-0.298828
-0.267578
0.564453
0.014862
-0.107117
0.043549
0.106323
-0.026947
0.458984
0.454590
-0.302979
0.201904
0.216919
-0.163330
0.240234
0.264404
0.041168
0.010773
-0.364014
-0.420898
0.128784
0.051056
-0.013718
-0.227661
0.376709
-0.235962
-0.044739
0.155518
0.058716
0.013924
-0.034454
-0.292236
-0.686523
-0.242310
-0.677246
0.060791
-0.093628
0.063416
0.076965
-0.157349
0.163086
0.165039
-0.061462
0.127686
0.085938
-0.096130
-0.423584
-0.015366
0.375488
-0.057648
-0.362549
0.045746
-0.410156
0.338623
-0.365967
-0.312988
-0.249390
0.164307
-0.314941
0.265381
0.164185
-0.442139
-0.230347
-0.172485
0.150635
0.285645
0.251709
-0.261719
-0.232788
0.412842
0.332031
0.163208
0.137085
-0.162231
-0.278564
-0.028885
0.515137
0.184448
-0.062408
-0.234619
0.298828
0.906250
0.218384
0.257812
0.497314
0.140747
0.815918
-0.191895
-0.515625
0.432373
0.558105
-0.502441
0.343018
-0.442139
0.748047
1.041016
0.227295
0.153198
0.134399
-0.398682
-0.437256
-0.214233
0.484375
0.753906
0.231323
-0.415283
0.176392
-0.170410
0.254639
0.550293
0.607910
0.371826
-0.932617
0.448730
0.304443
0.153076
0.251953
-0.447754
-0.508789
-0.253174
-0.172485
0.093262
0.717285
-0.290039
0.210571
-0.372803
0.464600
-0.010178
-0.292236
0.084351
-0.434570
-0.017868
-0.379395
-0.011002
0.286621
0.034363
-0.040771
-0.303711
0.464844
0.589355
0.221558
-0.270752
0.563477
-0.228516
-0.316895
0.345215
0.032013
0.404541
-0.778320
-0.524902
0.135498
0.196655
-0.116394
-0.564941
-0.120300
-0.312012
-0.111389
-0.126465
-0.473145
0.134888
0.063660
-0.028763
-0.104980
0.444336
-0.414551
0.172119
0.536133
0.562988
-0.236938
0.277100
0.401123
0.330811
0.344971
-0.405518
0.972656
0.302490
0.169556
0.155762
-0.349609
0.094116
-0.397217
0.169678
-0.459717
-0.157959
-0.145020
-0.162598
0.376465
0.147583
-0.128662
0.087158
-0.219482
-0.349854
-0.249878
-0.261963
0.520996
-0.017609
-0.090942
0.053284
0.092346
-0.043060
0.411865
0.418701
-0.316650
0.183350
0.214600
-0.117249
0.166748
0.225342
-0.009766
0.003218
-0.282471
-0.374512
0.098694
0.100037
-0.118774
-0.199097
0.346680
-0.125000
0.009705
0.161987
0.023148
0.009720
-0.017548
-0.266113
-0.590332
-0.247070
-0.588867
0.123840
-0.118896
0.091248
0.095215
-0.182129
0.143311
0.134644
-0.071167
0.098083
0.088501
-0.083984
-0.435059
-0.051361
0.285400
-0.047180
-0.319092
0.079346
-0.417236
0.287842
-0.296631
-0.260498
-0.295654
0.171265
-0.295898
0.265137
0.132324
-0.365723
-0.235596
-0.091675
0.114258
0.286133
0.260986
-0.231079
-0.243530
0.462891
0.325684
0.165649
0.117004
-0.151978
-0.257568
-0.025726
0.466553
0.141602
-0.049408
-0.195923
0.255127
0.700195
0.093201
0.241577
0.355713
0.141602
0.656738
-0.175781
-0.462402
0.406494
0.501465
-0.307861
0.259521
-0.313721
0.646484
0.812012
0.188721
0.118774
0.107971
-0.352051
-0.215210
-0.146118
0.390137
0.576660
0.172607
-0.363037
0.191040
-0.162354
0.193481
0.547363
0.707520
0.327393
-0.797852
0.417480
0.238159
0.181396
0.244629
-0.361816
-0.450928
-0.225220
-0.166138
0.090698
0.579590
-0.285156
0.192993
-0.342041
0.377441
-0.007309
-0.303955
0.091797
-0.400391
-0.085693
-0.369385
0.010757
0.140991
-0.010414
-0.010101
-0.266113
0.445312
0.456299
0.212646
-0.219604
0.448486
-0.210815
-0.287598
0.322754
0.100647
0.466797
-0.606445
-0.477783
0.042938
0.180786
-0.097778
-0.498779
-0.107788
-0.267334
-0.081909
-0.089478
-0.398193
0.115540
-0.007450
0.025787
-0.116089
0.417236
-0.321289
0.107300
0.461426
0.478027
-0.261719
0.194092
0.307861
0.260254
0.318848
-0.304443
0.814453
0.271240
0.108582
0.162231
-0.296875
0.075684
-0.267822
0.102234
-0.345459
-0.114746
-0.101624
-0.166748
0.208496
0.045959
0.031616
-0.096863
-0.128906
-0.180908
-0.138794
-0.211548
0.442139
-0.010490
-0.060516
0.104736
0.048889
-0.069763
0.370850
0.322998
-0.314941
0.194702
0.199707
-0.035065
0.039337
0.144897
-0.122925
-0.002604
-0.094910
-0.260498
0.031677
0.219360
-0.296875
-0.154785
0.287598
0.140137
0.132935
0.137939
-0.048889
0.030045
0.026215
-0.203979
-0.360352
-0.203003
-0.424805
0.239258
-0.155273
0.178833
0.080566
-0.209473
0.108337
0.005482
-0.120605
0.050934
0.098328
-0.064819
-0.476807
-0.109680
0.084839
0.020035
-0.169067
0.112488
-0.387451
0.168823
-0.159180
-0.176758
-0.355469
0.186646
-0.234619
0.258545
0.097046
-0.227417
-0.267822
0.074463
0.055542
0.306641
0.309814
-0.181641
-0.228027
0.576172
0.296387
0.172852
0.058350
-0.122375
-0.168091
0.039154
0.333740
0.040039
-0.047638
-0.079407
0.108887
0.266113
-0.200928
0.227051
0.078369
0.113037
0.257080
-0.115417
-0.285645
0.349365
0.381836
0.062561
0.070557
-0.030670
0.371094
0.396729
0.089966
0.029297
0.021896
-0.232788
0.273438
-0.064026
0.152710
0.190674
0.078613
-0.298584
0.215454
-0.129395
0.041901
0.434570
2.378906
0.264648
-0.420166
0.299316
0.112488
0.225830
0.163940
-0.114685
-0.311523
-0.105652
-0.170166
0.132202
0.312500
-0.230713
0.175781
-0.243774
0.206787
-0.067993
-0.293213
0.073669
-0.332520
-0.096069
-0.337646
0.047577
-0.067200
-0.080017
0.096985
-0.119019
0.414551
0.223267
0.152344
-0.088379
0.253174
-0.188232
-0.195190
0.288574
0.234375
0.527832
-0.220947
-0.404785
-0.134521
0.142822
-0.057190
-0.317383
-0.072937
-0.122925
-0.020264
-0.003317
-0.266602
0.047394
-0.166016
0.132935
-0.097412
0.371826
-0.121765
-0.006554
0.321533
0.300049
-0.319092
0.049622
0.095642
0.102905
0.222046
-0.065308
0.416992
0.182495
-0.020859
0.091492
-0.152344
0.079712
-0.007866
-0.078613
-0.105652
-0.007061
-0.049225
-0.216919
0.037659
-0.049255
0.215088
-0.283447
-0.030746
0.026123
-0.064575
-0.110535
0.349121
-0.025070
-0.036255
0.143799
0.011215
-0.078796
0.287109
0.239380
-0.323242
0.158325
0.174316
0.066162
-0.088562
0.035370
-0.251953
0.002811
0.073120
-0.136963
-0.044159
0.363525
-0.482666
-0.111450
0.238281
0.409424
0.255127
0.128296
-0.101990
0.037750
0.083557
-0.136108
-0.097717
-0.113586
-0.246704
0.320557
-0.197510
0.248779
0.029816
-0.225952
0.051117
-0.157471
-0.201172
0.014488
0.076233
-0.011070
-0.516602
-0.146484
-0.130737
0.028839
0.000396
0.126221
-0.381836
0.003437
-0.058289
-0.080322
-0.371094
0.218872
-0.174805
0.262695
0.048706
-0.105164
-0.292969
0.277344
0.029877
0.405273
0.347168
-0.126465
-0.187622
0.698730
0.284668
0.166504
0.037750
-0.082947
-0.036530
0.080627
0.160889
-0.087097
0.011650
0.091858
0.005299
-0.193726
-0.495605
0.213623
-0.207886
0.067139
-0.156982
-0.021820
-0.075806
0.278564
0.251709
0.428955
-0.138794
0.270020
0.031174
-0.044525
-0.016617
-0.076355
-0.077332
-0.101929
0.767090
0.001346
-0.096191
-0.230591
-0.018890
-0.241333
0.171631
-0.089478
-0.135620
0.278320
2.666016
0.202026
-0.030945
0.148071
-0.011131
0.265869
0.040924
0.182495
-0.153564
0.041138
-0.168213
0.178589
0.000357
-0.137573
0.168091
-0.137939
0.034241
-0.155640
-0.245728
0.042786
-0.221558
-0.063416
-0.287598
0.076294
-0.205566
-0.156006
0.217163
0.040588
0.345703
0.001543
0.071289
0.064087
0.054565
-0.156982
-0.112610
0.264893
0.358643
0.598145
0.181030
-0.320801
-0.303467
0.109436
-0.012177
-0.100830
-0.054810
0.062622
0.058289
0.068359
-0.114502
-0.038788
-0.338867
0.234497
-0.071594
0.326172
0.117004
-0.139526
0.177979
0.108398
-0.386475
-0.075623
-0.129761
-0.072449
0.123840
0.197266
-0.021194
0.087097
-0.166138
-0.016495
0.033630
0.096924
0.250244
-0.268066
0.147827
0.116028
-0.004250
-0.308594
-0.036285
-0.090698
0.280273
-0.286133
0.008629
0.106628
-0.086426
-0.041382
0.275146
-0.146973
-0.042328
0.114502
-0.030563
-0.054352
0.159180
0.216187
-0.336182
0.038940
0.155762
0.173218
-0.168701
-0.059570
-0.300537
0.001451
0.107910
-0.148804
-0.067993
0.359619
-0.576660
-0.014137
0.235718
0.461914
0.328125
0.217529
-0.112000
-0.088257
0.077454
-0.156616
0.027283
-0.024628
-0.139893
0.313721
-0.208374
0.217163
-0.009865
-0.248901
0.001516
-0.168213
-0.252197
0.016037
0.035645
0.054077
-0.485840
-0.112610
-0.257812
-0.062927
0.068909
0.160400
-0.395752
-0.101501
-0.037750
0.012749
-0.325684
0.219604
-0.181274
0.289307
-0.037842
-0.029984
-0.254883
0.360107
0.089050
0.507324
0.289551
-0.014267
-0.214722
0.738770
0.351807
0.058685
0.069702
-0.049927
-0.001620
0.096924
0.068115
-0.170044
0.120789
0.160767
0.083557
-0.353760
-0.465576
0.238892
-0.311768
0.020340
-0.274414
-0.010101
0.017197
0.223633
0.172119
0.555176
-0.243896
0.393555
-0.153198
-0.304199
-0.077332
-0.158203
-0.128540
-0.038696
0.874512
0.066589
-0.165405
-0.382324
-0.148071
-0.199951
0.072083
-0.068054
-0.220459
0.207031
-1.259766
0.151367
0.189819
0.107910
-0.078857
0.259277
0.044434
0.302246
-0.056976
0.107056
-0.132202
0.179565
-0.203613
-0.119812
0.165161
0.003866
-0.064087
-0.103027
-0.230225
0.018982
-0.055450
-0.168213
-0.250732
0.157227
-0.329102
-0.168945
0.172852
0.026688
0.208252
-0.154175
0.035522
0.139893
-0.101135
-0.158203
-0.138428
0.228027
0.393555
0.665527
0.329346
-0.248047
-0.385010
0.075989
0.010139
0.071899
-0.049286
0.141235
0.126709
0.051361
0.050079
-0.013016
-0.404297
0.207153
-0.089111
0.291016
0.281982
-0.148438
0.117615
-0.029068
-0.378418
-0.071289
-0.246704
-0.195923
0.199829
0.326416
-0.132324
0.132935
-0.209839
-0.048157
0.098999
0.002388
0.345947
-0.209473
0.262695
0.123230
0.055206
-0.344971
-0.015625
-0.050507
0.265625
-0.196411
-0.065796
0.013519
-0.142334
-0.045715
0.299805
-0.204102
-0.047333
0.112915
-0.003086
-0.005516
0.158081
0.241577
-0.374756
-0.017792
0.152710
0.160278
-0.125732
-0.058105
-0.230103
0.002586
0.040710
-0.165894
-0.069275
0.252441
-0.547363
-0.042664
0.261475
0.342773
0.260742
0.217285
-0.075317
-0.153931
0.025772
-0.216064
-0.046875
-0.049133
-0.196411
0.267578
-0.198853
0.135986
-0.025116
-0.250488
-0.003859
-0.083252
-0.272705
0.035522
-0.006378
0.080383
-0.445312
-0.079163
-0.191040
-0.113159
0.006725
0.173218
-0.410645
-0.044189
-0.084656
0.079590
-0.325195
0.188354
-0.199219
0.314453
-0.030807
-0.090759
-0.250977
0.279785
0.136597
0.530762
0.236572
-0.016098
-0.231323
0.688965
0.362061
0.027512
0.103149
-0.029617
-0.048157
0.019745
0.117432
-0.147583
0.136475
0.116028
0.176636
-0.264404
-0.291992
0.241211
-0.189575
0.044861
-0.196167
-0.027939
-0.016022
0.228027
0.207642
0.426270
-0.175049
0.311768
-0.162231
-0.347900
-0.049103
-0.151123
-0.103027
-0.021545
0.451172
0.059296
-0.093323
-0.320068
-0.163330
-0.231079
-0.045227
-0.073975
-0.203735
0.199951
-3.732422
0.169312
0.115479
0.127808
-0.053894
0.203369
0.054413
0.239136
-0.098511
0.016281
-0.078552
0.109253
-0.200195
-0.117554
0.190674
0.055389
-0.118652
-0.054077
-0.181641
-0.001423
-0.017639
-0.294189
-0.247070
0.147827
-0.247681
-0.157715
0.108521
-0.045380
0.152832
-0.174927
0.050476
0.097351
-0.108215
-0.182007
-0.198730
0.243408
0.310547
0.785645
0.200928
-0.282715
-0.314697
0.080078
-0.001763
0.032288
-0.072021
0.102295
0.162354
-0.039734
0.093994
-0.024185
-0.325684
0.158813
-0.074829
0.333252
0.276855
-0.109924
0.180298
0.004017
-0.356201
-0.008804
-0.264160
-0.180054
0.274902
0.266113
-0.083252
0.215088
-0.137817
-0.024521
0.067200
-0.062866
0.236572
-0.096680
0.238403
0.056030
0.054535
-0.353271
0.025238
-0.042572
0.256348
-0.188843
-0.118652
-0.068787
-0.166870
-0.030457
0.341064
-0.140747
-0.039612
0.187500
0.022873
0.019470
0.245728
0.219604
-0.379883
-0.008842
0.133423
0.117859
-0.059875
-0.035583
-0.187622
0.023163
0.043793
-0.123962
-0.094482
0.219971
-0.464844
-0.075745
0.262695
0.329102
0.202026
0.142212
-0.059296
-0.112793
0.024048
-0.212402
-0.069336
-0.046753
-0.229492
0.255371
-0.189819
0.126343
-0.081238
-0.233765
0.010788
-0.110291
-0.297119
0.049011
-0.029144
0.079102
-0.441895
-0.034241
-0.176147
-0.050537
0.013084
0.121948
-0.372070
0.001456
-0.108704
0.087402
-0.329590
0.173462
-0.205444
0.318604
-0.001186
-0.173096
-0.277588
0.236694
0.149170
0.565430
0.250977
-0.063293
-0.162964
0.668945
0.321533
0.033081
0.086548
-0.017929
-0.056854
0.009636
0.143433
-0.131958
0.084900
0.115112
0.166992
-0.237305
-0.284424
0.255371
-0.083069
0.042328
-0.274170
-0.033081
0.017838
0.227417
0.228882
0.365234
-0.136963
0.272217
-0.212646
-0.364746
-0.050446
-0.127319
-0.118652
-0.006508
0.196899
0.038025
-0.084656
-0.356689
-0.090759
-0.281006
-0.101074
-0.044922
-0.178711
0.074585
-3.359375
0.216797
0.104248
0.088745
-0.040009
0.176025
-0.032379
0.236084
-0.110413
0.000810
-0.014931
0.099060
-0.159668
-0.075806
0.199707
0.056641
-0.147461
-0.103577
-0.092102
-0.021469
-0.059326
-0.229492
-0.234253
0.125122
-0.082214
-0.157593
0.087952
0.011520
0.154297
-0.191650
0.032867
0.099548
-0.091309
-0.218262
-0.147583
0.238037
0.241211
0.860352
0.177490
-0.343506
-0.242676
0.063782
-0.002474
-0.006638
-0.032806
0.093323
0.155884
-0.044189
0.093689
-0.060059
-0.268066
0.145264
-0.029312
0.378418
0.258545
-0.086914
0.226929
0.032166
-0.322510
-0.019211
-0.290527
-0.148560
0.200562
0.218506
-0.221924
0.196777
-0.084961
-0.044403
0.057343
-0.021469
0.180420
-0.129395
0.223022
0.048950
0.041443
-0.282471
-0.111816
-0.125366
0.437256
-0.338135
-0.174072
-0.093018
-0.077332
-0.005665
0.376953
-0.014893
0.024246
0.360840
0.061401
-0.007614
0.425049
0.145020
-0.384521
0.084229
0.085754
0.112244
-0.082153
-0.029236
-0.144043
0.013351
0.209106
0.068359
-0.212891
0.170044
-0.571777
-0.125977
0.181396
0.513672
0.165161
-0.096985
-0.100830
-0.020035
0.010201
-0.181030
0.067749
-0.058777
-0.197876
0.352539
-0.195312
0.173096
-0.131226
-0.240356
0.003256
-0.195068
-0.370117
0.005085
-0.031311
0.072083
-0.436035
-0.124451
-0.280518
0.127563
0.111938
0.128296
-0.266113
0.019272
0.056427
0.243774
-0.510742
0.108521
-0.099670
0.324951
0.059570
-0.213623
-0.372803
0.248291
0.062744
0.522949
0.307129
-0.171021
-0.075745
0.696777
0.191284
0.151245
-0.030350
0.038483
-0.010460
0.057373
0.072693
-0.161011
-0.032776
0.160889
-0.041504
-0.645020
-0.553711
0.263428
-0.155151
0.069397
-0.717773
0.046387
0.212158
0.161011
0.170288
0.567383
-0.270020
0.455078
-0.544434
-0.817871
-0.130005
-0.133667
-0.182007
0.045227
-0.045624
0.085938
-0.245483
-0.793945
-0.080200
-0.274902
-0.217529
0.018173
-0.267090
-0.154541
0.376709
0.255859
0.349609
-0.000903
-0.100281
0.207031
-0.227295
0.425293
-0.028397
0.047729
0.045044
0.178589
-0.399170
-0.012550
0.175049
0.201416
-0.382080
-0.229614
0.022644
-0.090027
-0.118591
-0.255859
-0.245117
0.148560
-0.080017
-0.268555
0.177979
0.188965
0.250488
-0.510254
0.015167
0.226807
-0.249512
-0.201904
-0.086914
0.297363
0.310791
1.243164
0.452637
-0.364258
-0.202881
0.044678
0.016708
0.082153
0.008667
0.208984
0.206543
0.004196
0.220215
-0.181641
-0.313721
0.219238
0.027191
0.367676
0.435059
-0.262939
0.168823
-0.059570
-0.360352
-0.112122
-0.540527
-0.230347
0.107727
0.422607
-0.738770
0.184570
-0.122070
-0.136841
0.125977
0.049408
0.352783
-0.307373
0.460693
0.134155
0.082214
-0.272461
-0.172485
-0.184937
0.418457
-0.419434
-0.037842
0.050568
0.004456
0.026138
0.304443
0.005524
-0.003820
0.277100
-0.034454
-0.054474
0.394287
0.101257
-0.299316
0.172729
0.074219
0.147461
-0.182861
-0.076233
-0.271240
-0.018021
0.284668
0.041931
-0.205811
0.320557
-0.598633
-0.061768
0.164185
0.651855
0.306396
-0.040741
-0.173218
-0.005848
0.050629
-0.125122
0.186401
0.007168
-0.079346
0.381348
-0.185913
0.247681
-0.094177
-0.243286
-0.023087
-0.283691
-0.349609
-0.026047
0.015038
0.079346
-0.446045
-0.158813
-0.427490
0.147217
0.183594
0.080017
-0.203857
-0.095825
0.108826
0.136719
-0.419189
0.153442
-0.048096
0.271729
0.020401
-0.078064
-0.348877
0.345703
0.047913
0.480469
0.341797
-0.112061
-0.100647
0.748047
0.215454
0.116516
-0.063171
0.026581
0.042542
0.210815
-0.037811
-0.233032
0.023666
0.200317
-0.144531
-0.720215
-0.628418
0.251709
-0.377441
0.015472
-0.773438
0.059875
0.266357
0.160522
0.104858
0.763184
-0.363525
0.569336
-0.502930
-0.827148
-0.156860
-0.198120
-0.230347
0.059937
0.370361
0.070190
-0.349854
-0.802734
-0.134644
-0.219360
-0.078003
0.008278
-0.323486
-0.113953
2.119141
0.203369
0.491211
-0.060303
-0.151611
0.233276
-0.160278
0.576172
0.053772
0.183594
-0.062286
0.227783
-0.438721
-0.012360
0.165039
0.189453
-0.327148
-0.262939
-0.059631
-0.064758
-0.081177
-0.082214
-0.182007
0.149048
-0.234985
-0.222534
0.244751
0.253418
0.194580
-0.461914
-0.032349
0.253418
-0.272705
-0.175171
-0.026123
0.129028
0.483643
0.821777
0.634277
-0.283203
-0.383545
0.015732
0.026855
0.196411
0.036224
0.277100
0.182617
0.109863
0.206177
-0.127808
-0.430908
0.249634
-0.019882
0.306885
0.469238
-0.337402
0.068298
-0.145630
-0.366943
-0.170410
-0.487305
-0.301270
0.077515
0.506348
-0.735352
0.027054
-0.238647
-0.140503
0.201904
0.077454
0.480225
-0.385010
0.487549
0.205200
0.087646
-0.247070
-0.209106
-0.183105
0.322266
-0.458008
0.159180
0.257812
0.108643
-0.006214
0.193359
-0.059631
-0.052704
0.085876
-0.130249
-0.098083
0.211426
0.102234
-0.226074
0.259521
0.129517
0.173950
-0.316406
-0.110046
-0.451416
-0.052612
0.308838
-0.061584
-0.129395
0.518066
-0.640137
-0.018066
0.184570
0.706055
0.510254
0.174316
-0.236572
-0.008316
0.086182
-0.064758
0.213623
0.012779
0.028610
0.414551
-0.206421
0.332764
0.050720
-0.247314
-0.020462
-0.289551
-0.253418
-0.043610
0.109375
0.046539
-0.500488
-0.205078
-0.478271
0.095520
0.183350
0.098938
-0.226196
-0.193848
0.103271
-0.047363
-0.279297
0.230835
-0.059052
0.197388
-0.026749
0.174194
-0.296631
0.453613
0.019577
0.348633
0.364258
-0.005989
-0.232178
0.817871
0.287598
0.074768
-0.048218
-0.040436
0.054840
0.245483
-0.083191
-0.263672
0.121155
0.179932
-0.214966
-0.625488
-0.610840
0.176880
-0.601074
-0.004753
-0.555664
0.057404
0.178101
0.207031
0.055511
0.919922
-0.367676
0.581543
-0.150146
-0.527344
-0.122070
-0.278809
-0.210938
0.041992
1.226562
0.055450
-0.383057
-0.512207
-0.232300
-0.126953
0.209961
-0.075928
-0.341309
0.191772
3.943359
0.073792
0.429199
-0.056091
-0.194824
0.257324
0.093323
0.612305
0.074890
0.275391
-0.249512
0.162109
-0.304688
-0.066772
0.166138
0.037903
-0.097900
-0.183960
-0.257080
0.040649
0.015121
0.062134
-0.094849
0.112488
-0.467285
-0.105774
0.266602
0.175293
0.035034
-0.165771
-0.062256
0.168213
-0.199829
-0.128540
0.012177
-0.103516
0.655273
0.068542
0.653320
-0.145996
-0.682617
-0.008888
0.036102
0.230103
0.022903
0.256592
0.138550
0.204224
0.078918
0.002245
-0.566895
0.271973
-0.128906
0.228638
0.381104
-0.364014
-0.040588
-0.186523
-0.381348
-0.232422
-0.235596
-0.324951
0.088379
0.463379
-0.332520
-0.176636
-0.378906
-0.019516
0.256348
0.036041
0.526855
-0.385742
0.369141
0.239258
0.078674
-0.257324
-0.197754
-0.208862
0.378418
-0.472656
0.089478
0.224487
0.057892
0.013260
0.231689
-0.032013
-0.040222
0.140137
-0.118225
-0.116943
0.307373
0.101562
-0.254150
0.215088
0.107117
0.174805
-0.277588
-0.106323
-0.398926
-0.026245
0.291992
-0.049896
-0.141724
0.515137
-0.664062
-0.020065
0.175781
0.732422
0.413086
0.082886
-0.223755
0.001875
0.112976
-0.112732
0.203857
0.000618
-0.000824
0.406738
-0.199829
0.308838
0.016510
-0.270996
-0.042877
-0.331787
-0.296143
-0.071960
0.058960
0.088745
-0.474854
-0.215698
-0.493896
0.092834
0.152832
0.080872
-0.259033
-0.177979
0.119568
0.000995
-0.360352
0.248901
-0.032562
0.233398
-0.037659
0.045685
-0.295166
0.448486
0.002960
0.461426
0.371582
-0.041138
-0.164673
0.793457
0.268555
0.096191
-0.027374
-0.007645
0.065308
0.302246
-0.087769
-0.277832
0.108215
0.213623
-0.143433
-0.708496
-0.689941
0.208374
-0.629883
-0.001782
-0.662598
0.043030
0.174316
0.227661
0.089783
0.925293
-0.387695
0.642090
-0.309082
-0.696289
-0.135010
-0.219482
-0.242188
0.014809
0.905762
0.055511
-0.402100
-0.694824
-0.171387
-0.156372
0.203857
-0.039764
-0.319824
0.128052
3.080078
0.141479
0.480225
-0.030502
-0.169189
0.274170
0.023758
0.599121
0.064148
0.225708
-0.233154
0.247803
-0.400879
-0.091431
0.169067
-0.022430
-0.211304
-0.241333
-0.241577
-0.009270
-0.113159
0.042053
-0.161987
0.100403
-0.531250
-0.152100
0.335693
0.239380
0.220825
-0.355713
-0.026459
0.222778
-0.244873
-0.134155
0.000468
0.017914
0.674805
0.223877
0.728516
-0.211548
-0.579590
0.023453
0.016785
0.207275
0.023010
0.280762
0.116028
0.214478
0.115601
-0.051117
-0.529785
0.300049
-0.079834
0.269531
0.416992
-0.416260
-0.008942
-0.143433
-0.403320
-0.218384
-0.346924
-0.319824
0.067505
0.522461
-0.512207
-0.145508
-0.341309
-0.079468
0.229492
0.102722
0.586426
-0.445801
0.423096
0.246094
0.079895
-0.260986
-0.039001
-0.178833
0.352051
-0.376953
-0.107666
-0.059784
-0.114075
0.077271
0.389404
0.147949
-0.026550
0.317383
-0.018921
-0.110168
0.627930
0.136841
-0.229370
0.227783
0.022263
0.079102
-0.065186
-0.018265
-0.181641
0.007729
0.177612
-0.004414
-0.194946
0.336914
-0.429932
-0.078491
0.172485
0.604980
0.134766
-0.171509
-0.148560
0.087036
0.087219
-0.165894
0.091309
0.038727
-0.187012
0.282227
-0.138794
0.219238
-0.135254
-0.232666
-0.031143
-0.364746
-0.382812
-0.042480
-0.015701
0.115173
-0.379883
-0.150269
-0.408447
0.170166
0.102539
-0.067322
-0.167480
-0.055298
0.056671
-0.000038
-0.405029
0.182739
-0.029449
0.270996
0.033112
-0.326660
-0.329590
0.266602
0.052765
0.588867
0.374512
-0.247559
0.020691
0.655762
0.186646
0.163574
-0.051453
0.005871
0.039948
0.357666
-0.048431
-0.215088
0.023895
0.189819
-0.071350
-0.510742
-0.591797
0.310547
-0.284668
-0.020721
-0.682617
0.053345
0.208496
0.218994
0.203491
0.579590
-0.316895
0.485840
-0.516113
-0.679688
-0.117737
-0.062988
-0.259766
-0.090698
-0.418213
-0.053772
-0.259766
-0.794434
0.067383
-0.305420
-0.079712
0.048584
-0.201416
-0.210571
1.582031
0.371582
0.300049
-0.018417
-0.017807
0.241211
-0.261963
0.530762
-0.002874
0.170898
-0.105469
0.401367
-0.365234
-0.033997
0.160278
0.020477
-0.270752
-0.419434
-0.021088
-0.122986
-0.335938
0.203857
-0.229004
0.083923
-0.050110
-0.196045
0.317871
0.352295
0.459473
-0.465332
0.016266
0.266602
-0.147339
-0.170654
-0.034241
0.168701
0.530273
0.690430
0.561523
-0.396484
-0.140137
0.059509
-0.023087
0.084290
0.055206
0.282227
0.058502
0.169434
0.115784
-0.130493
-0.320801
0.214722
0.022659
0.351318
0.390137
-0.424561
0.166260
0.018951
-0.341064
-0.085266
-0.415771
-0.187134
0.039368
0.439697
-0.788574
-0.024338
-0.160400
-0.215454
0.111145
0.286377
0.422607
-0.459229
0.393066
0.224365
0.033600
-0.222534
0.126465
-0.082581
0.367188
-0.245728
-0.398682
-0.439453
-0.299316
0.077576
0.610840
0.326904
0.016251
0.551270
0.206299
-0.085022
0.961914
0.252441
-0.281738
0.237793
-0.046234
-0.075928
0.217896
0.132324
0.132568
0.039368
0.013229
0.113281
-0.270020
0.028473
-0.210083
-0.264648
0.171631
0.364746
-0.239990
-0.499512
-0.021149
0.232056
0.016663
-0.216553
-0.130127
-0.014534
-0.482178
0.154175
-0.100464
0.075439
-0.270996
-0.179443
0.007607
-0.299316
-0.461670
0.005535
-0.099365
0.120850
-0.294189
-0.123047
-0.155640
0.244019
-0.016785
-0.156982
-0.132812
0.170654
-0.034302
0.097961
-0.562988
0.062744
-0.055511
0.332031
0.191162
-0.774414
-0.417725
0.004871
0.073730
0.635254
0.370117
-0.574707
0.204590
0.485107
0.055023
0.356934
-0.078613
0.003401
-0.016663
0.216187
0.093323
-0.066467
-0.112366
0.115173
-0.020905
-0.285400
-0.476562
0.383301
0.237793
0.050842
-0.598145
0.109375
0.195801
0.199585
0.360840
0.087341
-0.167969
0.212280
-0.684570
-0.574219
-0.055328
0.146973
-0.189575
-0.223511
-1.843750
-0.147339
-0.006184
-0.848145
0.328613
-0.457031
-0.516602
0.103271
-0.049774
-0.492920
0.311279
0.606445
-0.097412
0.049835
0.175781
0.202759
-0.583496
0.330078
-0.158936
0.004425
0.095581
0.470459
-0.288330
0.059540
0.147705
0.108948
-0.326660
-0.568848
0.231567
-0.221680
-0.596680
0.237671
-0.341797
0.052582
0.617676
-0.305908
0.270996
0.393555
0.746582
-0.514648
0.107544
0.259766
0.017395
-0.175537
-0.145752
0.489990
0.263428
1.577148
0.202515
-0.603027
0.441406
0.156494
-0.063477
-0.144165
0.015228
0.215698
0.033295
0.030945
0.098572
-0.262939
-0.052826
0.151855
0.113953
0.447998
0.326172
-0.422119
0.373047
0.239258
-0.313232
0.087402
-0.478027
0.022980
0.050293
0.305664
-0.986328
0.213257
0.065735
-0.322754
-0.062469
0.461426
0.145020
-0.436035
0.322998
0.181030
-0.028122
-0.205811
0.193237
-0.025391
0.390137
-0.201538
-0.509766
-0.575195
-0.386475
0.086975
0.704590
0.398438
0.030655
0.638672
0.323975
-0.068176
1.072266
0.321045
-0.313721
0.236450
-0.076843
-0.144409
0.340088
0.197876
0.263428
0.053619
-0.070312
0.186401
-0.309326
-0.083130
-0.115967
-0.372070
0.170166
0.263916
-0.408447
-0.635254
0.038605
0.320557
-0.011726
-0.211426
-0.224976
-0.041656
-0.610840
0.087341
-0.089661
0.005138
-0.321533
-0.147827
0.017365
-0.278076
-0.497314
0.025314
-0.139771
0.130737
-0.261719
-0.113708
-0.026871
0.250000
-0.073486
-0.203613
-0.138306
0.252197
-0.093262
0.130005
-0.622559
0.021622
-0.074158
0.351807
0.269531
-0.967285
-0.459717
-0.094482
0.079468
0.657227
0.375488
-0.740723
0.284668
0.412842
-0.007896
0.466553
-0.081360
-0.009140
-0.024689
0.098206
0.148438
0.002670
-0.151611
0.094543
-0.007866
-0.191528
-0.449463
0.388184
0.461182
0.089539
-0.534180
0.161865
0.186157
0.189209
0.425537
-0.126221
-0.091980
0.078735
-0.733398
-0.495850
-0.009338
0.237305
-0.138062
-0.262939
-2.335938
-0.194580
0.120728
-0.856934
0.437256
-0.508789
-0.740723
0.109619
0.004364
-0.584473
-0.350342
0.687500
-0.332764
0.065369
0.262451
0.178467
-0.730469
0.232544
-0.239258
-0.079285
0.180176
0.462402
-0.260498
0.134399
0.144653
0.132690
-0.332764
-0.642090
0.340576
-0.246704
-0.705566
0.267334
-0.376465
0.017838
0.969238
-0.365723
0.270752
0.407227
0.862793
-0.475342
0.148804
0.235229
0.111877
-0.157959
-0.201538
0.645508
0.136597
1.973633
0.025085
-0.676270
0.691406
0.216431
-0.075684
-0.264648
-0.031403
0.178467
0.030579
-0.042114
0.087769
-0.342285
0.053223
0.162354
0.145142
0.486084
0.296143
-0.428711
0.446777
0.337646
-0.318604
0.149292
-0.489746
0.125122
0.031128
0.242554
-1.054688
0.295654
0.142090
-0.362305
-0.119995
0.547363
0.005886
-0.455322
0.276855
0.174438
-0.064880
-0.234985
0.077148
-0.080505
0.394531
-0.312012
-0.307373
-0.302002
-0.263672
0.073792
0.558105
0.295654
0.008644
0.494629
0.233765
-0.089355
0.814453
0.269775
-0.300293
0.221191
-0.031647
-0.051636
0.165771
0.101990
0.047760
0.028458
0.046021
0.154419
-0.275391
0.131348
-0.263672
-0.279053
0.163818
0.428955
-0.156372
-0.422363
-0.032959
0.278564
0.047943
-0.118469
-0.069092
-0.010406
-0.402832
0.168335
-0.131836
0.102905
-0.238037
-0.166748
-0.002699
-0.333008
-0.425781
-0.005520
-0.081482
0.118591
-0.338623
-0.137085
-0.172119
0.192017
0.019958
-0.160278
-0.180176
0.091797
-0.049408
0.072388
-0.526367
0.102417
-0.071838
0.310059
0.177246
-0.667969
-0.416016
0.107056
0.048248
0.610840
0.385986
-0.579590
0.187012
0.543457
0.061493
0.390137
-0.070618
-0.042847
0.029724
0.123230
0.068909
-0.080200
-0.062988
0.157349
-0.073364
-0.359131
-0.570801
0.322998
0.143188
0.058563
-0.564453
0.162109
0.194946
0.189331
0.307129
0.192383
-0.191650
0.250000
-0.627930
-0.532227
-0.048218
0.109375
-0.165283
-0.177002
-1.232422
-0.127319
-0.021713
-0.840332
0.271973
-0.388428
-0.532227
0.063049
-0.098938
-0.395996
0.233765
0.518555
-0.131714
0.012459
0.138306
0.216675
-0.540527
0.351074
-0.136963
0.044922
0.080261
0.393066
-0.333984
0.128418
0.142212
0.097778
-0.267334
-0.547363
0.181519
-0.166382
-0.534668
0.301025
-0.291260
0.033020
0.641113
-0.325928
0.306396
0.391357
0.674805
-0.393066
0.083069
0.252197
0.024307
-0.123413
-0.128174
0.471436
0.295898
1.526367
0.245605
-0.508301
0.345947
0.180664
-0.036987
-0.103210
-0.026886
0.224609
0.054688
0.042847
0.105652
-0.259521
-0.143188
0.239624
0.065063
0.403809
0.353760
-0.438965
0.276855
0.177979
-0.351074
0.042023
-0.437500
0.000534
0.012543
0.354248
-0.931152
0.130127
-0.028519
-0.304443
-0.001870
0.463867
0.182373
-0.509277
0.292969
0.238159
-0.028854
-0.291748
-0.022064
-0.168945
0.253662
-0.457520
0.128540
0.205566
-0.063782
0.059204
0.256104
0.134155
-0.066162
0.161255
0.010521
-0.142578
0.305420
0.182129
-0.186768
0.213745
0.062134
0.113525
-0.132568
-0.066040
-0.395264
-0.012398
0.217407
-0.023178
-0.138062
0.571289
-0.398926
-0.021530
0.175293
0.670898
0.366943
0.076050
-0.162476
0.190552
0.192383
0.070496
0.190918
0.126953
-0.012581
0.266113
-0.169556
0.323486
-0.097595
-0.170532
-0.018204
-0.461914
-0.238037
-0.018997
0.067444
0.060547
-0.484131
-0.110657
-0.441162
0.072388
0.214844
-0.139160
-0.217041
-0.247925
-0.029861
-0.194336
-0.197876
0.274414
-0.108643
0.193481
-0.026794
-0.081177
-0.275146
0.481689
0.030441
0.505859
0.395264
-0.208130
0.007439
0.759766
0.250244
0.169067
-0.031860
-0.137695
0.132324
0.294678
-0.089966
-0.225220
0.117676
0.271729
-0.156738
-0.408447
-0.688477
0.240967
-0.387939
-0.077698
-0.419434
0.107666
0.171509
0.200928
0.099243
0.663574
-0.352051
0.471191
-0.227173
-0.193359
-0.108154
-0.129883
-0.220093
-0.087036
1.059570
-0.067749
-0.221680
-0.540039
0.017761
-0.182617
-0.004456
-0.012253
-0.216797
-0.034454
1.598633
0.212891
0.190430
-0.068176
-0.051086
0.298828
-0.124451
0.527344
0.063110
0.375488
-0.172852
0.329834
-0.258545
0.080078
0.117126
-0.035065
0.068726
-0.360352
-0.164795
0.013885
-0.205078
0.568848
-0.112671
0.096069
0.065308
-0.155640
0.314209
0.339355
0.265137
-0.013481
-0.063293
0.260010
-0.010406
-0.077759
0.048126
0.044495
0.580566
0.302002
0.549805
-0.189819
-0.309082
0.084290
0.027252
0.202515
0.023849
0.281006
0.019257
0.254639
0.005714
0.011993
-0.490479
0.291260
-0.102783
0.210815
0.334473
-0.354980
-0.011879
-0.079895
-0.340332
-0.111633
-0.146606
-0.169800
-0.028320
0.442383
-0.448242
-0.222534
-0.334961
-0.191650
0.176636
0.333496
0.447021
-0.541016
0.170532
0.343994
0.008728
-0.305664
-0.006451
-0.197510
0.127319
-0.464355
0.292969
0.345459
0.004124
0.027878
0.135986
0.074646
-0.093994
0.053284
-0.091248
-0.170898
0.120544
0.135742
-0.112305
0.216919
0.113098
0.163696
-0.231445
-0.111816
-0.555176
-0.020599
0.274170
-0.142578
-0.053864
0.702637
-0.385986
0.117859
0.187622
0.709473
0.573242
0.309814
-0.212158
0.146362
0.247437
0.118896
0.252930
0.177124
0.135376
0.301025
-0.182617
0.415039
-0.037598
-0.173706
0.004700
-0.478027
-0.139038
0.000521
0.149780
0.004864
-0.533203
-0.068420
-0.538574
0.061615
0.274170
-0.118713
-0.208374
-0.338867
-0.032776
-0.332275
-0.047150
0.322021
-0.165283
0.140381
-0.125977
0.154785
-0.199097
0.594727
0.036713
0.431641
0.384033
-0.034393
-0.074097
0.828613
0.340576
0.041351
-0.028534
-0.195312
0.125244
0.389893
-0.115906
-0.256348
0.162231
0.272705
-0.164673
-0.302979
-0.644043
0.235352
-0.505859
-0.147827
-0.289795
0.040894
0.125732
0.212158
0.030548
0.811523
-0.378906
0.494385
0.055542
0.083435
-0.133423
-0.219849
-0.246216
-0.082764
1.971680
-0.031433
-0.269043
-0.290283
-0.058777
-0.115234
0.305908
-0.030014
-0.204468
0.117554
2.015625
0.093262
0.284912
-0.066711
-0.128784
0.331299
0.085266
0.542480
0.137695
0.517578
-0.260010
0.299316
-0.099670
0.001719
0.090149
-0.129150
0.278076
-0.238525
-0.308105
0.113281
-0.052856
0.681641
-0.035675
0.152100
-0.190796
-0.033203
0.223999
0.279785
0.033417
0.184937
-0.121155
0.232666
-0.003450
-0.097900
0.164062
-0.204346
0.662598
-0.364502
0.611816
-0.080261
-0.585449
-0.005417
0.049896
0.288086
0.101685
0.254639
-0.028549
0.367920
-0.080383
0.196655
-0.591309
0.229980
-0.178101
0.138550
0.254639
-0.253174
-0.094238
-0.164795
-0.270264
-0.189697
0.052277
-0.207153
-0.051910
0.370605
-0.154297
-0.371094
-0.414307
-0.086853
0.192627
0.251465
0.509766
-0.492432
0.062927
0.350098
0.042572
-0.359619
0.078735
-0.174072
0.081116
-0.457031
0.313232
0.333252
-0.058228
0.056030
0.113770
0.113892
-0.081299
0.136963
-0.026901
-0.152222
0.051392
0.125732
-0.110901
0.136353
0.116821
0.159546
-0.170898
-0.115295
-0.572266
0.021072
0.280029
-0.112854
-0.047913
0.712891
-0.269531
0.151001
0.194214
0.686523
0.578613
0.367920
-0.175171
0.211548
0.297852
0.194824
0.282227
0.238892
0.170410
0.269043
-0.209106
0.437500
-0.123901
-0.137695
0.037292
-0.540527
-0.131104
0.061218
0.148071
-0.030563
-0.575195
0.034210
-0.533203
0.071533
0.344238
-0.162476
-0.215820
-0.358887
-0.114319
-0.374268
0.027374
0.320801
-0.267578
0.139893
-0.156128
0.136719
-0.192261
0.653320
0.067505
0.497803
0.381104
-0.055328
0.004105
0.860352
0.349854
0.019760
-0.017258
-0.262207
0.143921
0.313477
-0.097839
-0.235107
0.148804
0.323730
-0.136108
-0.202271
-0.652832
0.261230
-0.329590
-0.201904
-0.263184
0.057312
0.157593
0.178589
0.011368
0.749023
-0.382812
0.434570
0.064575
0.311035
-0.159424
-0.198486
-0.253174
-0.074219
2.273438
-0.019012
-0.232666
-0.264648
0.016693
-0.139648
0.232056
0.003271
-0.168335
-0.017075
0.155029
0.097534
0.238892
-0.098450
-0.122986
0.349121
-0.023773
0.508301
0.158813
0.594727
-0.162476
0.296875
-0.015388
0.073914
0.050140
-0.126587
0.400146
-0.259766
-0.215942
0.149902
-0.013359
0.835449
-0.009666
0.182617
0.076904
-0.043152
0.137573
0.316650
-0.053955
0.313232
-0.162231
0.264648
0.052765
-0.116455
0.250244
-0.187866
0.533203
-0.250488
0.560547
-0.077332
-0.510254
-0.033569
0.079529
0.271729
0.142456
0.251953
-0.049133
0.387939
-0.113159
0.220703
-0.576660
0.201172
-0.157471
0.126343
0.227661
-0.148438
-0.084717
-0.168823
-0.216553
-0.221313
0.099915
-0.153564
-0.168335
0.291504
-0.212402
-0.375977
-0.393799
-0.120422
0.181885
0.302734
0.454346
-0.536621
-0.005798
0.384521
0.044006
-0.391357
0.194580
-0.115906
0.053528
-0.409668
0.237549
0.218262
-0.159058
0.080872
0.178833
0.182251
-0.069275
0.251709
0.073914
-0.115173
0.098267
0.156494
-0.139771
0.082886
0.104675
0.107422
-0.039795
-0.069763
-0.493164
0.070984
0.218750
-0.062256
-0.063354
0.648926
-0.124268
0.096191
0.211548
0.595215
0.463379
0.315918
-0.107605
0.297363
0.308838
0.217651
0.212891
0.251465
0.088135
0.206055
-0.218506
0.403564
-0.213745
-0.098389
0.068542
-0.563965
-0.157593
0.115356
0.113037
-0.039642
-0.586426
0.121826
-0.435303
0.090515
0.334229
-0.218140
-0.233398
-0.297119
-0.217529
-0.385498
0.037170
0.303223
-0.348633
0.160156
-0.118896
-0.015022
-0.219238
0.608398
0.103943
0.579590
0.392090
-0.157104
0.103394
0.834473
0.321533
0.055267
-0.001342
-0.295654
0.139648
0.192017
-0.034271
-0.174072
0.113403
0.335693
-0.088013
-0.055664
-0.629395
0.285645
-0.063599
-0.207031
-0.216187
0.086182
0.165527
0.163452
0.059174
0.569336
-0.310791
0.297607
0.063354
0.516113
-0.142334
-0.124084
-0.230591
-0.094482
2.130859
-0.043396
-0.133667
-0.237915
0.153076
-0.204956
0.094360
0.028305
-0.098450
-0.148560
-1.246094
0.155640
0.048462
-0.102234
-0.064941
0.344482
-0.181152
0.398926
0.101440
0.566895
-0.050781
0.276123
0.099670
0.147339
0.033478
-0.163330
0.474854
-0.317871
-0.085938
0.163330
-0.083374
0.932617
-0.020828
0.171143
0.452148
-0.078308
0.069458
0.340820
-0.022491
0.415527
-0.158569
0.256348
0.153931
-0.137329
0.285156
-0.079834
0.355957
0.027313
0.401611
-0.148193
-0.316895
-0.024582
0.084412
0.149658
0.151978
0.206055
-0.070923
0.356934
-0.159668
0.179199
-0.485107
0.186768
-0.113708
0.170898
0.164673
-0.060394
-0.006439
-0.090393
-0.184204
-0.221802
0.135864
-0.042450
-0.277344
0.171143
-0.290527
-0.334473
-0.313232
-0.148438
0.131226
0.384521
0.314941
-0.583984
-0.089783
0.380859
0.015511
-0.327148
0.223389
-0.067383
0.091125
-0.338867
0.059906
0.039886
-0.185303
0.013527
0.312256
0.206055
-0.049530
0.284912
0.111389
-0.086304
0.280762
0.204346
-0.219482
0.110779
0.108337
0.028000
0.058594
0.019974
-0.328613
0.070251
0.123474
-0.056427
-0.069214
0.499023
-0.140747
-0.034180
0.226929
0.469971
0.280029
0.143921
-0.065063
0.271484
0.237183
0.100159
0.033447
0.114441
-0.114685
0.204590
-0.189819
0.331299
-0.197876
-0.113159
0.081482
-0.447266
-0.182617
0.092957
0.071472
-0.040649
-0.559082
0.061127
-0.250977
0.106628
0.196655
-0.166260
-0.272705
-0.130005
-0.212036
-0.282471
-0.131104
0.263428
-0.293213
0.211182
-0.008492
-0.199097
-0.275879
0.428467
0.084961
0.562988
0.388184
-0.238403
0.096497
0.739258
0.261475
0.142822
0.010559
-0.212646
0.074402
0.146362
0.088013
-0.100037
0.008232
0.246216
-0.037476
-0.012772
-0.588379
0.285645
0.037903
-0.102295
-0.192627
0.046600
0.077087
0.217896
0.180542
0.361084
-0.183716
0.202515
0.015671
0.407227
-0.076782
-0.035980
-0.165405
-0.140869
1.341797
-0.083740
-0.049469
-0.231445
0.216797
-0.276855
0.045654
0.009628
-0.046326
-0.100769
0.657227
0.252686
-0.089661
-0.015717
0.018173
0.302734
-0.197510
0.251953
-0.036438
0.344727
-0.033875
0.266113
0.133301
0.092285
0.087708
-0.194946
0.321533
-0.324707
-0.075745
0.091675
-0.259277
0.701660
-0.139771
0.099487
0.450195
-0.121582
0.138184
0.294434
0.223145
0.293701
-0.069214
0.188232
0.203613
-0.157104
0.165039
0.118469
0.271973
0.368652
0.228882
-0.285889
-0.139648
0.058533
0.037811
-0.008461
0.088806
0.131348
-0.060516
0.234009
-0.185913
0.060425
-0.343750
0.203125
-0.052216
0.268555
0.088501
-0.056366
0.120239
0.065918
-0.237671
-0.119446
0.050995
0.027618
-0.193848
0.120605
-0.270996
-0.178101
-0.189819
-0.152710
0.046295
0.379883
0.204834
-0.509766
-0.084351
0.287109
-0.034943
-0.293213
0.191895
-0.053772
0.121460
-0.347656
0.031403
0.059143
-0.146118
-0.024673
0.338623
0.175903
-0.047638
0.224365
0.084473
-0.082397
0.289062
0.228394
-0.263428
0.137939
0.140259
0.019852
0.035553
0.035553
-0.322510
0.059448
0.097351
-0.085510
-0.041992
0.507812
-0.244507
-0.085266
0.242920
0.465088
0.277100
0.125610
-0.059753
0.220459
0.217896
0.042267
-0.020081
0.048828
-0.185303
0.235474
-0.187256
0.333496
-0.147949
-0.132812
0.076538
-0.399170
-0.179443
0.069397
0.072205
-0.044250
-0.584473
-0.004898
-0.175781
0.071289
0.151123
-0.095276
-0.331543
-0.097107
-0.186035
-0.249146
-0.196167
0.279541
-0.236816
0.232544
0.036346
-0.188354
-0.291992
0.396240
0.063354
0.538574
0.396729
-0.214722
0.032593
0.736328
0.265625
0.176270
0.041168
-0.165649
0.077698
0.145508
0.116638
-0.091553
-0.012108
0.237793
-0.028976
-0.052765
-0.625488
0.262939
-0.059814
-0.050812
-0.169800
0.027496
0.014168
0.254883
0.219604
0.339844
-0.158081
0.226929
0.003735
0.336426
-0.056122
-0.042267
-0.134888
-0.143188
1.256836
-0.101807
-0.073120
-0.216187
0.180176
-0.286865
0.109314
-0.022202
-0.079529
0.008995
2.515625
0.257568
-0.054077
0.024475
0.033630
0.295654
-0.137939
0.234253
-0.087036
0.263916
-0.104370
0.274170
0.124084
0.039246
0.131836
-0.206421
0.253174
-0.308838
-0.143188
0.061279
-0.288574
0.547852
-0.206421
0.057129
0.272705
-0.129395
0.230957
0.251953
0.334473
0.253662
-0.036652
0.160034
0.216919
-0.152344
0.077576
0.225220
0.293701
0.429688
0.207397
-0.316406
-0.172363
0.105225
0.016861
-0.031494
0.024200
0.129028
-0.036438
0.179565
-0.215942
0.001030
-0.341797
0.235229
-0.034241
0.296387
0.060760
-0.060852
0.150146
0.111450
-0.311035
-0.065369
-0.004303
0.009300
-0.114197
0.154663
-0.177124
-0.104919
-0.188110
-0.168945
0.058533
0.335449
0.215820
-0.458008
-0.045013
0.246338
-0.067566
-0.302002
0.126465
-0.062195
0.168457
-0.366699
0.078064
0.131714
-0.113098
-0.004734
0.297119
0.098328
-0.045471
0.190308
0.046143
-0.088806
0.217896
0.224365
-0.259033
0.134888
0.159424
0.073242
-0.047241
-0.001469
-0.369629
0.046417
0.120605
-0.102539
-0.040161
0.525879
-0.349121
-0.060760
0.246948
0.506836
0.343750
0.189697
-0.080811
0.161011
0.200317
0.012108
0.034180
0.061859
-0.151611
0.265137
-0.211792
0.340576
-0.108276
-0.155151
0.059387
-0.379395
-0.204834
0.066040
0.085388
-0.031860
-0.592285
-0.044495
-0.217285
0.031708
0.170654
-0.018158
-0.355713
-0.137817
-0.148315
-0.221558
-0.195557
0.276855
-0.230957
0.240112
0.012886
-0.097351
-0.285156
0.441162
0.068970
0.530273
0.387939
-0.159180
-0.044128
0.779297
0.306396
0.152954
0.053955
-0.160278
0.092773
0.130493
0.062622
-0.126221
0.047058
0.256836
-0.035675
-0.144897
-0.630371
0.254883
-0.160278
-0.054443
-0.193726
0.057037
0.038422
0.240234
0.184692
0.451660
-0.220215
0.300293
-0.010246
0.231445
-0.076050
-0.101257
-0.146240
-0.108154
1.392578
-0.064209
-0.137939
-0.247437
0.082397
-0.258301
0.130859
-0.037659
-0.148682
0.067932
2.199219
0.209717
0.034821
0.025665
-0.007580
0.308594
-0.098083
0.317627
-0.057770
0.293457
-0.157349
0.273193
0.050140
0.006737
0.135742
-0.155518
0.229980
-0.279541
-0.171143
0.063599
-0.174927
0.419922
-0.205078
0.082275
0.111694
-0.132568
0.229004
0.201172
0.255615
0.219482
-0.038055
0.166748
0.152588
-0.141968
0.033478
0.201904
0.356689
0.386475
0.277588
-0.272461
-0.288330
0.082336
0.025436
0.022568
0.005016
0.172729
0.007607
0.177856
-0.179810
0.004944
-0.414551
0.224487
-0.058136
0.273193
0.125854
-0.103638
0.119568
0.051849
-0.349854
-0.088806
-0.034637
-0.063599
-0.047180
0.208740
-0.139648
-0.071533
-0.239380
-0.153687
0.112610
0.257324
0.282959
-0.421875
0.056946
0.244751
-0.038818
-0.313721
0.099792
-0.087830
0.185913
-0.325928
0.075500
0.131226
-0.127319
0.005871
0.274902
0.013374
-0.050964
0.153564
-0.012016
-0.107605
0.209229
0.225098
-0.243896
0.105408
0.155762
0.131592
-0.102539
-0.032379
-0.361816
0.030212
0.101624
-0.173096
-0.026199
0.484375
-0.416016
0.012100
0.248169
0.500000
0.353271
0.229980
-0.099121
0.056580
0.173462
-0.065674
0.050995
0.077881
-0.140137
0.262207
-0.203491
0.310059
-0.080444
-0.194702
0.034790
-0.327148
-0.228027
0.052917
0.077820
0.001698
-0.543457
-0.064697
-0.272461
-0.018021
0.146606
0.035492
-0.361816
-0.157837
-0.105164
-0.187256
-0.208252
0.262939
-0.218750
0.258789
-0.039337
-0.080994
-0.244507
0.429688
0.093079
0.554688
0.347168
-0.085022
-0.105530
0.769043
0.360596
0.090088
0.066650
-0.135010
0.071777
0.204834
0.026291
-0.158569
0.103271
0.236694
0.039581
-0.175293
-0.554688
0.287598
-0.233765
-0.068970
-0.183472
0.027420
0.027435
0.238892
0.178955
0.491211
-0.268555
0.350098
-0.040619
0.106750
-0.094238
-0.121582
-0.169434
-0.122192
1.199219
-0.032806
-0.153198
-0.268555
0.005608
-0.243652
0.160034
-0.031952
-0.162720
0.109802
0.402588
0.207886
0.115723
0.078552
-0.021042
0.317871
-0.035736
0.345215
-0.031921
0.291992
-0.197266
0.327393
-0.030090
-0.076782
0.131836
-0.119202
0.183838
-0.229370
-0.215576
0.044128
-0.119751
0.273193
-0.233032
0.140137
-0.108459
-0.119141
0.197021
0.135254
0.244995
0.097168
-0.007526
0.182617
0.071289
-0.149170
-0.037933
0.183960
0.423828
0.352051
0.324951
-0.258057
-0.327881
0.061859
0.012527
0.070923
0.004345
0.186890
0.018784
0.177246
-0.118164
0.053864
-0.429688
0.171021
-0.081787
0.260742
0.186768
-0.135498
0.123901
0.023331
-0.349609
-0.060028
-0.070435
-0.122681
0.077515
0.252441
-0.081543
0.004066
-0.239136
-0.135620
0.096436
0.182983
0.339844
-0.325439
0.129639
0.208618
0.001754
-0.372314
0.152222
-0.086914
0.179077
-0.256592
-0.004337
0.057098
-0.223633
0.058380
0.311768
-0.002926
-0.067017
0.150146
-0.041412
-0.091919
0.295166
0.241455
-0.250244
0.045074
0.127686
0.135254
-0.052032
-0.041443
-0.295166
0.050690
0.016327
-0.233643
-0.014244
0.444092
-0.379883
0.029266
0.277100
0.438477
0.256104
0.185913
-0.068359
-0.018265
0.169189
-0.164062
0.006832
0.112305
-0.201904
0.191772
-0.171509
0.243042
-0.136963
-0.209595
0.001772
-0.334229
-0.288330
0.049652
0.006989
0.068237
-0.484375
-0.028931
-0.272705
-0.080933
0.097290
-0.005512
-0.376465
-0.144287
-0.148071
-0.163574
-0.194946
0.276367
-0.195312
0.300293
-0.063416
-0.224731
-0.215698
0.377686
0.151367
0.704590
0.310303
-0.075012
-0.064697
0.712402
0.391357
0.032745
0.127930
-0.081116
0.071533
0.289551
0.013741
-0.185547
0.146851
0.253906
0.194458
-0.107910
-0.452637
0.337646
-0.209839
-0.092346
-0.179565
-0.009033
0.009712
0.261963
0.228638
0.381348
-0.248291
0.344727
-0.149048
0.003326
-0.091797
-0.094788
-0.205322
-0.161377
0.586914
-0.083191
-0.125977
-0.290771
0.041382
-0.304443
0.128662
-0.001333
-0.134155
0.033722
-2.179688
0.288574
0.156616
0.096619
0.030136
0.284668
-0.049683
0.349854
-0.045776
0.253662
-0.200806
0.402832
-0.069092
-0.111328
0.165527
-0.135620
0.106750
-0.254150
-0.186768
-0.028046
-0.161987
0.272217
-0.265869
0.127808
-0.132202
-0.091064
0.212036
0.144287
0.320557
-0.019516
0.006065
0.199951
0.062439
-0.181274
-0.089111
0.214355
0.429688
0.309082
0.306885
-0.331543
-0.236328
0.077515
-0.020676
0.080139
0.010300
0.213501
0.006203
0.145752
-0.084839
0.047333
-0.355713
0.105164
-0.037506
0.312500
0.200806
-0.145508
0.200806
0.075623
-0.330078
0.044006
-0.114746
-0.132080
0.149292
0.247803
-0.115662
0.055115
-0.170166
-0.192505
0.067932
0.195801
0.311035
-0.253418
0.130371
0.160278
-0.015579
-0.393555
0.235229
-0.076965
0.134399
-0.209473
-0.077698
-0.029922
-0.302734
0.083130
0.380371
0.054596
-0.090820
0.149048
-0.050232
-0.087524
0.433838
0.261963
-0.240967
0.051178
0.094360
0.084778
0.038330
-0.013756
-0.226074
0.067200
-0.070618
-0.274170
-0.003477
0.442383
-0.276367
0.000960
0.298584
0.382324
0.140869
0.099670
-0.041748
-0.008263
0.179565
-0.215698
-0.077087
0.117615
-0.283691
0.120117
-0.129272
0.196777
-0.181152
-0.203979
-0.015221
-0.362061
-0.313721
0.036682
-0.044922
0.113647
-0.439697
0.003185
-0.238037
-0.094666
0.027222
-0.103394
-0.368408
-0.105286
-0.203003
-0.209106
-0.177612
0.302734
-0.166138
0.313721
-0.045105
-0.395264
-0.203369
0.302246
0.181274
0.810059
0.313965
-0.124329
0.006618
0.639160
0.380615
0.029404
0.160522
-0.048279
0.066040
0.376221
0.034088
-0.181763
0.144531
0.248901
0.284912
0.025574
-0.388184
0.368164
-0.161255
-0.101379
-0.139893
-0.046631
-0.038696
0.308838
0.306641
0.235596
-0.175537
0.286865
-0.182129
0.005653
-0.059540
-0.026947
-0.214233
-0.213013
0.036560
-0.162964
-0.068359
-0.271729
0.146484
-0.370361
0.124939
0.017227
-0.066101
-0.022079
-2.919922
0.384277
0.086426
0.109192
0.103516
0.250977
-0.080933
0.298340
-0.097412
0.187134
-0.199219
0.453125
-0.027283
-0.119812
0.196045
-0.224731
0.074890
-0.314941
-0.162354
-0.077942
-0.307373
0.376465
-0.295410
0.068909
-0.050171
-0.065552
0.261230
0.192383
0.468018
-0.054840
0.026169
0.184692
0.127075
-0.204590
-0.101074
0.257324
0.417969
0.246948
0.240356
-0.427979
-0.105530
0.113098
-0.056427
0.013992
0.016129
0.196045
-0.042786
0.132935
-0.114746
0.020401
-0.255127
0.084778
0.012146
0.380859
0.140137
-0.140503
0.282959
0.178589
-0.310059
0.124023
-0.107178
-0.078247
0.141113
0.196411
-0.148926
0.041656
-0.094482
-0.235840
0.017380
0.279297
0.240845
-0.254883
0.062866
0.131714
-0.061676
-0.416992
0.316406
-0.065247
0.091919
-0.200439
-0.126343
-0.070007
-0.365967
0.108215
0.436279
0.136475
-0.106384
0.151978
-0.046234
-0.081970
0.533203
0.275879
-0.242920
0.048737
0.075989
0.025955
0.129883
0.014534
-0.190430
0.098450
-0.134277
-0.288086
0.014030
0.495605
-0.178711
-0.042175
0.321533
0.356201
0.050812
0.019409
-0.007004
0.043396
0.220825
-0.228638
-0.141479
0.126587
-0.346924
0.061981
-0.102295
0.186401
-0.234497
-0.182739
-0.021210
-0.435547
-0.321777
0.027573
-0.091125
0.136963
-0.435791
0.041382
-0.195435
-0.103821
-0.011208
-0.206299
-0.380371
-0.083191
-0.274658
-0.267822
-0.150146
0.355713
-0.138672
0.322510
-0.023651
-0.540527
-0.201660
0.275391
0.189453
0.924316
0.333740
-0.179565
0.102966
0.597168
0.356934
0.045593
0.202148
-0.025589
0.090332
0.437988
0.054382
-0.179443
0.129028
0.282471
0.353271
0.127441
-0.404785
0.381348
-0.130005
-0.107239
-0.122009
-0.069946
-0.081909
0.359375
0.371338
0.114441
-0.106262
0.256836
-0.221680
0.050232
-0.035126
0.037964
-0.224854
-0.252930
-0.266846
-0.246704
-0.035645
-0.271973
0.267578
-0.435303
0.153076
0.035889
-0.010483
-0.081909
-2.822266
0.467529
0.060791
0.095276
0.171753
0.226074
-0.115417
0.259766
-0.139160
0.141968
-0.198853
0.497070
0.020859
-0.101379
0.232422
-0.347900
0.061340
-0.385254
-0.142090
-0.122559
-0.458008
0.549316
-0.319824
-0.019730
0.047882
-0.044983
0.352539
0.276611
0.620117
-0.050568
0.021759
0.185181
0.212646
-0.222290
-0.072266
0.325684
0.400146
0.142578
0.205200
-0.511719
-0.001227
0.163330
-0.081421
-0.036926
0.019440
0.199707
-0.091797
0.127075
-0.170044
-0.027023
-0.176147
0.095642
0.078552
0.447510
0.069763
-0.134033
0.341553
0.280762
-0.304932
0.196167
-0.096924
-0.024887
0.078003
0.161133
-0.202393
-0.012840
-0.040222
-0.308838
-0.006168
0.387695
0.190186
-0.305420
-0.025620
0.128540
-0.128418
-0.415283
0.333740
-0.049622
0.051086
-0.229736
-0.096375
-0.020157
-0.342285
0.085449
0.443848
0.172485
-0.125488
0.090881
-0.041046
-0.067993
0.505371
0.283691
-0.259766
0.072571
0.086182
-0.011139
0.151733
0.027161
-0.231567
0.100098
-0.144653
-0.281006
0.030441
0.588379
-0.144897
-0.092590
0.335449
0.366211
0.075378
0.028900
-0.002695
0.088684
0.251465
-0.172485
-0.172119
0.105469
-0.347412
0.055939
-0.095154
0.212280
-0.226074
-0.158936
-0.016174
-0.472900
-0.278076
0.015541
-0.086182
0.124329
-0.480713
0.050812
-0.152832
-0.116089
-0.017380
-0.260010
-0.402344
-0.092896
-0.321045
-0.331055
-0.108521
0.410156
-0.125732
0.301514
0.007942
-0.523438
-0.213623
0.293945
0.175293
0.913574
0.363770
-0.191772
0.121765
0.604980
0.338135
0.070190
0.217041
-0.030975
0.113159
0.420898
0.089417
-0.169189
0.112061
0.293945
0.323486
0.176880
-0.451904
0.337402
-0.173340
-0.090210
-0.068604
-0.079163
-0.122803
0.391846
0.387207
0.076172
-0.046417
0.230225
-0.161865
0.179443
0.001282
0.048584
-0.194458
-0.250000
0.029160
-0.295410
-0.012093
-0.192505
0.301025
-0.431641
0.196289
0.003904
0.000357
-0.020462
-1.479492
0.454102
0.005352
0.064514
0.186523
0.207397
-0.074463
0.213135
-0.171387
0.117126
-0.210815
0.439209
0.078918
-0.051178
0.260254
-0.425293
0.106995
-0.393799
-0.189331
-0.104980
-0.528809
0.691406
-0.300781
-0.093201
0.121338
-0.028397
0.434326
0.312256
0.670898
0.078125
-0.001627
0.150757
0.298340
-0.206299
-0.039307
0.344238
0.387695
0.016418
0.165527
-0.504395
-0.016647
0.215210
-0.078491
-0.054474
-0.011848
0.176270
-0.111633
0.114868
-0.230713
-0.054077
-0.173828
0.170654
0.082153
0.460693
0.001628
-0.092163
0.321289
0.317139
-0.323242
0.214722
-0.043732
0.010033
0.011429
0.151123
-0.132080
-0.104614
-0.061279
-0.323730
0.010910
0.437988
0.151733
-0.360596
-0.136475
0.148560
-0.185425
-0.349609
0.287354
-0.032928
0.042084
-0.274658
-0.050507
0.015007
-0.244629
0.017838
0.428711
0.200684
-0.112915
0.074829
-0.007519
-0.058044
0.438965
0.275391
-0.271729
0.139893
0.113525
-0.041412
0.130005
0.055725
-0.266113
0.074768
-0.083496
-0.218140
0.020081
0.593750
-0.161133
-0.147095
0.314453
0.379883
0.145386
0.040405
-0.018402
0.145996
0.234741
-0.085144
-0.171875
0.050110
-0.328857
0.113281
-0.105713
0.261475
-0.176025
-0.132690
0.021729
-0.437500
-0.208130
0.016907
-0.025360
0.050293
-0.534180
0.018127
-0.098206
-0.056732
0.013535
-0.228027
-0.378662
-0.073669
-0.295898
-0.335938
-0.124084
0.391602
-0.126953
0.263184
0.064270
-0.404297
-0.255127
0.298096
0.120911
0.741699
0.388916
-0.210449
0.082886
0.630859
0.288574
0.133423
0.160889
-0.059998
0.103882
0.325439
0.135376
-0.124084
0.039398
0.255859
0.173096
0.148315
-0.510742
0.273438
-0.162354
-0.042969
-0.044617
-0.057739
-0.120850
0.378174
0.358887
0.096680
-0.020355
0.197388
-0.054352
0.296143
0.020889
0.026733
-0.138916
-0.216431
0.476562
-0.278564
-0.002584
-0.113892
0.271729
-0.388184
0.199829
-0.036530
-0.020920
0.057404
1.693359
0.390381
-0.048370
0.040985
0.160645
0.208374
-0.037994
0.178223
-0.182373
0.115051
-0.202393
0.342041
0.140137
-0.004009
0.250977
-0.390137
0.160034
-0.358154
-0.219727
-0.058502
-0.504395
0.693848
-0.269287
-0.108032
0.186646
-0.041534
0.440186
0.298096
0.614258
0.213745
-0.016983
0.111755
0.341309
-0.177246
-0.012840
0.322510
0.353027
0.052185
0.119873
-0.449219
-0.074036
0.230103
-0.054626
-0.062561
-0.035187
0.136963
-0.090759
0.097656
-0.272705
-0.065125
-0.207642
0.235229
0.052856
0.421631
-0.041443
-0.061401
0.266357
0.294189
-0.340088
0.172729
0.003763
0.033203
-0.030731
0.146118
-0.051910
-0.141479
-0.104431
-0.282959
0.029053
0.416748
0.127197
-0.388428
-0.182129
0.169434
-0.198975
-0.287598
0.181885
-0.022797
0.101990
-0.289062
-0.028549
0.025757
-0.144775
-0.050751
0.395020
0.124023
-0.080261
0.099060
0.023178
-0.044922
0.344971
0.261719
-0.305176
0.165405
0.143311
-0.014420
0.049286
0.055695
-0.272217
0.038940
-0.007103
-0.152710
-0.014534
0.498535
-0.274658
-0.168457
0.281738
0.385986
0.215942
0.082581
-0.047974
0.123291
0.165161
-0.063354
-0.144775
-0.024582
-0.296631
0.204224
-0.147949
0.266846
-0.093750
-0.149902
0.044983
-0.315918
-0.184692
0.027359
0.031052
0.000457
-0.553223
-0.045441
-0.078735
-0.008583
0.030609
-0.084229
-0.369629
-0.035645
-0.213135
-0.234375
-0.210449
0.314697
-0.155151
0.250000
0.089966
-0.246704
-0.292969
0.286865
0.082458
0.555176
0.380859
-0.191040
-0.032928
0.668457
0.270508
0.166992
0.094421
-0.082886
0.052216
0.170898
0.169556
-0.091980
0.005478
0.182739
0.048218
0.022324
-0.512695
0.224731
-0.148193
0.017807
-0.075012
-0.026901
-0.087219
0.328125
0.305176
0.201904
-0.046692
0.192993
-0.000509
0.240601
0.016998
-0.024948
-0.089355
-0.151978
0.776367
-0.173096
-0.023392
-0.116821
0.149292
-0.323486
0.143555
-0.074829
-0.078552
0.141724
2.759766
0.293945
-0.070435
0.055054
0.086426
0.213745
-0.013214
0.169434
-0.175781
0.088989
-0.158691
0.220459
0.113647
-0.008476
0.220703
-0.247314
0.139160
-0.269043
-0.221069
-0.002687
-0.374023
0.430176
-0.249634
-0.041901
0.141357
-0.086914
0.350098
0.198730
0.468750
0.213989
-0.003794
0.074768
0.261475
-0.161011
-0.037842
0.297607
0.307129
0.321533
0.100708
-0.378174
-0.168335
0.192383
-0.024551
-0.074585
-0.057953
0.094788
-0.015373
0.062103
-0.219238
-0.066956
-0.264404
0.257568
-0.003469
0.371582
0.005978
-0.045837
0.215576
0.210571
-0.357666
0.073120
-0.033051
0.003555
0.005672
0.157715
-0.017349
-0.062866
-0.139038
-0.177246
0.043396
0.284668
0.134277
-0.345947
-0.085022
0.157715
-0.137451
-0.311768
0.187988
-0.018753
0.059662
-0.229980
0.013306
0.042023
-0.144775
-0.091675
0.319580
0.002129
-0.068909
0.089478
0.015213
-0.038605
0.172974
0.249878
-0.309570
0.064392
0.186401
0.055664
-0.007710
0.025620
-0.309326
0.042053
0.016205
-0.217896
0.022614
0.436523
-0.305664
-0.050446
0.287354
0.329102
0.305420
0.258789
-0.050323
0.026199
0.155762
-0.071655
-0.122742
-0.013260
-0.220947
0.235352
-0.175537
0.274414
-0.067627
-0.170532
0.074707
-0.228271
-0.137329
0.070068
0.067688
-0.040405
-0.563965
-0.001263
-0.100403
-0.041412
0.053375
0.021576
-0.401367
-0.050507
-0.206909
-0.203125
-0.182495
0.281494
-0.253906
0.256348
0.000734
-0.110474
-0.240967
0.328369
0.105042
0.506348
0.317871
-0.060364
-0.115784
0.702637
0.347168
0.066406
0.106323
-0.120850
-0.004311
0.120972
0.195435
-0.080444
0.028152
0.149902
0.117432
0.074707
-0.406250
0.245483
-0.091919
-0.010300
0.019989
-0.077637
-0.112976
0.291260
0.255127
0.248779
-0.067322
0.166626
0.140259
0.368408
-0.014099
-0.071899
-0.083191
-0.145996
1.209961
-0.069031
0.000878
0.008934
0.066040
-0.276123
0.217529
-0.069885
-0.056427
0.212280
0.514648
0.208618
-0.052734
0.116577
0.030334
0.243896
0.083252
0.105530
-0.136841
0.135132
-0.124634
0.173706
0.180176
-0.082886
0.174683
-0.220947
0.236084
-0.117676
-0.258545
0.066406
-0.200195
0.271240
-0.233276
0.075989
0.001609
-0.060333
0.160767
0.065613
0.255371
0.250000
-0.003902
0.067932
0.196533
-0.186401
-0.016159
0.212524
0.255127
0.266602
0.063782
-0.306885
-0.268799
0.114136
-0.001702
-0.042542
-0.007912
0.044006
-0.004761
0.077759
-0.203247
0.067444
-0.293213
0.167358
-0.056702
0.317139
0.005035
0.059326
0.194336
0.134766
-0.292236
0.018723
0.037689
-0.015587
0.056610
0.086243
0.162476
0.003027
-0.134155
-0.070312
0.002848
0.147217
0.139893
-0.220459
-0.100891
0.116089
-0.061890
-0.392822
0.367432
-0.017273
-0.104126
-0.128540
0.029205
-0.016830
-0.227539
-0.098328
0.267090
-0.008369
-0.065857
0.110718
-0.016556
-0.018005
0.062256
0.223999
-0.272217
-0.069641
0.227417
0.096802
0.046722
0.014412
-0.342773
0.088318
-0.004303
-0.370117
0.128418
0.393555
-0.168701
0.137207
0.330078
0.219727
0.385254
0.445068
-0.008415
-0.081116
0.212769
-0.078186
-0.124329
0.104980
-0.191772
0.192871
-0.153442
0.325928
-0.181641
-0.151245
0.135498
-0.238281
-0.080444
0.170166
0.096497
-0.123047
-0.610352
0.158813
-0.104126
-0.065247
0.146484
0.025940
-0.403076
-0.085999
-0.288330
-0.268555
-0.037628
0.272217
-0.378906
0.278809
-0.103394
-0.076172
-0.157837
0.370361
0.193970
0.579102
0.245972
0.114746
-0.084412
0.716309
0.463379
-0.112488
0.157837
-0.146362
-0.016541
0.240723
0.235229
-0.059906
-0.011009
0.188721
0.277344
0.340820
-0.264893
0.361084
0.097107
-0.135742
0.163208
-0.192749
-0.135620
0.268066
0.240234
0.105713
-0.064880
0.081055
0.286377
0.766113
-0.076294
-0.104797
-0.131470
-0.209717
1.624023
-0.071533
0.046783
0.270020
0.109192
-0.318115
0.365967
-0.000125
0.036835
0.102417
-1.383789
0.209595
0.041138
0.159790
0.038116
0.277588
0.132080
0.034210
-0.073425
0.297119
-0.099854
0.272217
0.414795
-0.157104
0.137939
-0.242554
0.448242
-0.020447
-0.258057
0.093567
-0.053925
0.390137
-0.234741
0.211548
-0.017471
0.045349
-0.048187
0.009346
0.070007
0.388916
-0.056122
0.108215
0.253906
-0.269287
0.069153
0.123169
0.138550
-0.041168
-0.020447
-0.309326
-0.269531
0.014648
0.005287
0.041840
0.112122
0.020950
-0.069031
0.132690
-0.294922
0.265381
-0.257568
-0.037018
-0.046844
0.282471
-0.099121
0.296631
0.255615
0.118286
-0.154053
0.079041
0.185791
0.008247
0.069031
-0.067261
0.385986
0.062317
-0.061798
-0.085205
-0.070679
0.094055
0.089233
-0.055481
-0.252197
0.058472
-0.041840
-0.390625
0.477539
0.005943
-0.213501
-0.046570
0.008652
-0.093140
-0.262207
-0.132690
0.272949
0.005482
-0.065857
0.108826
-0.028656
-0.015068
0.059021
0.231445
-0.245239
-0.085754
0.255615
0.078369
0.095581
0.048645
-0.320312
0.099548
-0.050049
-0.460449
0.191772
0.337402
-0.074402
0.191895
0.358154
0.111816
0.386230
0.502930
0.018616
-0.119324
0.216553
-0.103638
-0.195190
0.121277
-0.236084
0.162598
-0.132568
0.338379
-0.203125
-0.137939
0.178833
-0.199585
-0.033905
0.215942
0.122986
-0.181519
-0.620117
0.213623
-0.043121
-0.061768
0.137695
0.032898
-0.395020
-0.049255
-0.333496
-0.321533
0.014191
0.255859
-0.427979
0.282715
-0.120117
-0.089661
-0.124695
0.325684
0.223022
0.559082
0.213013
0.164795
-0.087097
0.686523
0.502441
-0.166626
0.176392
-0.161133
-0.052521
0.292480
0.293213
-0.015793
-0.056061
0.154419
0.345459
0.557129
-0.146851
0.406494
0.233887
-0.166382
0.322998
-0.260010
-0.198120
0.281982
0.270752
-0.044922
-0.010399
-0.025009
0.439209
1.035156
-0.073364
-0.087463
-0.124756
-0.279785
1.626953
-0.097595
0.119446
0.485352
0.154053
-0.352295
0.461182
0.016281
0.119934
0.107422
-1.285156
0.232910
-0.006985
0.218018
0.077759
0.281250
0.189453
-0.060364
-0.090942
0.322754
-0.111206
0.313721
0.593750
-0.224365
0.129150
-0.288574
0.573242
0.034210
-0.276855
0.103149
-0.035217
0.433838
-0.254639
0.248169
-0.016815
0.112610
-0.143677
-0.049561
0.027908
0.496582
-0.053162
0.084778
0.335938
-0.308105
0.081177
0.096191
0.075623
-0.225830
-0.151978
-0.334229
-0.230713
-0.015350
-0.007397
0.017349
0.155151
-0.026489
-0.120300
0.139771
-0.386230
0.363525
-0.197754
-0.149902
-0.043701
0.279053
-0.210693
0.398438
0.318848
0.171997
-0.086853
0.141357
0.305176
0.062073
0.103271
-0.190918
0.597168
0.104431
0.003351
-0.067017
-0.149048
0.072510
0.011002
0.058319
-0.369629
0.004002
-0.051697
-0.378906
0.492676
0.017654
-0.231689
-0.005676
-0.011116
-0.130493
-0.278076
-0.139282
0.290527
-0.008339
-0.074951
0.086243
-0.040863
-0.021072
0.091553
0.250732
-0.233032
-0.066772
0.254150
0.072937
0.104065
0.061127
-0.289307
0.088257
-0.091431
-0.498291
0.203979
0.298828
-0.061951
0.188110
0.366455
0.066101
0.359131
0.498291
0.020844
-0.144043
0.192017
-0.140991
-0.236816
0.114929
-0.278076
0.141113
-0.117310
0.312988
-0.185181
-0.141846
0.176147
-0.159058
-0.038940
0.215942
0.122803
-0.174438
-0.592285
0.202393
-0.015732
-0.077209
0.099426
0.040924
-0.390137
-0.026550
-0.335205
-0.332031
0.013359
0.244019
-0.417236
0.285156
-0.110168
-0.118408
-0.114563
0.275391
0.236694
0.546387
0.200195
0.159790
-0.114380
0.655273
0.514160
-0.169556
0.180542
-0.153198
-0.073364
0.310547
0.299805
-0.004612
-0.043854
0.119751
0.372070
0.623535
-0.071472
0.418701
0.255615
-0.158691
0.398193
-0.268311
-0.231201
0.293701
0.296875
-0.103455
0.009415
-0.062927
0.481689
1.066406
-0.055115
-0.077393
-0.113525
-0.309814
1.416016
-0.114441
0.157715
0.552246
0.149658
-0.361084
0.466553
0.006073
0.138672
0.146851
-1.492188
0.250000
-0.056732
0.253662
0.103210
0.275879
0.224365
-0.086121
-0.115234
0.297852
-0.139404
0.329590
0.617676
-0.259033
0.133667
-0.287842
0.586426
0.046204
-0.297119
0.093506
-0.041718
0.395264
-0.272217
0.250732
-0.046844
0.130127
-0.155396
-0.091919
0.050934
0.503906
-0.030090
0.059082
0.356689
-0.309814
0.030319
0.093140
0.089172
-0.272217
-0.210571
-0.350098
-0.207031
-0.007828
-0.023315
-0.002964
0.141846
-0.044861
-0.128052
0.124268
-0.396240
0.381104
-0.175171
-0.181885
-0.055756
0.283691
-0.231079
0.395752
0.348145
0.203003
-0.085754
0.182739
0.336914
0.074097
0.169678
-0.215698
0.690918
0.143921
0.021317
-0.053345
-0.177490
0.057373
-0.021225
0.115784
-0.384277
-0.024429
-0.055847
-0.375244
0.518555
0.029709
-0.282227
0.023361
0.008888
-0.114258
-0.288330
-0.155518
0.280029
-0.026230
-0.094055
0.031799
-0.054077
-0.032654
0.059326
0.273438
-0.217651
-0.064270
0.264893
0.066956
0.102539
0.064392
-0.301514
0.081238
-0.127930
-0.549316
0.236938
0.322754
-0.040253
0.201538
0.379150
0.025497
0.369141
0.545410
0.024048
-0.147583
0.198364
-0.143799
-0.275391
0.107544
-0.279297
0.118469
-0.112061
0.307617
-0.151611
-0.139648
0.178711
-0.138916
-0.005150
0.214722
0.132446
-0.177490
-0.585938
0.206421
0.003735
-0.113770
0.062103
0.029343
-0.407471
-0.031921
-0.362549
-0.386475
0.051910
0.264160
-0.426758
0.272949
-0.127930
-0.103516
-0.085083
0.270752
0.236816
0.530273
0.189941
0.173828
-0.135620
0.641113
0.538086
-0.181641
0.199341
-0.172485
-0.089783
0.320312
0.314697
0.005081
-0.016251
0.096252
0.407227
0.724609
-0.016373
0.409424
0.250000
-0.160156
0.528809
-0.288574
-0.298096
0.316406
0.310059
-0.144531
0.042969
-0.103577
0.593750
1.171875
-0.031952
-0.066101
-0.095642
-0.343506
1.450195
-0.127075
0.200684
0.663086
0.152710
-0.351318
0.519531
-0.011055
0.172119
0.228760
-1.886719
0.240479
-0.129639
0.286377
0.121399
0.274658
0.296875
-0.137207
-0.134644
0.286133
-0.171875
0.319092
0.675781
-0.285889
0.133545
-0.344971
0.652344
0.079590
-0.346680
0.113159
-0.047699
0.417236
-0.271484
0.234375
-0.082214
0.158447
-0.166992
-0.134033
0.046509
0.576660
-0.017624
0.028778
0.398926
-0.301514
0.016830
0.068176
0.102173
-0.412598
-0.270996
-0.337646
-0.219116
0.000675
-0.031586
-0.025681
0.133179
-0.076538
-0.151367
0.127563
-0.436768
0.424316
-0.165894
-0.198853
-0.078918
0.281006
-0.282715
0.402100
0.350586
0.232544
-0.076111
0.209961
0.416992
0.101074
0.198364
-0.259033
0.841309
0.127441
0.022797
-0.022415
-0.204224
0.054688
-0.049713
0.154297
-0.457031
-0.038147
-0.065063
-0.354980
0.479736
0.034546
-0.276611
0.026138
0.000381
-0.120850
-0.275146
-0.159790
0.302979
-0.032898
-0.115601
-0.002472
-0.059509
-0.041077
0.119263
0.280029
-0.212158
-0.009880
0.240601
0.035889
0.094727
0.072693
-0.280029
0.064331
-0.148193
-0.529297
0.209106
0.338623
-0.032104
0.144043
0.373779
0.024323
0.321777
0.493652
0.001631
-0.111084
0.173828
-0.156006
-0.317139
0.052979
-0.285889
0.108643
-0.106995
0.263916
-0.087158
-0.153076
0.154297
-0.115295
-0.009880
0.172607
0.117737
-0.129517
-0.536621
0.171265
-0.003246
-0.108704
-0.023056
-0.011139
-0.390869
0.000062
-0.357178
-0.401367
0.033722
0.279541
-0.390625
0.249634
-0.106995
-0.132935
-0.092957
0.223389
0.214966
0.504395
0.205200
0.113586
-0.149048
0.607910
0.500488
-0.152710
0.185791
-0.168091
-0.122314
0.294678
0.317383
0.000537
0.021103
0.037994
0.384277
0.721680
0.032593
0.359375
0.199951
-0.116150
0.544922
-0.278809
-0.333496
0.353516
0.331543
-0.114136
0.093689
-0.122498
0.642090
1.069336
0.017822
-0.040131
-0.078186
-0.337646
1.152344
-0.136597
0.221436
0.651367
0.153931
-0.337646
0.511230
-0.043060
0.185181
0.313232
-2.009766
0.240601
-0.242920
0.284180
0.125610
0.240112
0.338379
-0.155029
-0.176147
0.192871
-0.185425
0.241699
0.646484
-0.281738
0.152710
-0.406494
0.604492
0.066711
-0.362793
0.123718
-0.127441
0.407715
-0.239380
0.160400
-0.075806
0.164917
-0.130249
-0.133057
0.082458
0.551270
0.006565
-0.031616
0.388916
-0.287842
0.008316
0.011490
0.160889
-0.496582
-0.284424
-0.345215
-0.231934
0.020248
-0.043060
-0.102966
0.111267
-0.116516
-0.155762
0.122498
-0.416016
0.393066
-0.143799
-0.142822
-0.096924
0.313477
-0.288574
0.310547
0.342285
0.263428
-0.084534
0.176025
0.432861
0.116394
0.185059
-0.271484
0.821289
0.040955
0.020554
0.046051
-0.209106
0.072449
-0.074524
0.110718
-0.472656
-0.041077
-0.067993
-0.223389
0.388916
0.059143
-0.211060
0.022522
-0.082825
-0.220093
-0.197144
-0.228149
0.394775
0.008301
-0.104065
0.025192
-0.013763
-0.058014
0.291748
0.303711
-0.230469
0.152588
0.222168
-0.046783
0.097961
0.147461
-0.171387
0.017670
-0.150146
-0.432617
0.141113
0.239258
-0.082825
-0.016296
0.341064
-0.000570
0.207764
0.307617
-0.024780
-0.024765
0.074951
-0.193481
-0.422119
-0.107605
-0.387207
0.152100
-0.106018
0.213257
0.033203
-0.168579
0.158203
-0.003407
-0.016708
0.113037
0.132324
-0.125854
-0.479736
0.038116
0.084961
-0.006721
-0.156006
0.019577
-0.343994
0.145142
-0.276367
-0.341309
-0.134399
0.222534
-0.310059
0.225464
0.013992
-0.191040
-0.171631
0.070435
0.131714
0.322510
0.249756
-0.048920
-0.198486
0.543945
0.380859
0.002434
0.101501
-0.152954
-0.202881
0.184082
0.376465
0.061859
-0.043121
-0.109009
0.235718
0.651367
0.036102
0.283447
0.217163
0.014053
0.530273
-0.232544
-0.372070
0.384766
0.387451
-0.122803
0.172119
-0.186768
0.698730
0.901367
0.095398
0.019211
-0.005844
-0.349365
0.531250
-0.137573
0.265869
0.607422
0.156616
-0.326172
0.433350
-0.101196
0.190063
0.446533
1.374023
0.261963
-0.469238
0.322021
0.149414
0.207764
0.344482
-0.210205
-0.282471
0.011879
-0.200928
0.141479
0.621582
-0.291016
0.170898
-0.410156
0.492920
0.035339
-0.356445
0.122253
-0.268066
0.237793
-0.252930
0.068909
-0.029602
0.113159
-0.069092
-0.169678
0.208252
0.492432
0.084229
-0.129517
0.391602
-0.250732
-0.069702
0.043304
0.201782
-0.271973
-0.373779
-0.384033
-0.177002
0.066956
-0.066650
-0.269287
0.043701
-0.187988
-0.132324
0.069580
-0.410645
0.288330
-0.097839
-0.051544
-0.119263
0.355713
-0.303467
0.141846
0.359619
0.339355
-0.146118
0.135132
0.408447
0.171387
0.207764
-0.278809
0.791016
0.039032
0.036346
0.145264
-0.239868
0.084106
-0.135376
0.062866
-0.427979
-0.057648
-0.074890
-0.162598
0.344727
0.072876
-0.199097
0.021637
-0.123291
-0.284668
-0.168823
-0.225586
0.454346
0.065125
-0.121704
0.030151
-0.002031
-0.069153
0.455322
0.311279
-0.204224
0.289551
0.185669
-0.121948
0.114990
0.185059
-0.113159
-0.007889
-0.163696
-0.375244
0.083862
0.219849
-0.041687
-0.129395
0.326172
-0.004784
0.119446
0.171021
-0.052734
0.059509
0.021576
-0.210815
-0.484619
-0.176147
-0.440186
0.143677
-0.092163
0.165161
0.094360
-0.172485
0.141968
0.021790
-0.043976
0.069214
0.126587
-0.083801
-0.418213
-0.025558
0.097473
0.068176
-0.247437
-0.040833
-0.272949
0.222534
-0.253418
-0.361816
-0.178589
0.204590
-0.249390
0.190796
0.086365
-0.264648
-0.216431
-0.031006
0.099915
0.244019
0.290771
-0.182495
-0.197021
0.487793
0.299316
0.087097
0.048859
-0.150024
-0.243164
0.161499
0.377441
0.074890
-0.042084
-0.193359
0.139160
0.659180
0.090637
0.233643
0.221069
0.072510
0.517090
-0.195312
-0.381836
0.416016
0.427246
-0.112000
0.229492
-0.237183
0.749512
0.786133
0.153687
0.058563
0.013603
-0.353027
-0.038635
-0.176636
0.288574
0.588867
0.189697
-0.332520
0.386475
-0.132324
0.203125
0.494873
2.964844
0.295410
-0.650391
0.309326
0.173950
0.171143
0.333496
-0.204224
-0.343506
-0.082092
-0.222778
0.083191
0.620117
-0.272461
0.188232
-0.445557
0.436768
-0.035309
-0.326416
0.119629
-0.382568
0.247314
-0.215088
-0.018127
0.070007
0.113403
-0.025436
-0.144775
0.265625
0.478516
0.120117
-0.203003
0.404053
-0.234985
-0.089478
-0.029617
0.273926
-0.309570
-0.409912
-0.423096
-0.150513
0.081055
-0.087952
-0.386719
0.027298
-0.225098
-0.140503
0.074097
-0.409424
0.231812
-0.062927
-0.003960
-0.135620
0.395020
-0.320068
-0.000702
0.374512
0.390625
-0.158325
0.089905
0.428467
0.210449
0.187744
-0.304199
0.718750
-0.051605
0.042999
0.215698
-0.249390
0.133057
-0.186401
-0.006512
-0.416748
-0.053253
-0.083862
-0.156982
0.305664
0.071350
-0.137085
-0.020447
-0.123535
-0.260254
-0.168701
-0.190674
0.468018
0.096863
-0.119568
0.046570
0.028717
-0.075195
0.488281
0.324707
-0.210815
0.315674
0.162598
-0.130005
0.117859
0.183228
-0.106262
-0.013702
-0.156738
-0.306641
0.043854
0.242920
-0.060791
-0.188354
0.312500
0.041534
0.088074
0.106018
-0.052826
0.111877
0.020309
-0.180298
-0.458008
-0.174194
-0.448242
0.135376
-0.098694
0.155518
0.088989
-0.165405
0.118958
-0.018845
-0.080505
0.050751
0.111633
-0.056702
-0.414551
-0.056946
0.091614
0.066772
-0.239990
-0.070740
-0.268555
0.199951
-0.249634
-0.347412
-0.201538
0.209717
-0.220093
0.187378
0.117310
-0.302246
-0.248169
-0.018295
0.085327
0.258789
0.316406
-0.258301
-0.167603
0.492432
0.262939
0.152100
0.037842
-0.151245
-0.207397
0.123779
0.341797
0.063599
-0.025406
-0.165039
0.088684
0.569824
0.022537
0.211182
0.195068
0.088684
0.455566
-0.131104
-0.336914
0.404053
0.423340
-0.084290
0.202759
-0.203857
0.648438
0.694336
0.161499
0.066772
0.015091
-0.337158
-0.128662
-0.198120
0.273438
0.477539
0.195435
-0.328125
0.276855
-0.140869
0.163208
0.457520
3.109375
0.308594
-0.676758
0.262939
0.182861
0.163208
0.258545
-0.146973
-0.345459
-0.085510
-0.218994
0.082703
0.524902
-0.203491
0.192505
-0.412109
0.386719
-0.106018
-0.292969
0.100769
-0.416504
0.302490
-0.205688
-0.054901
0.182617
0.072083
0.052338
-0.088928
0.321045
0.463379
0.117126
-0.184326
0.406738
-0.195679
-0.110107
0.017609
0.296875
-0.185425
-0.368896
-0.416260
-0.104736
0.122253
-0.081848
-0.378418
-0.012611
-0.183472
-0.121155
0.061066
-0.377441
0.159790
-0.086548
0.060608
-0.131714
0.390381
-0.262939
-0.082825
0.349365
0.385010
-0.203491
0.091309
0.375000
0.203735
0.165771
-0.231567
0.597656
-0.073120
0.009178
0.167358
-0.204346
0.192139
-0.169434
-0.087097
-0.371094
-0.008247
-0.100464
-0.153809
0.238037
0.074402
0.001219
-0.098633
-0.141479
-0.219604
-0.160889
-0.163940
0.490479
0.103149
-0.087708
0.105652
0.088806
-0.066895
0.485840
0.347168
-0.270508
0.299561
0.156616
-0.115295
0.108521
0.178223
-0.097473
-0.009193
-0.134521
-0.199219
-0.010353
0.246338
-0.166260
-0.261963
0.291992
0.118225
0.062134
0.033356
-0.037262
0.155640
0.021805
-0.152344
-0.403809
-0.184814
-0.472656
0.164673
-0.133911
0.154175
0.061707
-0.162842
0.100098
-0.052582
-0.142700
0.044464
0.087952
-0.036377
-0.448486
-0.109924
0.110840
0.054749
-0.201050
-0.026093
-0.321045
0.183350
-0.221924
-0.258057
-0.294434
0.197632
-0.202026
0.217529
0.168579
-0.331055
-0.305176
0.021927
0.064148
0.297363
0.349609
-0.327881
-0.149048
0.535645
0.230591
0.249390
0.035461
-0.140747
-0.146606
0.019150
0.312988
0.057129
-0.029358
-0.094055
0.030899
0.365479
-0.158081
0.194702
0.159424
0.123047
0.309082
-0.042023
-0.260010
0.371338
0.411621
-0.025497
0.139282
-0.123901
0.434814
0.520020
0.142212
0.066589
0.029587
-0.271729
-0.043976
-0.174194
0.211914
0.251953
0.180298
-0.329834
0.113953
-0.144775
0.070984
0.390869
3.457031
0.313721
-0.635742
0.230469
0.170532
0.186646
0.102539
-0.083801
-0.348877
-0.100647
-0.180176
0.095825
0.377930
-0.125854
0.195190
-0.315186
0.276855
-0.182861
-0.230103
0.073425
-0.429688
0.199707
-0.257080
-0.062164
0.273438
-0.045410
0.147339
-0.036713
0.420166
0.384033
0.128784
-0.135376
0.373535
-0.162231
-0.161377
0.207520
0.257812
0.322754
-0.299561
-0.424072
-0.050110
0.170410
-0.065125
-0.377686
-0.083801
-0.122253
-0.055634
0.013451
-0.321045
0.016388
-0.128052
0.161255
-0.102722
0.396729
-0.166260
-0.119202
0.330811
0.363525
-0.304932
0.069519
0.206787
0.172852
0.140869
-0.117310
0.379150
0.020126
-0.026917
0.081665
-0.135620
0.216187
-0.112976
-0.182251
-0.217896
0.040405
-0.107300
-0.162109
0.176636
0.064392
0.046448
-0.107544
-0.139160
-0.211182
-0.150635
-0.142334
0.483398
0.060852
-0.092957
0.097778
0.084167
-0.053101
0.479736
0.339600
-0.279053
0.293213
0.136719
-0.092773
0.074829
0.152710
-0.091553
-0.022141
-0.118713
-0.167480
-0.049316
0.225098
-0.203979
-0.265137
0.276367
0.144775
0.062408
0.015434
-0.054871
0.130005
-0.010719
-0.160156
-0.367920
-0.183472
-0.448730
0.176636
-0.132202
0.123291
0.072876
-0.173096
0.075500
-0.033142
-0.169922
0.029129
0.070618
-0.001610
-0.417236
-0.120605
0.070496
0.046234
-0.199585
-0.018280
-0.300781
0.169189
-0.193726
-0.212524
-0.305908
0.184326
-0.183105
0.217163
0.163818
-0.311035
-0.313965
0.017044
0.070801
0.292480
0.339111
-0.323975
-0.171753
0.535645
0.222534
0.240479
0.023178
-0.121948
-0.150024
-0.005127
0.283691
0.031403
0.004986
-0.101868
0.014130
0.276611
-0.140137
0.180420
0.121826
0.132202
0.234009
-0.025085
-0.218140
0.348633
0.387451
0.035187
0.111267
-0.085144
0.349365
0.354248
0.140259
0.042847
0.028214
-0.225098
-0.176636
-0.145264
0.193481
0.156860
0.126709
-0.311523
0.019608
-0.147583
0.024719
0.371582
2.576172
0.298340
-0.609375
0.198975
0.143066
0.166748
0.080139
-0.035767
-0.333740
-0.119629
-0.154663
0.054230
0.274658
-0.095337
0.196167
-0.234985
0.193848
-0.183105
-0.201416
0.066711
-0.389648
0.114685
-0.235229
-0.048492
0.275879
-0.071899
0.147461
-0.040619
0.381836
0.305908
0.126587
-0.130615
0.300537
-0.152344
-0.189941
0.186157
0.274902
0.442383
-0.252686
-0.404297
-0.070312
0.169556
-0.057404
-0.350830
-0.096497
-0.104919
-0.013832
-0.012703
-0.234619
-0.016342
-0.146118
0.186157
-0.113098
0.394287
-0.088745
-0.164429
0.306641
0.318115
-0.316895
0.046417
0.138428
0.133789
0.161743
-0.061829
0.283936
0.034058
-0.045471
0.091553
-0.101440
0.184814
-0.093872
-0.180786
-0.139648
0.044464
-0.084106
-0.270508
0.195435
0.044495
0.091125
-0.066284
-0.166870
-0.258301
-0.261719
-0.053284
0.455078
0.003994
-0.079834
0.210693
0.117493
-0.028915
0.448975
0.316895
-0.287842
0.140259
0.090942
-0.020599
0.089050
0.091431
-0.057037
0.010109
-0.114319
-0.145752
-0.092896
0.149658
-0.164307
-0.170776
0.270752
0.140869
0.022934
0.046143
-0.034210
0.075500
-0.004841
-0.181274
-0.279541
-0.084717
-0.384277
0.132446
-0.153076
0.058594
-0.033844
-0.187012
0.047302
-0.060059
-0.254883
0.068542
0.003910
0.061218
-0.362061
-0.027725
-0.033997
0.010048
-0.144897
-0.030960
-0.293213
0.129272
-0.215942
-0.132690
-0.281250
0.143799
-0.260498
0.258057
0.073059
-0.378906
-0.282715
0.056610
0.145874
0.458984
0.288086
-0.305664
-0.114380
0.543457
0.265381
0.147461
0.039642
-0.142090
-0.148560
-0.033051
0.231201
-0.012543
0.080078
-0.043732
0.136963
0.229370
-0.072754
0.252197
0.235229
0.064575
0.107910
-0.011162
-0.117126
0.274170
0.349121
0.052338
0.029388
-0.051788
0.130859
0.188965
0.075745
0.038208
-0.029007
-0.173462
-0.391602
-0.075867
0.187866
-0.025864
0.119873
-0.331299
-0.174927
-0.080139
0.012474
0.142822
-3.396484
0.318115
-0.509277
0.172119
0.113953
0.170044
-0.074890
0.017838
-0.257324
-0.066650
-0.017258
0.088440
0.138306
-0.059784
0.156738
-0.095215
0.129028
-0.189697
-0.057465
0.043243
-0.288086
0.052979
-0.220459
0.060303
0.409424
-0.122009
0.020142
-0.024063
0.270020
0.148682
0.109070
-0.038422
0.178833
-0.184937
-0.168091
0.199341
0.183105
0.787109
-0.188843
-0.411865
0.021484
0.110718
-0.035645
-0.289307
-0.042969
-0.054016
0.025360
-0.022293
-0.088623
-0.004040
-0.132324
0.112305
-0.088623
0.389160
0.049683
-0.101685
0.325195
0.236816
-0.256836
0.019348
0.012894
0.091736
0.157349
-0.043793
0.033508
0.136108
-0.001297
0.050415
-0.105042
0.153564
-0.077454
-0.156860
-0.029510
0.049896
-0.015701
-0.222900
0.210938
-0.019043
0.205200
-0.142334
-0.261963
-0.379639
-0.251709
-0.028061
0.493896
0.170288
0.016083
0.469971
0.182617
-0.056763
0.614258
0.256592
-0.270508
0.158691
0.077026
-0.012329
0.145020
0.126709
0.014725
0.030167
0.019608
-0.027435
-0.152222
-0.004646
-0.187866
-0.122742
0.210571
0.237793
-0.012909
-0.135864
-0.017105
0.127075
0.006161
-0.161133
-0.149780
-0.006119
-0.412109
0.195923
-0.148560
0.140991
-0.197632
-0.165283
0.098450
-0.147583
-0.317383
0.112793
0.027115
-0.028412
-0.398193
-0.033875
-0.075378
0.196411
0.042755
0.014046
-0.191895
0.146729
-0.092224
0.007172
-0.425537
0.028885
-0.246460
0.304932
0.116211
-0.465332
-0.351318
0.063599
0.118652
0.454834
0.305908
-0.363770
0.015617
0.567871
0.197021
0.221313
-0.061798
-0.102966
-0.083374
0.075745
0.187012
0.005562
-0.111328
0.046478
0.010094
-0.006237
-0.305908
0.377930
0.388916
0.010712
-0.239258
0.039764
0.095093
0.167969
0.298340
0.053070
-0.135010
0.054810
-0.199097
0.050720
-0.061279
0.036255
-0.115662
-0.211060
-0.550293
-0.054993
0.080017
-0.332764
0.193604
-0.387451
-0.310303
0.052704
-0.021652
-0.249512
-0.002462
0.420654
-0.209595
0.143066
0.110413
0.252686
-0.349854
0.170898
-0.149658
0.123962
0.062134
0.346191
0.046570
-0.030212
0.091187
0.118103
0.047729
-0.311035
0.106079
-0.049530
-0.259766
0.099792
-0.300293
0.204834
0.506348
-0.212036
-0.016922
0.121277
0.342773
-0.083435
0.080872
0.162231
0.106079
-0.206909
-0.129150
0.342529
0.128418
1.270508
-0.021378
-0.458740
0.201172
0.051880
-0.019562
-0.137817
0.046295
0.086182
0.036072
0.035278
-0.044342
-0.025452
-0.138916
0.023163
-0.005844
0.339111
0.173096
-0.137939
0.346436
0.163452
-0.241089
0.040497
-0.179932
0.051147
0.122803
0.087891
-0.358154
0.298584
0.032043
-0.144531
-0.101440
0.229248
0.046997
-0.202881
0.151001
0.106445
0.019043
-0.322510
0.198120
-0.104858
0.123352
-0.342529
0.099976
0.036407
-0.157349
0.056732
0.266113
0.192749
-0.018860
0.333984
0.084595
-0.105164
0.244385
0.187012
-0.152466
0.135376
0.116577
0.111572
-0.015640
-0.011971
-0.356934
0.038330
0.193726
-0.075867
-0.079285
0.393311
-0.203247
0.079712
0.208252
0.508789
0.392090
0.197754
-0.082275
0.178955
0.198242
0.093689
0.163574
0.242310
-0.088562
0.226562
-0.184692
0.377441
-0.248535
-0.106384
0.099854
-0.432373
-0.222046
0.148804
0.135254
-0.094604
-0.569824
0.049255
-0.330811
0.136230
0.348633
-0.075134
-0.190308
-0.202759
-0.124817
-0.238647
-0.106445
0.168213
-0.305664
0.224609
-0.029526
-0.096069
-0.274414
0.455322
0.129883
0.494385
0.355225
-0.163330
0.040314
0.790039
0.320801
0.098633
-0.044006
-0.216919
0.114624
0.233032
-0.009720
-0.119324
0.004738
0.288818
-0.113708
-0.087036
-0.564941
0.372803
0.083252
-0.176758
-0.259033
0.095459
0.222290
0.116760
0.099915
0.393066
-0.346680
0.260010
-0.068665
0.417969
-0.175537
-0.142212
-0.217529
-0.143311
1.464844
-0.062378
-0.113403
-0.243774
0.110779
-0.269287
-0.053986
0.057983
-0.137817
-0.257080
1.080078
0.240479
0.114136
-0.028870
-0.018265
0.354736
-0.261963
0.432861
0.082031
0.571289
-0.075500
0.418945
0.078491
0.078735
0.038635
0.074585
0.383789
-0.321289
-0.023880
0.062225
-0.000836
0.659668
-0.134277
0.271240
0.418945
-0.118713
0.021057
0.256104
0.028610
0.281982
-0.109619
0.290771
0.142212
-0.156982
0.102722
0.072083
0.304199
0.456543
0.307373
-0.215210
-0.179565
-0.028442
0.058929
0.199463
0.122375
0.249390
-0.008064
0.258057
-0.133179
0.155396
-0.441162
0.058533
-0.090515
0.160889
0.217529
-0.070923
0.104309
-0.074585
-0.224609
-0.071960
0.020432
-0.079285
-0.046967
0.210815
-0.248901
-0.023697
-0.237305
-0.232422
0.096130
0.289307
0.279297
-0.377197
0.058472
0.299805
0.018173
-0.415039
0.147705
-0.162842
0.106506
-0.488525
0.289551
0.340332
-0.124756
0.140869
0.157593
0.200073
-0.083923
0.161743
0.004162
-0.121460
0.079956
0.158203
-0.120667
0.109680
0.095886
0.151855
-0.093994
-0.116882
-0.570312
0.046600
0.246094
-0.088257
-0.054413
0.745605
-0.222656
0.117554
0.217041
0.706055
0.554199
0.309326
-0.119812
0.231934
0.336182
0.224976
0.316406
0.348145
0.106934
0.204224
-0.184814
0.456543
-0.261963
-0.083862
0.026871
-0.656738
-0.187378
0.093018
0.109192
-0.020432
-0.619629
0.082092
-0.497314
0.026855
0.439453
-0.237183
-0.228271
-0.422607
-0.181885
-0.387695
0.084717
0.343018
-0.247681
0.172974
-0.109253
0.028381
-0.219849
0.684570
0.122620
0.635742
0.399658
-0.091187
0.106995
0.871094
0.356934
0.045105
0.025055
-0.229126
0.260498
0.354980
-0.144409
-0.247925
0.144531
0.456787
-0.116943
-0.197998
-0.749023
0.311035
-0.278320
-0.248535
-0.316406
0.116211
0.247314
0.147583
0.024475
0.605957
-0.414307
0.443115
-0.125366
0.394287
-0.187256
-0.206177
-0.279785
-0.083984
2.298828
-0.125610
-0.230347
-0.316895
0.095032
-0.206665
0.090637
0.041321
-0.209351
-0.219727
0.380615
0.168823
0.319336
-0.175537
-0.063293
0.352051
-0.177368
0.589355
0.182251
0.699707
-0.160400
0.410156
-0.036774
0.187744
0.074951
-0.057892
0.422363
-0.378174
-0.140015
0.078064
-0.022263
1.071289
-0.030045
0.175781
0.334717
-0.067200
0.228516
0.424316
0.022537
0.386719
-0.217407
0.349365
0.151978
-0.104675
0.232666
-0.049072
0.476562
-0.114807
0.559082
-0.111511
-0.378174
0.020691
0.081421
0.377197
0.112793
0.357666
-0.042786
0.351074
-0.133667
0.157227
-0.576172
0.198853
-0.097351
0.126221
0.259766
-0.107666
-0.053619
-0.156738
-0.252197
-0.089844
0.058197
-0.158691
-0.185303
0.360107
-0.311279
-0.333740
-0.397949
-0.323242
0.240967
0.406982
0.428223
-0.572754
-0.027328
0.426758
-0.037262
-0.440186
0.142944
-0.180664
0.068970
-0.486816
0.304932
0.385986
-0.120056
0.135010
0.143188
0.187012
-0.112305
0.064026
-0.058380
-0.117737
0.065002
0.152344
-0.123169
0.098450
0.090454
0.151489
-0.100159
-0.135986
-0.600586
0.040466
0.220581
-0.140015
-0.023453
0.813477
-0.230591
0.129395
0.231567
0.712402
0.574219
0.322754
-0.125732
0.185791
0.358154
0.212402
0.305908
0.351807
0.124878
0.182495
-0.151733
0.453125
-0.256592
-0.085327
0.001179
-0.676270
-0.158691
0.061401
0.084717
0.007019
-0.609375
0.088684
-0.514160
-0.027939
0.418457
-0.281982
-0.239014
-0.453857
-0.202393
-0.409424
0.133179
0.402832
-0.190063
0.168701
-0.123901
0.034241
-0.190918
0.692383
0.130493
0.678223
0.388184
-0.038727
0.108521
0.852051
0.368408
0.002310
0.057526
-0.186279
0.279785
0.450195
-0.146729
-0.281738
0.165283
0.469482
-0.068481
-0.186157
-0.731445
0.295654
-0.403564
-0.249634
-0.292480
0.066223
0.199585
0.193481
0.038757
0.587891
-0.384766
0.485840
-0.149536
0.331543
-0.168945
-0.207520
-0.287109
-0.093628
2.265625
-0.167358
-0.237061
-0.295166
0.073608
-0.202393
0.167114
0.025101
-0.203125
-0.161865
0.289551
0.172729
0.423096
-0.183838
-0.051239
0.316895
-0.070862
0.584473
0.184204
0.661133
-0.196777
0.410645
-0.079834
0.171997
0.120850
-0.112427
0.367676
-0.352539
-0.223267
0.043579
-0.074341
1.131836
-0.030014
0.120483
0.192017
-0.019531
0.322266
0.446777
0.098633
0.344727
-0.227295
0.343506
0.155762
-0.107300
0.224731
-0.062561
0.532227
-0.360596
0.594238
-0.112915
-0.411865
0.065125
0.063599
0.436279
0.092102
0.363525
-0.053497
0.334717
-0.123352
0.158081
-0.561035
0.223389
-0.082092
0.147217
0.243530
-0.099854
-0.065308
-0.137085
-0.258057
-0.013000
0.048950
-0.184448
-0.152466
0.412598
-0.251709
-0.394775
-0.402832
-0.358154
0.245728
0.410889
0.446045
-0.546875
-0.091492
0.410156
-0.070923
-0.433105
0.157349
-0.166260
0.093811
-0.416016
0.181152
0.246460
-0.154419
0.122192
0.206055
0.164917
-0.097595
0.103760
-0.062744
-0.086243
0.170654
0.158936
-0.160767
0.076111
0.082458
0.135498
-0.055267
-0.109253
-0.489746
0.044647
0.174561
-0.155151
-0.033020
0.669434
-0.244629
0.106384
0.241943
0.624512
0.470459
0.234985
-0.100647
0.105713
0.298828
0.102295
0.229370
0.309082
0.021561
0.174072
-0.129150
0.389648
-0.277588
-0.107178
0.002338
-0.591797
-0.203613
0.063416
0.044800
0.022995
-0.566895
0.082275
-0.451172
-0.020142
0.357910
-0.236084
-0.236328
-0.362549
-0.188110
-0.304199
0.051117
0.354004
-0.164185
0.212646
-0.094971
-0.072754
-0.206055
0.576660
0.154175
0.700684
0.354248
-0.035553
0.102356
0.789551
0.356934
-0.010071
0.069641
-0.116333
0.231201
0.458496
-0.096741
-0.260010
0.118347
0.423340
0.001891
-0.178833
-0.634277
0.326172
-0.316406
-0.216064
-0.334229
0.022507
0.190063
0.202026
0.093811
0.471191
-0.342529
0.454102
-0.249268
0.165161
-0.165039
-0.182861
-0.283203
-0.105347
1.608398
-0.165405
-0.210938
-0.335449
0.079834
-0.258301
0.099976
0.045654
-0.185547
-0.218262
0.023315
0.240967
0.446045
-0.136108
-0.020706
0.284912
-0.100769
0.541504
0.139404
0.557617
-0.160645
0.431885
-0.101257
0.118958
0.147705
-0.055359
0.232178
-0.337402
-0.173462
-0.024750
-0.094360
0.921875
-0.096069
0.128052
0.145020
-0.032654
0.293945
0.403076
0.164673
0.174561
-0.186523
0.334229
0.117004
-0.149292
0.145020
0.022705
0.468506
-0.123962
0.525391
-0.200317
-0.312500
0.071533
0.037079
0.398193
0.087646
0.347656
-0.024933
0.255859
-0.081421
0.115356
-0.466064
0.161499
-0.031616
0.206909
0.249390
-0.091370
0.031021
-0.085022
-0.253174
0.059113
-0.055420
-0.187134
-0.058960
0.396729
-0.299561
-0.247925
-0.304688
-0.370850
0.197632
0.357666
0.393799
-0.431396
-0.029236
0.327393
-0.068237
-0.357178
0.110291
-0.115540
0.213135
-0.274170
-0.026077
0.013641
-0.190186
0.051819
0.308594
0.028259
-0.046906
0.194092
-0.025650
-0.071106
0.309570
0.211670
-0.247070
0.051483
0.097961
0.138794
-0.043701
-0.046997
-0.268066
0.024033
0.079834
-0.159424
-0.067078
0.346924
-0.378662
0.037323
0.239868
0.457764
0.273438
0.118652
-0.076599
-0.026443
0.139648
-0.115051
0.071167
0.146362
-0.173950
0.206543
-0.141479
0.240479
-0.192261
-0.184570
0.003492
-0.321045
-0.287354
0.055939
0.010529
0.050781
-0.466064
-0.016861
-0.301758
-0.019302
0.177612
-0.014671
-0.289062
-0.157104
-0.101074
-0.072876
-0.213623
0.215088
-0.165161
0.294678
-0.031921
-0.205322
-0.241211
0.351807
0.153320
0.635742
0.291992
-0.077759
-0.033203
0.696289
0.344727
0.042938
0.057159
-0.048065
0.084045
0.309326
0.003845
-0.187378
0.079712
0.260498
0.099792
-0.222046
-0.461670
0.347900
-0.162231
-0.094482
-0.309814
0.001339
0.117676
0.203369
0.179810
0.364990
-0.284668
0.372559
-0.299805
-0.143188
-0.125366
-0.130737
-0.210449
-0.111511
0.551758
-0.069153
-0.137939
-0.388184
-0.002466
-0.290039
-0.042297
0.023529
-0.178467
-0.115723
-1.419922
0.285889
0.308838
0.036224
0.008873
0.258301
-0.113037
0.406006
0.015327
0.294434
-0.115662
0.395264
-0.173096
-0.032440
0.159180
0.071655
0.013992
-0.248047
-0.126953
-0.071045
-0.094299
0.265381
-0.240723
0.179321
-0.035034
-0.121704
0.194214
0.190186
0.262207
-0.108093
-0.029953
0.254150
0.004459
-0.180542
-0.091492
0.219238
0.383057
0.530762
0.347168
-0.302490
-0.182373
0.078064
-0.001897
0.211182
0.018265
0.254150
0.059326
0.099854
0.018738
0.035095
-0.347900
0.099609
-0.024536
0.278564
0.284668
-0.129883
0.170288
-0.005520
-0.306396
0.089355
-0.220093
-0.178833
0.174683
0.343262
-0.263916
0.105042
-0.168579
-0.258789
0.088379
0.169067
0.317383
-0.217651
0.177246
0.170288
-0.002052
-0.307617
-0.012901
-0.065247
0.320801
-0.177856
-0.122070
-0.068909
-0.168091
-0.028915
0.332031
-0.172607
-0.019577
0.187012
0.017838
-0.040833
0.260254
0.261719
-0.347900
0.008430
0.126465
0.170776
-0.110107
-0.035217
-0.154175
-0.013550
0.033051
-0.150146
-0.098145
0.132080
-0.562988
-0.029999
0.234741
0.333984
0.197754
0.125732
-0.072266
-0.158569
-0.007397
-0.247925
-0.033203
-0.023621
-0.253662
0.257324
-0.180664
0.116150
-0.053558
-0.253174
-0.005909
-0.059967
-0.318115
0.040192
-0.004417
0.077454
-0.401123
-0.119568
-0.190430
-0.081299
0.025131
0.201416
-0.367920
-0.029770
-0.029343
0.133667
-0.398438
0.118225
-0.179321
0.335449
-0.008156
-0.171509
-0.261230
0.224731
0.136475
0.514160
0.225220
-0.071838
-0.216431
0.655762
0.348389
0.073669
0.061951
-0.018326
-0.044525
0.070190
0.082214
-0.135010
0.109192
0.112061
0.152832
-0.311768
-0.293213
0.296875
-0.121643
0.036743
-0.239258
0.007156
0.037567
0.191650
0.208984
0.375977
-0.236694
0.319336
-0.268555
-0.429443
-0.072632
-0.136719
-0.115356
-0.058594
0.063904
0.057373
-0.081909
-0.398682
-0.164673
-0.245117
-0.162354
-0.043732
-0.214600
0.104492
-3.548828
0.223022
0.143433
0.159424
-0.024948
0.225464
-0.031708
0.288574
-0.079224
0.052673
-0.080383
0.226318
-0.273193
-0.131470
0.162842
0.181885
-0.163208
-0.097595
-0.138306
-0.055328
-0.004128
-0.357422
-0.299072
0.210938
-0.228271
-0.197876
0.093933
-0.048340
0.211792
-0.277100
0.083740
0.148804
-0.129883
-0.167725
-0.281006
0.309082
0.325195
1.022461
0.205322
-0.299561
-0.200684
0.082031
-0.010269
0.072876
-0.078674
0.146851
0.172974
-0.051086
0.137451
-0.024307
-0.314697
0.101868
-0.073914
0.303223
0.342773
-0.159546
0.207642
-0.004009
-0.365967
0.052124
-0.326904
-0.197266
0.373535
0.320068
-0.146484
0.343262
-0.118347
-0.081116
0.043396
-0.055176
0.261475
-0.045715
0.337402
0.054596
0.072998
-0.261475
-0.090637
-0.098328
0.396729
-0.223389
-0.133057
-0.077942
-0.106201
-0.061218
0.327148
-0.173096
0.015541
0.252197
0.035461
-0.052948
0.276855
0.230469
-0.363281
0.031708
0.127319
0.191284
-0.152832
-0.032318
-0.142700
-0.026642
0.117188
-0.084839
-0.137939
0.071716
-0.649902
-0.024521
0.196899
0.391357
0.215454
0.082336
-0.099243
-0.154419
-0.034546
-0.242432
0.017899
-0.059326
-0.222412
0.331787
-0.195557
0.136597
-0.033417
-0.272949
0.006550
-0.028595
-0.322266
0.026443
0.020493
0.051636
-0.401611
-0.165283
-0.225098
-0.007935
0.055450
0.272461
-0.336670
-0.007812
0.069458
0.225708
-0.499756
0.068787
-0.162598
0.340332
0.001389
-0.120728
-0.292236
0.227173
0.091858
0.434326
0.230957
-0.075989
-0.239380
0.679688
0.311279
0.107788
0.001636
-0.005764
-0.063232
0.044922
0.079834
-0.129761
0.052734
0.090393
0.065125
-0.484131
-0.374023
0.295410
-0.143677
0.062378
-0.385986
0.023544
0.095032
0.155518
0.171387
0.493652
-0.290771
0.383545
-0.339355
-0.602539
-0.107117
-0.158081
-0.120056
-0.028885
0.142334
0.131958
-0.139771
-0.535645
-0.215698
-0.210815
-0.181763
-0.032013
-0.249756
0.087341
-2.259766
0.196045
0.229126
0.159546
-0.079590
0.247925
-0.057770
0.321777
-0.048706
0.054504
-0.049988
0.216553
-0.356201
-0.145996
0.138916
0.264160
-0.245850
-0.075378
-0.123047
-0.049255
0.025650
-0.505859
-0.309814
0.260742
-0.321045
-0.246094
0.064880
-0.048004
0.191895
-0.409424
0.093567
0.180420
-0.229736
-0.164917
-0.271484
0.320312
0.338135
1.219727
0.297119
-0.278076
-0.235107
0.051300
0.003643
0.099609
-0.060181
0.151367
0.209595
-0.037781
0.200439
-0.038391
-0.350098
0.122070
-0.083496
0.278809
0.411377
-0.197998
0.169800
-0.067383
-0.375977
-0.022507
-0.419189
-0.235718
0.369873
0.384033
-0.272217
0.385010
-0.135864
-0.054352
0.052673
-0.099854
0.338379
-0.067322
0.448486
0.066711
0.125488
-0.183228
-0.148315
-0.170288
0.541992
-0.360352
-0.210938
-0.161377
-0.052063
-0.032074
0.380371
0.027420
0.093018
0.499023
0.115173
-0.087219
0.497070
0.155640
-0.349121
0.117004
0.072571
0.162109
-0.109131
0.005219
-0.068909
-0.016663
0.274414
0.114868
-0.247559
-0.008102
-0.669434
-0.058136
0.112915
0.547852
0.145752
-0.186401
-0.111877
-0.008606
-0.021423
-0.186523
0.147949
-0.034882
-0.218262
0.406982
-0.192261
0.204224
-0.146729
-0.253662
0.028610
-0.148071
-0.389893
0.016190
0.022827
0.009415
-0.406982
-0.214111
-0.303467
0.212036
0.194824
0.244507
-0.208496
0.026031
0.209473
0.352051
-0.665527
-0.011993
-0.093262
0.348389
0.069641
-0.224609
-0.387451
0.227051
0.011314
0.404297
0.296875
-0.221924
-0.080811
0.688477
0.168701
0.237305
-0.126221
0.024200
-0.003119
0.116272
0.024689
-0.126831
-0.118408
0.155762
-0.144043
-0.804199
-0.666016
0.348877
-0.082642
0.057617
-0.812988
0.102966
0.307373
0.065063
0.123718
0.596680
-0.432861
0.518555
-0.684570
-0.884766
-0.208862
-0.123352
-0.194092
-0.030518
-0.103027
0.153809
-0.266113
-0.958496
-0.119568
-0.237061
-0.322266
0.068176
-0.291260
-0.255371
1.780273
0.283447
0.445801
0.078735
-0.100098
0.311768
-0.343994
0.478027
0.039154
0.166504
0.043182
0.383057
-0.518066
-0.070435
0.083130
0.410645
-0.400391
-0.249146
0.042969
-0.126343
-0.070374
-0.408691
-0.347900
0.321045
-0.170288
-0.362061
0.115479
0.168823
0.335938
-0.683105
0.069275
0.347412
-0.323975
-0.152466
-0.180786
0.426758
0.340088
1.696289
0.528320
-0.327393
-0.079285
0.024780
0.023621
0.177979
0.010376
0.274658
0.219604
0.039581
0.273926
-0.134888
-0.361572
0.152100
-0.002716
0.252197
0.550781
-0.321533
0.143433
-0.129517
-0.379883
-0.094482
-0.636719
-0.261475
0.230835
0.549805
-0.818359
0.409912
-0.139526
-0.205688
0.080627
0.043427
0.480957
-0.266113
0.643066
0.167358
0.152832
-0.270508
-0.015434
-0.182739
0.490967
-0.368896
-0.245239
-0.192993
-0.169067
0.060760
0.419434
0.153564
0.078247
0.544434
0.126953
-0.087646
0.603027
0.163330
-0.320801
0.075012
0.040375
0.134155
0.000164
0.003986
-0.062225
0.036469
0.222778
0.087830
-0.228516
0.070679
-0.523926
-0.037781
0.142578
0.558594
0.076538
-0.242920
-0.067993
0.035828
0.065918
-0.176147
0.157837
0.085632
-0.251953
0.313965
-0.160156
0.220703
-0.299316
-0.219116
0.018753
-0.317139
-0.434814
0.038971
-0.032379
0.036438
-0.420166
-0.128418
-0.324707
0.192749
0.245850
0.090210
-0.206055
-0.021957
0.112976
0.266846
-0.575195
0.044739
-0.095886
0.374268
0.051788
-0.406982
-0.372803
0.267334
0.065674
0.619141
0.312988
-0.263184
0.087585
0.677246
0.183472
0.214966
-0.069153
0.032867
0.079102
0.261719
-0.013092
-0.155029
-0.115845
0.275879
-0.043915
-0.694336
-0.708984
0.429688
-0.018143
-0.028824
-0.853516
0.098938
0.342773
0.078308
0.161255
0.470459
-0.436523
0.520508
-0.833984
-0.771973
-0.236206
-0.074219
-0.269287
-0.096497
-0.338623
0.043579
-0.259766
-1.010742
0.048737
-0.331055
-0.343506
0.140747
-0.240845
-0.493896
0.601562
0.405762
0.507812
0.022644
-0.022888
0.313477
-0.484131
0.534180
0.063965
0.264404
0.058929
0.541992
-0.481445
-0.012512
0.095642
0.328125
-0.360352
-0.388916
0.122742
-0.192383
-0.180298
-0.039398
-0.358154
0.287842
0.044922
-0.333496
0.185059
0.329590
0.453125
-0.669922
0.021530
0.429199
-0.231567
-0.179199
-0.106018
0.471191
0.322266
1.553711
0.565918
-0.412598
0.077209
0.045013
0.007549
0.226562
0.063538
0.361084
0.144653
0.090149
0.225586
-0.143311
-0.304932
0.101807
0.078064
0.295410
0.527832
-0.300049
0.201416
-0.068359
-0.341309
0.001448
-0.632324
-0.231079
0.138428
0.538086
-0.982910
0.341797
-0.094238
-0.371338
0.078369
0.218628
0.464355
-0.342041
0.563477
0.209229
0.088989
-0.318604
0.052490
-0.195312
0.218872
-0.448486
0.151733
0.209961
-0.081116
0.070679
0.216919
0.149658
-0.040863
0.180176
-0.026779
-0.149658
0.241943
0.169556
-0.155151
0.159058
0.092346
0.171265
-0.135986
-0.077515
-0.425293
-0.003744
0.233643
-0.108337
-0.072693
0.529297
-0.401367
0.099731
0.186523
0.665527
0.454590
0.161987
-0.144165
0.093323
0.225952
0.060944
0.259277
0.243286
-0.009651
0.259521
-0.151123
0.396240
-0.194946
-0.150146
0.016312
-0.490234
-0.229248
0.039307
0.101074
-0.020752
-0.535156
-0.065979
-0.450195
0.049774
0.354492
-0.078918
-0.209961
-0.308350
-0.017868
-0.191284
-0.144165
0.250244
-0.134399
0.229614
-0.063782
-0.037720
-0.241211
0.535156
0.079285
0.541016
0.354980
-0.087769
0.013153
0.797363
0.328613
0.092163
-0.015305
-0.123718
0.193359
0.431885
-0.122498
-0.230347
0.065186
0.352051
-0.112244
-0.368896
-0.704102
0.345459
-0.341064
-0.164062
-0.412109
0.083191
0.225830
0.146118
0.068420
0.588379
-0.448730
0.512695
-0.299561
-0.019699
-0.194946
-0.183472
-0.268066
-0.136230
1.434570
-0.078552
-0.248169
-0.470459
-0.009476
-0.204102
0.054626
0.042969
-0.230591
-0.164795
2.005859
0.226562
0.447266
-0.058044
-0.045197
0.354004
-0.132202
0.587402
0.154907
0.555664
-0.194214
0.509277
-0.221924
0.033722
0.091919
0.083801
0.156006
-0.327393
-0.182007
-0.030319
-0.063599
0.629395
-0.173462
0.224487
-0.042633
-0.119019
0.266113
0.334961
0.223633
-0.000829
-0.109192
0.360840
0.014702
-0.104919
0.034760
0.090759
0.551758
0.211548
0.591309
-0.172241
-0.301270
0.055420
0.038025
0.393311
0.062927
0.363525
0.011154
0.267578
-0.021347
0.110962
-0.522461
0.151489
-0.081421
0.141113
0.345947
-0.212891
0.001729
-0.133301
-0.305908
0.008095
-0.143433
-0.227905
0.065186
0.486084
-0.342041
-0.083252
-0.336426
-0.327637
0.174805
0.292236
0.504395
-0.402832
0.181641
0.332031
0.005775
-0.228638
0.017792
-0.127197
0.181763
-0.370605
0.125122
0.200928
-0.026077
-0.058685
0.257812
0.026672
-0.069824
0.025192
-0.059631
-0.151123
0.221069
0.237061
-0.210815
0.220581
0.148438
0.122742
-0.168091
-0.022614
-0.389648
-0.039551
0.126587
-0.187744
-0.019287
0.515625
-0.487061
-0.006313
0.215942
0.543945
0.413330
0.201904
-0.156372
0.053925
0.155762
-0.029083
0.053925
0.035461
-0.113342
0.289551
-0.160645
0.333984
0.014671
-0.197266
0.016693
-0.292969
-0.158325
-0.013649
0.125488
-0.012077
-0.518555
-0.169556
-0.287354
-0.010727
0.122925
0.028259
-0.312988
-0.186279
-0.021759
-0.210693
-0.232300
0.275391
-0.112793
0.215698
-0.009720
0.006298
-0.236816
0.414062
0.027496
0.390137
0.356201
-0.078735
-0.161987
0.742676
0.332520
0.143188
0.015297
-0.112793
0.075439
0.311768
0.008270
-0.166748
0.084106
0.182861
-0.075806
-0.238892
-0.582031
0.239136
-0.428223
-0.029114
-0.132080
0.017258
-0.008896
0.256592
0.163086
0.541504
-0.273682
0.394043
0.026855
0.054108
-0.063293
-0.142090
-0.138184
-0.157471
1.322266
-0.064148
-0.148438
-0.210205
-0.069336
-0.167847
0.227661
-0.080139
-0.182251
0.270752
3.464844
0.168701
0.140503
0.085571
-0.020386
0.313721
0.115845
0.359131
-0.020401
0.282959
-0.294189
0.325928
-0.091431
-0.093201
0.145996
-0.095886
0.156738
-0.193970
-0.360596
0.035797
-0.169922
0.306152
-0.225220
0.113403
-0.297119
-0.097595
0.309082
0.135132
0.324951
0.095947
0.002813
0.159790
0.078308
-0.085999
-0.092346
0.127075
0.575195
0.111816
0.369873
-0.185791
-0.395020
0.126709
-0.000749
0.155762
-0.048370
0.185059
0.010269
0.182129
-0.115479
0.083557
-0.474121
0.235962
-0.141357
0.199097
0.186646
-0.218140
0.037323
-0.000621
-0.382812
-0.000834
-0.037048
-0.154663
0.168701
0.360840
0.059540
-0.063110
-0.312012
-0.124084
0.103149
0.182861
0.402100
-0.307373
0.093018
0.228760
-0.017883
-0.079224
-0.077026
-0.053436
0.276611
-0.249634
-0.111084
-0.057007
0.024094
-0.235596
0.393799
-0.080261
-0.019455
0.109436
0.013657
-0.114563
0.399170
0.263184
-0.356934
0.258545
0.175781
0.037018
-0.139160
0.090576
-0.141846
-0.061768
0.068054
-0.123413
-0.066284
0.219360
-0.613281
-0.185791
0.197754
0.360352
0.176514
0.018799
-0.147217
0.003170
-0.021484
-0.221436
-0.206543
-0.300293
-0.315430
0.390137
-0.184570
0.183960
0.198608
-0.286377
0.045166
0.032104
-0.169800
-0.060272
0.098755
-0.011093
-0.434814
-0.311768
-0.061554
0.075928
-0.159058
0.243164
-0.366943
0.141235
0.078247
0.034454
-0.583496
0.153198
-0.091797
0.256836
0.105347
-0.099487
-0.317139
0.129883
-0.066345
0.190674
0.332520
-0.178711
-0.310303
0.620117
0.218872
0.260254
-0.029968
-0.045746
-0.156372
0.052612
0.234741
-0.039703
-0.045563
-0.086182
-0.063416
-0.289795
-0.439453
0.158325
-0.286865
0.199829
-0.127808
-0.054352
-0.173950
0.313721
0.295166
0.468994
-0.086060
0.255371
0.096375
-0.292725
0.046204
-0.030655
0.000803
-0.138550
0.253418
0.070557
-0.055023
-0.258057
-0.101990
-0.179688
0.197876
-0.149170
-0.112976
0.520020
4.765625
0.185303
-0.160278
0.270264
-0.014412
0.252686
0.175049
0.066528
-0.239624
-0.175171
-0.201782
0.106445
-0.078247
-0.254150
0.171753
-0.124390
-0.132812
-0.067078
-0.347656
0.040100
-0.342285
-0.443848
-0.356689
0.056000
-0.488770
-0.203247
0.244629
-0.069275
0.510254
-0.200806
0.188843
-0.022598
-0.030273
-0.120728
-0.241577
0.313232
0.433838
0.814453
0.129272
-0.328857
-0.293945
0.156494
-0.044098
-0.221436
-0.121155
-0.044464
0.081116
0.014061
-0.063599
-0.072388
-0.294922
0.297363
-0.121033
0.328613
0.108032
-0.249390
0.173218
0.151123
-0.435303
-0.094421
-0.197632
-0.060394
0.261475
0.229980
0.062195
0.178223
-0.139160
0.122559
-0.051422
0.009918
0.269775
-0.198853
0.223633
0.054779
0.041260
-0.084351
-0.099121
-0.064392
0.334229
-0.244385
-0.185059
-0.126831
-0.002481
-0.227173
0.424316
-0.067871
0.000010
0.183228
0.055359
-0.102051
0.456787
0.255127
-0.389160
0.222412
0.144287
0.035706
-0.105408
0.091370
-0.071899
-0.053772
0.075928
-0.060364
-0.114746
0.132568
-0.622070
-0.204590
0.176514
0.351562
0.100342
-0.070312
-0.131104
0.006622
-0.042389
-0.236450
-0.201050
-0.310303
-0.330078
0.384766
-0.175537
0.140869
0.156738
-0.290283
0.033936
0.043732
-0.203979
-0.067383
0.059052
0.014946
-0.396484
-0.302734
-0.066101
0.101868
-0.162598
0.238403
-0.348145
0.171021
0.098145
0.132446
-0.653320
0.117737
-0.078735
0.279053
0.118347
-0.180054
-0.337402
0.089294
-0.066528
0.220459
0.319092
-0.224609
-0.263184
0.587891
0.176880
0.281250
-0.049469
-0.019882
-0.165771
0.021790
0.245117
-0.036682
-0.075562
-0.088623
-0.055969
-0.384033
-0.445801
0.171021
-0.221191
0.217651
-0.236938
-0.047058
-0.128296
0.291992
0.299316
0.438965
-0.101990
0.270508
-0.080017
-0.466309
0.032959
0.006657
-0.007011
-0.119812
-0.099915
0.093201
-0.048706
-0.430420
-0.085876
-0.199219
0.046021
-0.119080
-0.113770
0.403809
3.521484
0.227051
-0.120972
0.268066
-0.007214
0.238281
0.072144
0.056519
-0.236816
-0.221069
-0.111267
0.119202
-0.192261
-0.223633
0.165039
-0.038849
-0.255859
-0.094910
-0.275146
0.000728
-0.387451
-0.514648
-0.379639
0.075012
-0.403076
-0.261719
0.240723
-0.033234
0.575195
-0.357910
0.207397
0.019867
-0.095032
-0.127197
-0.260986
0.401855
0.379395
1.162109
0.149658
-0.363037
-0.169678
0.170166
-0.044891
-0.219360
-0.126587
-0.033264
0.106750
-0.024155
0.028275
-0.126709
-0.251953
0.314209
-0.088318
0.349609
0.180420
-0.278564
0.193115
0.149536
-0.433105
-0.084351
-0.325439
-0.058502
0.256348
0.288086
-0.138428
0.247070
-0.096497
0.082214
-0.072815
0.026199
0.270020
-0.217041
0.286133
0.053772
0.060455
-0.141479
0.076355
-0.048401
0.330322
-0.214111
-0.328369
-0.307129
-0.211060
-0.081543
0.567871
0.160034
-0.004395
0.328125
0.160156
-0.113953
0.753906
0.327881
-0.338135
0.234741
0.041412
-0.045654
0.109863
0.150146
0.076782
-0.008064
-0.047028
-0.008102
-0.168091
0.074829
-0.385742
-0.270996
0.187622
0.297363
-0.146118
-0.319824
-0.043304
0.136230
-0.005489
-0.234741
-0.243408
-0.171387
-0.496338
0.213867
-0.115112
0.082825
-0.060547
-0.223022
0.013138
-0.123596
-0.327148
-0.037872
-0.032074
0.075500
-0.332764
-0.237427
-0.025482
0.109009
-0.147217
0.006668
-0.282959
0.178345
-0.008675
0.069885
-0.615723
0.108337
-0.053223
0.317871
0.180542
-0.583496
-0.368408
0.008896
0.005604
0.456787
0.346924
-0.459473
-0.006962
0.489014
0.121948
0.375244
-0.028046
-0.013321
-0.078247
0.140015
0.189087
-0.019730
-0.086670
0.010788
0.015213
-0.218384
-0.452148
0.288086
0.040192
0.145508
-0.267578
0.038025
-0.035431
0.271729
0.393799
0.115906
-0.095886
0.171997
-0.361816
-0.385742
0.030350
0.140747
-0.062073
-0.256836
-1.186523
-0.096375
0.062622
-0.563965
0.189819
-0.352051
-0.268555
-0.017624
-0.033813
-0.006557
1.672852
0.476807
-0.262939
0.213013
0.168823
0.228638
-0.271484
0.120178
-0.256348
-0.142090
-0.043762
0.365234
-0.201538
-0.090759
0.164551
-0.016113
-0.246338
-0.373291
-0.053040
-0.134033
-0.603027
-0.064819
-0.419189
0.032806
0.188721
-0.292725
0.317383
0.171021
0.831543
-0.371582
0.202637
0.122742
0.066406
-0.118896
-0.280762
0.555176
0.319092
1.436523
0.066467
-0.518555
0.275391
0.234863
-0.081543
-0.235596
-0.108704
0.075623
0.030197
-0.019272
0.002386
-0.207520
-0.106812
0.240112
0.011681
0.403320
0.203003
-0.347900
0.325195
0.289795
-0.402344
0.103394
-0.358643
0.043213
0.204590
0.275391
-0.450928
0.281982
0.009590
-0.166016
-0.113770
0.320801
0.154663
-0.315430
0.241089
0.112122
-0.030014
-0.170654
0.234741
-0.011093
0.342529
-0.161743
-0.507812
-0.570801
-0.411865
0.047821
0.726562
0.392090
0.008949
0.555176
0.317139
-0.113159
1.087891
0.386475
-0.296875
0.264404
-0.067688
-0.154541
0.348145
0.229980
0.280273
0.033478
-0.154907
0.104614
-0.262207
-0.068726
-0.112244
-0.372070
0.181396
0.207520
-0.438232
-0.612793
0.042786
0.319580
-0.007523
-0.231445
-0.307129
-0.071350
-0.667480
0.053894
-0.068054
-0.009247
-0.261963
-0.155273
0.012695
-0.238770
-0.456543
0.003773
-0.120850
0.131592
-0.242920
-0.160400
0.033875
0.189331
-0.154541
-0.207153
-0.179199
0.255371
-0.107361
0.052948
-0.626953
0.044983
-0.062256
0.347412
0.268799
-1.002930
-0.428711
-0.126343
0.065002
0.628418
0.373535
-0.760254
0.248779
0.375244
0.020462
0.499756
-0.056061
-0.030640
-0.042419
0.147827
0.171143
0.028671
-0.127563
0.049774
0.039368
-0.056610
-0.406982
0.390625
0.431885
0.106567
-0.323242
0.140625
0.073181
0.233521
0.481445
-0.217285
-0.060272
0.018280
-0.610840
-0.316650
0.039124
0.291016
-0.098022
-0.355957
-2.402344
-0.238037
0.203735
-0.715332
0.461670
-0.498779
-0.668945
0.075989
0.061859
-0.432129
-0.365234
0.711914
-0.495605
0.159302
0.326904
0.207153
-0.653320
0.131836
-0.298584
-0.114319
0.094238
0.525391
-0.195435
0.065125
0.140625
0.048218
-0.251709
-0.633301
0.233154
-0.238159
-0.806152
0.282959
-0.438477
0.003830
0.895508
-0.354980
0.313477
0.349121
1.014648
-0.394531
0.210693
0.196289
0.200684
-0.121765
-0.285156
0.697266
0.187012
1.909180
-0.076538
-0.678711
0.749023
0.275391
-0.104797
-0.325684
-0.082092
0.134644
-0.024841
-0.037903
0.009171
-0.302979
0.066406
0.168945
0.103455
0.469238
0.221680
-0.430664
0.463867
0.420410
-0.350830
0.223267
-0.395264
0.179932
0.118530
0.214233
-0.822754
0.333740
0.144409
-0.346680
-0.185425
0.583496
-0.014549
-0.417236
0.203369
0.162598
-0.088257
-0.194336
0.275635
0.016037
0.265137
-0.138184
-0.433838
-0.510742
-0.402832
0.024353
0.678223
0.336670
-0.006725
0.496582
0.294922
-0.098450
0.943848
0.388672
-0.294189
0.230713
-0.021133
-0.136597
0.320557
0.215454
0.207520
0.040466
-0.161621
0.038879
-0.205933
-0.015320
-0.090576
-0.327148
0.209473
0.174316
-0.343262
-0.458740
0.044983
0.289307
0.011391
-0.204590
-0.317139
-0.062073
-0.630859
0.058533
-0.091370
0.024796
-0.235229
-0.148071
0.039948
-0.217773
-0.401855
0.038177
-0.083862
0.089172
-0.296143
-0.115051
0.054962
0.147095
-0.139038
-0.175415
-0.220215
0.231812
-0.158203
-0.020935
-0.538086
0.069580
-0.131104
0.334473
0.232544
-0.888672
-0.398193
-0.077759
0.087646
0.605469
0.362061
-0.675781
0.188599
0.420898
0.082275
0.438232
-0.025009
-0.077515
-0.054596
0.100952
0.200928
0.042297
-0.101196
0.046082
0.072083
0.073669
-0.354248
0.375732
0.446777
0.083435
-0.177490
0.112366
0.015312
0.244751
0.467041
-0.214355
-0.031189
-0.032135
-0.415039
-0.083008
0.044800
0.250732
-0.078613
-0.345459
-1.900391
-0.218384
0.226074
-0.519043
0.430664
-0.482666
-0.560059
0.049866
0.071594
-0.327637
-0.581543
0.644531
-0.549805
0.175171
0.304932
0.217163
-0.553223
0.083801
-0.302490
-0.077820
0.071533
0.461182
-0.060150
0.044250
0.135864
-0.008018
-0.104370
-0.554199
0.181641
-0.170044
-0.703613
0.291016
-0.407715
0.018539
0.861328
-0.306396
0.240967
0.270996
0.875977
-0.208862
0.189331
0.150513
0.250732
-0.137573
-0.255859
0.621582
0.155762
1.692383
-0.145264
-0.634766
0.634277
0.244751
-0.090027
-0.339111
-0.070190
0.088196
-0.034760
-0.026886
-0.062134
-0.230103
0.032074
0.140015
0.068481
0.451172
0.145630
-0.327881
0.455566
0.409180
-0.328857
0.196167
-0.267334
0.192993
0.114136
0.121765
-0.597656
0.307373
0.124817
-0.282227
-0.183105
0.522461
-0.051636
-0.364014
0.113159
0.142456
-0.088745
-0.219604
0.300537
0.028076
0.090210
-0.139282
-0.230103
-0.287109
-0.296875
-0.074829
0.530273
0.208374
-0.047760
0.277832
0.181641
-0.087341
0.594238
0.355713
-0.286865
0.180420
0.091309
-0.087280
0.206543
0.165527
-0.016647
0.034180
-0.124878
-0.126221
-0.061798
0.189331
-0.121643
-0.204956
0.258545
0.173828
-0.056793
-0.103882
0.011589
0.200684
0.082092
-0.126099
-0.307129
-0.066589
-0.479980
0.112366
-0.118408
0.142090
-0.129028
-0.144043
0.081665
-0.193481
-0.222046
0.063660
0.011734
-0.004818
-0.424072
-0.054810
0.051392
0.058868
-0.095764
-0.108948
-0.309570
0.134644
-0.218018
-0.179321
-0.350830
0.174316
-0.206543
0.281982
0.135864
-0.543945
-0.309570
0.071716
0.085754
0.505859
0.341064
-0.419922
0.041504
0.523926
0.208008
0.284668
0.039917
-0.134155
-0.061584
0.108093
0.252686
0.032837
-0.061096
0.042999
0.104614
0.239624
-0.314453
0.312256
0.271973
0.049408
0.092529
-0.001639
-0.133545
0.301514
0.406250
-0.104248
0.014198
-0.039337
0.010468
0.343994
0.057129
0.142334
-0.044342
-0.312988
-0.448730
-0.177856
0.202515
-0.114685
0.304932
-0.389160
-0.153076
-0.026749
0.078125
0.016418
0.587891
0.451416
-0.486084
0.205322
0.222534
0.240479
-0.199829
-0.015656
-0.278809
-0.005970
-0.049652
0.324707
0.175415
-0.040802
0.146240
-0.182129
0.160645
-0.332520
-0.069336
-0.030960
-0.526367
0.325928
-0.343018
0.025085
0.505859
-0.171143
0.184326
0.129761
0.633301
0.130981
0.128296
0.062683
0.318604
-0.153687
-0.163818
0.440186
0.185181
0.962402
-0.176270
-0.490234
0.261963
0.205200
-0.061859
-0.280273
-0.057922
0.001017
-0.066284
0.023911
-0.212891
-0.051605
-0.087708
0.143799
-0.016678
0.387695
-0.021072
-0.122925
0.361084
0.351807
-0.302246
0.146240
-0.010201
0.170044
0.104187
0.022705
-0.058228
0.163574
0.025909
-0.146118
-0.156860
0.373291
-0.031204
-0.270752
-0.104980
0.114197
-0.097351
-0.223755
0.317627
0.062378
-0.009171
-0.104919
-0.101257
-0.160522
-0.227539
-0.129150
0.443604
0.084167
-0.074402
0.122070
0.096436
-0.074280
0.360596
0.363770
-0.274170
0.171631
0.176392
-0.042450
0.114441
0.140991
-0.145996
0.021149
-0.138428
-0.260498
0.041260
0.273193
-0.174561
-0.141602
0.303223
0.134399
0.127686
0.144653
-0.002771
0.100586
0.089905
-0.123108
-0.320312
-0.069214
-0.435547
0.141968
-0.138062
0.201782
-0.037140
-0.147095
0.108215
-0.120911
-0.135864
0.096008
0.084900
-0.068665
-0.502441
-0.041107
0.090820
-0.026550
-0.082642
-0.006237
-0.379150
0.080994
-0.255127
-0.271240
-0.231323
0.214722
-0.264404
0.258301
0.095703
-0.309326
-0.258057
0.132690
0.109741
0.412598
0.320557
-0.241455
-0.113342
0.583496
0.317627
0.188110
0.090515
-0.164185
-0.069946
0.080200
0.274902
0.036621
-0.013649
0.025375
0.128418
0.386475
-0.232422
0.275146
0.184937
0.033722
0.334961
-0.050049
-0.228271
0.329346
0.375244
-0.064575
0.039246
-0.073120
0.324707
0.670898
0.076233
0.042877
-0.005619
-0.290527
0.427246
-0.168701
0.194092
0.234253
0.179077
-0.337891
0.096008
-0.097168
0.054779
0.278564
1.529297
0.317627
-0.477783
0.243042
0.178589
0.248291
0.036377
-0.057373
-0.279297
0.048492
-0.175293
0.243530
0.358398
-0.123291
0.163452
-0.238159
0.359375
-0.183716
-0.233887
0.055969
-0.337891
0.266357
-0.311523
0.049500
0.259033
-0.069153
0.123352
-0.028549
0.427734
0.412598
0.100647
-0.024857
0.384033
-0.162109
-0.174438
0.315918
0.203491
0.471680
-0.254639
-0.395508
-0.006313
0.167480
-0.049500
-0.248291
-0.076660
-0.048126
-0.063293
0.030106
-0.328369
0.069885
-0.178101
0.104309
-0.086548
0.336426
-0.127686
0.012939
0.325684
0.319336
-0.307373
0.137329
0.179077
0.144043
0.175415
-0.063965
0.409424
0.139648
-0.042633
-0.046509
-0.125610
0.224854
-0.049683
-0.137207
-0.207520
0.066589
-0.105896
-0.258057
0.332031
0.044617
-0.018417
-0.126587
-0.095581
-0.160278
-0.256104
-0.067566
0.454834
0.140503
-0.090698
0.145752
0.081970
-0.078369
0.434570
0.340576
-0.239014
0.195190
0.145020
-0.058258
0.137451
0.126831
-0.158813
0.039673
-0.135620
-0.244995
0.020203
0.337158
-0.107178
-0.149292
0.308594
0.176392
0.101379
0.101746
-0.009377
0.147949
0.115723
-0.120422
-0.297852
-0.023621
-0.418457
0.111267
-0.132446
0.202271
-0.075562
-0.140503
0.090759
-0.206177
-0.175171
0.085266
0.061066
-0.026474
-0.486572
-0.013428
0.025604
-0.002573
-0.076538
-0.094360
-0.344727
0.062073
-0.280273
-0.324219
-0.183350
0.243530
-0.254395
0.248169
0.088135
-0.374268
-0.261230
0.148438
0.127075
0.498291
0.346680
-0.277832
-0.049133
0.584473
0.303223
0.174805
0.091370
-0.167480
-0.047852
0.135620
0.231934
0.003778
0.017960
0.059021
0.129395
0.393311
-0.239624
0.285645
0.172852
0.000592
0.257568
-0.032593
-0.189087
0.339600
0.382080
-0.038696
0.032715
-0.052673
0.281250
0.635742
0.068726
0.056396
-0.052032
-0.288818
0.244751
-0.204834
0.169678
0.172485
0.240967
-0.367920
0.099854
-0.072754
0.065491
0.186523
0.974609
0.358154
-0.465088
0.191650
0.185913
0.238647
-0.017639
0.006596
-0.261475
0.084900
-0.175903
0.270996
0.348633
-0.090332
0.167969
-0.297363
0.360352
-0.259277
-0.184448
0.041870
-0.390625
0.439697
-0.272705
0.011505
0.352783
-0.045197
0.150879
0.058563
0.433594
0.399414
0.075073
-0.005466
0.389893
-0.173096
-0.108643
0.250488
0.248413
0.299072
-0.191284
-0.424805
0.007000
0.150879
-0.053101
-0.246826
-0.036407
-0.012161
-0.091919
0.079163
-0.327393
0.059875
-0.170532
0.103516
-0.063660
0.364014
-0.114441
-0.039337
0.330811
0.326416
-0.284424
0.114868
0.191162
0.144165
0.095764
-0.067932
0.273438
0.034515
-0.042511
-0.074768
-0.106812
0.302490
-0.041077
-0.222168
-0.215454
0.098694
-0.117004
-0.261475
0.402100
0.023422
-0.038910
-0.120056
-0.150757
-0.288086
-0.327881
0.000351
0.510254
0.288818
-0.084412
0.283936
0.119568
-0.095947
0.637207
0.311279
-0.170288
0.242065
0.074585
-0.102905
0.229126
0.157715
-0.083374
0.058990
-0.129028
-0.190186
-0.034637
0.284180
0.063843
-0.141357
0.284424
0.183716
-0.007179
-0.042389
-0.004723
0.243896
0.127563
-0.102844
-0.280029
0.048218
-0.442383
0.062042
-0.100830
0.191284
-0.176880
-0.115295
0.097290
-0.295410
-0.230225
0.103027
0.040466
-0.013481
-0.429199
0.035126
-0.035461
0.110535
-0.045807
-0.227417
-0.221802
0.090637
-0.283691
-0.368652
-0.167969
0.204102
-0.255859
0.237915
0.097351
-0.544922
-0.280029
0.096924
0.147461
0.559082
0.369629
-0.395020
0.090576
0.537598
0.245850
0.192993
0.036102
-0.183228
-0.049500
0.229248
0.195679
0.008324
-0.022110
0.064453
0.099487
0.454590
-0.223999
0.352051
0.339600
-0.053528
0.140991
-0.010391
-0.096252
0.311768
0.403076
-0.112366
0.014366
-0.097046
0.171509
0.641113
0.043457
0.127075
-0.112305
-0.345459
-0.375488
-0.251709
0.194946
0.054504
0.398193
-0.437012
-0.018265
0.005733
0.130249
-0.084717
0.704102
0.478760
-0.525391
0.144287
0.232056
0.244263
-0.216797
0.061340
-0.237061
0.155640
-0.099915
0.385498
0.369873
-0.038635
0.129395
-0.291504
0.369873
-0.405518
-0.023849
0.005417
-0.497070
0.681152
-0.251709
0.023346
0.659668
-0.050995
0.110535
0.196411
0.488037
0.338135
0.060516
0.052582
0.411133
-0.197388
-0.027374
0.199463
0.226196
0.370605
-0.171021
-0.506836
0.198730
0.111938
-0.061768
-0.278809
0.055725
0.022491
-0.152832
0.151978
-0.323486
0.058380
-0.094788
0.041260
-0.021042
0.381836
-0.100220
-0.101929
0.386719
0.361816
-0.203125
0.097656
0.187134
0.203979
-0.011436
-0.111816
-0.011406
-0.013161
0.021271
-0.134033
-0.148438
0.455566
-0.075012
-0.321045
-0.210205
0.141479
-0.112976
-0.248535
0.457031
0.021973
0.006996
-0.089966
-0.286133
-0.469727
-0.417969
0.051056
0.601562
0.399658
-0.055023
0.445801
0.190186
-0.107361
0.863281
0.325684
-0.154907
0.261475
0.014832
-0.145142
0.335693
0.203979
0.062744
0.073914
-0.161621
-0.127808
-0.094910
0.138428
0.152588
-0.173706
0.260742
0.146240
-0.180664
-0.236572
0.028488
0.301270
0.101257
-0.147339
-0.305908
0.078369
-0.545898
0.012566
-0.075500
0.137207
-0.275635
-0.103149
0.098267
-0.318848
-0.315186
0.117065
-0.004871
0.010399
-0.359131
0.041046
-0.018997
0.186157
-0.051880
-0.282959
-0.151855
0.163086
-0.268555
-0.310791
-0.252441
0.130981
-0.238281
0.270752
0.143433
-0.772949
-0.316162
-0.005257
0.162354
0.625000
0.371826
-0.539551
0.204102
0.465576
0.182861
0.258057
-0.001727
-0.166870
-0.053802
0.270020
0.186646
0.032104
-0.078735
0.063232
0.107849
0.457520
-0.214478
0.429932
0.534668
-0.063782
0.029938
0.027237
-0.021576
0.274902
0.450439
-0.264404
-0.004337
-0.142090
-0.039825
0.529785
0.022781
0.210693
-0.140625
-0.405029
-1.248047
-0.287354
0.239502
-0.117310
0.519531
-0.517090
-0.230835
0.077148
0.170898
-0.341309
0.066589
0.621582
-0.566895
0.151611
0.303467
0.248413
-0.440918
0.081726
-0.248901
0.150391
-0.018143
0.519531
0.318359
-0.008774
0.103882
-0.193970
0.283203
-0.533691
0.135010
-0.079346
-0.604492
0.712891
-0.310303
0.053131
0.912598
-0.113403
0.093933
0.275879
0.634766
0.175781
0.094482
0.118652
0.415771
-0.210815
-0.062744
0.316406
0.161865
0.809570
-0.204468
-0.613770
0.471191
0.119385
-0.081055
-0.318604
0.079834
0.062683
-0.165161
0.135132
-0.281250
-0.003410
0.006252
-0.018585
0.039886
0.412842
-0.049683
-0.159424
0.478271
0.417725
-0.181152
0.156860
0.080872
0.250977
-0.006851
-0.107117
-0.281006
0.106445
0.116089
-0.232666
-0.206055
0.558105
-0.118286
-0.337646
-0.132446
0.147217
-0.112854
-0.240112
0.425293
0.029312
0.105713
-0.083618
-0.401855
-0.568848
-0.451416
0.058533
0.665039
0.406494
-0.025650
0.536621
0.247437
-0.084961
0.970215
0.337158
-0.214478
0.234741
-0.013924
-0.166138
0.384766
0.224365
0.172852
0.081726
-0.177002
-0.046082
-0.150879
0.028671
0.117310
-0.245361
0.244507
0.126587
-0.309570
-0.381592
0.053650
0.308594
0.060791
-0.196899
-0.332764
0.029541
-0.618652
0.012039
-0.076965
0.070251
-0.309326
-0.115601
0.083069
-0.289307
-0.382324
0.103638
-0.063965
0.047150
-0.319824
0.014931
0.025436
0.206055
-0.091553
-0.261719
-0.159302
0.234497
-0.245117
-0.174316
-0.379883
0.087158
-0.209717
0.312744
0.189209
-0.903320
-0.359863
-0.074890
0.151001
0.667480
0.365967
-0.620117
0.246826
0.422852
0.125244
0.323730
-0.012184
-0.117798
-0.067200
0.203003
0.210938
0.045746
-0.117249
0.056519
0.123901
0.338623
-0.245239
0.436035
0.600098
-0.013062
-0.105774
0.049622
0.015793
0.259033
0.478271
-0.309570
0.008255
-0.128052
-0.241821
0.259521
0.025833
0.254883
-0.130981
-0.382324
-1.802734
-0.268555
0.243042
-0.314209
0.539062
-0.548828
-0.404053
0.096191
0.159790
-0.441406
-0.576172
0.678223
-0.554688
0.154175
0.323242
0.222046
-0.560059
0.068481
-0.281250
0.039734
0.066772
0.513184
0.191650
0.019791
0.120789
-0.116272
0.097107
-0.571777
0.228760
-0.142700
-0.676758
0.546875
-0.361328
0.039429
0.985840
-0.196167
0.124878
0.302979
0.748047
-0.028152
0.131836
0.140747
0.351562
-0.214844
-0.117249
0.464355
0.096313
1.254883
-0.208252
-0.681641
0.612793
0.152222
-0.091614
-0.366211
0.050842
0.072021
-0.115723
0.059967
-0.191040
-0.118347
0.075989
0.010017
0.095642
0.466797
0.018494
-0.210327
0.521973
0.444824
-0.212402
0.177856
-0.091248
0.251221
0.005535
-0.057068
-0.510742
0.215088
0.177979
-0.272949
-0.222046
0.564941
-0.133545
-0.348389
-0.027466
0.125488
-0.108398
-0.244385
0.270996
0.007023
0.144775
-0.150635
-0.278564
-0.347412
-0.309082
-0.013069
0.563965
0.232544
-0.044678
0.350098
0.160400
-0.065186
0.719727
0.311035
-0.280762
0.202393
0.047241
-0.096130
0.220093
0.151245
0.022766
0.048584
-0.106018
-0.074158
-0.118652
0.167969
-0.105164
-0.231812
0.250977
0.219116
-0.119568
-0.210693
-0.001191
0.203613
0.061310
-0.178711
-0.277832
-0.050781
-0.488770
0.112427
-0.111450
0.107483
-0.170654
-0.158203
0.053436
-0.230713
-0.309082
0.049561
-0.036682
0.053558
-0.380859
-0.042633
-0.015030
0.115051
-0.097351
-0.147339
-0.255859
0.158691
-0.197754
-0.129761
-0.375977
0.159912
-0.173096
0.292725
0.149780
-0.625977
-0.338623
0.034668
0.107117
0.585449
0.356689
-0.451172
0.085205
0.508301
0.172729
0.267822
0.021881
-0.089111
-0.061127
0.136230
0.214355
-0.007725
-0.054352
0.055023
0.097839
0.145264
-0.312988
0.324951
0.269043
0.044250
-0.108643
0.011681
-0.047852
0.294189
0.410889
-0.053986
-0.001196
0.012024
-0.156006
0.092407
0.039825
0.142212
-0.093750
-0.259766
-0.933594
-0.183228
0.135498
-0.287109
0.322510
-0.435303
-0.217407
0.004730
0.047668
-0.130371
0.038971
0.500000
-0.381104
0.143799
0.206787
0.199341
-0.301514
0.080688
-0.262939
-0.029907
-0.008545
0.328857
0.088440
-0.017151
0.170532
-0.138794
0.024353
-0.406494
0.033142
-0.080750
-0.552734
0.313965
-0.322998
0.003975
0.555664
-0.178589
0.203735
0.208252
0.638672
-0.025696
0.112549
0.082703
0.244019
-0.190308
-0.130249
0.409912
0.191528
1.023438
-0.085144
-0.555664
0.277100
0.172485
-0.068909
-0.287109
-0.019348
0.047028
-0.042206
0.025345
-0.138672
-0.122864
-0.056915
0.141113
0.038696
0.447021
0.048492
-0.183350
0.394043
0.341797
-0.290039
0.104309
-0.124878
0.134888
0.049286
0.049866
-0.325439
0.140625
0.057465
-0.172241
-0.125854
0.391113
-0.019821
-0.326416
0.002829
0.110901
-0.089355
-0.218506
0.110291
-0.007267
0.162720
-0.208130
-0.123779
-0.103577
-0.140747
-0.115601
0.432617
0.030960
-0.060730
0.142578
0.063293
-0.059479
0.417480
0.286377
-0.331055
0.180420
0.133301
-0.015823
0.024261
0.084717
-0.144897
0.004681
-0.028732
-0.129883
-0.060944
0.301514
-0.344971
-0.196533
0.252686
0.291748
0.107605
0.020218
-0.066772
0.087830
0.057007
-0.153320
-0.229492
-0.150879
-0.347168
0.235352
-0.157593
0.163696
0.013763
-0.204834
0.042023
-0.130005
-0.203247
0.004185
0.028030
0.026642
-0.451904
-0.123962
-0.039581
0.021805
-0.109985
0.020203
-0.359619
0.086365
-0.132202
-0.108459
-0.371094
0.218384
-0.162720
0.262451
0.097839
-0.279297
-0.303467
0.152710
0.047363
0.430664
0.340820
-0.245728
-0.126099
0.603027
0.239014
0.208252
0.048187
-0.081360
-0.082336
0.056030
0.225342
-0.043457
0.004467
0.023727
0.057068
-0.012688
-0.364502
0.204224
-0.066833
0.101501
-0.040222
-0.034729
-0.140137
0.322998
0.333008
0.226440
-0.011749
0.129150
0.055542
0.019897
0.057617
0.017288
-0.036316
-0.148682
0.130005
-0.068298
0.036652
-0.167236
0.088074
-0.293457
0.049316
-0.099792
-0.050323
0.262207
1.560547
0.284180
-0.265625
0.164917
0.075378
0.203979
0.008911
0.064880
-0.245728
-0.083923
-0.116211
0.134155
0.056000
-0.097595
0.195190
-0.188110
0.018387
-0.196777
-0.200684
0.017014
-0.388428
0.022720
-0.287109
-0.006180
0.044434
-0.149780
0.240601
0.058960
0.475586
0.037292
0.105530
0.000642
0.146118
-0.157227
-0.141602
0.308838
0.295654
0.702637
0.008827
-0.401123
-0.115234
0.170776
-0.042023
-0.229492
-0.079773
-0.008614
0.023056
0.012512
-0.133789
-0.083130
-0.209351
0.249390
-0.049316
0.390869
0.040283
-0.141113
0.249878
0.231445
-0.361084
-0.000647
-0.090210
0.030365
0.110535
0.109253
-0.019424
0.071655
-0.077637
-0.010902
-0.044189
0.182495
0.100830
-0.270508
0.026825
0.087952
-0.050446
-0.181641
0.065491
-0.002907
0.169067
-0.219360
-0.132446
-0.095093
-0.074097
-0.193604
0.430420
0.000647
-0.048706
0.120728
0.072144
-0.040741
0.368164
0.275146
-0.383301
0.177612
0.158325
-0.027817
0.007679
0.098572
-0.146484
-0.005142
0.003145
-0.106506
-0.056976
0.284180
-0.402344
-0.228271
0.243652
0.283447
0.134644
0.028275
-0.073914
0.073975
0.042572
-0.142456
-0.259277
-0.233032
-0.336670
0.292236
-0.164551
0.172363
0.062012
-0.214233
0.056366
-0.068604
-0.149780
-0.010956
0.043335
-0.002638
-0.476074
-0.148071
0.005856
0.045471
-0.130615
0.076172
-0.382080
0.127808
-0.104309
-0.048187
-0.432129
0.213989
-0.152832
0.255859
0.120667
-0.209595
-0.317627
0.139160
0.004288
0.337646
0.339355
-0.215454
-0.164673
0.602539
0.211304
0.224243
0.032257
-0.063538
-0.115173
-0.004044
0.294678
-0.019730
-0.054169
-0.016754
0.017685
-0.072510
-0.393555
0.159790
-0.099915
0.160034
-0.049988
-0.073792
-0.179199
0.333008
0.330078
0.256348
0.031067
0.129395
0.095459
-0.012383
0.074402
0.011024
0.002428
-0.118103
0.369385
-0.027206
0.034760
-0.151733
0.048401
-0.260986
0.102173
-0.127686
-0.051331
0.357422
2.880859
0.232910
-0.249023
0.180420
0.044006
0.189453
0.081970
-0.013100
-0.269287
-0.164307
-0.086365
0.035706
0.067383
-0.111023
0.205811
-0.192383
-0.033539
-0.120728
-0.253174
0.042633
-0.403076
-0.103638
-0.294189
-0.016052
-0.054688
-0.161011
0.245728
0.026840
0.480225
0.015266
0.113464
-0.036407
0.121338
-0.160522
-0.130249
0.334473
0.256348
0.770996
-0.007965
-0.385254
-0.166260
0.188110
-0.035767
-0.249756
-0.098572
-0.065247
0.044739
-0.022903
-0.126709
-0.100342
-0.203613
0.305176
-0.054291
0.397949
0.008850
-0.091797
0.226807
0.223267
-0.369873
-0.031647
-0.117432
0.033966
0.095764
0.115356
0.020477
0.073608
-0.075317
0.042114
-0.055511
0.123840
0.098572
-0.260254
0.007717
0.063416
-0.045227
-0.210449
0.151855
0.005615
0.076172
-0.207764
-0.102783
-0.085144
-0.106140
-0.215088
0.404785
0.036438
-0.051300
0.131226
0.099792
-0.035828
0.297363
0.266602
-0.377930
0.117554
0.172363
-0.042175
0.058502
0.107422
-0.180420
0.024857
0.005127
-0.125244
-0.017868
0.327881
-0.293457
-0.178467
0.253174
0.251221
0.162842
0.101013
-0.051239
0.114990
0.101318
-0.070801
-0.270020
-0.206909
-0.293701
0.274658
-0.164185
0.209595
0.017395
-0.186157
0.091003
-0.115295
-0.083130
0.021027
0.056854
-0.048004
-0.517090
-0.063049
0.018555
0.049103
-0.096741
0.022095
-0.392090
0.112854
-0.172729
-0.117859
-0.357178
0.244141
-0.225586
0.241455
0.080322
-0.196167
-0.287842
0.187622
0.007996
0.358887
0.334229
-0.190796
-0.103699
0.614746
0.223755
0.185059
0.047119
-0.110657
-0.118408
-0.003439
0.344482
0.005524
-0.086121
0.002607
0.054718
0.064636
-0.397217
0.170532
-0.008865
0.117981
0.031311
-0.119690
-0.213135
0.333984
0.323242
0.194458
0.075684
0.068726
0.200317
0.251709
0.071655
0.036072
0.004196
-0.146484
0.794922
-0.024490
0.093140
-0.039368
0.124573
-0.262451
0.171143
-0.106140
0.025604
0.328857
2.189453
0.220703
-0.292480
0.174927
0.050995
0.201294
0.099243
-0.108459
-0.257812
-0.120789
-0.029068
0.013443
0.197998
-0.087524
0.181519
-0.286865
0.098022
-0.083008
-0.260742
0.090210
-0.423096
0.078552
-0.267090
-0.002514
0.057373
-0.126831
0.186035
0.051056
0.428223
0.146484
0.078430
-0.030029
0.188354
-0.178711
-0.019470
0.307129
0.177612
0.624512
-0.062195
-0.370361
-0.142090
0.175415
-0.019196
-0.257080
-0.044403
-0.110107
-0.010635
0.013832
-0.192505
-0.029129
-0.175293
0.288330
-0.049744
0.382568
-0.074768
0.027267
0.217773
0.235596
-0.297363
-0.040161
-0.015808
0.093811
-0.008240
0.028061
0.087708
-0.000282
-0.051910
0.052399
-0.099182
0.169434
0.056396
-0.284180
-0.147949
0.077454
-0.054596
-0.329590
0.347412
0.035492
-0.135986
-0.165039
-0.014709
-0.044037
-0.208862
-0.174194
0.356934
0.100708
-0.100891
0.083496
0.100159
-0.004410
0.174316
0.256348
-0.332764
0.020981
0.178711
-0.070374
0.157715
0.090942
-0.277832
0.083191
-0.049286
-0.213257
0.062622
0.488525
-0.026810
-0.095093
0.306885
0.191406
0.226196
0.269531
-0.008057
0.168457
0.221680
0.040436
-0.285400
-0.081360
-0.222534
0.167603
-0.149292
0.253418
-0.090820
-0.121094
0.119202
-0.251221
-0.005543
0.088379
0.052063
-0.073120
-0.573730
0.135620
0.008530
-0.005238
-0.035034
-0.160034
-0.401367
0.030991
-0.369629
-0.337158
-0.092346
0.342773
-0.337646
0.206177
0.000857
-0.203369
-0.214966
0.282959
0.086548
0.501465
0.326416
-0.133423
0.014351
0.631836
0.287842
0.059723
0.120178
-0.191406
-0.081299
0.047272
0.370850
0.005222
-0.047241
0.078857
0.177612
0.414307
-0.305664
0.197510
0.125122
0.004608
0.236694
-0.183472
-0.269043
0.358154
0.324463
0.044189
0.159424
-0.056824
0.397461
0.765137
0.077942
0.052612
-0.018097
-0.178101
1.384766
-0.109497
0.186401
0.243774
0.265381
-0.301025
0.283203
-0.080566
0.139038
0.247437
-0.513184
0.219238
-0.380127
0.112183
0.087341
0.187378
0.128906
-0.197266
-0.234131
0.004784
0.014641
-0.006123
0.452637
-0.012665
0.173584
-0.464600
0.382080
-0.079590
-0.256348
0.155884
-0.422363
0.552246
-0.172241
-0.027756
0.343506
-0.009506
0.111328
0.115784
0.292969
0.486084
-0.017944
-0.040741
0.365723
-0.220093
0.159180
0.173828
0.072815
0.105652
-0.170044
-0.361816
-0.133667
0.152954
-0.002939
-0.247314
0.042084
-0.149170
-0.115356
0.081421
-0.327393
0.098816
-0.135620
0.228516
-0.037720
0.385986
-0.236328
0.238403
0.232056
0.273926
-0.168335
-0.008957
0.223999
0.186890
-0.180420
-0.150146
0.252930
-0.187866
-0.029495
0.023438
-0.126709
0.271973
-0.067139
-0.313965
-0.455566
0.101379
-0.113770
-0.357666
0.403809
0.027664
-0.204956
-0.148315
0.020096
-0.028091
-0.225586
-0.171143
0.323486
0.102600
-0.108337
0.067566
0.071716
-0.003004
0.119751
0.239136
-0.305420
-0.013336
0.196777
-0.053070
0.161377
0.079102
-0.319336
0.094727
-0.044891
-0.275146
0.105469
0.515625
0.022400
-0.019516
0.320312
0.178955
0.281006
0.352539
-0.001480
0.137451
0.252441
0.051880
-0.268066
-0.030075
-0.188477
0.156616
-0.141479
0.287842
-0.123047
-0.110962
0.138794
-0.275879
0.025299
0.116821
0.067993
-0.105103
-0.597168
0.190674
-0.013123
-0.016174
0.010147
-0.172607
-0.395264
-0.002821
-0.395508
-0.390137
-0.015976
0.356201
-0.373779
0.203125
-0.045471
-0.163574
-0.178711
0.322510
0.112854
0.524414
0.307129
-0.058899
0.022476
0.646484
0.333252
-0.007565
0.136597
-0.204590
-0.072998
0.113647
0.366943
0.001343
-0.050476
0.103760
0.220459
0.510254
-0.274658
0.231812
0.148193
-0.050018
0.289307
-0.223022
-0.277100
0.352295
0.311279
0.022949
0.147583
-0.067017
0.453857
0.907227
0.052521
0.033661
-0.042603
-0.200562
1.608398
-0.114197
0.187622
0.338379
0.277344
-0.307129
0.369385
-0.056793
0.166870
0.217896
-0.800781
0.212036
-0.323242
0.114685
0.083801
0.206909
0.162720
-0.202393
-0.198975
0.084229
0.006062
0.038544
0.536621
-0.038239
0.158203
-0.488281
0.469482
-0.050934
-0.271973
0.169434
-0.369141
0.634277
-0.164185
0.013329
0.306152
0.036255
0.055817
0.110352
0.226074
0.546875
-0.044403
-0.019974
0.386719
-0.243408
0.204712
0.114136
0.061218
-0.090637
-0.171143
-0.351074
-0.165894
0.117371
0.000503
-0.200317
0.089905
-0.147339
-0.145508
0.119080
-0.369873
0.177124
-0.142578
0.161377
-0.036804
0.363525
-0.277344
0.313232
0.236084
0.259033
-0.122559
0.005878
0.290283
0.189575
-0.186646
-0.190308
0.339600
-0.198364
-0.023331
0.015076
-0.140747
0.262695
-0.064087
-0.272949
-0.510742
0.094238
-0.110413
-0.347168
0.307861
-0.027466
-0.094543
-0.188477
0.066162
0.044067
-0.173950
-0.141113
0.256836
0.012238
-0.073914
0.091675
0.007301
-0.046112
0.061035
0.213379
-0.277832
-0.020935
0.217041
0.057922
0.026703
0.024765
-0.367432
0.074036
0.034912
-0.299072
0.098999
0.476807
-0.170410
0.084656
0.296875
0.279053
0.382568
0.411133
-0.041412
0.034332
0.230347
-0.004715
-0.131470
0.023209
-0.128418
0.225952
-0.173218
0.325928
-0.099609
-0.154907
0.125488
-0.252686
-0.027802
0.119873
0.103577
-0.108765
-0.596680
0.121765
-0.125488
-0.023727
0.093323
-0.022583
-0.396729
-0.074829
-0.268799
-0.303711
-0.073425
0.304443
-0.355957
0.230591
-0.096436
-0.039856
-0.165283
0.390381
0.112793
0.506836
0.285645
0.040802
-0.071716
0.713867
0.395752
-0.045593
0.117310
-0.184692
-0.042084
0.176147
0.257080
-0.055817
-0.009995
0.147095
0.194580
0.280273
-0.345703
0.279297
0.009239
-0.084534
0.154419
-0.184204
-0.186768
0.294678
0.230957
0.226074
-0.029663
0.096741
0.350586
0.667480
-0.035950
-0.061798
-0.099487
-0.175049
1.746094
-0.028366
0.046661
0.195557
0.126099
-0.261475
0.402588
-0.033508
0.057129
0.212036
-0.671387
0.165283
-0.062500
0.146729
0.008423
0.271973
0.169556
-0.024857
-0.099548
0.206543
-0.077576
0.159790
0.378906
-0.128296
0.125977
-0.334717
0.414062
-0.021942
-0.296631
0.149658
-0.171021
0.397461
-0.199951
0.138428
-0.027405
0.009430
0.008621
0.047607
0.127808
0.373779
-0.033630
0.066101
0.231079
-0.237427
0.130493
0.094849
0.181030
-0.018387
0.020691
-0.283203
-0.306885
0.042511
0.013031
-0.051453
0.101074
-0.044159
-0.086670
0.162476
-0.282959
0.223999
-0.268066
0.091858
-0.071289
0.291992
-0.121399
0.227905
0.189941
0.126099
-0.165405
-0.028671
0.189331
0.045013
-0.043030
-0.059143
0.308594
-0.071472
-0.097351
0.001155
-0.078125
0.140015
0.118103
-0.194824
-0.275879
0.101685
-0.027328
-0.360352
0.180786
-0.098572
0.056671
-0.260742
0.127441
0.145386
-0.142212
-0.059021
0.186768
-0.059143
-0.048370
0.129639
-0.037842
-0.091125
0.013069
0.189575
-0.238403
-0.032135
0.200806
0.179443
-0.109314
-0.055420
-0.419189
0.048889
0.128662
-0.273438
0.053650
0.462402
-0.356201
0.178101
0.259033
0.425049
0.466797
0.432373
-0.087036
-0.030151
0.214478
-0.028625
0.064758
0.116211
-0.031082
0.271484
-0.203491
0.348145
-0.104492
-0.191040
0.082275
-0.283936
-0.117615
0.111572
0.112427
-0.071350
-0.573242
0.055328
-0.294189
-0.038696
0.202148
0.071350
-0.374512
-0.190796
-0.143555
-0.210083
-0.109375
0.260986
-0.326660
0.250488
-0.155884
0.056763
-0.156860
0.492432
0.120911
0.532715
0.273926
0.098938
-0.123108
0.784668
0.442139
-0.060944
0.086975
-0.167114
0.025146
0.234131
0.088745
-0.141724
0.076172
0.229858
0.146484
-0.019897
-0.451660
0.323975
-0.152832
-0.135620
-0.054962
-0.095398
-0.031372
0.208618
0.127930
0.478271
-0.251221
0.302490
0.143188
0.331055
-0.133667
-0.163696
-0.173584
-0.122986
1.836914
0.047211
-0.112305
-0.058044
-0.025436
-0.204590
0.325928
-0.000127
-0.087219
0.130615
-1.565430
0.122131
0.212769
0.118103
-0.073364
0.336426
0.103394
0.225464
0.032166
0.366455
-0.135132
0.286621
0.122620
-0.145264
0.084717
-0.131958
0.318115
-0.051025
-0.271729
0.118103
0.028152
0.241699
-0.203003
0.259766
-0.249146
-0.048431
-0.006062
0.047577
0.022980
0.172852
-0.046936
0.188477
0.044830
-0.204224
0.068115
0.062378
0.328369
0.108276
0.279297
-0.196289
-0.424316
-0.022385
0.035187
0.140503
0.104919
0.107056
-0.010857
0.215454
-0.140869
0.236938
-0.422607
0.055573
-0.106873
0.207764
0.108276
0.081665
0.105469
-0.046631
-0.220947
-0.080078
0.046600
-0.116394
0.067200
0.139648
0.129639
0.017471
-0.204468
-0.052979
0.028076
0.066711
0.326416
-0.191650
0.000415
0.155273
0.056580
-0.411865
0.146240
-0.164185
0.105835
-0.319580
0.207275
0.247559
-0.130615
0.023193
0.104858
-0.077698
-0.035553
0.142578
-0.096252
-0.118103
-0.061066
0.152344
-0.183960
-0.063171
0.197998
0.281250
-0.194580
-0.130493
-0.508301
0.049957
0.207886
-0.302979
0.058441
0.501953
-0.440186
0.307861
0.247192
0.543945
0.593262
0.507812
-0.109253
-0.104187
0.251709
-0.020309
0.243896
0.267578
0.066040
0.284912
-0.205444
0.413330
-0.174805
-0.193604
0.064331
-0.376221
-0.164062
0.133301
0.130371
-0.070923
-0.594727
0.063660
-0.441650
-0.063354
0.359619
0.100586
-0.346680
-0.332275
-0.084167
-0.191895
-0.047455
0.254150
-0.317383
0.266846
-0.225342
0.149536
-0.127930
0.616699
0.157227
0.600098
0.256836
0.202271
-0.118591
0.857910
0.513184
-0.134766
0.091614
-0.154907
0.120300
0.376465
-0.054749
-0.222656
0.126953
0.353027
0.135986
-0.177368
-0.532227
0.396240
-0.265625
-0.234985
-0.198242
-0.053436
0.108521
0.145630
0.033630
0.617676
-0.432861
0.460449
-0.002020
0.255371
-0.238770
-0.265381
-0.270996
-0.117310
2.183594
0.059509
-0.242798
-0.166992
-0.109619
-0.181152
0.340820
0.052185
-0.177856
-0.005249
-2.039062
0.103516
0.523926
0.072021
-0.126221
0.390625
0.071289
0.445312
0.176514
0.598145
-0.202515
0.452881
0.002504
-0.154663
0.058411
-0.000875
0.342773
-0.074890
-0.270996
0.083008
0.215698
0.326660
-0.186035
0.372314
-0.405762
-0.028595
-0.025345
0.087585
-0.098694
0.104858
-0.106873
0.320801
-0.042999
-0.198242
0.073608
-0.002377
0.437012
-0.056366
0.494629
-0.122314
-0.527832
-0.092041
0.053467
0.379639
0.150391
0.262939
0.008736
0.294189
-0.081299
0.319336
-0.543457
-0.030945
-0.121094
0.123596
0.247681
0.040955
0.044159
-0.188721
-0.217651
-0.064758
-0.002888
-0.248413
0.133667
0.279785
0.058594
0.037476
-0.290039
-0.157837
0.113159
0.041748
0.489258
-0.164917
0.123779
0.208862
0.098083
-0.400879
0.198853
-0.166138
0.028229
-0.337158
0.278320
0.300293
-0.110291
0.020248
0.079651
-0.020813
-0.049591
0.104614
-0.117126
-0.141479
-0.099060
0.150391
-0.128418
-0.019104
0.214111
0.272949
-0.196045
-0.124573
-0.572266
0.045837
0.220215
-0.345215
0.099915
0.577148
-0.379395
0.344482
0.254395
0.559082
0.669434
0.565918
-0.114929
-0.066467
0.292236
0.037109
0.264893
0.319580
0.090332
0.273438
-0.193115
0.479980
-0.183716
-0.161743
0.090271
-0.429199
-0.112549
0.152222
0.177734
-0.121216
-0.635742
0.085571
-0.446045
-0.051575
0.416992
0.057861
-0.319580
-0.377441
-0.105469
-0.304443
0.041931
0.279785
-0.327393
0.236450
-0.230469
0.208252
-0.110291
0.659180
0.155029
0.562988
0.274658
0.221436
-0.106995
0.880859
0.530273
-0.144165
0.085266
-0.192749
0.153931
0.447021
-0.072021
-0.215820
0.112915
0.376465
0.092590
-0.073425
-0.556641
0.407471
-0.269531
-0.276123
-0.106018
-0.054016
0.097717
0.147705
0.021454
0.583984
-0.444580
0.441650
0.107422
0.506348
-0.249390
-0.281982
-0.278809
-0.158081
2.548828
0.008926
-0.234497
-0.031555
-0.080444
-0.176514
0.434570
0.053436
-0.159058
0.004028
-0.389160
0.093140
0.532715
0.059631
-0.108948
0.424072
0.107666
0.459473
0.201416
0.708984
-0.264404
0.509766
0.111877
-0.147949
0.045624
-0.039520
0.495361
-0.088196
-0.313965
0.100647
0.232910
0.533203
-0.166138
0.375000
-0.376221
0.019547
-0.018860
0.106750
-0.123901
0.272949
-0.143433
0.333496
0.049652
-0.187378
0.113892
-0.060883
0.464600
-0.329834
0.482422
-0.087952
-0.560059
-0.096069
0.060394
0.430176
0.164429
0.281006
-0.036682
0.345215
-0.177612
0.385010
-0.580566
-0.055725
-0.137207
0.076477
0.188965
0.079102
0.020828
-0.187012
-0.203613
-0.034271
0.119202
-0.227539
0.111816
0.259033
0.200073
-0.028427
-0.327148
-0.190918
0.122620
0.087280
0.489258
-0.173706
0.023987
0.239502
0.064331
-0.312744
0.342773
-0.046906
-0.112671
-0.148193
0.102966
0.017334
-0.172241
-0.085266
0.238892
0.028992
-0.068848
0.096802
-0.061340
-0.107910
0.113098
0.235596
-0.150391
0.078613
0.224487
0.114502
-0.028107
0.022079
-0.372314
0.037476
0.028320
-0.406006
0.133179
0.386475
-0.191895
0.187744
0.303223
0.272705
0.451172
0.446289
-0.061707
-0.039581
0.191772
-0.069702
-0.062469
0.159058
-0.173828
0.199463
-0.144043
0.371338
-0.117676
-0.148071
0.141113
-0.236694
-0.072876
0.167603
0.175903
-0.151978
-0.578613
0.078491
-0.171997
-0.013947
0.181763
0.041901
-0.311768
-0.128052
-0.198975
-0.353271
-0.017166
0.233276
-0.341064
0.237061
-0.099060
-0.003284
-0.141479
0.368408
0.165894
0.446045
0.264404
0.084290
-0.139404
0.723633
0.474609
-0.071533
0.085632
-0.189209
0.001219
0.355957
0.138062
-0.067871
0.017944
0.159790
0.151978
0.346680
-0.261475
0.386963
0.042328
-0.166992
0.236084
-0.128906
-0.108093
0.241943
0.199585
0.179321
-0.170044
0.111145
0.402588
0.819336
-0.101135
-0.143066
-0.151367
-0.273438
1.602539
-0.085144
0.022675
0.331543
0.054657
-0.271729
0.417480
-0.005199
0.010399
0.158447
1.017578
0.196167
0.051758
0.194214
0.036469
0.344238
0.178345
0.149536
-0.022675
0.441406
-0.247192
0.405029
0.411133
-0.214722
0.090088
-0.166992
0.563477
-0.051819
-0.313232
0.102295
0.024048
0.433594
-0.229736
0.269043
-0.146362
0.066528
-0.069885
-0.026947
0.033478
0.442139
-0.038696
0.132324
0.262695
-0.223877
0.006111
0.010605
0.314697
-0.263184
0.035889
-0.240601
-0.332764
-0.026825
-0.000278
0.113342
0.115906
0.075317
-0.093140
0.220215
-0.328857
0.362061
-0.352051
-0.102356
-0.127563
0.187012
-0.061646
0.152832
0.210083
0.068726
-0.171509
0.083557
0.285645
-0.025635
0.181763
-0.017914
0.528320
0.065613
-0.145508
-0.075134
-0.060181
0.095947
0.174561
-0.023819
-0.193604
0.097351
-0.012978
-0.195312
0.461426
0.108704
-0.265869
0.112305
-0.134277
-0.356201
-0.219482
-0.248901
0.427734
0.019455
-0.084839
0.083801
0.017776
-0.036835
0.326416
0.329590
-0.214355
0.176758
0.241699
-0.070190
0.147705
0.196289
-0.101807
0.012932
-0.189819
-0.462402
0.155518
0.077576
-0.007553
-0.014908
0.354492
-0.120422
0.185913
0.311279
0.004875
-0.060638
0.015358
-0.226685
-0.481689
-0.089783
-0.485596
0.135742
-0.092041
0.200562
0.001939
-0.146606
0.205688
0.086975
-0.016586
0.181519
0.168335
-0.188599
-0.482178
0.066101
0.183716
0.035706
-0.135864
0.079529
-0.298340
0.217773
-0.290771
-0.330811
-0.127808
0.136475
-0.360596
0.238403
0.058716
-0.211914
-0.187012
-0.030273
0.173462
0.237305
0.220215
-0.059753
-0.232544
0.511230
0.394287
0.000359
0.078796
-0.171265
-0.238647
0.150879
0.429443
0.126953
-0.106201
-0.159424
0.224731
0.819824
0.178589
0.332275
0.452637
0.008606
0.645020
-0.236694
-0.363281
0.344482
0.410645
-0.309082
0.189453
-0.312988
0.769531
1.105469
0.088379
0.009789
0.025879
-0.374268
0.354492
-0.146851
0.344482
0.777832
0.150513
-0.367188
0.355957
-0.091248
0.209351
0.388672
1.983398
0.287598
-0.537109
0.373535
0.187378
0.213989
0.307373
-0.265625
-0.308105
0.046875
-0.184570
0.185669
0.753418
-0.316406
0.148804
-0.262939
0.581055
0.067078
-0.299561
0.113037
-0.164185
0.129517
-0.291748
0.156616
0.088196
0.121277
-0.199219
-0.264893
0.139893
0.592285
0.100464
-0.148193
0.457031
-0.276123
-0.147461
0.078735
0.090332
-0.071411
-0.551758
-0.412109
-0.089539
0.036743
-0.068237
-0.287354
0.046265
-0.215576
-0.117188
0.014198
-0.456055
0.331543
-0.055481
-0.176147
-0.125122
0.326416
-0.348633
0.251221
0.442383
0.357666
-0.118652
0.207397
0.454102
0.206421
0.314209
-0.364746
0.952637
0.227295
0.098083
0.137451
-0.291992
0.012024
-0.243652
0.225708
-0.430908
-0.120239
-0.073364
-0.166992
0.503906
0.170532
-0.321533
0.218872
-0.223267
-0.485352
-0.251709
-0.302734
0.501465
-0.011398
-0.102356
0.052856
0.036224
-0.005283
0.395996
0.373779
-0.245850
0.198364
0.244141
-0.133179
0.208618
0.252441
0.000279
0.005569
-0.292725
-0.500488
0.167236
-0.022644
0.049774
-0.093872
0.379883
-0.275635
0.077637
0.273926
0.033722
-0.087097
-0.052368
-0.303711
-0.650879
-0.190430
-0.606445
0.100952
-0.072449
0.117188
0.056641
-0.153320
0.215820
0.215820
-0.005436
0.180298
0.148071
-0.178955
-0.435791
0.063538
0.315430
0.021118
-0.279785
0.089111
-0.314209
0.343018
-0.336914
-0.325195
-0.162476
0.112366
-0.367432
0.243652
0.107727
-0.298340
-0.194336
-0.181641
0.188354
0.189209
0.200684
-0.101257
-0.280518
0.425049
0.378906
0.014313
0.096130
-0.157349
-0.333984
0.068970
0.533203
0.190186
-0.119751
-0.279297
0.287598
1.009766
0.365234
0.306152
0.580078
0.076782
0.819336
-0.282715
-0.479492
0.395020
0.500977
-0.487305
0.335449
-0.477051
0.912598
1.183594
0.171875
0.069824
0.090942
-0.406494
-0.187378
-0.172485
0.467285
0.951172
0.182373
-0.405762
0.341797
-0.130493
0.287109
0.497803
1.530273
0.323486
-0.780762
0.447266
0.244751
0.155396
0.369385
-0.428711
-0.427734
-0.129639
-0.164062
0.089478
0.877441
-0.367432
0.179199
-0.317383
0.572754
0.111877
-0.301514
0.119568
-0.245483
-0.015419
-0.313965
0.101685
0.152466
0.148193
-0.245239
-0.364990
0.185791
0.634766
0.162720
-0.271729
0.521484
-0.302979
-0.215210
0.098877
0.010498
-0.005951
-0.777832
-0.486084
-0.009590
0.061066
-0.101562
-0.460938
0.015419
-0.337402
-0.126221
-0.066406
-0.494629
0.315430
0.064575
-0.199341
-0.127075
0.395996
-0.460938
0.293213
0.539551
0.475586
-0.098694
0.246826
0.515625
0.293701
0.370361
-0.509277
1.117188
0.283936
0.196289
0.237427
-0.381592
-0.028763
-0.408447
0.322021
-0.516113
-0.215088
-0.092590
-0.182983
0.484375
0.163086
-0.267822
0.190918
-0.236694
-0.465820
-0.277832
-0.265869
0.515137
0.003313
-0.104248
0.061157
0.051178
-0.014168
0.433105
0.387695
-0.256348
0.191772
0.222046
-0.133179
0.216797
0.241699
0.010498
0.009445
-0.304443
-0.467773
0.141968
0.009155
0.030548
-0.124817
0.375732
-0.239258
0.035065
0.221924
0.036926
-0.058044
-0.039642
-0.300293
-0.632812
-0.182861
-0.612793
0.083496
-0.074585
0.098083
0.040741
-0.156128
0.187378
0.171997
-0.044342
0.158936
0.114685
-0.135620
-0.421631
0.046783
0.296387
-0.003014
-0.290039
0.054169
-0.330566
0.320557
-0.340576
-0.313477
-0.182495
0.131226
-0.339355
0.254883
0.114380
-0.360840
-0.205200
-0.163940
0.183960
0.256104
0.214844
-0.153442
-0.244873
0.424561
0.362305
0.050568
0.108276
-0.147461
-0.302490
0.066223
0.498779
0.166626
-0.089233
-0.245361
0.299316
0.939453
0.308350
0.302734
0.535645
0.080933
0.762207
-0.246216
-0.462646
0.400635
0.511230
-0.466797
0.314209
-0.432861
0.799805
1.055664
0.178223
0.090393
0.083435
-0.396973
-0.369385
-0.190552
0.451660
0.827148
0.195435
-0.411865
0.262207
-0.130249
0.262451
0.467041
0.850586
0.351562
-0.783203
0.425049
0.258545
0.151855
0.309326
-0.388916
-0.432129
-0.151489
-0.162231
0.110229
0.773926
-0.327881
0.189819
-0.320312
0.504395
0.051025
-0.278076
0.089417
-0.300781
0.006824
-0.326660
0.064697
0.197021
0.108154
-0.165527
-0.314941
0.272217
0.568848
0.172363
-0.247070
0.507812
-0.280518
-0.242676
0.162720
0.038727
0.112488
-0.729980
-0.500977
0.039856
0.102112
-0.106934
-0.460693
-0.018738
-0.301514
-0.114685
-0.078308
-0.457275
0.248535
0.058807
-0.145996
-0.111572
0.414307
-0.408936
0.218140
0.532715
0.487793
-0.140015
0.258545
0.452148
0.284668
0.360107
-0.446533
0.995605
0.276611
0.181641
0.187988
-0.353760
0.024567
-0.381104
0.259033
-0.471924
-0.185181
-0.106567
-0.168579
0.329346
0.107239
-0.137817
0.071594
-0.151611
-0.319092
-0.175659
-0.249390
0.444336
-0.049164
-0.084290
0.058807
0.022659
-0.030594
0.343018
0.339111
-0.269775
0.203369
0.227661
-0.057983
0.085693
0.179688
-0.078430
-0.013885
-0.180664
-0.393555
0.096252
0.077454
-0.151245
-0.104248
0.333496
-0.066895
0.148560
0.249023
-0.021179
-0.071045
-0.038605
-0.259766
-0.479248
-0.181641
-0.498047
0.177490
-0.116699
0.146362
0.084045
-0.185791
0.160522
0.140503
-0.070435
0.123230
0.138550
-0.125854
-0.452148
-0.028198
0.179199
0.009911
-0.205444
0.133423
-0.335449
0.236206
-0.230347
-0.240112
-0.238770
0.129517
-0.302979
0.246582
0.095398
-0.204224
-0.230103
-0.051239
0.140015
0.214600
0.239624
-0.108032
-0.303467
0.514648
0.358643
0.065186
0.067932
-0.142090
-0.254395
0.043304
0.409668
0.104553
-0.059631
-0.193115
0.182983
0.621094
0.129028
0.265869
0.319092
0.087524
0.545410
-0.186523
-0.358643
0.357178
0.418213
-0.181885
0.173584
-0.248901
0.664551
0.778320
0.124756
0.010300
0.054535
-0.302490
0.082275
-0.108032
0.295166
0.601562
0.067566
-0.335449
0.259033
-0.142212
0.130737
0.488037
1.857422
0.266846
-0.587402
0.370117
0.156250
0.189575
0.291504
-0.229492
-0.350830
-0.087219
-0.189331
0.101685
0.580078
-0.305664
0.173218
-0.221191
0.404053
0.043152
-0.303223
0.103821
-0.202515
-0.111694
-0.305664
0.103760
0.009247
0.045593
-0.107666
-0.282471
0.217163
0.447998
0.152466
-0.187134
0.364502
-0.242798
-0.236328
0.138062
0.141724
0.228271
-0.494629
-0.412598
-0.126587
0.080261
-0.074646
-0.354736
-0.035370
-0.222046
-0.048920
-0.039337
-0.359863
0.206665
-0.086243
-0.054840
-0.142090
0.358398
-0.262939
0.132935
0.416992
0.348145
-0.210938
0.140137
0.320557
0.169067
0.349121
-0.276611
0.819824
0.255127
0.063599
0.184937
-0.246094
-0.026489
-0.202637
0.165283
-0.281738
-0.117676
-0.053040
-0.147217
0.133057
0.036560
0.030304
-0.060028
-0.068359
-0.153442
-0.050995
-0.251709
0.351074
-0.134521
-0.044891
0.069946
0.001419
-0.057007
0.216187
0.288086
-0.295410
0.190186
0.243530
0.043365
-0.079163
0.105530
-0.173828
-0.043854
-0.020279
-0.305420
0.047180
0.115173
-0.403076
-0.061890
0.278320
0.122498
0.285645
0.285889
-0.083618
-0.109436
-0.041138
-0.222534
-0.289551
-0.187500
-0.353760
0.305664
-0.170776
0.203979
0.134521
-0.226807
0.132935
0.130371
-0.091003
0.088440
0.167603
-0.124756
-0.484863
-0.128296
0.047607
0.023285
-0.100647
0.267822
-0.350342
0.145630
-0.076843
-0.101746
-0.338135
0.108337
-0.265869
0.250000
0.058929
-0.002327
-0.250488
0.087891
0.075684
0.143555
0.246338
-0.033661
-0.378906
0.619141
0.356445
0.085266
0.021759
-0.123901
-0.206299
0.015884
0.312500
0.037140
-0.041595
-0.131592
0.058044
0.212280
-0.087097
0.232788
0.070068
0.101135
0.282227
-0.123962
-0.238159
0.287354
0.296875
0.161499
-0.005753
-0.010918
0.480225
0.400391
0.044769
-0.093018
0.023743
-0.197266
0.628418
0.021759
0.108215
0.310059
-0.105347
-0.231934
0.260254
-0.144775
-0.023911
0.510742
2.861328
0.155640
-0.293945
0.325684
0.027756
0.243042
0.289307
-0.049835
-0.237427
-0.014694
-0.205200
0.098389
0.319824
-0.301514
0.144653
-0.068787
0.253418
0.075562
-0.340088
0.111694
-0.055481
-0.331787
-0.299805
0.178955
-0.292725
-0.039429
-0.063538
-0.267822
0.138550
0.240967
0.135376
-0.096375
0.155762
-0.199097
-0.235718
0.135498
0.254883
0.420654
-0.205933
-0.297363
-0.320068
0.047974
-0.033173
-0.196411
-0.049591
-0.121826
0.044952
-0.005852
-0.221802
0.168457
-0.252441
0.028717
-0.170288
0.280273
-0.066833
0.033844
0.272705
0.164795
-0.288330
0.016541
0.134155
0.014275
0.368896
-0.056793
0.616699
0.276367
-0.067566
0.180786
-0.129761
-0.121460
0.032349
0.094971
-0.030792
-0.050842
0.028427
-0.145874
-0.034546
-0.025330
0.163452
-0.157593
0.011780
0.000603
0.060364
-0.259766
0.253906
-0.250977
-0.010696
0.056732
-0.040131
-0.066040
0.053192
0.239380
-0.328857
0.145020
0.271240
0.157104
-0.239624
0.027542
-0.268799
-0.066956
0.116089
-0.264893
0.024063
0.135742
-0.645996
0.007980
0.241089
0.269531
0.440918
0.371338
-0.134155
-0.200928
-0.048828
-0.210571
-0.122986
-0.181519
-0.219604
0.418945
-0.216187
0.253174
0.177002
-0.268799
0.111511
0.147217
-0.100403
0.068054
0.195435
-0.131104
-0.520996
-0.199341
-0.068787
0.006874
0.002430
0.420166
-0.378906
0.057007
0.052917
0.037781
-0.408447
0.088928
-0.243408
0.262695
0.007896
0.210693
-0.250977
0.212158
0.039734
0.089111
0.231567
0.091797
-0.473877
0.716797
0.387695
0.057495
-0.001482
-0.096680
-0.168091
-0.001524
0.233032
-0.028214
-0.016663
-0.075134
-0.017761
-0.135254
-0.237183
0.215942
-0.154785
0.105530
0.074524
-0.093994
-0.141235
0.225098
0.182373
0.458008
-0.165649
0.200684
0.328613
0.082703
-0.032593
-0.206055
-0.008499
-0.097412
1.219727
0.149170
-0.059753
0.094971
-0.298584
-0.136475
0.282715
-0.149170
-0.166260
0.553223
3.117188
0.036072
0.010696
0.300537
-0.098999
0.287109
0.327148
0.097595
-0.129639
0.056671
-0.223022
0.085876
0.096558
-0.322510
0.125122
0.086670
0.126587
0.148926
-0.393799
0.121521
0.127197
-0.581543
-0.295898
0.274170
-0.626953
-0.096619
-0.058655
-0.293945
0.020828
0.059692
0.114746
-0.018341
-0.044647
-0.173950
-0.250977
0.131226
0.340332
0.566895
0.040924
-0.181885
-0.528320
0.005180
0.003889
-0.024582
-0.062683
-0.040527
0.139282
0.008469
-0.086121
0.165405
-0.406250
0.075745
-0.205811
0.205444
0.107239
-0.010841
0.150513
-0.016159
-0.349365
-0.076294
-0.030319
-0.146240
0.424316
0.139160
0.505859
0.328613
-0.180176
0.185791
-0.026917
-0.258301
0.239746
0.094910
0.187622
-0.016846
0.109314
-0.160034
-0.081543
-0.040497
0.194214
-0.151001
0.057068
0.066711
0.094421
-0.270020
0.190674
-0.358398
-0.001071
0.007851
-0.086487
-0.062317
-0.085327
0.239746
-0.336914
0.091431
0.304443
0.240356
-0.326904
-0.017395
-0.317871
-0.083130
0.144531
-0.317871
0.053680
0.104736
-0.774902
0.089722
0.245605
0.280518
0.547852
0.488525
-0.143311
-0.324951
-0.067322
-0.239258
-0.057892
-0.150146
-0.175049
0.456299
-0.228149
0.271973
0.194458
-0.290039
0.108337
0.200684
-0.095398
0.084717
0.219971
-0.151001
-0.543945
-0.217041
-0.096802
-0.055145
0.057281
0.536621
-0.412354
-0.002726
0.097900
0.104797
-0.403320
0.068665
-0.254639
0.283691
-0.037689
0.345947
-0.222656
0.263184
0.058228
0.057281
0.187378
0.224121
-0.566406
0.757812
0.460205
-0.006226
0.017761
-0.079468
-0.152100
0.012283
0.199585
-0.054565
0.012756
-0.052612
0.004971
-0.218750
-0.225342
0.234619
-0.235474
0.085510
0.081421
-0.104126
-0.116638
0.189697
0.130127
0.527832
-0.245239
0.271484
0.306641
0.032684
-0.076355
-0.288818
-0.018204
-0.073120
1.555664
0.201660
-0.110413
0.114868
-0.433838
-0.094788
0.310059
-0.153198
-0.232300
0.604492
2.582031
-0.029205
0.178589
0.328369
-0.146484
0.312744
0.397949
0.147095
-0.075378
0.120239
-0.268555
0.113098
0.035248
-0.376221
0.119385
0.205322
0.117371
0.238281
-0.451416
0.120117
0.298584
-0.762695
-0.316406
0.368164
-0.856445
-0.093506
-0.107300
-0.383789
-0.082764
0.022888
0.108826
0.014153
-0.120483
-0.169800
-0.316650
0.131104
0.362793
0.593750
0.093994
-0.113159
-0.636230
-0.023544
0.015450
0.097046
-0.079651
-0.005024
0.190308
-0.010948
-0.041931
0.220703
-0.481689
0.028503
-0.237305
0.146118
0.173950
0.028107
0.115601
-0.105591
-0.371582
-0.053223
-0.070618
-0.234497
0.549316
0.211060
0.626953
0.440918
-0.222046
0.181885
0.006203
-0.385986
0.315186
0.213257
0.271484
-0.041412
0.149414
-0.186646
0.018265
-0.027283
0.124573
-0.066040
0.009506
-0.013573
0.016037
-0.263184
0.221802
-0.360107
-0.015884
-0.013123
-0.109375
-0.059418
-0.042847
0.271240
-0.318848
0.055817
0.299805
0.236938
-0.269287
-0.000819
-0.270264
-0.074646
0.059052
-0.412842
0.096558
0.050262
-0.697266
0.136475
0.273926
0.183350
0.499023
0.499023
-0.112732
-0.385254
-0.067200
-0.295898
-0.124207
-0.109436
-0.242065
0.391357
-0.188599
0.241089
0.151611
-0.284180
0.111694
0.222534
-0.094604
0.106934
0.201172
-0.145264
-0.515625
-0.169189
-0.056702
-0.100647
0.027771
0.511230
-0.415771
0.012878
0.047180
0.069336
-0.359375
0.067200
-0.266602
0.307129
-0.052734
0.254639
-0.184204
0.205566
0.111816
0.121887
0.151978
0.254639
-0.550293
0.705078
0.506348
-0.058197
0.056122
-0.061310
-0.166748
0.101074
0.222412
-0.041321
0.018829
-0.058685
0.122437
-0.040314
-0.104309
0.293701
-0.147949
0.051361
0.205688
-0.159302
-0.166260
0.207642
0.176025
0.362549
-0.202026
0.200806
0.339844
0.151367
-0.069214
-0.266357
-0.024170
-0.140381
1.271484
0.156616
-0.034485
0.244019
-0.391602
-0.140259
0.323242
-0.130371
-0.171265
0.574219
1.323242
0.027847
0.158203
0.377686
-0.089844
0.302002
0.426758
0.088135
-0.094849
0.122253
-0.276367
0.183594
0.113831
-0.422852
0.129639
0.192749
0.162842
0.260010
-0.462158
0.086975
0.286377
-0.732422
-0.353271
0.391113
-0.858887
-0.048248
-0.149414
-0.420898
-0.050446
0.040405
0.122192
0.009727
-0.065491
-0.201294
-0.358643
0.150146
0.330811
0.504395
-0.005867
-0.160278
-0.554199
-0.017105
-0.010010
0.104248
-0.062988
-0.022369
0.156128
-0.032837
-0.073608
0.279297
-0.410645
-0.067444
-0.223999
0.165039
0.117615
0.097290
0.189941
-0.050812
-0.327881
0.060181
-0.020966
-0.209229
0.633301
0.149292
0.760742
0.511230
-0.154053
0.152954
-0.057495
-0.389648
0.250488
0.333984
0.195557
-0.097229
0.130249
-0.247803
0.150513
-0.003466
0.050781
0.003502
-0.064636
-0.114075
-0.126221
-0.196655
0.291992
-0.282471
-0.048065
0.005272
-0.093506
-0.044464
0.090637
0.300049
-0.301025
0.018692
0.247803
0.179565
-0.135986
0.023239
-0.194214
-0.038971
-0.063538
-0.444824
0.101807
0.062744
-0.505371
0.115845
0.306152
0.101135
0.349609
0.415527
-0.063965
-0.343750
-0.035248
-0.323486
-0.208862
-0.057709
-0.321045
0.267578
-0.145508
0.172729
0.058502
-0.258301
0.089355
0.151489
-0.132446
0.115723
0.124756
-0.082642
-0.459473
-0.080017
-0.028641
-0.136963
-0.030106
0.349609
-0.407715
0.034546
-0.072083
-0.015823
-0.283203
0.108826
-0.269043
0.319580
-0.051575
0.025055
-0.161377
0.141602
0.173462
0.303711
0.149170
0.171875
-0.423584
0.624512
0.499023
-0.077942
0.106628
-0.055206
-0.158203
0.168701
0.236816
-0.040314
0.050476
-0.035858
0.262207
0.172974
-0.008194
0.334961
-0.020889
0.016846
0.278076
-0.185913
-0.205688
0.246948
0.259033
0.140991
-0.115173
0.102661
0.288574
0.249756
-0.035217
-0.170654
-0.037140
-0.199585
0.667969
0.057556
0.071838
0.275391
-0.233887
-0.229980
0.249756
-0.097717
-0.075806
0.441650
-1.354492
0.149658
0.033966
0.365234
0.008904
0.256592
0.345947
0.018021
-0.144165
0.077209
-0.230469
0.237549
0.170044
-0.383057
0.155273
0.088501
0.180664
0.174561
-0.390869
0.035065
0.133545
-0.501953
-0.364746
0.321777
-0.604980
-0.019180
-0.112183
-0.342285
0.080322
0.065125
0.123169
0.007710
0.040527
-0.226807
-0.344727
0.200562
0.268311
0.449219
-0.113403
-0.264160
-0.353027
0.029755
-0.039703
0.034119
-0.047424
-0.030548
0.089172
-0.053467
-0.106018
0.256836
-0.284424
-0.103027
-0.162720
0.237915
0.050140
0.123901
0.286377
0.072937
-0.278809
0.167847
0.014618
-0.123840
0.584961
0.068542
0.702637
0.479248
-0.060150
0.074402
-0.118835
-0.259277
0.133057
0.317871
0.069702
-0.111816
0.068298
-0.305176
0.196777
0.012947
0.044098
0.012794
-0.118164
-0.168213
-0.204712
-0.142822
0.332275
-0.229980
-0.059479
0.051880
-0.050049
-0.011955
0.160522
0.300293
-0.318115
-0.019226
0.208984
0.136719
-0.049316
0.025726
-0.153198
-0.007507
-0.102905
-0.398682
0.069031
0.078003
-0.397461
0.065247
0.316895
0.079590
0.254395
0.342285
-0.028748
-0.288086
-0.014877
-0.311768
-0.233398
-0.037537
-0.344482
0.206299
-0.136108
0.128662
-0.017456
-0.235718
0.074097
0.087891
-0.174561
0.118774
0.060547
-0.030579
-0.435059
-0.013794
-0.020935
-0.139893
-0.051819
0.240479
-0.400391
0.050171
-0.146729
-0.026993
-0.249756
0.129639
-0.275391
0.327148
-0.040771
-0.110413
-0.173828
0.121826
0.204468
0.427979
0.159058
0.096680
-0.318848
0.594727
0.466064
-0.073120
0.130981
-0.047668
-0.146484
0.137451
0.243286
-0.043701
0.062805
-0.003843
0.318848
0.222290
0.014595
0.339355
0.069214
0.008018
0.229614
-0.175903
-0.189209
0.255859
0.293457
0.061554
-0.058624
0.065979
0.185791
0.198242
-0.018524
-0.123596
-0.048828
-0.177124
0.302002
0.013161
0.101685
0.197632
-0.133911
-0.286133
0.129272
-0.072754
-0.050446
0.306641
-3.279297
0.212402
-0.024994
0.308594
0.043274
0.213257
0.229248
0.012238
-0.167603
0.027893
-0.144653
0.207520
0.160767
-0.300781
0.175903
0.048248
0.130981
0.098755
-0.282471
0.008049
0.046906
-0.376709
-0.339355
0.252441
-0.354736
-0.031860
-0.087585
-0.259766
0.119263
0.043457
0.104492
0.011597
0.068542
-0.247681
-0.298584
0.228882
0.196289
0.537109
-0.144531
-0.333252
-0.235107
0.051788
-0.043671
-0.020004
-0.036804
-0.026108
0.083557
-0.077454
-0.085205
0.182983
-0.205933
-0.083069
-0.104553
0.308105
0.045135
0.133545
0.330078
0.123596
-0.253906
0.177979
-0.020370
-0.080017
0.489258
0.024307
0.510254
0.428223
-0.005199
0.031250
-0.115112
-0.174805
0.056488
0.249146
0.034943
-0.100708
0.032990
-0.274414
0.154541
-0.012436
0.136841
-0.032196
-0.157593
-0.227173
-0.197510
-0.117126
0.354004
-0.158691
-0.018646
0.194824
0.018433
-0.025223
0.248779
0.278320
-0.311035
0.012627
0.175171
0.137329
-0.035034
0.036255
-0.100769
-0.011589
-0.029907
-0.281250
-0.009056
-0.015991
-0.408936
0.044312
0.271729
0.134155
0.210815
0.224976
-0.036255
-0.219849
-0.038483
-0.279053
-0.163330
-0.019287
-0.342285
0.232178
-0.147705
0.134155
-0.067993
-0.226929
0.084351
0.062988
-0.227905
0.126831
0.065674
-0.045593
-0.419434
-0.039368
-0.059692
-0.044128
0.012642
0.247070
-0.330811
0.067322
-0.078247
0.059601
-0.336670
0.056213
-0.270996
0.333008
-0.007545
-0.157593
-0.229126
0.113770
0.181763
0.396973
0.172852
-0.000226
-0.265137
0.606445
0.399902
-0.000752
0.054108
-0.056427
-0.132935
0.101318
0.208252
-0.032776
0.007767
0.005272
0.209839
0.062378
-0.071716
0.364258
0.161499
0.009117
0.044891
-0.096619
-0.059265
0.191650
0.258545
0.100037
-0.142456
0.097351
0.024170
0.085571
-0.060333
-0.112244
-0.071899
-0.174561
0.117493
0.039734
0.072998
-0.002682
-0.111755
-0.290283
-0.047424
-0.032715
-0.080322
0.132324
-2.683594
0.246582
-0.002331
0.272705
0.032562
0.241333
0.060852
0.096741
-0.123962
0.087585
-0.074524
0.260498
0.058685
-0.235352
0.131226
0.177124
0.077271
0.017029
-0.167480
-0.014816
0.050873
-0.355225
-0.336670
0.305664
-0.167847
-0.105774
-0.111389
-0.189697
0.124207
-0.055084
0.099670
0.086304
0.016479
-0.228760
-0.285889
0.262451
0.179077
0.871582
-0.075439
-0.331299
-0.126221
0.030472
-0.023514
0.010635
-0.018799
0.028625
0.108887
-0.058777
-0.017853
0.143188
-0.223511
-0.079224
-0.095398
0.276367
0.150635
0.053406
0.312256
0.075317
-0.257324
0.135376
-0.110229
-0.086548
0.451660
0.093323
0.252197
0.470215
-0.011444
-0.018692
-0.101440
-0.121765
0.093140
0.166382
0.142944
-0.043854
0.066101
-0.188721
0.097046
-0.077881
0.302246
-0.196167
-0.212769
-0.291504
-0.152466
-0.066223
0.408936
0.072876
0.063354
0.465332
0.124512
-0.078918
0.485596
0.217773
-0.281494
0.131592
0.116516
0.101257
0.005642
0.080200
-0.036255
-0.002361
0.128052
-0.048615
-0.136719
-0.072632
-0.412109
-0.015930
0.176392
0.322021
0.133789
-0.055084
-0.056335
-0.016449
-0.018661
-0.191895
-0.018494
0.014008
-0.342285
0.302979
-0.161865
0.209717
-0.174805
-0.200317
0.107178
-0.086182
-0.311035
0.116882
0.082458
-0.089050
-0.432373
-0.106750
-0.140625
0.188721
0.159668
0.207520
-0.200073
0.090515
0.057953
0.147461
-0.505371
-0.030121
-0.215210
0.331543
0.079407
-0.273682
-0.342773
0.132568
0.094910
0.362549
0.265381
-0.213745
-0.103882
0.637207
0.244873
0.177612
-0.093262
-0.068176
-0.056824
0.131836
0.128906
-0.026505
-0.147705
0.078796
-0.043976
-0.263672
-0.402100
0.407959
0.237793
-0.000123
-0.376465
0.038422
0.171875
0.099426
0.207764
0.209961
-0.296631
0.218384
-0.306396
-0.120422
-0.152344
-0.073242
-0.140869
-0.176025
-0.084961
0.044708
-0.049072
-0.426270
0.006630
-0.321045
-0.241821
0.062408
-0.132812
-0.226074
1.364258
0.340332
0.135864
0.177734
0.020691
0.308594
-0.281250
0.288086
-0.041382
0.231445
0.008171
0.432861
-0.093994
-0.123108
0.067261
0.320068
-0.023376
-0.206787
0.025650
-0.074951
-0.046936
-0.175171
-0.357422
0.349365
0.112549
-0.234863
-0.050385
0.046143
0.256104
-0.249634
0.073303
0.250000
-0.038544
-0.197876
-0.195068
0.368164
0.188354
1.380859
0.147217
-0.368408
0.049896
0.005535
0.004627
0.064758
0.041351
0.166992
0.111938
0.034485
0.037201
0.031342
-0.258057
-0.031021
-0.031082
0.240234
0.296875
-0.096680
0.279053
0.015747
-0.279541
0.044495
-0.302734
-0.097351
0.285156
0.245361
-0.312500
0.466309
-0.036835
-0.177490
-0.052094
0.063049
0.223877
-0.077271
0.340820
0.092712
0.089966
-0.285156
0.184937
-0.125122
0.232422
-0.375488
-0.006054
-0.021515
-0.177856
0.050659
0.325195
0.235840
0.025024
0.427734
0.117493
-0.129639
0.368164
0.195923
-0.200562
0.112427
0.105530
0.107361
0.019897
0.021347
-0.265137
0.057770
0.195068
-0.031555
-0.098633
0.326416
-0.285889
0.048889
0.183350
0.537109
0.277832
0.045288
-0.057220
0.185913
0.205933
0.029083
0.156128
0.201172
-0.166382
0.257324
-0.179321
0.370605
-0.286621
-0.131958
0.094055
-0.438477
-0.272217
0.123047
0.093445
-0.084839
-0.556152
-0.007553
-0.292969
0.160767
0.337891
-0.028259
-0.227051
-0.150146
-0.057892
-0.122437
-0.266846
0.145874
-0.248901
0.276611
0.001184
-0.230103
-0.300781
0.423096
0.085022
0.555664
0.367676
-0.219116
0.096252
0.758301
0.275146
0.176880
-0.040375
-0.159058
0.137939
0.270508
-0.006710
-0.109375
-0.072021
0.327637
-0.086487
-0.241821
-0.719238
0.412109
0.065735
-0.145264
-0.422119
0.098328
0.234985
0.101440
0.133179
0.376709
-0.392334
0.342529
-0.311035
0.201782
-0.206177
-0.088806
-0.230347
-0.174316
1.094727
-0.047943
-0.151978
-0.471191
0.158813
-0.305664
-0.082520
0.102112
-0.141846
-0.355957
1.912109
0.321289
0.242188
0.010872
0.012238
0.383057
-0.378174
0.442139
0.074951
0.519531
-0.048462
0.543457
-0.036346
0.033966
0.037140
0.107239
0.218506
-0.384521
0.008896
-0.019379
-0.108215
0.526367
-0.258057
0.288086
0.317139
-0.196655
0.103821
0.309570
0.256348
0.026718
-0.059570
0.365723
0.093506
-0.151855
0.051910
0.281982
0.290039
0.822754
0.382568
-0.295654
-0.044739
0.012444
0.042236
0.190430
0.108643
0.298584
-0.000821
0.238525
-0.098511
0.064880
-0.395508
0.066711
-0.015251
0.187866
0.263672
-0.090759
0.146118
-0.033600
-0.270752
-0.031738
-0.165161
-0.088684
-0.026627
0.298340
-0.456543
0.117249
-0.190430
-0.329346
0.072815
0.330078
0.356689
-0.400635
0.203247
0.293213
0.017365
-0.357910
0.192261
-0.142456
0.132080
-0.460938
0.198975
0.245483
-0.158081
0.090149
0.224487
0.235962
-0.050140
0.217773
0.052948
-0.150391
0.176636
0.206177
-0.152466
0.116211
0.110962
0.122986
-0.037537
-0.050171
-0.473877
0.051849
0.189819
-0.092834
-0.038513
0.651855
-0.241333
0.080078
0.212158
0.643555
0.447266
0.224976
-0.090942
0.248169
0.323730
0.177856
0.227661
0.284912
-0.014816
0.206421
-0.179565
0.441162
-0.255615
-0.095276
0.052948
-0.600586
-0.189697
0.093140
0.110840
-0.054108
-0.617676
0.029800
-0.385742
0.038483
0.379639
-0.177612
-0.272705
-0.337402
-0.163086
-0.348877
-0.039215
0.310791
-0.243530
0.208984
-0.063721
-0.088989
-0.238403
0.612793
0.090271
0.620117
0.404053
-0.159424
0.112793
0.833008
0.334961
0.129883
0.024124
-0.222290
0.235352
0.343262
-0.081848
-0.186157
0.067688
0.423584
-0.089722
-0.161743
-0.785645
0.341553
-0.186890
-0.205933
-0.264404
0.108459
0.180420
0.161133
0.091370
0.486328
-0.386719
0.396729
-0.149658
0.432129
-0.171631
-0.128418
-0.238281
-0.158569
2.007812
-0.125366
-0.171387
-0.326416
0.148560
-0.237061
0.072083
0.042938
-0.159790
-0.196411
1.449219
0.231934
0.225098
-0.082458
-0.001177
0.383301
-0.224609
0.487305
0.112366
0.617188
-0.153198
0.486084
-0.011078
0.126831
0.064148
-0.075989
0.394775
-0.393066
-0.143799
0.048248
-0.132690
0.942383
-0.149170
0.179565
0.313232
-0.120117
0.257080
0.392578
0.220825
0.315186
-0.142700
0.343994
0.199219
-0.096497
0.146118
0.140625
0.427979
0.178711
0.467773
-0.182129
-0.228394
0.074219
0.058380
0.285400
0.075134
0.324463
-0.058197
0.313965
-0.176270
0.115356
-0.510742
0.191528
-0.073364
0.147827
0.212646
-0.096497
0.014961
-0.062561
-0.290039
-0.030945
0.015312
-0.102051
-0.127686
0.340576
-0.278320
-0.182251
-0.337158
-0.352051
0.163574
0.430420
0.404541
-0.533691
-0.000695
0.393555
-0.050232
-0.310791
0.097473
-0.103882
0.167969
-0.442871
0.180054
0.287842
-0.097290
0.021881
0.248535
0.131104
-0.075562
0.070984
0.026627
-0.132568
0.149292
0.252686
-0.223511
0.156616
0.132690
0.098816
-0.089050
-0.038116
-0.453369
0.015579
0.123840
-0.108337
-0.028137
0.670410
-0.368896
-0.043427
0.229004
0.601074
0.416260
0.217407
-0.104797
0.198730
0.261719
0.112244
0.113342
0.128540
-0.074097
0.227661
-0.186157
0.376221
-0.103333
-0.132446
0.018509
-0.475586
-0.167236
0.021652
0.092163
-0.010506
-0.595703
-0.075623
-0.285156
-0.046570
0.222168
-0.110962
-0.355469
-0.274414
-0.150635
-0.306641
-0.118469
0.348877
-0.172241
0.207764
-0.009262
-0.053864
-0.251953
0.542969
0.047424
0.542480
0.405273
-0.165527
-0.012291
0.798828
0.316162
0.181885
0.058472
-0.182495
0.187256
0.232422
-0.020462
-0.176514
0.109680
0.327393
-0.078186
-0.196411
-0.734375
0.230591
-0.352051
-0.082764
-0.145874
0.097290
0.046082
0.235962
0.146484
0.493896
-0.287598
0.384277
-0.062042
0.288086
-0.071899
-0.114502
-0.152710
-0.133057
1.823242
-0.130981
-0.135864
-0.263428
0.055450
-0.198364
0.113586
-0.060303
-0.183594
0.105103
2.039062
0.186890
0.095215
-0.028412
0.010216
0.327393
-0.054047
0.389404
0.005833
0.390381
-0.223755
0.333252
-0.068481
0.080933
0.134399
-0.149658
0.279297
-0.321777
-0.272461
0.051788
-0.213867
0.699707
-0.176147
0.062012
0.115051
-0.128052
0.381348
0.287354
0.337158
0.299805
-0.074097
0.220093
0.202393
-0.058929
0.018524
0.197388
0.484619
0.174438
0.381104
-0.177979
-0.298828
0.169678
0.033600
0.175293
-0.055542
0.246216
-0.017776
0.206299
-0.168335
0.026505
-0.498779
0.313477
-0.098938
0.195068
0.179688
-0.154785
0.008011
0.008270
-0.386963
-0.005924
-0.001061
-0.099365
-0.032501
0.365479
-0.091125
-0.180786
-0.351318
-0.260010
0.166382
0.354736
0.367676
-0.496582
-0.011017
0.335693
-0.084717
-0.180054
0.033752
-0.014542
0.166504
-0.270508
-0.038971
0.022186
-0.031113
-0.145508
0.392090
0.015282
-0.076111
0.018692
0.005379
-0.052094
0.330322
0.280273
-0.333740
0.252441
0.159912
-0.008514
-0.052094
0.070557
-0.234619
-0.033936
0.004906
-0.135620
-0.038330
0.395264
-0.435547
-0.234497
0.252197
0.358887
0.227905
0.069092
-0.099670
0.062561
0.055786
-0.113220
-0.197144
-0.168701
-0.317871
0.275879
-0.150879
0.216797
0.076843
-0.194092
0.033325
-0.129517
-0.159546
-0.026642
0.071655
0.000489
-0.503418
-0.185913
-0.032288
-0.001196
-0.073730
0.051422
-0.365967
0.033600
-0.100159
-0.133545
-0.342529
0.256104
-0.093201
0.231934
0.139771
-0.133423
-0.315918
0.194092
0.019821
0.327881
0.364258
-0.188843
-0.201904
0.639160
0.239380
0.224731
0.037994
-0.058685
-0.034058
0.076172
0.205444
-0.065369
0.002052
0.037506
-0.049652
-0.096863
-0.436279
0.142578
-0.256348
0.131958
-0.025711
-0.021439
-0.142212
0.335449
0.302734
0.291016
-0.022659
0.188110
0.105347
0.046082
0.072083
-0.054443
-0.009438
-0.113770
0.644043
-0.107788
-0.013962
-0.080688
-0.009033
-0.241577
0.131226
-0.159302
-0.127563
0.401123
4.597656
0.211060
-0.171753
0.120361
0.046906
0.191772
0.127563
0.121399
-0.230225
-0.058502
-0.211792
0.087708
0.037903
-0.074890
0.233887
-0.166992
0.033295
-0.166992
-0.317139
0.024033
-0.337646
0.060669
-0.260498
-0.048065
-0.089417
-0.119629
0.354492
0.052551
0.456543
0.146729
0.069641
-0.026062
0.180664
-0.118774
-0.170532
0.272461
0.375000
0.456299
0.054657
-0.324707
-0.269531
0.216553
-0.033691
-0.132324
-0.146118
0.017975
0.052979
-0.011581
-0.161133
-0.094543
-0.294434
0.323730
-0.082703
0.348877
0.032745
-0.134888
0.173950
0.187866
-0.422852
0.032928
-0.066406
-0.026764
0.150757
0.201172
0.134766
0.008453
-0.174438
-0.033295
0.038818
0.140259
0.141235
-0.259521
0.003887
0.107971
-0.095032
-0.140503
0.017471
0.031143
0.177979
-0.173828
-0.152344
-0.114685
-0.026917
-0.237915
0.440918
-0.075256
-0.052979
0.042450
0.037384
-0.010735
0.354004
0.295654
-0.414551
0.218628
0.188843
-0.031982
-0.031067
0.113708
-0.120789
-0.038879
-0.036591
-0.142822
-0.036438
0.222168
-0.482178
-0.283447
0.261230
0.223755
0.141479
0.043549
-0.077576
-0.020828
-0.032501
-0.211670
-0.328369
-0.308838
-0.411133
0.312744
-0.158569
0.140869
0.140381
-0.233154
0.055450
0.053589
-0.151611
-0.022171
0.056549
-0.014313
-0.473633
-0.211914
0.094666
0.005196
-0.191406
0.173706
-0.404053
0.185547
-0.080322
-0.002453
-0.471924
0.192383
-0.114258
0.264893
0.171265
-0.159180
-0.334229
0.060822
0.008331
0.247314
0.317627
-0.178589
-0.288086
0.582031
0.222412
0.229614
0.041962
-0.021698
-0.153198
-0.053711
0.332031
-0.000122
-0.059692
-0.086792
0.012238
-0.057251
-0.299072
0.122070
-0.140381
0.222290
0.030151
-0.086243
-0.231689
0.352295
0.358398
0.199829
0.078003
0.093994
0.161499
-0.051483
0.117126
-0.022430
0.059784
-0.104248
0.219727
-0.038483
0.057465
-0.022415
-0.047546
-0.252930
0.112671
-0.185547
-0.085388
0.508789
4.027344
0.205933
-0.282959
0.216797
0.051483
0.149292
0.191040
-0.044128
-0.321777
-0.260498
-0.148804
-0.029022
0.076416
-0.159302
0.250488
-0.140381
-0.077209
-0.050110
-0.315918
0.025116
-0.348145
-0.318359
-0.319336
-0.041718
-0.186157
-0.143677
0.266846
-0.086731
0.467041
0.040619
0.143066
-0.113525
0.131836
-0.153687
-0.248047
0.347168
0.260742
0.760254
-0.107117
-0.383301
-0.227661
0.215942
-0.050201
-0.271729
-0.170044
-0.099365
0.095703
-0.118347
-0.131226
-0.125488
-0.195435
0.301025
-0.071228
0.401855
-0.015808
-0.074402
0.251953
0.247314
-0.417236
0.031097
-0.124268
0.009720
0.236084
0.110107
0.226440
0.166504
-0.070984
0.083313
-0.047546
0.007404
0.045654
-0.122681
0.029633
-0.005966
-0.062866
-0.157104
-0.040192
0.009964
0.248779
-0.215332
-0.179199
-0.092346
-0.009529
-0.223633
0.446533
-0.084717
-0.045135
0.046539
0.029495
0.005291
0.365723
0.281250
-0.454346
0.195190
0.176880
-0.020996
-0.042267
0.091797
-0.119690
-0.036713
-0.011017
-0.103027
-0.064026
0.231567
-0.556641
-0.310059
0.255127
0.275391
0.134399
-0.009010
-0.078247
-0.042358
-0.031830
-0.227905
-0.295654
-0.315186
-0.402344
0.332031
-0.157959
0.133545
0.117737
-0.242065
0.028824
0.028870
-0.183472
-0.047607
0.020172
0.017990
-0.474121
-0.228516
0.070557
-0.003149
-0.175293
0.180054
-0.418457
0.171631
-0.055511
0.081299
-0.518066
0.204346
-0.062927
0.284912
0.182617
-0.174683
-0.354004
0.075195
0.001628
0.294678
0.318359
-0.173584
-0.269043
0.588867
0.202148
0.238525
0.050781
0.029099
-0.122803
-0.046478
0.313232
-0.032867
-0.063843
-0.048035
0.008507
-0.214478
-0.371582
0.113892
-0.224121
0.240234
-0.106384
-0.079285
-0.189331
0.351318
0.349609
0.247925
0.047363
0.181763
-0.008881
-0.270264
0.101624
-0.032593
0.038940
-0.071350
0.116150
-0.036438
-0.000157
-0.187500
-0.074402
-0.257080
0.063477
-0.176636
-0.136230
0.459473
4.070312
0.216431
-0.143433
0.184692
0.035858
0.133911
0.164673
0.012489
-0.304932
-0.288574
-0.130615
-0.023148
-0.056641
-0.132690
0.275635
-0.096436
-0.216064
-0.071716
-0.309082
-0.020081
-0.370361
-0.360107
-0.332031
-0.059937
-0.245117
-0.174072
0.343750
-0.035095
0.527832
-0.103088
0.133789
-0.072754
0.067505
-0.153320
-0.261230
0.414307
0.280029
0.886230
-0.011093
-0.392822
-0.223999
0.244507
-0.051819
-0.211426
-0.194092
-0.049927
0.131714
-0.147583
-0.056610
-0.192139
-0.202881
0.349365
-0.037750
0.426025
0.059448
-0.121460
0.236572
0.222656
-0.452148
0.052612
-0.250488
-0.041901
0.238037
0.217896
0.072571
0.174683
-0.081848
0.022018
-0.008011
0.010506
0.101440
-0.153931
0.098511
0.003195
-0.068420
-0.194458
0.003315
0.001509
0.159668
-0.233032
-0.083984
0.008659
-0.034912
-0.187622
0.409180
-0.055328
-0.095886
-0.043823
0.002182
-0.020401
0.318115
0.288574
-0.395508
0.204590
0.158203
-0.032318
-0.040924
0.067139
-0.202271
-0.032410
-0.030884
-0.141113
-0.039459
0.395508
-0.456055
-0.275391
0.264648
0.306152
0.177490
0.062683
-0.092834
0.027863
0.033630
-0.148315
-0.281250
-0.263184
-0.320801
0.276855
-0.150269
0.152710
0.129150
-0.219482
0.009560
-0.068909
-0.137451
-0.063293
0.023209
0.050903
-0.468262
-0.183472
0.001949
-0.044922
-0.183716
0.042908
-0.410156
0.086609
-0.126587
-0.084961
-0.373535
0.290771
-0.074158
0.236084
0.129639
-0.153320
-0.304688
0.149780
0.005959
0.343018
0.338867
-0.175293
-0.219971
0.596191
0.222290
0.204834
0.077332
-0.021408
-0.094666
0.016006
0.272217
-0.067017
0.022232
-0.021561
0.027435
-0.086243
-0.361572
0.088379
-0.300049
0.189941
0.007092
-0.084595
-0.235352
0.391357
0.339844
0.286865
0.073120
0.167603
0.122375
-0.102539
0.129272
-0.017975
0.025681
-0.088379
0.388916
-0.079529
0.023956
-0.097473
-0.023224
-0.234131
0.145630
-0.190918
-0.095581
0.517578
3.052734
0.198120
-0.240356
0.142212
0.044189
0.132446
0.222168
0.009193
-0.294678
-0.239014
-0.166626
-0.049103
0.002111
-0.088623
0.271973
-0.251709
-0.087463
-0.098022
-0.357666
0.029434
-0.426758
-0.077576
-0.255859
-0.123413
-0.172974
-0.117859
0.383057
0.019943
0.506348
0.057800
0.099731
-0.094910
0.135498
-0.134521
-0.178223
0.286621
0.354980
0.478271
0.008026
-0.351807
-0.279785
0.255371
-0.048065
-0.219604
-0.171387
-0.063232
0.063599
-0.073730
-0.113831
-0.142700
-0.230957
0.390625
-0.071228
0.417969
0.004990
-0.146240
0.185425
0.235107
-0.418701
0.025330
-0.106140
-0.007259
0.140869
0.181763
0.139771
-0.029175
-0.130005
0.047607
0.005257
0.106201
0.098999
-0.250488
-0.038391
0.059052
-0.092712
-0.312500
0.175781
0.036469
-0.050934
-0.124512
0.005596
0.002274
-0.160156
-0.137085
0.342773
-0.072876
-0.148315
-0.067078
0.003328
-0.005707
0.184570
0.283936
-0.316406
0.103699
0.151611
-0.025955
0.014244
0.034088
-0.268066
0.004395
-0.095764
-0.249023
0.018875
0.459961
-0.189087
-0.143555
0.310547
0.198242
0.232300
0.272705
-0.067993
0.042938
0.096313
-0.081482
-0.290527
-0.135620
-0.228027
0.160522
-0.151001
0.140503
0.065918
-0.176392
0.031921
-0.116699
-0.081726
0.016769
0.026489
0.049072
-0.453613
0.013702
-0.053162
-0.101440
-0.160522
-0.093079
-0.386963
0.026108
-0.295166
-0.286621
-0.110229
0.326172
-0.232056
0.198486
0.009132
-0.135132
-0.208374
0.201538
0.110291
0.444092
0.295898
-0.120850
-0.172241
0.600098
0.315918
0.043335
0.122986
-0.143555
-0.126099
0.013687
0.280518
-0.064270
0.126953
-0.021683
0.174561
0.303467
-0.117798
0.129395
-0.094849
0.071106
0.273193
-0.134521
-0.289551
0.386719
0.326416
0.155029
0.140747
-0.001643
0.386719
0.371094
0.133179
-0.011345
0.004196
-0.114136
0.696289
-0.100464
0.155640
0.216553
0.057648
-0.251953
0.187012
-0.165283
0.027634
0.458984
-2.353516
0.177734
-0.407715
0.127563
0.061554
0.116028
0.266846
-0.081909
-0.262207
-0.120422
-0.097595
-0.098816
0.240479
-0.061493
0.232056
-0.352539
0.215454
-0.038818
-0.316650
0.121948
-0.325195
0.238647
-0.139404
-0.082947
0.105347
0.003481
0.165894
-0.019714
0.235718
0.366455
0.036316
-0.129639
0.245972
-0.184204
-0.040924
0.063171
0.252441
0.052704
-0.147339
-0.315674
-0.279785
0.168823
-0.027206
-0.241211
-0.065430
-0.133545
-0.021149
-0.006138
-0.188599
0.049744
-0.187622
0.253174
-0.109558
0.402344
-0.106506
0.037689
0.209839
0.238403
-0.252197
0.014320
0.164307
0.077026
0.054779
-0.052948
0.356689
-0.155518
-0.088989
0.120117
-0.058716
0.124268
-0.051392
-0.191772
-0.296631
0.050446
-0.083130
-0.321533
0.201660
0.037048
-0.017059
-0.103333
-0.037750
-0.066162
-0.201904
-0.107178
0.356689
-0.062012
-0.121460
0.024460
0.030289
-0.003595
0.215942
0.283936
-0.311768
0.074463
0.148071
-0.003456
0.035950
0.038239
-0.223511
0.014450
-0.091431
-0.241577
0.002867
0.365479
-0.187622
-0.110962
0.305664
0.177612
0.199463
0.251465
-0.047729
0.021957
0.075806
-0.109558
-0.264404
-0.093628
-0.263672
0.154785
-0.155396
0.132812
0.007301
-0.177246
0.047974
-0.105347
-0.130371
0.055756
0.024292
0.032959
-0.449463
0.029785
-0.051147
-0.083313
-0.115967
-0.054504
-0.370850
0.035675
-0.279541
-0.234619
-0.139404
0.268555
-0.265381
0.228027
0.006611
-0.182617
-0.219604
0.185181
0.139404
0.473877
0.279541
-0.130127
-0.156616
0.603027
0.329346
0.040741
0.110352
-0.143433
-0.123962
0.008980
0.262939
-0.050537
0.106323
-0.000527
0.192871
0.290771
-0.103149
0.189209
0.024277
0.044067
0.222412
-0.109619
-0.228394
0.339844
0.321533
0.125488
0.083984
-0.003658
0.296631
0.323975
0.092407
-0.018234
-0.018906
-0.117188
0.480713
-0.078064
0.148315
0.152466
0.060516
-0.280762
0.088562
-0.126587
0.012062
0.333008
-2.921875
0.210571
-0.377441
0.139648
0.066345
0.145752
0.159302
-0.042328
-0.239990
-0.066284
-0.068115
-0.018295
0.220093
-0.068054
0.201294
-0.250244
0.203003
-0.066345
-0.230835
0.095764
-0.252197
0.152466
-0.174927
-0.010597
0.162598
-0.034271
0.093140
-0.031586
0.205566
0.300049
0.046356
-0.078979
0.213989
-0.197388
-0.077209
0.108215
0.205322
0.293457
-0.148926
-0.341553
-0.205811
0.135742
-0.024521
-0.220703
-0.045929
-0.096436
0.002396
-0.012810
-0.159058
0.050842
-0.185059
0.179932
-0.095642
0.386963
-0.056549
0.040649
0.250977
0.217407
-0.247925
0.021759
0.108276
0.065491
0.100037
-0.051025
0.272217
-0.023972
-0.059631
0.078857
-0.066528
0.104797
-0.045044
-0.147827
-0.201416
0.041534
-0.056610
-0.317627
0.243042
0.033569
0.035461
-0.074463
-0.150879
-0.204224
-0.271240
-0.076660
0.425537
-0.003292
-0.085266
0.161133
0.086426
-0.009285
0.362549
0.297607
-0.316650
0.058990
0.119202
-0.013931
0.107605
0.072632
-0.112793
0.036438
-0.111389
-0.200928
-0.035126
0.228760
-0.159790
-0.119568
0.293701
0.142822
0.074219
0.118713
-0.013161
0.033630
0.055542
-0.164917
-0.278320
-0.069092
-0.347900
0.132202
-0.143188
0.099243
-0.075134
-0.178467
0.056427
-0.106079
-0.200317
0.076965
-0.007744
0.040222
-0.413818
0.033783
-0.026794
-0.034119
-0.111938
-0.047791
-0.344727
0.092529
-0.259277
-0.151489
-0.227783
0.205078
-0.268311
0.270264
0.031982
-0.345459
-0.245728
0.117798
0.153809
0.532715
0.271240
-0.206299
-0.082153
0.561523
0.299072
0.081787
0.093445
-0.116882
-0.123352
0.028641
0.263916
-0.025345
0.054565
0.013458
0.220825
0.265137
-0.112427
0.261719
0.178833
0.037842
0.123840
-0.086609
-0.164673
0.301270
0.350098
0.025131
0.057922
-0.020187
0.121948
0.236328
0.058197
0.032196
-0.044128
-0.167725
-0.078613
-0.081055
0.168945
0.009247
0.140381
-0.343506
-0.052307
-0.062927
0.035339
0.139160
-3.556641
0.310303
-0.361328
0.168091
0.109924
0.163574
-0.008636
-0.029190
-0.242310
-0.061829
-0.004482
0.096863
0.179443
-0.074707
0.179932
-0.167969
0.131470
-0.138794
-0.111511
0.033936
-0.299805
0.108948
-0.239380
0.042633
0.293213
-0.088135
0.050537
0.001655
0.298096
0.144775
0.077026
-0.014427
0.193481
-0.216431
-0.110352
0.234131
0.141724
0.653320
-0.163818
-0.421875
-0.012466
0.124146
-0.036163
-0.236694
-0.021439
-0.058807
0.004154
-0.023911
-0.120850
0.015259
-0.114014
0.109802
-0.044006
0.409180
-0.006969
0.012787
0.326660
0.248047
-0.236816
0.061462
0.006893
0.085693
0.119934
-0.047119
0.076172
0.112793
0.019272
0.005470
-0.110352
0.149780
-0.058594
-0.135742
-0.113037
0.031281
-0.042999
-0.189331
0.323242
0.024429
0.125244
-0.027054
-0.422119
-0.549316
-0.333740
-0.101746
0.615234
0.201904
0.002195
0.423340
0.185913
-0.055817
0.791016
0.328369
-0.310791
0.166260
0.081421
-0.102844
0.271729
0.216064
0.161255
0.043243
-0.141602
-0.136108
-0.086853
-0.092651
-0.121399
-0.192261
0.253418
0.053619
-0.198730
-0.248413
0.038055
0.083923
-0.017792
-0.296631
-0.385498
-0.108215
-0.609863
0.130859
-0.083679
0.072510
-0.182983
-0.177002
0.109863
-0.057892
-0.289551
0.088806
-0.021164
-0.019821
-0.349121
-0.048553
0.107117
0.155273
-0.139282
-0.007828
-0.244629
0.295166
-0.144165
0.005112
-0.500488
0.047943
-0.192261
0.347168
0.168213
-0.686523
-0.333252
-0.112183
0.115234
0.496582
0.279053
-0.406250
0.038025
0.434814
0.181274
0.252197
0.003639
-0.034729
-0.158325
0.150879
0.319824
0.076111
-0.181274
-0.041473
0.172852
0.236084
-0.166504
0.400879
0.476807
0.072815
-0.038879
-0.070496
-0.097656
0.270996
0.456787
-0.248291
0.047424
-0.082947
-0.122925
0.108643
0.020386
0.163452
-0.065186
-0.340088
-1.404297
-0.134766
0.226074
-0.175903
0.314697
-0.471680
-0.216187
0.047668
0.123352
-0.151611
0.604004
0.546387
-0.364258
0.280029
0.241943
0.207275
-0.256592
-0.054199
-0.293457
-0.091919
0.037140
0.388916
0.176514
-0.151001
0.150757
-0.043945
-0.014786
-0.280273
0.044006
-0.118652
-0.503418
0.011208
-0.427490
0.110474
0.411621
-0.173584
0.041443
0.067261
0.634766
-0.162109
0.175781
0.081360
0.217529
-0.243042
-0.221313
0.500488
0.083435
1.268555
-0.244141
-0.613770
0.396240
0.139160
-0.091003
-0.297119
0.015945
-0.020111
-0.032104
-0.048157
-0.135010
-0.047150
0.058167
-0.026321
0.060150
0.447998
0.001767
-0.094421
0.501465
0.380371
-0.233643
0.211914
-0.150879
0.156128
0.225708
-0.029007
-0.170166
0.393311
0.190918
-0.142334
-0.255371
0.261719
-0.084229
-0.073425
0.011108
-0.013336
-0.050964
-0.229492
0.345215
-0.017273
-0.025452
-0.066833
-0.131226
-0.245850
-0.237549
-0.110291
0.405029
0.080261
-0.034821
0.223877
0.011276
-0.117615
0.440918
0.283691
-0.195435
0.149902
0.185791
0.030869
0.072815
0.120605
-0.132446
0.033783
-0.069275
-0.357666
0.070740
0.161499
-0.191772
0.048309
0.289795
0.154297
0.165649
0.168091
-0.030441
-0.025711
0.085388
-0.232544
-0.241333
0.019592
-0.397461
0.180054
-0.124390
0.247437
-0.093750
-0.189331
0.138306
-0.114319
-0.166992
0.127686
0.116333
-0.106934
-0.467285
-0.017776
-0.041595
0.059174
-0.002699
0.078735
-0.296387
0.083618
-0.145630
-0.225708
-0.252441
0.142090
-0.277588
0.291260
0.002050
-0.293945
-0.206543
0.131470
0.139160
0.443115
0.268066
-0.104553
-0.119263
0.590820
0.380371
0.058533
0.057587
-0.127686
-0.102356
0.312256
0.217773
0.004063
-0.060883
0.032104
0.191284
0.352539
-0.173340
0.412842
0.211548
-0.062683
0.187988
-0.124329
-0.157959
0.285400
0.335205
0.013329
-0.079163
0.022491
0.267578
0.534180
-0.044525
-0.002628
-0.120300
-0.353271
0.145752
-0.095215
0.097290
0.171021
0.151855
-0.361572
0.260254
0.012245
0.077698
0.116943
1.488281
0.359131
-0.165039
0.304443
0.134033
0.308350
0.052612
0.052490
-0.162964
0.197876
-0.199097
0.451416
0.357910
-0.289795
0.110840
-0.180176
0.341309
-0.129272
-0.206177
0.010254
-0.201660
0.147949
-0.354980
0.213013
-0.086731
-0.010811
-0.045807
-0.050781
0.318604
0.156250
0.097168
0.085571
0.240967
-0.241943
-0.134888
0.206299
0.276367
0.260498
-0.096802
-0.419678
-0.060852
0.019470
-0.059418
-0.109741
0.082397
0.018677
-0.090637
0.135620
-0.288818
0.225708
-0.179443
-0.123962
-0.063660
0.304688
-0.069153
0.004551
0.368164
0.237183
-0.205444
0.133667
0.142212
0.050201
0.272705
-0.059357
0.346680
0.243042
0.010612
-0.053162
-0.177368
0.135132
0.085327
0.006638
-0.075073
0.014969
-0.012024
-0.321777
0.295654
-0.087708
-0.028214
-0.203247
0.123230
0.068298
-0.187866
0.004868
0.235840
0.033569
-0.070984
0.134033
-0.110352
-0.165283
0.218140
0.220093
-0.099609
0.129395
0.201294
0.146240
-0.087952
-0.009178
-0.393311
0.046417
0.042328
-0.409912
0.105957
0.470947
-0.256592
0.202637
0.293457
0.386475
0.422852
0.398193
-0.097717
-0.012405
0.211914
-0.132324
0.003267
0.190308
-0.153809
0.205322
-0.174072
0.373535
-0.092834
-0.190186
0.097900
-0.321045
-0.169556
0.129028
0.156250
-0.077942
-0.541504
0.015823
-0.293457
-0.004745
0.162476
0.032867
-0.313232
-0.166626
-0.147095
-0.390869
-0.045563
0.253662
-0.305908
0.245361
-0.133423
-0.051758
-0.137451
0.416260
0.158813
0.551758
0.309814
0.042389
-0.131226
0.750488
0.488770
-0.055298
0.093994
-0.190063
0.030670
0.432617
0.016342
-0.136719
0.110718
0.204956
0.159668
0.223022
-0.346436
0.409180
-0.102722
-0.200684
0.104736
-0.068237
-0.064331
0.265625
0.197510
0.366211
-0.264893
0.235474
0.324951
0.595215
-0.128662
-0.139526
-0.227173
-0.287354
1.269531
-0.078918
-0.101135
0.144531
0.057404
-0.278564
0.486572
0.016190
-0.027588
0.148926
0.672363
0.235352
0.099365
0.194092
0.023224
0.380615
0.124084
0.311279
0.003105
0.485352
-0.342285
0.517578
0.305176
-0.269043
0.088440
-0.259766
0.510254
-0.158569
-0.291748
0.080017
-0.004879
0.435791
-0.240845
0.244019
-0.304932
0.059570
-0.009918
0.025589
0.092712
0.301270
-0.012917
0.171021
0.187012
-0.217163
0.001555
-0.032104
0.488281
-0.418701
0.216919
-0.265137
-0.402588
-0.068054
-0.017136
0.093628
0.141968
0.161743
-0.112366
0.319092
-0.311523
0.335449
-0.414795
-0.108154
-0.123596
0.209595
0.016022
-0.047760
0.207031
0.061798
-0.215820
0.002304
0.246948
-0.080750
0.174683
0.037811
0.359619
0.000949
-0.190308
-0.075623
-0.011261
0.151245
0.306885
-0.130859
-0.031372
0.142700
0.020264
-0.407959
0.201294
-0.161865
0.024597
-0.333496
0.295898
0.302490
-0.142822
0.101379
0.102905
-0.008842
-0.087097
0.091003
-0.176147
-0.176880
0.037354
0.152710
-0.061279
0.076050
0.189453
0.248657
-0.215210
-0.132202
-0.580078
0.048309
0.167480
-0.383301
0.088928
0.669434
-0.343262
0.311768
0.275391
0.595703
0.616699
0.532227
-0.146606
-0.018982
0.289551
-0.033813
0.238770
0.324463
0.062805
0.234375
-0.209839
0.450928
-0.130127
-0.187866
0.051392
-0.479492
-0.189941
0.120300
0.160767
-0.038727
-0.584473
0.048096
-0.516602
-0.049591
0.326904
-0.005505
-0.305664
-0.369629
-0.121277
-0.423584
0.080200
0.317627
-0.304199
0.220459
-0.235596
0.130371
-0.104248
0.638672
0.174805
0.644531
0.322510
0.150757
-0.119568
0.876465
0.543457
-0.140625
0.102600
-0.213623
0.143433
0.500000
-0.145996
-0.260498
0.224121
0.354980
0.112732
-0.008041
-0.501465
0.401611
-0.346191
-0.293213
-0.085938
-0.014458
0.072693
0.214600
0.065247
0.658691
-0.436768
0.443604
0.186646
0.438965
-0.213745
-0.256104
-0.316895
-0.177979
2.017578
-0.041534
-0.273682
-0.036346
-0.044037
-0.214966
0.506836
0.035278
-0.156616
0.063843
-0.905273
0.143555
0.396973
0.062042
-0.086670
0.411865
0.103760
0.545410
0.161011
0.685547
-0.364990
0.539551
0.129150
-0.188965
0.070435
-0.193115
0.514648
-0.189941
-0.299561
0.102356
0.162720
0.600098
-0.140869
0.287842
-0.394531
0.063171
0.030899
0.125488
-0.084961
0.287109
-0.111267
0.276611
0.068298
-0.195190
0.102783
-0.175537
0.607910
-0.626465
0.514648
-0.140869
-0.615234
-0.122253
0.030960
0.310059
0.175049
0.296143
-0.076843
0.413086
-0.218506
0.362305
-0.588379
-0.060699
-0.145996
0.139038
0.174316
-0.080261
0.063110
-0.122742
-0.226685
-0.092712
0.190186
-0.221191
0.096619
0.199829
0.176880
-0.144653
-0.339844
-0.138550
0.141846
0.148560
0.491455
-0.247437
0.069397
0.251953
0.059906
-0.421875
0.114136
-0.186035
0.067505
-0.342041
0.343994
0.378418
-0.109497
0.090942
0.033203
-0.117126
-0.083252
0.056732
-0.187012
-0.181030
-0.098694
0.140991
-0.075378
0.016632
0.196655
0.316650
-0.303467
-0.184570
-0.622070
0.029755
0.218628
-0.377930
0.077942
0.655762
-0.448975
0.371338
0.254639
0.626465
0.690918
0.619629
-0.168579
-0.079895
0.273926
-0.022873
0.311279
0.322021
0.163452
0.270020
-0.234009
0.441650
-0.086243
-0.213379
0.033356
-0.431152
-0.175049
0.111572
0.166870
-0.023209
-0.566406
0.035126
-0.585449
-0.089233
0.345215
0.061707
-0.322021
-0.419189
-0.074219
-0.352539
0.072754
0.303467
-0.317139
0.215942
-0.297852
0.256348
-0.075012
0.696289
0.165771
0.605469
0.283936
0.227051
-0.182007
0.904297
0.573242
-0.182129
0.098267
-0.218872
0.132080
0.451660
-0.178711
-0.290283
0.279053
0.351318
0.118713
-0.133057
-0.488281
0.380371
-0.432129
-0.290771
-0.111450
-0.012672
0.088318
0.177124
-0.000867
0.801758
-0.497803
0.512695
0.179810
0.291016
-0.239624
-0.311523
-0.319336
-0.128784
2.271484
0.047272
-0.310791
-0.092590
-0.159302
-0.142334
0.495361
0.026962
-0.202637
0.125244
-2.652344
0.059204
0.477051
0.067932
-0.156860
0.423096
0.166870
0.576172
0.215210
0.700195
-0.352295
0.483887
0.023148
-0.207520
0.044220
-0.114624
0.474609
-0.104065
-0.330811
0.137207
0.287598
0.440674
-0.109253
0.349365
-0.553223
0.045593
-0.035004
0.062347
-0.219116
0.211548
-0.113525
0.293457
-0.052704
-0.179321
0.092896
-0.233521
0.642578
-0.576660
0.593750
-0.055298
-0.723633
-0.158325
0.052338
0.380615
0.174683
0.299072
-0.032074
0.417236
-0.124878
0.405762
-0.651855
-0.058380
-0.196045
0.091187
0.260986
-0.104858
-0.009224
-0.226074
-0.220581
-0.151245
0.151733
-0.286377
0.144897
0.258545
0.181152
-0.127808
-0.388672
-0.072815
0.168335
0.049622
0.566406
-0.210815
0.143921
0.255371
0.126709
-0.405762
0.110962
-0.194214
0.084839
-0.366211
0.336670
0.383789
-0.092712
0.059479
0.029480
-0.101074
-0.061340
0.078613
-0.160278
-0.186646
-0.117920
0.140137
-0.095825
-0.000026
0.207397
0.317627
-0.296875
-0.172729
-0.621582
0.034485
0.246948
-0.352051
0.079956
0.642578
-0.471680
0.373779
0.242188
0.638184
0.698730
0.611328
-0.164551
-0.067322
0.287842
0.005016
0.320312
0.306641
0.171265
0.296631
-0.235840
0.464111
-0.095154
-0.211304
0.048309
-0.432617
-0.151611
0.113098
0.178711
-0.053925
-0.591309
0.027969
-0.566895
-0.071655
0.368164
0.084778
-0.333740
-0.418701
-0.054840
-0.319824
0.031113
0.296631
-0.323242
0.221313
-0.291992
0.268799
-0.083008
0.714844
0.138306
0.577637
0.284424
0.228516
-0.165405
0.913574
0.559082
-0.156494
0.086121
-0.219360
0.137939
0.441895
-0.156128
-0.273193
0.229614
0.362549
0.096497
-0.182495
-0.554688
0.380859
-0.426270
-0.281738
-0.140625
-0.019852
0.093140
0.161743
-0.013405
0.811035
-0.504395
0.527344
0.159058
0.307373
-0.252686
-0.307617
-0.310303
-0.133911
2.484375
0.070007
-0.310547
-0.119568
-0.152954
-0.126587
0.501465
0.035797
-0.197388
0.116943
-1.974609
0.046234
0.511230
0.073364
-0.165283
0.438721
0.159424
0.548340
0.225708
0.707031
-0.327393
0.486084
0.016037
-0.202148
0.032043
-0.103943
0.467529
-0.084534
-0.343018
0.143921
0.277588
0.432617
-0.126343
0.368164
-0.570801
0.023178
-0.033447
0.073547
-0.200195
0.193848
-0.114868
0.316162
-0.060028
-0.170044
0.111877
-0.184326
0.616699
-0.496338
0.609863
-0.043671
-0.707031
-0.149658
0.061371
0.401123
0.177734
0.294678
-0.032593
0.419189
-0.123901
0.407715
-0.653809
-0.040497
-0.192383
0.074280
0.261719
-0.079956
-0.029770
-0.240112
-0.220215
-0.156860
0.126221
-0.283447
0.125122
0.278076
0.160767
-0.112305
-0.390625
-0.085693
0.158447
0.053711
0.590332
-0.221802
0.137207
0.263916
0.130981
-0.370117
0.132812
-0.178467
0.040771
-0.411133
0.353027
0.385254
-0.057251
0.041595
0.061401
0.008057
-0.070129
0.090088
-0.130859
-0.183105
-0.056854
0.126343
-0.082886
0.085449
0.200928
0.237061
-0.246216
-0.130859
-0.633301
0.042725
0.264648
-0.286865
0.064758
0.718262
-0.374268
0.289062
0.238037
0.660645
0.683105
0.545410
-0.171997
0.066162
0.312744
0.083252
0.285156
0.272949
0.161377
0.299561
-0.228638
0.498779
-0.089355
-0.177368
0.072815
-0.492920
-0.116882
0.104370
0.196899
-0.080566
-0.627441
0.035828
-0.534668
0.007759
0.361816
-0.006855
-0.296631
-0.387207
-0.090088
-0.402344
0.053864
0.328125
-0.314209
0.177734
-0.232056
0.247437
-0.124512
0.706055
0.098389
0.528320
0.345459
0.140137
-0.104675
0.916504
0.483643
-0.090515
0.051117
-0.244507
0.141846
0.410400
-0.116577
-0.241821
0.172607
0.345703
-0.009430
-0.132324
-0.621094
0.331299
-0.395020
-0.256592
-0.146362
-0.004063
0.083740
0.186646
0.007660
0.789062
-0.430908
0.473633
0.246338
0.445312
-0.213623
-0.270020
-0.283691
-0.133789
2.621094
0.020477
-0.284912
-0.077820
-0.058624
-0.133911
0.530273
0.015930
-0.161133
0.122559
0.642578
0.052399
0.387207
0.016907
-0.147949
0.425049
0.136719
0.506836
0.187012
0.681641
-0.310791
0.414307
0.114380
-0.128174
0.040680
-0.211792
0.524414
-0.142700
-0.325195
0.172485
0.154175
0.644531
-0.082153
0.273438
-0.366455
0.031982
0.031372
0.161011
-0.157227
0.325928
-0.142212
0.274902
0.037628
-0.156250
0.205811
-0.210205
0.596680
-0.626953
0.573242
-0.059601
-0.688477
-0.118408
0.067322
0.318604
0.182251
0.259277
-0.070251
0.441650
-0.202881
0.362305
-0.629883
0.042938
-0.179565
0.096619
0.179932
-0.093750
-0.046234
-0.188599
-0.216919
-0.204468
0.203125
-0.210571
-0.030472
0.227173
0.113403
-0.266113
-0.399414
-0.075623
0.164185
0.158325
0.530762
-0.358643
0.022095
0.304688
0.077515
-0.243652
0.154175
-0.074585
0.040985
-0.300781
0.133667
0.109436
-0.059845
-0.084839
0.241943
0.060486
-0.054871
0.151001
-0.011581
-0.134277
0.178467
0.194458
-0.178955
0.190308
0.195435
0.078003
-0.101929
0.014687
-0.397949
0.023483
0.144531
-0.207520
0.020248
0.489990
-0.304443
0.043610
0.243286
0.446533
0.425781
0.312012
-0.129395
0.132446
0.182861
-0.001997
-0.003475
0.032745
-0.095459
0.293945
-0.206299
0.374756
-0.006657
-0.178101
0.109863
-0.284912
-0.109558
0.079651
0.174194
-0.097656
-0.569824
-0.043213
-0.253174
0.091736
0.129761
0.026901
-0.298584
-0.101624
-0.105896
-0.306152
-0.154541
0.248047
-0.283691
0.192261
-0.048401
0.035309
-0.224365
0.414062
0.045837
0.365723
0.360107
-0.069580
-0.130737
0.770996
0.344482
0.076050
0.007671
-0.213013
-0.009224
0.199219
0.101624
-0.091797
0.030090
0.130493
-0.049133
0.021454
-0.472656
0.260010
-0.133301
-0.073181
-0.016922
-0.023499
-0.053925
0.252686
0.164917
0.499756
-0.190552
0.221558
0.354248
0.452881
-0.073669
-0.121216
-0.140869
-0.180786
1.596680
-0.012329
-0.092285
0.020340
0.049347
-0.200684
0.379395
-0.048615
-0.056244
0.244507
3.255859
0.142456
-0.063843
0.115967
-0.044220
0.346680
0.106018
0.230103
-0.043427
0.333496
-0.225708
0.245728
0.247925
-0.136597
0.082947
-0.259277
0.410645
-0.144409
-0.270752
0.157471
-0.103516
0.387207
-0.160400
0.149170
-0.108154
-0.030609
0.046478
0.076538
0.076233
0.318604
-0.018829
0.099060
0.150757
-0.162720
0.089661
-0.038574
0.428955
-0.113525
0.219727
-0.212769
-0.431396
-0.017715
0.021851
-0.018097
0.092651
0.068298
-0.061218
0.280029
-0.259033
0.210815
-0.421875
0.113831
-0.150635
0.217529
0.024414
-0.098206
0.100708
0.030746
-0.247314
-0.169678
0.192749
-0.032623
-0.009468
0.062134
0.163696
-0.145996
-0.238037
0.038116
0.023407
0.172119
0.276855
-0.321289
-0.053436
0.198364
0.024445
-0.186401
0.143799
-0.043488
0.089661
-0.278564
-0.002123
-0.037994
-0.084534
-0.094604
0.364990
0.138794
-0.054291
0.200073
0.045624
-0.120544
0.408447
0.224854
-0.218018
0.275391
0.148193
-0.020935
-0.009972
0.085999
-0.254395
0.012642
0.076965
-0.126099
-0.044800
0.407471
-0.255371
-0.119873
0.234619
0.392822
0.229004
0.087891
-0.113098
0.205811
0.125366
-0.053253
-0.131714
-0.072449
-0.238770
0.269287
-0.179321
0.289062
0.010315
-0.181274
0.090759
-0.245850
-0.162231
0.031342
0.121826
-0.050323
-0.503906
-0.100342
-0.153809
0.147095
-0.000416
-0.032806
-0.270752
0.029358
-0.108521
-0.259766
-0.276855
0.224243
-0.210571
0.198608
0.061371
-0.170532
-0.293945
0.256836
0.016174
0.354980
0.395264
-0.247437
-0.084717
0.674316
0.235718
0.198730
-0.020920
-0.171265
-0.054230
0.142090
0.162476
-0.049500
-0.022293
0.052032
-0.079712
0.027252
-0.447266
0.223877
-0.053925
0.019196
-0.060730
-0.004173
-0.078857
0.296143
0.261475
0.371826
-0.083191
0.141602
0.268311
0.310059
0.004345
-0.020157
-0.096497
-0.201172
0.746094
-0.076111
-0.020691
-0.059753
0.141602
-0.257324
0.243286
-0.068481
-0.017181
0.226929
4.269531
0.243286
-0.264160
0.118042
0.031891
0.280273
0.019974
0.162231
-0.155273
0.144409
-0.182373
0.198975
0.218262
-0.097534
0.127441
-0.295654
0.264160
-0.236084
-0.205688
0.103394
-0.321777
0.365967
-0.190063
0.034607
0.088745
-0.072510
0.150635
0.125244
0.288086
0.232422
0.038513
0.034302
0.195801
-0.155029
0.034180
0.059845
0.400391
0.135742
0.113892
-0.325195
-0.248413
0.062683
-0.012276
-0.176880
0.041595
0.022659
-0.061890
0.205444
-0.248535
0.068848
-0.303955
0.189209
-0.102356
0.308350
-0.005596
-0.192505
0.177856
0.159058
-0.280762
-0.131592
0.115967
0.043213
-0.026932
0.042908
0.017273
-0.143921
-0.160522
0.035065
-0.020325
0.261230
0.169067
-0.381104
-0.052124
0.177979
-0.023499
-0.258057
0.079956
-0.140503
0.133301
-0.462402
0.156738
0.184082
-0.060364
0.026093
0.273438
0.248291
-0.074097
0.191162
0.029221
-0.163330
0.352295
0.168335
-0.143555
0.283936
0.079407
0.023651
-0.061096
-0.006607
-0.418701
0.013992
0.208130
-0.025696
-0.101746
0.653809
-0.234619
-0.055969
0.187744
0.646484
0.357422
0.081177
-0.158569
0.336182
0.250244
0.135376
0.119324
0.101562
-0.023621
0.256104
-0.176270
0.379883
-0.089722
-0.135742
0.034058
-0.518555
-0.172974
0.001672
0.110168
0.000081
-0.528320
-0.065491
-0.395020
0.159790
0.194580
-0.220581
-0.195679
-0.196167
-0.098694
-0.354004
-0.138306
0.309814
-0.161133
0.145264
-0.000706
-0.102173
-0.280273
0.478271
0.001451
0.465088
0.452881
-0.269531
0.065613
0.759277
0.211304
0.202148
-0.055786
-0.205933
0.110291
0.289551
-0.021118
-0.174194
0.053162
0.242798
-0.205566
-0.202393
-0.707520
0.222046
-0.281738
-0.086243
-0.307129
0.083130
0.099304
0.244263
0.137573
0.603516
-0.253662
0.354004
0.025681
0.182983
-0.072144
-0.072815
-0.199951
-0.139404
1.365234
-0.109375
-0.165283
-0.338135
0.158447
-0.204712
0.178345
-0.020294
-0.107666
0.006634
3.783203
0.220947
0.016373
-0.072937
-0.024689
0.306885
-0.097107
0.421143
0.018097
0.388916
-0.171753
0.290771
0.000009
0.083679
0.101990
-0.244507
0.266846
-0.380615
-0.179443
0.086304
-0.319336
0.838867
-0.077148
0.026489
0.220581
-0.087769
0.298828
0.384033
0.266846
0.224121
-0.085083
0.196533
0.143433
-0.097900
0.194824
-0.044769
0.542969
-0.067261
0.450928
-0.220459
-0.312500
0.067749
0.029907
0.074585
0.086243
0.200562
-0.077820
0.334473
-0.166870
0.060974
-0.446777
0.294189
-0.099487
0.230713
0.153931
-0.286133
0.005192
0.005867
-0.279297
-0.177368
0.054962
-0.051819
-0.202271
0.267578
-0.337646
-0.394287
-0.314453
-0.132812
0.122192
0.434814
0.359863
-0.631836
-0.023941
0.365967
-0.032471
-0.343018
0.045624
-0.199463
0.194702
-0.550781
0.252686
0.336670
-0.067810
0.104736
0.175659
0.234009
-0.059692
0.193726
0.019760
-0.166504
0.186279
0.140991
-0.134033
0.174316
0.070618
0.125610
-0.117004
-0.096741
-0.531250
0.026306
0.296631
0.000533
-0.107117
0.732422
-0.307617
0.059113
0.169189
0.776367
0.492432
0.173950
-0.157104
0.299072
0.320557
0.228394
0.322998
0.256104
0.117126
0.256836
-0.186523
0.446289
-0.198120
-0.113220
0.010056
-0.650879
-0.189819
0.024872
0.105408
-0.000511
-0.580078
-0.017502
-0.530273
0.097351
0.387207
-0.230591
-0.203857
-0.381104
-0.089050
-0.317383
-0.052795
0.333984
-0.171021
0.161011
-0.079102
-0.003403
-0.253418
0.661621
0.031647
0.567383
0.431885
-0.177002
0.119934
0.850098
0.265137
0.144897
-0.036713
-0.207031
0.238281
0.357422
-0.144287
-0.251953
0.100403
0.414062
-0.210815
-0.395752
-0.857910
0.266113
-0.385254
-0.182129
-0.458252
0.135132
0.247925
0.167969
0.026077
0.726074
-0.426514
0.527832
-0.214844
0.098755
-0.172241
-0.159546
-0.272705
-0.082031
2.011719
-0.085632
-0.271729
-0.524902
0.084717
-0.167480
0.077881
0.028702
-0.213013
-0.170410
2.054688
0.179077
0.337402
-0.166870
-0.079224
0.351562
-0.177124
0.597656
0.170776
0.596680
-0.145874
0.390625
-0.193115
0.178467
0.075684
-0.089111
0.256836
-0.402344
-0.160034
0.055878
-0.155151
0.980469
-0.051544
0.118286
0.212646
-0.121887
0.327393
0.476318
0.172485
0.174316
-0.171143
0.355469
0.064026
-0.071411
0.228638
-0.015671
0.567383
-0.000160
0.667480
-0.119751
-0.356201
0.061066
0.073608
0.341797
0.093201
0.353516
-0.034851
0.362305
-0.067078
0.080811
-0.570801
0.298340
-0.091553
0.142212
0.318604
-0.266113
-0.097534
-0.150879
-0.291504
-0.144653
-0.051819
-0.172363
-0.208862
0.462402
-0.500000
-0.383789
-0.411377
-0.297363
0.230347
0.446045
0.513672
-0.668945
0.055206
0.454590
-0.012932
-0.328125
-0.000481
-0.172363
0.305908
-0.425049
0.044403
0.151489
-0.123291
0.070435
0.276367
0.100586
-0.035400
0.218262
0.018890
-0.126709
0.313232
0.187134
-0.239990
0.103210
0.065613
0.138428
-0.093994
-0.070679
-0.336914
0.017288
0.189331
-0.028900
-0.131714
0.485352
-0.450928
0.000083
0.182251
0.637207
0.301758
0.047943
-0.119934
0.121216
0.194214
0.002239
0.185059
0.135376
-0.055176
0.254150
-0.170166
0.288818
-0.163208
-0.185425
-0.027588
-0.444580
-0.280518
-0.005241
0.018188
0.075623
-0.477051
-0.086609
-0.412842
0.032684
0.222412
-0.082031
-0.271729
-0.232422
-0.035736
-0.078186
-0.261475
0.258057
-0.113953
0.254639
-0.038422
-0.164795
-0.267578
0.468262
0.058258
0.613281
0.360352
-0.173218
0.037598
0.743652
0.266602
0.149536
0.006073
-0.081848
0.146240
0.301025
-0.073059
-0.229492
0.093872
0.319092
-0.047455
-0.474121
-0.702637
0.290771
-0.339355
-0.078308
-0.492188
0.085144
0.183960
0.184814
0.117737
0.602051
-0.373047
0.515137
-0.409180
-0.329834
-0.141602
-0.119202
-0.234497
-0.084534
0.887695
-0.038361
-0.227661
-0.650391
0.004116
-0.214844
-0.058563
0.021393
-0.222534
-0.118042
-0.218018
0.249390
0.348877
-0.037109
-0.039673
0.294922
-0.169434
0.502441
0.070190
0.335938
-0.116943
0.390625
-0.349365
0.050171
0.127930
0.026733
-0.046051
-0.334229
-0.138916
-0.047211
-0.190674
0.422607
-0.192505
0.135376
-0.024551
-0.190308
0.320312
0.331543
0.342773
-0.185303
-0.046967
0.319336
-0.064148
-0.103516
-0.005486
0.213135
0.509277
0.560059
0.565430
-0.233276
-0.219849
0.107910
0.021286
0.253418
0.009857
0.312012
0.049438
0.187744
0.071411
-0.021515
-0.446289
0.256348
-0.045807
0.233765
0.385254
-0.298584
0.035767
-0.075867
-0.354736
-0.032776
-0.286865
-0.202881
0.029755
0.501465
-0.530273
-0.069580
-0.278809
-0.276367
0.153320
0.292725
0.470215
-0.464355
0.237305
0.300781
0.016373
-0.279541
-0.067993
-0.085571
0.379150
-0.208130
-0.105286
0.005211
-0.149536
-0.036835
0.324951
-0.214355
-0.018097
0.120361
-0.002165
-0.092163
0.254883
0.303467
-0.350342
0.023315
0.134644
0.205933
-0.169434
-0.043945
-0.168457
-0.036469
0.015114
-0.178467
-0.083740
0.170776
-0.690430
-0.027115
0.228027
0.377441
0.202271
0.123962
-0.089600
-0.181519
-0.002745
-0.277832
-0.021103
-0.042725
-0.259277
0.271973
-0.183716
0.115417
0.008827
-0.285156
-0.038788
-0.047852
-0.320801
-0.003719
0.000585
0.104431
-0.387695
-0.213257
-0.199219
-0.145386
-0.009804
0.251709
-0.420410
-0.065796
0.025146
0.145508
-0.459473
0.143188
-0.122375
0.347656
-0.017746
-0.159302
-0.243408
0.254395
0.097473
0.509277
0.227905
-0.071350
-0.265137
0.659668
0.368896
0.119995
0.081421
-0.006687
-0.017960
0.121643
0.038849
-0.159058
0.154419
0.126587
0.166382
-0.402100
-0.365234
0.292480
-0.287109
0.058899
-0.207275
0.024765
-0.008797
0.205566
0.215820
0.442139
-0.288818
0.407959
-0.307861
-0.546875
-0.069824
-0.135376
-0.103149
-0.093994
0.070251
0.064331
-0.104370
-0.466064
-0.226074
-0.204224
-0.124878
-0.066711
-0.251221
0.233521
-3.416016
0.213745
0.185913
0.216187
-0.015388
0.260986
0.028458
0.311279
-0.083252
0.032379
-0.175903
0.296631
-0.393799
-0.188354
0.169067
0.181030
-0.213257
-0.091492
-0.238647
-0.077271
-0.038177
-0.464844
-0.363525
0.207520
-0.462646
-0.232178
0.196411
-0.079285
0.347656
-0.362305
0.131348
0.169922
-0.159546
-0.116089
-0.385254
0.404541
0.444580
1.067383
0.271484
-0.272949
-0.225342
0.140747
-0.026352
0.108826
-0.148438
0.180786
0.181885
-0.055389
0.153442
-0.040924
-0.370850
0.148560
-0.100342
0.273682
0.393555
-0.251465
0.172119
-0.004620
-0.448975
0.094971
-0.374512
-0.239502
0.480225
0.430420
-0.076843
0.398926
-0.171143
-0.107239
0.056091
-0.064209
0.363037
-0.033508
0.410400
0.066772
0.073853
-0.135986
-0.127930
-0.087952
0.485840
-0.163574
-0.249023
-0.146118
-0.098022
-0.146606
0.404785
-0.232178
0.047455
0.174927
0.033875
-0.135986
0.389648
0.359375
-0.389160
0.096680
0.158813
0.205566
-0.181763
0.036530
-0.011177
-0.089600
0.005875
-0.179932
-0.091187
-0.099792
-0.868652
-0.065979
0.192139
0.299561
0.114441
-0.017838
-0.081482
-0.266846
-0.116760
-0.398193
-0.104187
-0.158325
-0.419678
0.340820
-0.161987
0.089844
0.074463
-0.323486
-0.008919
0.146606
-0.325439
-0.021927
0.040497
0.040588
-0.348389
-0.374023
-0.067627
-0.095947
-0.070312
0.453857
-0.416504
0.067444
0.186890
0.336182
-0.717773
0.010941
-0.045502
0.401855
0.070801
-0.208984
-0.288330
0.093933
0.034424
0.321289
0.189331
-0.112122
-0.366699
0.592285
0.332275
0.241211
0.019836
0.060760
-0.081482
0.133545
0.098572
-0.080566
0.020752
0.018494
0.111877
-0.520508
-0.366699
0.337158
-0.230347
0.155151
-0.199707
0.022034
-0.039581
0.182983
0.259033
0.333496
-0.315430
0.396484
-0.378418
-0.706055
-0.073608
-0.106812
-0.048096
-0.195435
-0.512695
0.104553
-0.064026
-0.504395
-0.295166
-0.201294
-0.189331
-0.066772
-0.252686
0.300293
-0.257568
0.268066
0.201294
0.375732
0.026184
0.296875
0.048676
0.257080
-0.129150
-0.055878
-0.211548
0.417236
-0.468750
-0.324707
0.154175
0.361328
-0.343506
-0.032318
-0.288574
-0.152100
-0.055847
-0.864258
-0.524902
0.298828
-0.707520
-0.303711
0.180176
-0.207397
0.528320
-0.584473
0.246338
0.181763
-0.209717
-0.092529
-0.598145
0.609863
0.457275
1.570312
0.189453
-0.306885
-0.092346
0.175293
-0.061432
0.109863
-0.210205
0.164307
0.224243
-0.138794
0.187744
-0.050385
-0.324951
0.083557
-0.113342
0.242065
0.432617
-0.317383
0.230591
0.031311
-0.508789
0.216675
-0.496338
-0.254639
0.744141
0.507324
0.034088
0.708984
-0.110718
-0.114929
-0.035492
-0.163696
0.393066
0.156860
0.555176
-0.012756
0.107483
-0.151001
-0.026413
-0.104431
0.360840
-0.201782
-0.217651
-0.170288
-0.104065
-0.145020
0.401123
-0.064636
0.033264
0.235962
0.051453
-0.131836
0.447754
0.291748
-0.336670
0.126465
0.131836
0.133057
-0.090149
0.059845
-0.044159
-0.057343
0.063599
-0.142578
-0.088867
-0.004154
-0.646484
-0.038788
0.183838
0.330078
0.128296
-0.047302
-0.086914
-0.127563
-0.035400
-0.274414
-0.087158
-0.107422
-0.351807
0.321045
-0.136841
0.157227
-0.010864
-0.268066
0.030243
0.004158
-0.261230
-0.000129
0.054718
-0.007675
-0.376709
-0.263916
-0.115784
0.029297
0.000293
0.274170
-0.318115
0.062988
0.123047
0.202759
-0.606934
0.050781
-0.074036
0.347900
0.056976
-0.237061
-0.288574
0.128174
0.019409
0.332275
0.233032
-0.153809
-0.213623
0.584473
0.273926
0.215576
-0.020493
0.013046
-0.071533
0.216431
0.129883
-0.069885
-0.065063
0.038635
0.048859
-0.392090
-0.416748
0.343750
-0.128052
0.094238
-0.255127
-0.022919
-0.012619
0.193359
0.250488
0.299316
-0.266113
0.345459
-0.317139
-0.498779
-0.085938
-0.057129
-0.088013
-0.212402
-0.322266
0.061493
-0.059357
-0.478760
-0.134399
-0.230713
-0.116638
-0.016602
-0.157959
0.135986
1.391602
0.302490
0.196411
0.291016
0.036865
0.291504
-0.012512
0.225098
-0.102600
0.021942
-0.135986
0.418457
-0.317139
-0.244751
0.133667
0.242798
-0.240601
-0.098450
-0.222290
-0.125732
-0.172729
-0.485840
-0.453125
0.259033
-0.457764
-0.256836
0.160034
-0.046387
0.521484
-0.482422
0.174683
0.203491
-0.129883
-0.129639
-0.385254
0.495850
0.396973
1.321289
0.210693
-0.340332
-0.039825
0.143921
-0.049316
0.087891
-0.094482
0.143555
0.135132
-0.037811
0.103455
-0.015511
-0.274902
0.092773
-0.069092
0.258301
0.327881
-0.259521
0.224609
0.056458
-0.400879
0.155396
-0.405518
-0.171265
0.506348
0.420654
-0.118347
0.506348
-0.081543
-0.138550
-0.066406
-0.010376
0.352051
0.007084
0.384033
0.042847
0.079041
-0.193237
0.037720
-0.118469
0.162231
-0.293457
0.013412
0.005856
-0.023132
-0.136353
0.285645
0.028870
-0.017990
0.185059
-0.002073
-0.123535
0.280762
0.184692
-0.240967
0.181030
0.152710
0.099060
-0.115662
0.023315
-0.276855
-0.027008
0.178589
-0.145264
-0.049225
0.293945
-0.434570
0.028793
0.190430
0.443115
0.350098
0.150391
-0.142334
0.030670
0.094360
-0.065918
0.006401
-0.027527
-0.133789
0.343018
-0.163330
0.306152
-0.013008
-0.208130
0.078552
-0.173096
-0.134766
0.031982
0.134888
-0.075745
-0.487061
-0.121582
-0.247681
0.125244
0.117798
0.103210
-0.245361
-0.044037
0.025543
-0.079163
-0.335938
0.158569
-0.173218
0.229126
-0.010597
-0.013832
-0.257080
0.303955
0.014847
0.290283
0.308838
-0.077271
-0.155518
0.694824
0.281738
0.112976
-0.053253
-0.109131
-0.042145
0.242310
0.120483
-0.095886
-0.051697
0.081299
-0.079590
-0.218628
-0.476807
0.278564
-0.171387
-0.002718
-0.214111
-0.055176
0.005249
0.213135
0.166138
0.476562
-0.231689
0.309814
0.021118
-0.021637
-0.092285
-0.108643
-0.129395
-0.151245
0.949707
0.044678
-0.111511
-0.247681
-0.047089
-0.189819
0.180054
-0.027237
-0.108032
0.152100
3.322266
0.187988
0.155884
0.144043
-0.048798
0.303711
0.065369
0.245605
-0.028763
0.212646
-0.136963
0.279785
-0.024811
-0.151978
0.100647
0.000866
0.085083
-0.106323
-0.254883
0.042969
-0.138672
0.050232
-0.247681
0.210327
-0.268311
-0.122742
0.100403
0.076599
0.238770
-0.065918
0.033447
0.157104
-0.015297
-0.162231
-0.041748
0.126587
0.406006
0.486328
0.286133
-0.246216
-0.306641
0.037445
0.005207
0.079163
0.048065
0.094604
0.031555
0.158325
-0.064941
0.117371
-0.366699
0.135742
-0.110107
0.223267
0.167969
-0.130493
0.110046
-0.005974
-0.280762
-0.067200
-0.106506
-0.112305
0.156372
0.253174
-0.053040
0.073486
-0.182129
-0.030487
-0.008476
0.087402
0.336426
-0.213501
0.134155
0.149902
0.061066
-0.251709
0.049866
-0.133911
0.116943
-0.355225
0.130005
0.128418
-0.010284
-0.091064
0.207520
0.045685
-0.035553
0.172974
-0.014679
-0.116882
0.162964
0.138062
-0.207886
0.154053
0.160767
0.117249
-0.142578
-0.025146
-0.404541
0.000515
0.243164
-0.130371
-0.041595
0.453369
-0.373535
0.074707
0.197144
0.526855
0.463867
0.266357
-0.158936
0.089722
0.171021
0.033447
0.098450
0.041473
-0.000768
0.346436
-0.191895
0.374268
-0.040253
-0.187866
0.082214
-0.298828
-0.113953
0.049042
0.153198
-0.081848
-0.547363
-0.052246
-0.348145
0.133179
0.198853
0.030487
-0.242920
-0.139526
-0.027267
-0.175659
-0.204956
0.221802
-0.233276
0.190796
-0.069092
0.088196
-0.238892
0.445068
0.025833
0.339355
0.334717
-0.029816
-0.108826
0.776367
0.306152
0.054504
-0.039185
-0.161865
0.000117
0.237549
0.072144
-0.136719
-0.004086
0.153076
-0.108643
-0.211670
-0.537598
0.256348
-0.222046
-0.070374
-0.247681
-0.039062
0.055939
0.206909
0.097595
0.615723
-0.254395
0.337891
0.131958
0.169922
-0.113159
-0.157837
-0.172241
-0.115662
1.669922
0.040985
-0.161377
-0.191284
-0.021759
-0.162720
0.288086
-0.021942
-0.110718
0.127075
2.730469
0.116577
0.170654
0.047821
-0.103516
0.313965
0.080139
0.310547
0.037476
0.344727
-0.133545
0.216309
0.053253
-0.084656
0.085510
-0.122925
0.235352
-0.118530
-0.254150
0.122498
-0.078796
0.350342
-0.124817
0.195801
-0.160278
-0.060822
0.069885
0.149170
0.042175
0.119019
-0.057800
0.166260
0.004814
-0.164062
0.138184
-0.064514
0.435303
0.026108
0.377686
-0.173462
-0.452148
-0.022919
0.042725
0.124512
0.119446
0.117249
-0.008163
0.263184
-0.109131
0.184692
-0.441895
0.156494
-0.132080
0.194824
0.154907
-0.108337
0.027145
-0.075073
-0.225708
-0.183228
0.025497
-0.118286
-0.025284
0.206421
-0.074341
-0.161377
-0.256104
0.002089
0.055603
0.143555
0.363037
-0.345947
0.033508
0.226807
0.063171
-0.361084
0.290771
-0.093506
-0.115967
-0.231567
0.144897
0.076721
-0.143799
-0.085571
0.187622
0.072021
-0.070496
0.131714
-0.027740
-0.081177
0.067688
0.150269
-0.176025
0.023956
0.190674
0.096985
-0.018295
-0.016434
-0.435791
0.059814
0.139526
-0.293457
0.078613
0.491211
-0.124817
0.192871
0.271973
0.367432
0.489258
0.439697
-0.090881
0.046783
0.257324
0.056519
0.014671
0.155029
-0.011032
0.232910
-0.155640
0.396240
-0.158325
-0.138550
0.131348
-0.347412
-0.035492
0.139893
0.150757
-0.132446
-0.590820
0.145386
-0.291748
0.057526
0.229492
-0.075378
-0.272949
-0.166992
-0.215942
-0.339600
0.016617
0.278564
-0.355469
0.196533
-0.148682
0.039856
-0.149658
0.466553
0.128540
0.474365
0.282227
0.078491
-0.029022
0.757324
0.407471
-0.102539
0.054749
-0.206421
-0.001448
0.329834
0.146606
-0.104553
-0.004726
0.191284
0.098145
0.218506
-0.351318
0.335938
-0.008484
-0.180908
0.033508
-0.155273
-0.043671
0.239136
0.138916
0.347900
-0.146851
0.168457
0.352539
0.726562
-0.108948
-0.132812
-0.186157
-0.199707
2.009766
-0.038330
-0.024902
0.175415
0.105591
-0.231934
0.428955
0.017441
0.034393
0.070312
0.013443
0.148560
0.103210
0.072754
-0.034485
0.305420
0.156494
0.154419
0.034790
0.436523
-0.105103
0.253418
0.356934
-0.099487
0.083679
-0.271484
0.507324
-0.050934
-0.272461
0.154053
-0.055695
0.662109
-0.104187
0.220337
-0.001944
0.074402
-0.058167
0.126709
-0.058685
0.399414
-0.114868
0.151001
0.185547
-0.235474
0.236450
-0.124695
0.295166
-0.428955
0.180786
-0.203857
-0.388672
-0.047424
0.035797
0.132935
0.202881
0.054718
-0.112610
0.286377
-0.259766
0.350586
-0.349609
0.009216
-0.108582
0.206543
-0.038452
0.150757
0.111389
0.001537
-0.087708
-0.063721
0.260986
-0.021698
-0.073486
-0.007263
0.230225
-0.200806
-0.166992
-0.028656
-0.035919
0.178467
0.209839
-0.228760
-0.277344
0.175293
0.010475
-0.378418
0.450195
-0.054352
-0.290771
-0.108337
0.105835
-0.038269
-0.214966
-0.121216
0.218262
0.106201
-0.097961
0.090759
-0.042664
-0.059418
0.093994
0.169189
-0.144897
0.007500
0.203979
0.043915
0.079529
0.030182
-0.394531
0.075195
0.044342
-0.415283
0.154419
0.445557
0.057129
0.231689
0.317139
0.201904
0.452393
0.490234
-0.051819
0.011070
0.263672
0.029114
-0.117981
0.170410
-0.082703
0.157471
-0.104736
0.381592
-0.190552
-0.112061
0.172852
-0.306396
0.026459
0.184204
0.158813
-0.175293
-0.581543
0.238525
-0.201660
0.042084
0.180176
-0.141357
-0.252930
-0.113220
-0.317139
-0.443115
0.119507
0.285156
-0.401611
0.189941
-0.160767
-0.029526
-0.104675
0.379883
0.180542
0.480225
0.243042
0.116272
-0.005322
0.686523
0.444092
-0.176147
0.090820
-0.215088
-0.057465
0.401855
0.234985
-0.050171
-0.042999
0.132202
0.213013
0.565918
-0.143433
0.376709
0.171387
-0.213013
0.275391
-0.255615
-0.153564
0.280518
0.207886
0.090210
-0.016220
-0.010437
0.560059
1.073242
-0.071472
-0.088318
-0.167847
-0.295898
1.816406
-0.115051
0.118652
0.493164
0.202393
-0.290527
0.525879
0.031433
0.171997
0.076111
-0.445557
0.200562
-0.038818
0.124268
0.041656
0.272705
0.249512
0.003389
-0.012131
0.422607
-0.101135
0.262695
0.603027
-0.150513
0.093567
-0.374023
0.658691
0.007889
-0.290283
0.161011
-0.089600
0.808594
-0.100342
0.212646
0.091736
0.182251
-0.155151
0.075500
-0.090210
0.567383
-0.120117
0.089783
0.325684
-0.286377
0.262695
-0.190063
0.209106
-0.758301
-0.035492
-0.260742
-0.305908
-0.056702
0.009094
0.078247
0.255371
-0.033539
-0.190186
0.276123
-0.375488
0.464111
-0.229004
-0.118652
-0.097961
0.233398
-0.211670
0.283447
0.207520
0.106812
0.018661
0.047638
0.441895
0.074585
-0.046997
-0.193726
0.501953
-0.207275
-0.062500
-0.001523
-0.146729
0.186890
0.048096
-0.089050
-0.504395
0.097839
-0.031082
-0.371582
0.395020
-0.034912
-0.211060
-0.091003
-0.002115
-0.099670
-0.214844
-0.144165
0.290771
0.052551
-0.094604
0.086792
-0.048218
-0.016266
0.178467
0.176880
-0.236938
-0.007702
0.198486
0.018890
0.095825
0.043274
-0.310547
0.081665
-0.001875
-0.389160
0.127808
0.396240
-0.029373
0.127563
0.327148
0.175049
0.339111
0.382324
-0.037994
-0.041595
0.209229
-0.078308
-0.205811
0.053955
-0.173950
0.176636
-0.104980
0.304932
-0.155029
-0.150269
0.143799
-0.229980
-0.023544
0.137573
0.089111
-0.115234
-0.551758
0.196167
-0.127808
0.017502
0.066467
-0.090271
-0.312500
-0.017487
-0.302490
-0.324219
-0.007145
0.289307
-0.343750
0.232178
-0.107178
-0.123352
-0.141113
0.286621
0.170044
0.533203
0.241699
0.094116
-0.036926
0.644531
0.406006
-0.147949
0.122925
-0.130493
-0.098145
0.328125
0.297363
-0.046509
-0.057739
0.092346
0.274902
0.465332
-0.135254
0.338135
0.117676
-0.120117
0.184204
-0.282959
-0.201904
0.327637
0.276855
0.073059
0.056244
0.011070
0.416016
0.743164
-0.029602
-0.052551
-0.137817
-0.236206
1.243164
-0.096252
0.099915
0.351562
0.185791
-0.328125
0.484131
0.004753
0.145386
0.127563
-0.679688
0.234253
-0.029022
0.147949
0.047760
0.214722
0.239746
-0.054260
-0.100891
0.199341
-0.066772
0.182251
0.504395
-0.178955
0.155518
-0.382812
0.422852
0.009300
-0.276855
0.105835
-0.195190
0.513184
-0.169189
0.134399
-0.017975
0.126831
-0.063660
0.055786
0.073303
0.354736
-0.061676
0.038788
0.261475
-0.311523
0.182373
-0.043945
0.165649
-0.422363
-0.054810
-0.357910
-0.272217
-0.001576
-0.016464
-0.034332
0.190186
-0.072327
-0.134277
0.166504
-0.307129
0.309326
-0.156006
-0.044952
-0.035736
0.342529
-0.199585
0.277588
0.274658
0.179321
-0.050323
0.054230
0.268311
0.063599
-0.015762
-0.167847
0.372803
-0.117432
0.002848
0.012733
-0.149536
0.134155
0.021805
-0.078552
-0.399658
0.026505
-0.048523
-0.269775
0.260010
-0.002966
-0.064636
-0.054443
-0.175049
-0.256592
-0.161011
-0.216553
0.396484
-0.010674
-0.059814
0.162720
-0.001336
0.009346
0.349365
0.191772
-0.335205
0.052429
0.181030
-0.036163
0.093750
0.098938
-0.128784
0.056763
-0.016815
-0.277344
0.042053
0.196289
-0.177734
-0.038208
0.296631
0.113953
0.155640
0.167969
-0.042023
-0.055817
0.069092
-0.218872
-0.328613
-0.163452
-0.302490
0.243286
-0.125122
0.180054
-0.038757
-0.210938
0.123962
-0.040253
-0.086914
0.077148
0.038483
-0.062927
-0.462158
0.064209
-0.020798
0.085815
-0.114136
0.035583
-0.321533
0.185303
-0.198242
-0.100037
-0.273193
0.203247
-0.268555
0.265137
-0.007809
-0.219604
-0.217529
0.091125
0.098999
0.421875
0.242798
-0.023117
-0.111145
0.554688
0.295410
-0.032166
0.078308
-0.052887
-0.216919
0.147827
0.388672
-0.000072
-0.112549
-0.061188
0.231201
0.274902
-0.094604
0.266602
0.141357
0.052094
0.053589
-0.270020
-0.236450
0.348633
0.341309
0.090942
0.132202
0.000135
0.295166
0.237549
0.029465
0.005688
-0.071350
-0.178101
0.231201
-0.011742
0.095398
0.134033
0.127319
-0.333252
0.345215
-0.038574
0.116882
0.223877
0.217773
0.258057
-0.131714
0.217651
0.037476
0.152588
0.207031
-0.135620
-0.224243
-0.112732
-0.004597
0.044525
0.352783
-0.238892
0.191284
-0.304688
0.098999
0.030045
-0.220215
0.060547
-0.300781
-0.026947
-0.248047
0.073792
-0.135620
0.015541
-0.037048
-0.031250
0.232910
0.030380
0.055115
-0.047760
0.123413
-0.314941
0.045685
0.107971
0.126099
0.216919
-0.113586
-0.452393
-0.199341
0.028595
-0.042969
-0.241699
0.109375
-0.153931
-0.039948
0.033020
-0.185059
0.124023
-0.060089
0.032837
-0.004593
0.443359
-0.146118
0.141357
0.341797
0.244629
-0.128418
-0.006111
0.046844
0.067810
0.057526
-0.139648
0.181885
0.043457
0.088989
0.128296
-0.188232
0.029831
-0.016296
-0.054749
-0.192505
-0.066589
-0.007576
-0.194702
0.193848
0.040924
0.039398
0.019409
-0.363037
-0.451904
-0.168945
-0.272949
0.515137
-0.059723
-0.028793
0.247314
0.065002
0.028641
0.530273
0.230835
-0.419678
0.087585
0.170410
-0.089111
0.130859
0.163696
0.061401
0.039764
-0.078430
-0.210571
-0.024109
-0.022842
-0.254395
-0.177002
0.285645
0.007679
-0.046509
-0.013916
-0.023056
-0.075317
-0.059662
-0.360107
-0.476562
-0.338867
-0.462891
0.270508
-0.134399
0.052826
0.035980
-0.260742
0.119995
0.144287
-0.153198
0.042816
-0.007759
-0.019241
-0.375732
-0.027588
0.105164
0.132812
-0.288818
0.140503
-0.337402
0.384033
-0.134766
0.078003
-0.503906
0.110840
-0.230225
0.309326
0.085022
-0.370117
-0.285156
-0.111023
0.067261
0.352051
0.233154
-0.147461
-0.173096
0.466064
0.215576
0.072571
0.047089
0.001078
-0.335449
-0.011971
0.487305
0.066345
-0.165771
-0.205322
0.243408
0.209351
0.005535
0.238037
0.260498
0.188721
0.014145
-0.266846
-0.295654
0.364502
0.431152
0.017456
0.222168
-0.073181
0.221802
-0.105286
0.088318
0.077515
-0.002218
-0.158203
-0.811035
0.045685
0.156860
0.007145
0.113159
-0.369385
0.182617
-0.063477
0.126587
0.289551
0.162109
0.316650
-0.314453
0.313965
0.066406
0.108032
0.156982
-0.254395
-0.358887
-0.385254
0.061188
-0.048553
0.274658
-0.301025
0.216064
-0.238647
-0.139893
0.047974
-0.146851
0.020218
-0.398926
-0.487793
-0.335693
0.037109
-0.154907
-0.080688
-0.060608
-0.135742
0.367188
-0.215698
0.177856
-0.132080
0.039154
-0.329590
-0.105408
0.266113
0.056305
0.819824
-0.247925
-0.562988
-0.060364
0.062347
-0.076599
-0.446533
0.043854
-0.241699
0.029892
-0.097046
-0.097046
-0.013855
0.056854
0.057556
0.020508
0.539551
-0.120605
0.047607
0.445801
0.334473
-0.182617
-0.019577
-0.119080
0.107300
0.161987
-0.171631
0.073669
0.240356
0.201172
0.221558
-0.261230
-0.050873
-0.100403
0.018845
-0.046082
-0.165527
0.024368
-0.174316
0.277344
0.055695
-0.051147
0.058838
-0.350830
-0.480957
-0.193604
-0.282227
0.531250
-0.004532
-0.047791
0.206055
0.055206
0.004406
0.564453
0.261230
-0.366943
0.132690
0.171631
-0.113770
0.170654
0.198486
0.068298
0.027420
-0.131836
-0.281250
0.018097
-0.020432
-0.161499
-0.157837
0.299805
-0.051971
-0.049255
0.000447
-0.015312
-0.063293
-0.049622
-0.348633
-0.523926
-0.303223
-0.509277
0.222656
-0.098022
0.070496
0.027359
-0.234009
0.138550
0.138550
-0.115356
0.057800
0.021332
-0.055267
-0.374268
-0.018799
0.150024
0.124817
-0.292969
0.092346
-0.308350
0.383057
-0.166016
-0.027390
-0.440186
0.117310
-0.230103
0.292969
0.096497
-0.403320
-0.262939
-0.142944
0.082520
0.320801
0.231201
-0.160156
-0.162109
0.430664
0.233765
0.073853
0.048920
-0.020782
-0.330811
0.077881
0.495850
0.094482
-0.180786
-0.221802
0.251709
0.395996
0.068420
0.265869
0.320801
0.159180
0.178589
-0.283936
-0.340576
0.380371
0.463623
-0.125488
0.245239
-0.155884
0.345947
0.174316
0.108032
0.106201
0.008575
-0.256104
-0.821289
-0.029861
0.237671
0.190063
0.170288
-0.385010
0.233398
-0.065125
0.190186
0.309570
1.279297
0.356934
-0.411865
0.351807
0.130859
0.126953
0.197998
-0.302002
-0.377197
-0.323975
0.000028
0.041534
0.397461
-0.323975
0.203857
-0.281738
0.001830
0.031616
-0.194458
0.015701
-0.446777
-0.307617
-0.350098
0.041748
-0.093018
-0.028976
-0.062500
-0.141724
0.422119
-0.069702
0.181763
-0.143188
0.161133
-0.316162
-0.124512
0.245728
0.074768
0.597168
-0.349121
-0.565918
0.007439
0.083740
-0.095825
-0.439209
0.045319
-0.256592
-0.034912
-0.071167
-0.197754
0.063171
0.079285
0.005966
-0.000356
0.505371
-0.204468
0.076477
0.470459
0.389648
-0.159424
0.071472
0.018524
0.161987
0.206421
-0.223999
0.271973
0.233521
0.208740
0.191162
-0.316162
0.009766
-0.151123
0.061218
-0.171143
-0.165894
-0.015488
-0.183716
0.322754
0.045868
-0.121216
-0.014427
-0.155273
-0.305664
-0.170288
-0.209961
0.445312
0.069397
-0.077087
0.137939
0.023895
-0.053619
0.448486
0.274170
-0.241699
0.221924
0.185425
-0.081604
0.114807
0.167603
-0.096985
0.010429
-0.101440
-0.322754
0.057861
0.158325
-0.093811
-0.095093
0.304932
0.045013
0.127441
0.144897
-0.042175
0.024765
0.026642
-0.210449
-0.402100
-0.143066
-0.425537
0.186279
-0.106873
0.187012
0.014214
-0.176270
0.150757
-0.002842
-0.085022
0.094910
0.113403
-0.106506
-0.446777
-0.006969
0.071045
0.102905
-0.149536
0.020401
-0.270020
0.213013
-0.205933
-0.252441
-0.242310
0.161133
-0.265381
0.232056
0.076172
-0.265137
-0.239746
0.003109
0.106689
0.289795
0.280518
-0.155518
-0.166138
0.523438
0.295654
0.076050
0.033905
-0.127808
-0.215088
0.155029
0.365967
0.063599
-0.100220
-0.131714
0.131470
0.500000
-0.007202
0.279297
0.262695
0.051758
0.320557
-0.185059
-0.279297
0.357666
0.392578
-0.075073
0.137939
-0.149658
0.513184
0.627930
0.082581
0.038513
-0.023285
-0.304688
0.026611
-0.118774
0.213013
0.385498
0.168213
-0.348145
0.296875
-0.080505
0.151245
0.314941
2.726562
0.312744
-0.438477
0.285645
0.139893
0.195435
0.204834
-0.143555
-0.286865
-0.031372
-0.141968
0.155029
0.505371
-0.252441
0.165039
-0.297607
0.331543
-0.049072
-0.249146
0.075378
-0.323242
0.138428
-0.265137
0.064880
0.057343
0.046326
-0.042114
-0.095642
0.281738
0.311035
0.103760
-0.104309
0.315918
-0.255371
-0.081360
0.085754
0.196289
0.073059
-0.305664
-0.438232
-0.102112
0.061371
-0.067383
-0.300537
0.048981
-0.159912
-0.092773
0.055939
-0.329834
0.184937
-0.077393
-0.020782
-0.083618
0.379150
-0.221680
0.055756
0.377441
0.327637
-0.165894
0.084412
0.254395
0.153931
0.183716
-0.211182
0.493896
0.080322
0.057220
0.121399
-0.228027
0.108643
-0.111267
-0.006935
-0.275879
-0.043976
-0.053589
-0.248413
0.381836
0.035553
-0.039062
-0.112671
-0.149414
-0.250488
-0.292236
-0.042236
0.501465
0.228027
-0.087402
0.209473
0.090210
-0.088318
0.570801
0.327881
-0.205933
0.231445
0.110046
-0.094360
0.199341
0.156860
-0.096985
0.047943
-0.146240
-0.234253
0.004322
0.292480
-0.016174
-0.152954
0.300049
0.160278
0.026245
0.002268
-0.002293
0.183228
0.116943
-0.136963
-0.312744
0.004547
-0.462158
0.080627
-0.102112
0.194214
-0.130859
-0.127075
0.096313
-0.241333
-0.200073
0.089661
0.045258
-0.026794
-0.451416
0.006386
0.020035
0.057678
-0.072510
-0.162109
-0.277588
0.097961
-0.278809
-0.339111
-0.189087
0.223267
-0.232056
0.249878
0.107361
-0.487061
-0.269775
0.092407
0.135742
0.529297
0.354248
-0.336426
0.026566
0.539551
0.268555
0.185059
0.067871
-0.150635
-0.048004
0.217896
0.226929
0.012329
-0.024368
0.053467
0.127563
0.445801
-0.221313
0.328125
0.258057
-0.019196
0.208130
-0.039551
-0.157104
0.333984
0.411133
-0.124512
0.039093
-0.081421
0.214844
0.643066
0.057312
0.102905
-0.081970
-0.344238
-0.175537
-0.246826
0.193481
0.132812
0.331543
-0.416748
0.069397
-0.028900
0.113770
0.047668
1.396484
0.441650
-0.464844
0.181763
0.229004
0.236084
-0.097473
0.018921
-0.258789
0.104248
-0.148438
0.354980
0.373291
-0.087891
0.160034
-0.300293
0.352295
-0.327393
-0.119202
-0.000265
-0.469482
0.561523
-0.285889
0.011192
0.465088
-0.035065
0.146240
0.128540
0.507812
0.343994
0.072021
0.024734
0.418701
-0.191406
-0.083313
0.253174
0.235474
0.300049
-0.198853
-0.487305
0.126099
0.145630
-0.067932
-0.255615
0.007782
0.005520
-0.130493
0.102661
-0.340576
0.062103
-0.107056
0.052124
-0.026550
0.380859
-0.127563
-0.058594
0.379883
0.368408
-0.241211
0.151367
0.185059
0.176758
0.071106
-0.090210
0.161011
0.031281
0.008881
-0.124451
-0.145752
0.383057
-0.066833
-0.239014
-0.229736
0.100891
-0.131592
-0.297119
0.495605
0.028381
-0.003548
-0.117310
-0.267822
-0.377197
-0.454346
0.087830
0.612305
0.421631
-0.084290
0.327148
0.165283
-0.095642
0.821777
0.375488
-0.174927
0.231445
0.016449
-0.146973
0.366211
0.189331
0.020432
0.078552
-0.231934
-0.172729
-0.051453
0.255615
0.142090
-0.202393
0.295898
0.159668
-0.168701
-0.232666
0.065613
0.280273
0.154419
-0.128296
-0.308838
0.135986
-0.586914
-0.051666
-0.039520
0.150635
-0.329102
-0.070068
0.064941
-0.403809
-0.311768
0.102539
-0.041656
0.035522
-0.399658
0.053131
0.030457
0.061920
-0.025940
-0.349609
-0.218018
0.077698
-0.344971
-0.361816
-0.176025
0.218628
-0.175537
0.288330
0.166870
-0.820312
-0.302002
0.040619
0.190308
0.742676
0.377441
-0.521973
0.245361
0.462646
0.213379
0.268066
0.077759
-0.120728
0.053619
0.349365
0.158203
0.002134
-0.043243
0.170654
0.172729
0.489990
-0.288086
0.428955
0.416504
-0.079956
0.099304
0.033142
-0.050385
0.305176
0.477539
-0.383789
0.010986
-0.100525
-0.143921
0.592773
0.036682
0.203247
-0.134399
-0.424561
-1.083984
-0.401123
0.253662
-0.078125
0.534668
-0.542480
-0.242065
0.062195
0.137207
-0.336426
0.176147
0.652344
-0.466309
0.115112
0.366211
0.226562
-0.409912
0.108398
-0.254395
0.170410
-0.082703
0.585938
0.270752
0.049347
0.167603
-0.214355
0.281250
-0.572754
0.065552
-0.146362
-0.648926
0.898926
-0.342529
-0.021652
0.918457
-0.095703
0.273438
0.332031
0.773438
0.252686
0.060425
0.151611
0.520020
-0.177612
-0.125122
0.449951
0.187012
0.677246
-0.208252
-0.616211
0.507812
0.231323
-0.094910
-0.206421
-0.004303
0.134766
-0.165161
0.075317
-0.314941
-0.052948
-0.000443
0.026932
0.078674
0.421143
-0.061829
-0.121094
0.474121
0.458740
-0.247437
0.341064
0.065552
0.226929
0.047516
-0.012863
-0.182617
0.100647
0.083740
-0.398438
-0.151855
0.622070
-0.120789
-0.320312
-0.218750
0.161011
-0.214355
-0.268066
0.472900
0.051483
0.089966
-0.071106
-0.384033
-0.504883
-0.493408
0.099121
0.684082
0.421387
-0.055573
0.395020
0.221680
-0.077881
0.932617
0.424805
-0.210938
0.237549
-0.012474
-0.153320
0.406738
0.221558
0.152588
0.056549
-0.280273
-0.123108
-0.101929
0.071350
0.099365
-0.269043
0.282227
0.094055
-0.288818
-0.366943
0.097229
0.236938
0.072083
-0.196045
-0.345703
0.118164
-0.711426
-0.073425
-0.022781
0.074463
-0.362549
-0.071899
0.052368
-0.320312
-0.386719
0.107544
-0.075378
0.053833
-0.347168
-0.002951
0.110901
0.054352
-0.050079
-0.293945
-0.203003
0.145386
-0.304932
-0.227295
-0.291016
0.131836
-0.138184
0.335693
0.239868
-0.945801
-0.350098
-0.071960
0.209717
0.728027
0.351074
-0.606445
0.238770
0.404541
0.180420
0.341797
0.058929
-0.075317
0.044342
0.299805
0.164551
0.031952
-0.074707
0.143677
0.171021
0.430420
-0.248779
0.461914
0.531738
-0.034851
0.055145
0.081970
0.001152
0.266357
0.513672
-0.526855
-0.008202
-0.132690
-0.338623
0.437500
0.042358
0.231201
-0.108521
-0.447754
-1.770508
-0.418701
0.302246
-0.186768
0.520996
-0.580078
-0.500488
0.072510
0.110535
-0.441406
-0.249023
0.729492
-0.503418
0.142090
0.419189
0.209229
-0.539062
0.123108
-0.286865
0.114563
-0.039642
0.647461
0.156738
0.070251
0.175415
-0.026199
0.155029
-0.619629
0.152466
-0.231323
-0.660156
0.729980
-0.412842
0.014793
1.048828
-0.169434
0.284424
0.305420
0.881348
0.121582
0.108337
0.175659
0.503906
-0.160278
-0.278809
0.608887
0.128174
1.195312
-0.285889
-0.666504
0.703613
0.273926
-0.112610
-0.208008
-0.068970
0.165771
-0.108215
-0.027939
-0.236938
-0.134644
0.055145
-0.000679
0.100830
0.427490
0.019272
-0.162720
0.538574
0.486084
-0.290527
0.446289
-0.069153
0.225464
0.182617
0.049561
-0.275879
0.309570
0.139282
-0.474365
-0.173340
0.610352
-0.169678
-0.238159
-0.104675
0.130737
-0.216431
-0.194702
0.304688
0.066040
0.203857
-0.007236
-0.415771
-0.487305
-0.374023
-0.040985
0.632324
0.149536
-0.008614
0.299072
0.187744
-0.049774
0.722168
0.455566
-0.318359
0.172729
0.079041
-0.043793
0.243164
0.202515
0.177612
-0.010246
-0.257568
-0.180664
-0.073181
-0.145142
-0.241577
-0.240356
0.273682
0.011887
-0.189697
-0.237671
0.083374
-0.027863
-0.070007
-0.321533
-0.371338
-0.021317
-0.739258
0.051025
-0.053223
0.035858
-0.205444
-0.144775
0.062744
-0.014191
-0.350586
0.099915
-0.024277
0.003201
-0.353027
-0.137207
0.215332
-0.039551
-0.096191
0.060272
-0.305664
0.197998
-0.159668
0.034668
-0.474854
0.028488
-0.121277
0.389893
0.243408
-0.708984
-0.347900
-0.131104
0.182739
0.509277
0.248413
-0.419434
-0.044952
0.422363
0.249023
0.318604
0.062805
-0.001934
-0.041016
0.153931
0.231079
0.065979
-0.093384
0.033539
0.185913
0.228760
-0.154297
0.424561
0.422852
0.078369
0.124634
0.040527
-0.061737
0.231201
0.470459
-0.448730
-0.040833
-0.079102
-0.305908
0.182251
0.038269
0.117737
-0.016663
-0.382568
-1.545898
-0.259277
0.276855
-0.117859
0.208496
-0.480957
-0.491699
-0.001028
-0.003990
-0.143311
0.153687
0.586426
-0.360596
0.287598
0.336182
0.210083
-0.315430
0.062500
-0.301270
-0.019699
-0.082703
0.539062
0.026276
-0.088867
0.189697
0.211182
-0.003609
-0.349609
0.001249
-0.227783
-0.395752
-0.006897
-0.506348
0.138306
0.510254
-0.218994
0.190552
-0.000861
0.752930
-0.049347
0.191528
0.122803
0.327881
-0.147949
-0.517090
0.711426
0.114990
1.560547
-0.343018
-0.566406
0.521484
0.272461
-0.107422
-0.135132
-0.180176
0.112610
0.047272
-0.191406
-0.117615
-0.112671
-0.008598
-0.032349
0.029236
0.369629
0.105835
-0.105408
0.513184
0.385010
-0.381104
0.485840
-0.206787
0.094910
0.521973
0.143311
0.052307
0.641602
0.121155
-0.351074
-0.174927
0.249390
-0.112427
0.080444
0.087585
-0.005856
-0.132690
-0.236816
0.183594
0.057312
0.183105
0.023407
-0.253906
-0.273682
-0.272217
-0.114807
0.460938
-0.153687
-0.032990
0.098755
0.072815
-0.031372
0.335693
0.434082
-0.355469
0.049988
0.166260
0.095886
0.029999
0.096619
0.011467
-0.041016
-0.212280
-0.312744
0.008072
-0.075500
-0.459961
-0.100525
0.299316
0.016739
0.060669
0.113770
0.030380
-0.238770
-0.089905
-0.348389
-0.310791
-0.062866
-0.563965
0.136475
-0.110596
0.049896
-0.041412
-0.209229
0.048615
0.132690
-0.263672
0.097595
0.025528
-0.003517
-0.389893
-0.146240
0.145752
-0.193481
-0.105469
0.260742
-0.423584
0.101685
-0.126343
0.071106
-0.406006
0.063477
-0.188843
0.378174
0.104065
-0.339844
-0.253906
-0.004848
0.191284
0.418701
0.170044
-0.128296
-0.290039
0.520020
0.396729
0.144409
0.124207
-0.017899
-0.093872
0.062622
0.227295
0.013435
0.041290
-0.006409
0.272705
0.159546
-0.038574
0.354004
0.173096
0.086609
0.278076
-0.032349
-0.158447
0.235840
0.367676
-0.185181
-0.074768
0.010017
-0.048767
0.153076
0.032196
-0.041473
0.013954
-0.273438
-0.493408
-0.102051
0.209961
0.084778
-0.092834
-0.332764
-0.239502
-0.091431
-0.086304
0.242554
-2.576172
0.343018
-0.219116
0.348877
0.185913
0.214111
0.041351
0.029587
-0.249634
-0.034393
-0.167480
0.343018
0.004826
-0.217285
0.193115
0.206787
0.039948
-0.054596
-0.219849
-0.110413
-0.081604
-0.392090
-0.451904
0.219849
-0.053864
-0.150391
0.069946
-0.249634
0.421631
0.009422
0.182739
0.042725
0.175537
-0.148315
-0.552734
0.537109
0.191284
1.167969
-0.286621
-0.380127
0.101257
0.205444
-0.075745
-0.039917
-0.207275
0.044434
0.123840
-0.208862
-0.058899
0.034454
-0.159668
-0.037170
-0.092651
0.296875
0.130371
-0.006290
0.391113
0.224731
-0.391846
0.391846
-0.130493
-0.037781
0.666992
0.154541
0.469971
0.646973
0.012604
-0.142822
-0.121155
-0.058716
-0.013634
0.260010
0.109558
-0.075623
-0.040985
-0.257568
0.171997
0.040955
0.141724
0.046722
-0.218384
-0.228394
-0.248535
-0.152954
0.419678
-0.245605
-0.050385
0.027664
0.000145
-0.032990
0.261963
0.404785
-0.363770
0.009857
0.195679
0.124634
-0.022491
0.069519
-0.035736
-0.037964
-0.208740
-0.392578
0.052124
-0.027237
-0.494385
-0.037231
0.315918
0.014893
0.116821
0.217773
0.001761
-0.309814
-0.076050
-0.388916
-0.326416
-0.098206
-0.501465
0.165894
-0.116211
0.050415
0.021255
-0.250488
0.043213
0.170410
-0.224365
0.081726
0.029160
0.009178
-0.385742
-0.126709
0.101379
-0.221802
-0.155518
0.294678
-0.459961
0.096924
-0.122498
0.054962
-0.383057
0.101685
-0.205566
0.372314
0.037781
-0.254883
-0.203247
0.020630
0.189575
0.425049
0.146729
-0.015671
-0.352783
0.530762
0.446533
0.053680
0.152588
-0.008865
-0.140503
0.095032
0.252930
-0.009796
0.077515
-0.037445
0.352539
0.184570
0.022293
0.340576
0.068176
0.085083
0.320312
-0.116882
-0.239990
0.276855
0.369385
-0.091797
-0.042786
0.038849
0.070740
0.104065
0.034424
-0.063171
0.010918
-0.250000
-0.300049
-0.042236
0.184570
0.149292
-0.146973
-0.304932
-0.049225
-0.105530
-0.065369
0.382568
-3.564453
0.284424
-0.158447
0.393066
0.137573
0.208008
0.194702
-0.029831
-0.253906
-0.090515
-0.193237
0.278076
0.038452
-0.313965
0.204590
0.112671
0.029526
0.056000
-0.306885
-0.067078
-0.056793
-0.531250
-0.449707
0.220337
-0.338379
-0.103943
0.028030
-0.313965
0.364258
-0.036469
0.193848
0.001015
0.111572
-0.185059
-0.518555
0.467529
0.221191
0.927246
-0.253418
-0.373779
-0.049133
0.171387
-0.081787
-0.064514
-0.175659
-0.014877
0.111755
-0.188477
-0.055939
0.089966
-0.165527
-0.045715
-0.109863
0.320557
0.088989
0.033630
0.381104
0.214111
-0.365479
0.333984
-0.103821
-0.063171
0.672852
0.109070
0.580078
0.611816
0.018723
-0.041077
-0.144043
-0.151855
0.023132
0.312500
0.093079
-0.125854
-0.007668
-0.123657
0.128174
0.037506
0.151001
0.036194
-0.289551
-0.322754
-0.144775
-0.275879
0.474365
-0.186890
-0.015404
0.062561
0.013405
-0.052917
0.390381
0.384033
-0.385742
0.126709
0.219238
0.055237
-0.017059
0.150635
0.038300
-0.067200
-0.158813
-0.355713
0.047516
-0.122009
-0.541504
-0.109619
0.284668
-0.004349
0.076599
0.096497
-0.022888
-0.280518
-0.128662
-0.416992
-0.413574
-0.245972
-0.571777
0.258301
-0.106445
0.076355
0.102661
-0.267090
0.090698
0.269531
-0.171265
0.047272
0.077087
-0.066650
-0.387451
-0.224243
0.186768
-0.088074
-0.214111
0.370850
-0.415527
0.242188
-0.019897
0.117310
-0.547852
0.048615
-0.144287
0.363037
0.119751
-0.247925
-0.255859
-0.091003
0.094360
0.230469
0.170044
-0.062378
-0.397705
0.490967
0.357178
0.145264
0.073242
0.021713
-0.221069
0.097290
0.351318
0.058624
-0.082642
-0.156006
0.231445
0.137329
-0.024857
0.310059
0.076904
0.176514
0.277832
-0.160889
-0.296387
0.301270
0.410400
-0.105042
0.016525
0.009949
0.139771
0.022369
0.057739
-0.017807
0.057953
-0.286133
-0.566895
-0.008095
0.192383
0.146362
-0.130859
-0.301025
0.046326
-0.117615
-0.023880
0.469971
1.453125
0.303711
-0.196655
0.461426
0.140991
0.210693
0.252197
-0.121704
-0.311279
-0.214111
-0.188110
0.252441
0.090393
-0.389648
0.202759
0.102539
-0.055634
0.093445
-0.345215
-0.075989
-0.172729
-0.716309
-0.513184
0.198120
-0.479980
-0.129272
0.045288
-0.335693
0.491943
-0.146240
0.253174
-0.045380
0.102966
-0.192261
-0.529785
0.516113
0.219482
1.079102
-0.297119
-0.422852
-0.026535
0.186279
-0.099243
-0.161743
-0.169800
-0.094299
0.106018
-0.204468
-0.096008
0.054260
-0.108887
-0.019913
-0.097107
0.339844
0.016998
0.004482
0.406738
0.275146
-0.372070
0.312744
-0.141479
-0.024002
0.687500
0.089661
0.588867
0.654785
0.064880
0.028778
-0.214844
-0.177368
0.022675
0.330811
0.109802
-0.168701
-0.002388
-0.138916
0.040070
-0.036102
0.192505
-0.228271
-0.075562
-0.045593
-0.034637
-0.196045
0.372559
-0.033539
-0.025635
0.108154
0.022171
-0.099670
0.320312
0.281006
-0.323730
0.208130
0.188721
0.047089
-0.085083
0.085388
-0.187256
-0.040283
0.041351
-0.171265
-0.022278
0.241455
-0.506836
-0.123352
0.227661
0.322266
0.233398
0.102234
-0.101990
-0.000711
0.029968
-0.160034
-0.177979
-0.173584
-0.316895
0.327393
-0.167847
0.230591
0.086426
-0.229980
0.072754
-0.036987
-0.149048
0.009125
0.113953
-0.056915
-0.487549
-0.209961
-0.041748
0.037354
-0.052185
0.189575
-0.363281
0.068665
-0.011368
-0.047516
-0.443115
0.166382
-0.145020
0.259521
0.088684
-0.099915
-0.290527
0.178711
0.001389
0.255859
0.316650
-0.136841
-0.252197
0.639648
0.272705
0.209961
0.002832
-0.074219
-0.087891
0.099182
0.218140
-0.031219
-0.049133
0.000185
-0.021835
-0.127930
-0.419678
0.216919
-0.162231
0.114807
-0.022797
-0.053711
-0.147095
0.281494
0.277100
0.315674
-0.099731
0.200806
0.117249
0.012230
0.010345
-0.055420
-0.017548
-0.172607
0.572754
0.002499
-0.012413
-0.114197
-0.052246
-0.218140
0.156494
-0.112061
-0.100281
0.379883
4.183594
0.208374
-0.107544
0.236084
0.024689
0.265869
0.127808
0.092285
-0.192017
-0.013763
-0.193115
0.191772
0.029251
-0.195801
0.160278
-0.069641
0.038147
-0.083618
-0.313965
0.031647
-0.242065
-0.194214
-0.338623
0.101929
-0.290039
-0.156494
0.192993
-0.047333
0.408447
-0.004784
0.124207
0.030518
0.084167
-0.135254
-0.214233
0.316406
0.356934
0.698242
0.063171
-0.310303
-0.239868
0.145020
-0.031219
-0.109802
-0.092896
0.006145
0.058716
0.020309
-0.129517
0.001285
-0.297119
0.205322
-0.108215
0.292969
0.074463
-0.139893
0.193237
0.141113
-0.388184
0.013084
-0.105286
-0.046783
0.264160
0.192139
0.172485
0.198120
-0.137451
0.012009
-0.038879
0.046204
0.211304
-0.134277
0.112427
0.068481
-0.004436
-0.154297
-0.156616
-0.141968
0.376953
-0.403076
-0.002552
0.104187
0.049896
-0.118042
0.298096
-0.041687
-0.000008
0.191772
-0.003986
-0.135254
0.320557
0.179077
-0.317383
0.213867
0.143066
0.127319
-0.217651
-0.008202
-0.275635
-0.037292
0.228394
-0.029968
-0.123718
0.353271
-0.676270
-0.087280
0.159668
0.589355
0.305664
0.046173
-0.182251
0.046600
0.063293
-0.122437
0.052856
-0.145264
-0.125610
0.430908
-0.217163
0.273193
0.090881
-0.278076
0.014282
-0.168457
-0.230591
-0.054474
0.092834
0.013855
-0.476562
-0.273682
-0.292480
0.111877
0.045593
0.193359
-0.322021
-0.033661
0.130371
0.054993
-0.521484
0.179199
-0.089966
0.248535
0.026123
-0.006241
-0.319336
0.337891
-0.060913
0.309082
0.361816
-0.135132
-0.217041
0.736328
0.225830
0.218872
-0.054535
-0.055634
-0.027145
0.130249
0.065247
-0.147705
0.005024
0.092346
-0.146606
-0.595215
-0.672363
0.191040
-0.432129
0.094360
-0.461426
0.026932
0.040222
0.229248
0.160156
0.751465
-0.299316
0.484131
-0.169189
-0.491699
-0.076721
-0.116516
-0.120972
-0.062866
0.809082
0.111267
-0.251465
-0.582031
-0.131958
-0.145264
0.152344
-0.074158
-0.226685
0.270508
3.929688
0.152100
0.182983
0.123840
-0.111023
0.310059
0.020554
0.344482
-0.056915
0.073303
-0.177368
0.210938
-0.282959
-0.153687
0.127686
-0.028488
-0.160034
-0.170654
-0.266357
0.034576
-0.215698
-0.212036
-0.277344
0.129639
-0.468506
-0.235718
0.268311
0.106750
0.371582
-0.308594
0.084229
0.152222
-0.165039
-0.107056
-0.100403
0.227417
0.525879
0.754395
0.479004
-0.241699
-0.399658
0.080444
0.005417
0.006443
-0.043518
0.140259
0.104980
0.141357
0.041260
-0.067200
-0.447754
0.319824
-0.106140
0.260498
0.307373
-0.340088
0.049011
-0.035278
-0.429688
-0.208496
-0.315430
-0.187256
0.122803
0.415527
-0.323975
0.053650
-0.262695
0.002594
0.091736
0.079773
0.479980
-0.380859
0.378418
0.192993
0.089172
-0.209106
-0.086426
-0.159546
0.395752
-0.357666
-0.141846
-0.071594
-0.079163
0.002213
0.405273
0.079224
-0.012939
0.287354
0.006409
-0.105286
0.587402
0.176880
-0.288330
0.219727
0.045837
0.085571
-0.088562
0.003069
-0.139771
-0.018707
0.156982
-0.000005
-0.192383
0.259521
-0.531738
-0.122070
0.162598
0.555176
0.118469
-0.172974
-0.146362
0.046875
0.039825
-0.194092
0.034698
-0.052917
-0.231567
0.316650
-0.147095
0.187622
-0.063782
-0.252930
-0.029694
-0.248779
-0.357422
-0.057434
-0.005962
0.101990
-0.377197
-0.217285
-0.321289
0.138550
0.043121
0.038269
-0.221558
-0.004601
0.094910
0.084534
-0.508301
0.154785
-0.020142
0.285400
0.066833
-0.294434
-0.343262
0.219238
0.020615
0.494385
0.356689
-0.242432
-0.060211
0.637695
0.181763
0.211426
-0.053925
0.023117
0.001900
0.270508
0.011513
-0.175903
0.001046
0.131836
-0.078308
-0.557617
-0.586914
0.277100
-0.299072
0.053040
-0.619141
0.043091
0.151978
0.217896
0.221313
0.567383
-0.296143
0.462402
-0.484375
-0.713379
-0.091797
-0.053314
-0.192017
-0.091003
-0.348389
-0.001576
-0.219849
-0.773438
0.004097
-0.268311
-0.096680
0.006409
-0.209717
-0.067505
2.167969
0.334961
0.219849
0.054382
-0.024078
0.251953
-0.206299
0.435547
-0.055817
0.070496
-0.102417
0.347656
-0.385498
-0.076721
0.157104
0.061005
-0.315918
-0.347656
-0.084595
-0.104187
-0.341309
-0.043243
-0.289551
0.103516
-0.164062
-0.248413
0.317383
0.256348
0.522949
-0.498779
0.074768
0.224243
-0.164307
-0.145508
-0.128784
0.279053
0.497314
0.958984
0.488525
-0.382324
-0.132812
0.104614
-0.028229
0.032806
-0.013512
0.220459
0.094360
0.105652
0.129761
-0.156250
-0.320312
0.256104
-0.012199
0.338379
0.379150
-0.401123
0.162598
0.030106
-0.392334
-0.080505
-0.451416
-0.175781
0.126587
0.453613
-0.674805
0.096497
-0.158691
-0.160767
0.079041
0.211304
0.414307
-0.396240
0.430176
0.188965
0.047424
-0.231689
0.200195
-0.074280
0.337402
-0.200928
-0.444824
-0.506348
-0.357422
0.085266
0.645020
0.346924
0.015099
0.573242
0.202637
-0.079773
1.016602
0.266602
-0.278320
0.210449
-0.051147
-0.083618
0.270264
0.153687
0.182007
0.054138
-0.039642
0.069702
-0.248047
-0.011635
-0.153442
-0.243408
0.183350
0.313477
-0.295898
-0.521484
0.003424
0.208618
0.021255
-0.253662
-0.169312
0.006432
-0.540527
0.119507
-0.078308
0.060242
-0.316162
-0.176025
0.013550
-0.298828
-0.473145
0.022156
-0.117310
0.119141
-0.281250
-0.089417
-0.121460
0.233398
-0.028992
-0.172241
-0.137207
0.193604
-0.059814
0.082336
-0.557129
0.056305
-0.065857
0.354004
0.189331
-0.861816
-0.404053
-0.035583
0.101929
0.693848
0.358154
-0.567871
0.232666
0.449951
0.072571
0.334717
-0.055054
0.021652
-0.020966
0.270752
0.113831
-0.051361
-0.133423
0.121033
0.052551
-0.185791
-0.445312
0.428467
0.312012
0.028610
-0.562012
0.073792
0.178467
0.205322
0.399170
-0.018753
-0.150024
0.169189
-0.699707
-0.505371
-0.057526
0.177490
-0.195557
-0.260498
-2.052734
-0.174438
0.029922
-0.810547
0.386963
-0.500488
-0.507324
0.128174
-0.011147
-0.552734
-0.075439
0.660156
-0.114868
0.078735
0.214111
0.207031
-0.622559
0.286865
-0.179688
0.000014
0.101990
0.538574
-0.230225
0.030884
0.147095
0.093689
-0.313232
-0.586914
0.252686
-0.247314
-0.637695
0.242554
-0.389404
0.072021
0.645508
-0.302002
0.257568
0.393311
0.819824
-0.526367
0.122864
0.266846
0.056213
-0.201538
-0.160522
0.541992
0.215820
1.630859
0.148438
-0.659668
0.524902
0.160522
-0.080627
-0.176880
0.028381
0.206299
0.007778
0.023849
0.065002
-0.259277
0.000719
0.104065
0.144043
0.468506
0.283936
-0.360840
0.435547
0.291748
-0.294434
0.135132
-0.475586
0.054321
0.062042
0.256104
-0.974121
0.279541
0.120178
-0.355713
-0.104797
0.482910
0.108704
-0.398438
0.303955
0.151855
-0.042297
-0.222778
0.245972
-0.043640
0.264893
-0.141479
-0.416260
-0.527344
-0.334473
0.002829
0.589844
0.260742
0.044281
0.604980
0.211792
-0.068970
0.861816
0.246338
-0.292969
0.143188
0.025269
-0.058380
0.244873
0.164551
0.150391
0.070862
-0.008469
0.011543
-0.189941
-0.077332
-0.149292
-0.160034
0.196411
0.233643
-0.210083
-0.346680
0.008919
0.160400
0.015434
-0.254639
-0.198730
-0.030518
-0.503906
0.176636
-0.126099
0.096497
-0.274658
-0.189453
0.084778
-0.195679
-0.398926
0.087219
-0.052429
0.027267
-0.336670
-0.041901
-0.074890
0.257812
-0.017090
-0.037842
-0.178223
0.239136
-0.067749
0.087280
-0.554688
0.012749
-0.197510
0.354736
0.137329
-0.718750
-0.375000
-0.015930
0.104980
0.598633
0.320068
-0.459717
0.145630
0.496826
0.130981
0.264893
-0.057922
-0.039886
-0.101807
0.166504
0.203369
0.007187
-0.177246
0.061462
0.088379
-0.070496
-0.360596
0.438232
0.446289
0.020447
-0.434326
0.011597
0.115173
0.189453
0.375977
-0.003901
-0.119812
0.086975
-0.451904
-0.250244
-0.077454
0.149048
-0.165894
-0.251709
-1.509766
-0.060455
0.060364
-0.609375
0.345703
-0.477295
-0.363525
0.127930
0.041382
-0.452881
-0.294434
0.574219
-0.166748
0.164429
0.162109
0.244507
-0.525879
0.157837
-0.183228
0.019394
0.143188
0.463623
-0.035858
-0.061523
0.097961
0.064331
-0.161133
-0.427246
0.224487
-0.145996
-0.484863
0.051331
-0.392578
0.169312
0.532227
-0.274170
0.042755
0.242798
0.608398
-0.412354
0.132690
0.221069
0.047150
-0.250977
-0.109741
0.482422
0.102661
1.599609
0.041901
-0.623535
0.420166
0.065735
-0.057709
-0.235718
0.094971
0.106018
0.002144
0.043274
-0.001297
-0.134766
-0.005180
0.007744
0.105225
0.442139
0.188843
-0.204712
0.450928
0.261963
-0.229126
0.045380
-0.363770
0.083923
0.064697
0.096130
-0.739746
0.354248
0.153564
-0.214600
-0.172119
0.341309
0.071472
-0.280273
0.255371
0.091736
0.021301
-0.335449
0.067505
-0.067139
0.259277
-0.191895
-0.119202
-0.096680
-0.193970
-0.018204
0.332031
-0.108459
-0.011780
0.274414
0.031128
-0.034424
0.282715
0.210449
-0.335938
-0.016830
0.140991
0.146729
-0.062622
-0.024139
-0.178467
0.041016
0.068665
-0.148926
-0.080017
0.190796
-0.460205
0.007545
0.244751
0.349609
0.197754
0.150879
-0.061096
-0.093750
0.050537
-0.226074
-0.032928
-0.007519
-0.222046
0.269287
-0.203735
0.167236
-0.102356
-0.248047
0.037781
-0.136719
-0.307373
0.073425
0.001335
0.045532
-0.444092
-0.037750
-0.217896
-0.004238
0.049805
0.155884
-0.361328
-0.004787
-0.068359
0.067871
-0.361816
0.141479
-0.249146
0.331543
-0.044678
-0.193970
-0.258545
0.267822
0.137329
0.580078
0.253662
-0.061768
-0.139526
0.687988
0.345947
0.031250
0.069031
-0.052643
-0.059052
0.079224
0.114685
-0.122131
0.064453
0.133057
0.180176
-0.232666
-0.335205
0.323730
-0.029358
-0.009850
-0.294678
-0.029617
0.038849
0.202148
0.215332
0.411377
-0.212158
0.294922
-0.199219
-0.298096
-0.100952
-0.106750
-0.157104
-0.070190
0.221558
0.078430
-0.108337
-0.401123
-0.046112
-0.285889
-0.030777
0.005184
-0.145264
0.012733
-3.166016
0.242920
0.119812
0.142822
-0.040833
0.254150
-0.091614
0.253418
-0.075989
0.092896
-0.034576
0.234131
-0.124084
-0.144409
0.136230
0.028564
-0.077820
-0.126953
-0.071411
-0.007008
-0.051178
-0.232544
-0.279785
0.210327
-0.152100
-0.176392
0.014595
0.012802
0.168091
-0.242554
0.057098
0.160278
-0.113281
-0.223633
-0.124878
0.248901
0.267822
0.883789
0.230591
-0.351807
-0.212524
0.008064
-0.002428
-0.012764
0.029587
0.117798
0.112000
0.045105
0.058899
0.005547
-0.288086
0.068237
-0.035675
0.342041
0.265381
-0.116150
0.241089
0.022522
-0.299072
-0.066345
-0.269531
-0.139771
0.193115
0.197510
-0.257568
0.248169
-0.077087
-0.043854
0.016861
0.006477
0.255371
-0.144409
0.284180
0.069763
0.086731
-0.350586
0.009064
-0.124878
0.321045
-0.286377
-0.050446
0.054108
-0.166260
0.018250
0.297363
-0.094421
-0.025894
0.190430
-0.017532
-0.073547
0.255127
0.215820
-0.322998
-0.007645
0.120483
0.190063
-0.117432
-0.069214
-0.254883
0.022980
0.094666
-0.147705
-0.078369
0.327637
-0.557617
0.030365
0.228760
0.484131
0.258789
0.139404
-0.085754
-0.092346
0.109863
-0.182007
0.067383
0.048828
-0.159058
0.270020
-0.185181
0.208374
-0.110168
-0.247437
-0.016678
-0.244141
-0.310791
0.022110
-0.011124
0.084778
-0.457031
-0.085632
-0.303467
-0.068542
0.107483
0.109741
-0.381836
-0.132324
-0.033386
0.048401
-0.343750
0.211304
-0.161743
0.326416
-0.062622
-0.163574
-0.241455
0.370361
0.112976
0.641113
0.275635
-0.039246
-0.115173
0.717773
0.355713
0.051605
0.085938
-0.023422
0.045319
0.210449
0.016541
-0.197144
0.112549
0.235474
0.154663
-0.401611
-0.509766
0.318359
-0.279297
-0.033173
-0.379883
-0.003006
0.075439
0.208740
0.178711
0.516602
-0.311035
0.453857
-0.357910
-0.415771
-0.124634
-0.134277
-0.191406
-0.070862
0.526855
0.032074
-0.191040
-0.537598
-0.090454
-0.244385
-0.003679
0.000582
-0.214722
0.024323
-2.783203
0.236694
0.322754
0.100891
-0.046448
0.275391
-0.070496
0.375977
-0.011818
0.169922
-0.119202
0.334717
-0.297119
-0.111694
0.158203
0.045471
-0.133179
-0.182495
-0.167114
-0.053680
-0.094299
-0.082886
-0.291504
0.192017
-0.301758
-0.187378
0.196167
0.108521
0.302979
-0.302490
0.032288
0.242188
-0.132324
-0.170532
-0.147339
0.300293
0.411377
0.778809
0.417969
-0.296875
-0.255859
0.074219
-0.004025
0.143799
-0.021057
0.222168
0.109680
0.077698
0.093994
-0.020081
-0.378906
0.160156
-0.037903
0.298340
0.351807
-0.183228
0.151611
-0.027313
-0.370361
-0.005493
-0.341064
-0.218384
0.217529
0.390869
-0.315430
0.185059
-0.175293
-0.168945
0.092041
0.074463
0.400391
-0.224121
0.321533
0.143311
0.057587
-0.327637
-0.001237
-0.187378
0.302979
-0.472656
0.153931
0.331055
-0.078857
0.039581
0.215210
0.030823
-0.043549
0.084961
-0.048615
-0.152832
0.130859
0.224854
-0.245483
0.075378
0.128662
0.209717
-0.182251
-0.099854
-0.453369
0.002974
0.187012
-0.132202
-0.042145
0.613281
-0.581543
0.074280
0.200195
0.691895
0.451660
0.205933
-0.125366
0.049835
0.253418
0.027084
0.232788
0.166870
-0.021149
0.287109
-0.178467
0.376709
-0.124695
-0.188721
-0.024399
-0.462158
-0.221313
-0.003540
0.066589
0.033661
-0.568359
-0.123047
-0.398926
-0.080200
0.275879
0.004597
-0.375977
-0.344482
-0.024689
-0.137573
-0.220215
0.319580
-0.113037
0.263672
-0.072876
-0.011688
-0.223022
0.589844
0.045929
0.605957
0.361084
-0.032166
-0.045227
0.815430
0.364014
0.125000
0.067078
-0.082764
0.217651
0.367432
-0.099731
-0.251953
0.124023
0.400146
-0.018097
-0.492432
-0.843262
0.293701
-0.542480
-0.106995
-0.376465
0.063660
0.127563
0.204102
0.094238
0.665039
-0.435059
0.602051
-0.339111
-0.164917
-0.165161
-0.176880
-0.216675
-0.094238
1.712891
-0.040466
-0.291748
-0.550781
-0.067810
-0.171631
0.121521
-0.007412
-0.276367
0.042053
1.356445
0.180664
0.470947
0.007641
-0.058960
0.363770
-0.064880
0.520020
0.091797
0.423340
-0.250977
0.468750
-0.317139
-0.006935
0.135132
-0.000773
0.056061
-0.280273
-0.297363
-0.027328
-0.127563
0.381836
-0.260986
0.170410
-0.311523
-0.188721
0.401367
0.277832
0.389404
-0.070984
-0.055267
0.344727
-0.018387
-0.074219
-0.056671
0.304443
0.567871
0.454102
0.620605
-0.169922
-0.365479
0.135742
0.026016
0.339844
-0.044434
0.343994
0.049591
0.211792
-0.020981
0.012909
-0.558594
0.284668
-0.075195
0.179565
0.351807
-0.219360
-0.014893
-0.097900
-0.435303
0.006443
-0.249268
-0.254883
0.101257
0.559082
-0.278076
-0.014412
-0.365967
-0.321533
0.206299
0.248169
0.579102
-0.423584
0.244629
0.315918
-0.009285
-0.337158
0.009148
-0.150391
0.253174
-0.461182
0.221680
0.343018
-0.089233
0.049530
0.176636
0.043640
-0.051666
0.104187
0.039429
-0.144653
0.025192
0.244385
-0.215820
0.080444
0.118286
0.200439
-0.172729
-0.105164
-0.481934
-0.010811
0.204956
-0.071533
-0.072266
0.593750
-0.480225
0.063354
0.187012
0.655762
0.496582
0.279541
-0.119812
0.135376
0.237915
0.148071
0.260254
0.202759
0.038208
0.252197
-0.202271
0.369629
-0.126221
-0.142700
-0.000883
-0.452393
-0.185669
0.040131
0.103882
0.002781
-0.568848
-0.077881
-0.397705
-0.070557
0.321045
-0.039093
-0.330322
-0.369385
-0.077454
-0.192993
-0.128540
0.285645
-0.197998
0.217773
-0.074280
0.055878
-0.230591
0.613770
0.062225
0.514160
0.354736
-0.104736
-0.044067
0.835449
0.350342
0.147339
0.022812
-0.191650
0.208008
0.214844
-0.100525
-0.215088
0.159668
0.369141
-0.103516
-0.385498
-0.753418
0.264160
-0.375732
-0.118958
-0.247192
0.139038
0.160767
0.149658
0.046051
0.629395
-0.429688
0.483643
-0.207397
0.091492
-0.146118
-0.184937
-0.181519
-0.077393
2.031250
-0.023483
-0.195068
-0.427979
-0.072815
-0.131592
-0.043671
-0.029938
-0.264404
0.021439
-0.387695
0.123108
0.262451
-0.036560
-0.063782
0.358887
-0.100464
0.490234
0.110474
0.497559
-0.171997
0.364258
-0.255127
0.104370
0.082581
0.074524
0.227051
-0.270020
-0.237183
0.053131
-0.027328
0.535645
-0.157227
0.200684
0.043762
-0.188110
0.278809
0.250488
0.189697
0.170288
-0.086548
0.314941
0.039520
-0.036285
-0.015358
0.187378
0.494873
0.498291
0.505859
-0.080139
-0.334717
0.111938
0.064880
0.331299
-0.044983
0.305664
0.053253
0.214722
-0.017075
0.073914
-0.586426
0.281982
-0.148804
0.109802
0.354248
-0.183594
-0.068665
-0.150146
-0.384521
-0.044189
-0.115356
-0.200073
0.050018
0.491211
-0.203613
-0.072388
-0.402832
-0.267578
0.202881
0.262939
0.477539
-0.449707
0.139526
0.365967
0.010925
-0.321777
0.063904
-0.082825
0.233521
-0.301025
-0.018585
0.016068
-0.165283
0.033173
0.339600
0.061005
-0.055725
0.199585
0.062683
-0.060822
0.317871
0.242554
-0.267090
0.117371
0.077148
0.085999
-0.030151
-0.023270
-0.248779
0.003754
0.082642
-0.058441
-0.123047
0.356689
-0.351074
-0.078979
0.221802
0.454590
0.234863
0.065979
-0.080505
0.089172
0.104919
-0.039032
0.034821
0.073059
-0.178589
0.205444
-0.161011
0.211426
-0.139404
-0.167114
0.003717
-0.299561
-0.274902
0.037476
0.016602
0.058167
-0.456787
-0.049194
-0.257568
0.006355
0.125854
-0.060669
-0.273682
-0.119629
-0.115051
-0.086243
-0.237061
0.206543
-0.169434
0.256348
0.023956
-0.211548
-0.290283
0.324463
0.114868
0.542969
0.329102
-0.209229
-0.031342
0.687500
0.272461
0.144409
0.018845
-0.100647
0.059875
0.139038
0.037109
-0.145874
0.085693
0.199585
-0.006191
-0.222900
-0.464600
0.270996
-0.110596
-0.026260
-0.270020
0.070984
0.107483
0.203735
0.194214
0.374023
-0.232666
0.293701
-0.236450
-0.118225
-0.062561
-0.093994
-0.149292
-0.075989
0.522949
-0.069458
-0.075806
-0.393555
0.019211
-0.264160
-0.175903
-0.024704
-0.178101
-0.054077
-1.201172
0.259277
0.044098
0.002268
0.010712
0.235718
-0.161743
0.351074
-0.043762
0.213745
-0.068298
0.255371
-0.169556
0.059845
0.147949
0.066711
0.026810
-0.288086
-0.084534
-0.017410
-0.167603
0.287354
-0.186890
0.116699
0.228760
-0.174072
0.209595
0.198608
0.263672
0.004551
-0.013451
0.183472
0.042847
-0.133301
-0.084351
0.205811
0.350830
0.752930
0.267090
-0.286621
-0.140381
0.113281
0.010231
0.083862
-0.032990
0.187256
0.073486
0.076233
0.019623
-0.037872
-0.350830
0.212402
-0.067200
0.283203
0.275879
-0.181763
0.138428
0.018982
-0.333008
0.002609
-0.189697
-0.109497
0.088867
0.311035
-0.315674
0.034851
-0.192139
-0.181763
0.094788
0.220093
0.239624
-0.335205
0.142944
0.210815
-0.009552
-0.357422
0.060364
0.014137
0.197998
-0.125488
-0.153442
-0.132080
-0.194580
-0.026825
0.391602
-0.147217
-0.073486
0.136108
0.020264
0.068115
0.287109
0.243896
-0.390625
0.023605
0.123291
0.056274
-0.007381
-0.008392
-0.143188
0.021347
-0.043365
-0.137939
-0.095032
0.213501
-0.373291
-0.166748
0.292480
0.234375
0.130493
0.117310
-0.041656
-0.108887
-0.018799
-0.242554
-0.179932
-0.094849
-0.307129
0.200562
-0.172852
0.063538
-0.055664
-0.219849
0.002302
-0.059143
-0.304932
0.045197
-0.056488
0.109192
-0.414551
-0.010117
-0.089722
-0.076538
-0.084290
0.072205
-0.370361
0.064148
-0.187378
0.038208
-0.283691
0.188477
-0.204224
0.305908
0.049164
-0.239014
-0.290283
0.140137
0.184692
0.569336
0.255371
-0.103699
-0.181030
0.614258
0.308105
0.030640
0.110779
-0.004597
-0.097839
-0.062347
0.198486
-0.104614
0.109985
0.054688
0.201416
-0.068848
-0.136963
0.207886
-0.013268
0.080811
-0.154907
-0.046875
-0.043396
0.273438
0.292480
0.243896
-0.004230
0.146118
-0.103760
-0.300049
0.029007
-0.100586
-0.068237
0.028732
-0.144287
-0.016724
-0.006039
-0.209595
-0.054901
-0.323975
-0.139160
-0.089722
-0.155151
0.137817
-3.574219
0.230347
-0.098145
0.070557
-0.001860
0.099548
-0.012459
0.155396
-0.204956
-0.127563
-0.002836
-0.027512
-0.057861
-0.045380
0.245850
-0.001497
-0.145264
-0.110657
-0.066284
-0.011421
-0.108337
-0.246460
-0.203735
0.027802
0.078613
-0.130737
0.103333
-0.025543
0.144897
-0.068420
0.043823
-0.017090
-0.008102
-0.235107
-0.170532
0.210693
0.175781
0.799805
0.012741
-0.400635
-0.223633
0.093323
-0.018951
-0.143677
-0.067993
0.016647
0.162842
-0.119019
0.052032
-0.121338
-0.191650
0.165161
-0.017258
0.450684
0.165527
-0.044952
0.292236
0.123413
-0.320557
-0.004177
-0.229858
-0.089905
0.182495
0.096436
-0.136230
0.164673
-0.036469
0.014084
0.047638
-0.029037
0.026627
-0.103271
0.144409
-0.004200
-0.010330
0.000000
-0.000000
0.000000
-0.000000
-0.000000
-0.000000
0.000000
-0.000000
-0.000000
-0.000000
-0.000000
-0.000000
-0.000000
-0.000000
0.000000
-0.000000
0.000000
-0.000000
-0.000000
-0.000000
0.000000
-0.000000
0.000000
0.000000
-0.000000
-0.000000
0.000000
-0.000000
-0.000000
-0.000000
-0.000000
-0.000000
0.000000
0.000000
0.000000
0.000000
-0.000000
-0.000000
0.000000
-0.000000
-0.000000
0.000000
-0.000000
-0.000000
0.000000
0.000000
0.000000
0.000000
-0.000000
-0.000000
0.000000
-0.000000
-0.000000
0.000000
-0.000000
-0.000000
-0.000000
0.000000
0.000000
0.000000
-0.000000
-0.000000
0.000000
-0.000000
0.000000
-0.000000
-0.000000
-0.000000
0.000000
0.000000
-0.000000
-0.000000
-0.000000
0.000000
-0.000000
0.000000
-0.000000
-0.000000
-0.000000
-0.000000
0.000000
-0.000000
0.000000
-0.000000
-0.000000
0.000000
0.000000
0.000000
-0.000000
0.000000
0.000000
-0.000000
0.000000
0.000000
-0.000000
0.000000
-0.000000
-0.000000
-0.000000
0.000000
-0.000000
0.000000
-0.000000
-0.000000
-0.000000
0.000000
-0.000000
-0.000000
-0.000000
0.000000
0.000000
0.000000
-0.000000
-0.000000
0.000000
-0.000000
-0.000000
-0.000000
0.000000
-0.000000
-0.000000
-0.000000
-0.000000
-0.000000
0.000000
0.000000
0.000000
0.000000
0.000000
-0.000000
-0.000000
0.000000
-0.000000
-0.000000
-0.000000
-0.000000
-0.000000
-0.000000
-0.000000
0.000000
0.000000
0.000000
0.000000
-0.000000
-0.000000
-0.000000
-0.000000
-0.000000
0.000000
0.000000
-0.000000
0.000000
-0.000000
-0.000000
-0.000000
-0.000000
-0.000000
-0.000000
-0.000000
0.000000
-0.000000
-0.000000
-0.000000
0.000000
-0.000000
-0.000000
0.000000
0.000000
-0.000000
0.000000
-0.000000
-0.000000
0.000000
0.000000
0.000000
0.000000
0.000000
-0.000000
0.000000
-0.000000
0.000000
-0.000000
-0.000000
-0.000000
0.000000
0.000000
-0.000000
0.000000
0.000000
0.000000
0.000000
0.000000
0.000000
-0.000000
0.000000
-0.000000
-0.000000
-0.000000
0.000000
-0.000000
-0.000000
-0.000000
-0.000000
-0.000000
-0.000000
-0.000000
0.000000
-0.000000
0.000000
-0.000000
-0.000000
-0.000000
0.000000
-0.000000
0.000000
0.000000
-0.000000
-0.000000
0.000000
-0.000000
-0.000000
-0.000000
-0.000000
-0.000000
0.000000
0.000000
0.000000
0.000000
-0.000000
-0.000000
0.000000
-0.000000
-0.000000
0.000000
-0.000000
-0.000000
0.000000
0.000000
0.000000
0.000000
-0.000000
-0.000000
0.000000
-0.000000
-0.000000
0.000000
-0.000000
-0.000000
-0.000000
0.000000
0.000000
0.000000
-0.000000
-0.000000
0.000000
-0.000000
0.000000
-0.000000
-0.000000
-0.000000
0.000000
0.000000
-0.000000
-0.000000
-0.000000
0.000000
-0.000000
0.000000
-0.000000
-0.000000
-0.000000
-0.000000
0.000000
-0.000000
0.000000
-0.000000
-0.000000
0.000000
0.000000
0.000000
-0.000000
0.000000
0.000000
-0.000000
0.000000
0.000000
-0.000000
0.000000
-0.000000
-0.000000
-0.000000
0.000000
-0.000000
0.000000
-0.000000
-0.000000
-0.000000
0.000000
-0.000000
-0.000000
-0.000000
0.000000
0.000000
0.000000
-0.000000
-0.000000
0.000000
-0.000000
-0.000000
-0.000000
0.000000
-0.000000
-0.000000
-0.000000
-0.000000
-0.000000
0.000000
0.000000
0.000000
0.000000
0.000000
-0.000000
-0.000000
0.000000
-0.000000
-0.000000
-0.000000
-0.000000
-0.000000
-0.000000
-0.000000
0.000000
0.000000
0.000000
0.000000
-0.000000
-0.000000
-0.000000
-0.000000
-0.000000
0.000000
0.000000
-0.000000
0.000000
-0.000000
-0.000000
-0.000000
-0.000000
-0.000000
-0.000000
-0.000000
0.000000
-0.000000
-0.000000
-0.000000
0.000000
-0.000000
-0.000000
0.000000
0.000000
-0.000000
0.000000
-0.000000
-0.000000
0.000000
0.000000
0.000000
0.000000
0.000000
-0.000000
0.000000
-0.000000
0.000000
-0.000000
-0.000000
-0.000000
0.000000
0.000000
-0.000000
0.000000
0.000000
0.000000
0.000000
0.000000
0.000000
-0.000000
0.000000
-0.000000
-0.000000
-0.000000
0.000000
-0.000000
-0.000000
-0.000000
-0.000000
-0.000000
-0.000000
-0.000000
0.000000
-0.000000
0.000000
-0.000000
-0.000000
-0.000000
0.000000
-0.000000
0.000000
0.000000
-0.000000
-0.000000
0.000000
-0.000000
-0.000000
-0.000000
-0.000000
-0.000000
0.000000
0.000000
0.000000
0.000000
-0.000000
-0.000000
0.000000
-0.000000
-0.000000
0.000000
-0.000000
-0.000000
0.000000
0.000000
0.000000
0.000000
-0.000000
-0.000000
0.000000
-0.000000
-0.000000
0.000000
-0.000000
-0.000000
-0.000000
0.000000
0.000000
0.000000
-0.000000
-0.000000
0.000000
-0.000000
0.000000
-0.000000
-0.000000
-0.000000
0.000000
0.000000
-0.000000
-0.000000
-0.000000
0.000000
-0.000000
0.000000
-0.000000
-0.000000
-0.000000
-0.000000
0.000000
-0.000000
0.000000
-0.000000
-0.000000
0.000000
0.000000
0.000000
-0.000000
0.000000
0.000000
-0.000000
0.000000
0.000000
-0.000000
0.000000
-0.000000
-0.000000
-0.000000
0.000000
-0.000000
0.000000
-0.000000
-0.000000
-0.000000
0.000000
-0.000000
-0.000000
-0.000000
0.000000
0.000000
0.000000
-0.000000
-0.000000
0.000000
-0.000000
-0.000000
-0.000000
0.000000
-0.000000
-0.000000
-0.000000
-0.000000
-0.000000
0.000000
0.000000
0.000000
0.000000
0.000000
-0.000000
-0.000000
0.000000
-0.000000
-0.000000
-0.000000
-0.000000
-0.000000
-0.000000
-0.000000
0.000000
0.000000
0.000000
0.000000
-0.000000
-0.000000
-0.000000
-0.000000
-0.000000
0.000000
0.000000
-0.000000
0.000000
-0.000000
-0.000000
-0.000000
-0.000000
-0.000000
-0.000000
-0.000000
0.000000
-0.000000
-0.000000
-0.000000
0.000000
-0.000000
-0.000000
0.000000
0.000000
-0.000000
0.000000
-0.000000
-0.000000
0.000000
0.000000
0.000000
0.000000
0.000000
-0.000000
0.000000
-0.000000
0.000000
-0.000000
-0.000000
-0.000000
0.000000
0.000000
-0.000000
0.000000
0.000000
0.000000
0.000000
0.000000
0.000000
-0.000000
0.000000
-0.000000
-0.000000
-0.000000
0.000000
-0.000000
-0.000000
-0.000000
-0.000000
-0.000000
-0.000000
-0.000000
0.000000
-0.000000
0.000000
-0.000000
-0.000000
-0.000000
0.000000
-0.000000
0.000000
0.000000
-0.000000
-0.000000
0.000000
-0.000000
-0.000000
-0.000000
-0.000000
-0.000000
0.000000
0.000000
0.000000
0.000000
-0.000000
-0.000000
0.000000
-0.000000
-0.000000
0.000000
-0.000000
-0.000000
0.000000
0.000000
0.000000
0.000000
-0.000000
-0.000000
0.000000
-0.000000
-0.000000
0.000000
-0.000000
-0.000000
-0.000000
0.000000
0.000000
0.000000
-0.000000
-0.000000
0.000000
-0.000000
0.000000
-0.000000
-0.000000
-0.000000
0.000000
0.000000
-0.000000
-0.000000
-0.000000
0.000000
-0.000000
0.000000
-0.000000
-0.000000
-0.000000
-0.000000
0.000000
-0.000000
0.000000
-0.000000
-0.000000
0.000000
0.000000
0.000000
-0.000000
0.000000
0.000000
-0.000000
0.000000
0.000000
-0.000000
0.000000
-0.000000
-0.000000
-0.000000
0.000000
-0.000000
0.000000
-0.000000
-0.000000
-0.000000
0.000000
-0.000000
-0.000000
-0.000000
0.000000
0.000000
0.000000
-0.000000
-0.000000
0.000000
-0.000000
-0.000000
-0.000000
0.000000
-0.000000
-0.000000
-0.000000
-0.000000
-0.000000
0.000000
0.000000
0.000000
0.000000
0.000000
-0.000000
-0.000000
0.000000
-0.000000
-0.000000
-0.000000
-0.000000
-0.000000
-0.000000
-0.000000
0.000000
0.000000
0.000000
0.000000
-0.000000
-0.000000
-0.000000
-0.000000
-0.000000
0.000000
0.000000
-0.000000
0.000000
-0.000000
-0.000000
-0.000000
-0.000000
-0.000000
-0.000000
-0.000000
0.000000
-0.000000
-0.000000
-0.000000
0.000000
-0.000000
-0.000000
0.000000
0.000000
-0.000000
0.000000
-0.000000
-0.000000
0.000000
0.000000
0.000000
0.000000
0.000000
-0.000000
0.000000
-0.000000
0.000000
-0.000000
-0.000000
-0.000000
0.000000
0.000000
-0.000000
0.000000
0.000000
0.000000
0.000000
0.000000
0.000000
-0.000000
0.000000
-0.000000
-0.000000
-0.000000
0.000000
-0.000000
-0.000000
-0.000000
-0.000000
-0.000000
-0.000000
-0.000000
0.000000
-0.000000
0.000000
-0.000000
-0.000000
-0.000000
0.000000
-0.000000
0.000000
0.000000
-0.000000
-0.000000
0.000000
-0.000000
-0.000000
-0.000000
-0.000000
-0.000000
0.000000
0.000000
0.000000
0.000000
-0.000000
-0.000000
0.000000
-0.000000
-0.000000
0.000000
-0.000000
-0.000000
0.000000
0.000000
0.000000
0.000000
-0.000000
-0.000000
0.000000
-0.000000
-0.000000
0.000000
-0.000000
-0.000000
-0.000000
0.000000
0.000000
0.000000
-0.000000
-0.000000
0.000000
-0.000000
0.000000
-0.000000
-0.000000
-0.000000
0.000000
0.000000
-0.000000
-0.000000
-0.000000
0.000000
-0.000000
0.000000
-0.000000
-0.000000
-0.000000
-0.000000
0.000000
-0.000000
0.000000
-0.000000
-0.000000
0.000000
0.000000
0.000000
-0.000000
0.000000
0.000000
-0.000000
0.000000
0.000000
-0.000000
0.000000
-0.000000
-0.000000
-0.000000
0.000000
-0.000000
0.000000
-0.000000
-0.000000
-0.000000
0.000000
-0.000000
-0.000000
-0.000000
0.000000
0.000000
0.000000
-0.000000
-0.000000
0.000000
-0.000000
-0.000000
-0.000000
0.000000
-0.000000
-0.000000
-0.000000
-0.000000
-0.000000
0.000000
0.000000
0.000000
0.000000
0.000000
-0.000000
-0.000000
0.000000
-0.000000
-0.000000
-0.000000
-0.000000
-0.000000
-0.000000
-0.000000
0.000000
0.000000
0.000000
0.000000
-0.000000
-0.000000
-0.000000
-0.000000
-0.000000
0.000000
0.000000
-0.000000
0.000000
-0.000000
-0.000000
-0.000000
-0.000000
-0.000000
-0.000000
-0.000000
0.000000
-0.000000
-0.000000
-0.000000
0.000000
-0.000000
-0.000000
0.000000
0.000000
-0.000000
0.000000
-0.000000
-0.000000
0.000000
0.000000
0.000000
0.000000
0.000000
-0.000000
0.000000
-0.000000
0.000000
-0.000000
-0.000000
-0.000000
0.000000
0.000000
-0.000000
0.000000
0.000000
0.000000
0.000000
0.000000
0.000000
-0.000000
0.000000
-0.000000
-0.000000
-0.000000
0.000000
-0.000000
-0.000000
-0.000000
-0.000000
-0.000000
-0.000000
-0.000000
0.000000
-0.000000
0.000000
-0.000000
-0.000000
-0.000000
0.000000
-0.000000
0.000000
0.000000
-0.000000
-0.000000
0.000000
-0.000000
-0.000000
-0.000000
-0.000000
-0.000000
0.000000
0.000000
0.000000
0.000000
-0.000000
-0.000000
0.000000
-0.000000
-0.000000
0.000000
-0.000000
-0.000000
0.000000
0.000000
0.000000
0.000000
-0.000000
-0.000000
0.000000
-0.000000
-0.000000
0.000000
-0.000000
-0.000000
-0.000000
0.000000
0.000000
0.000000
-0.000000
-0.000000
0.000000
-0.000000
0.000000
-0.000000
-0.000000
-0.000000
0.000000
0.000000
-0.000000
-0.000000
-0.000000
0.000000
-0.000000
0.000000
-0.000000
-0.000000
-0.000000
-0.000000
0.000000
-0.000000
0.000000
-0.000000
-0.000000
0.000000
0.000000
0.000000
-0.000000
0.000000
0.000000
-0.000000
0.000000
0.000000
-0.000000
0.000000
-0.000000
-0.000000
-0.000000
0.000000
-0.000000
0.000000
-0.000000
-0.000000
-0.000000
0.000000
-0.000000
-0.000000
-0.000000
0.000000
0.000000
0.000000
-0.000000
-0.000000
0.000000
-0.000000
-0.000000
-0.000000
0.000000
-0.000000
-0.000000
-0.000000
-0.000000
-0.000000
0.000000
0.000000
0.000000
0.000000
0.000000
-0.000000
-0.000000
0.000000
-0.000000
-0.000000
-0.000000
-0.000000
-0.000000
-0.000000
-0.000000
0.000000
0.000000
0.000000
0.000000
-0.000000
-0.000000
-0.000000
-0.000000
-0.000000
0.000000
0.000000
-0.000000
0.000000
-0.000000
-0.000000
-0.000000
-0.000000
-0.000000
-0.000000
-0.000000
0.000000
-0.000000
-0.000000
-0.000000
0.000000
-0.000000
-0.000000
0.000000
0.000000
-0.000000
0.000000
-0.000000
-0.000000
0.000000
0.000000
0.000000
0.000000
0.000000
-0.000000
0.000000
-0.000000
0.000000
-0.000000
-0.000000
-0.000000
0.000000
0.000000
-0.000000
0.000000
0.000000
0.000000
0.000000
0.000000
0.000000
-0.000000
0.000000
-0.000000
-0.000000
-0.000000
0.000000
-0.000000
-0.000000
-0.000000
-0.000000
-0.000000
-0.000000
-0.000000
0.000000
-0.000000
0.000000
-0.000000
-0.000000
-0.000000
0.000000
-0.000000
0.000000
0.000000
-0.000000
-0.000000
0.000000
-0.000000
-0.000000
-0.000000
-0.000000
-0.000000
0.000000
0.000000
0.000000
0.000000
-0.000000
-0.000000
0.000000
-0.000000
-0.000000
0.000000
-0.000000
-0.000000
0.000000
0.000000
0.000000
0.000000
-0.000000
-0.000000
0.000000
-0.000000
-0.000000
0.000000
-0.000000
-0.000000
-0.000000
0.000000
0.000000
0.000000
-0.000000
-0.000000
0.000000
-0.000000
0.000000
-0.000000
-0.000000
-0.000000
0.000000
0.000000
-0.000000
-0.000000
-0.000000
0.000000
-0.000000
0.000000
-0.000000
-0.000000
-0.000000
-0.000000
0.000000
-0.000000
0.000000
-0.000000
-0.000000
0.000000
0.000000
0.000000
-0.000000
0.000000
0.000000
-0.000000
0.000000
0.000000
-0.000000
0.000000
-0.000000
-0.000000
-0.000000
0.000000
-0.000000
0.000000
-0.000000
-0.000000
-0.000000
0.000000
-0.000000
-0.000000
-0.000000
0.000000
0.000000
0.000000
-0.000000
-0.000000
0.000000
-0.000000
-0.000000
-0.000000
0.000000
-0.000000
-0.000000
-0.000000
-0.000000
-0.000000
0.000000
0.000000
0.000000
0.000000
0.000000
-0.000000
-0.000000
0.000000
-0.000000
-0.000000
-0.000000
-0.000000
-0.000000
-0.000000
-0.000000
0.000000
0.000000
0.000000
0.000000
-0.000000
-0.000000
-0.000000
-0.000000
-0.000000
0.000000
0.000000
-0.000000
0.000000
-0.000000
-0.000000
-0.000000
-0.000000
-0.000000
-0.000000
-0.000000
0.000000
-0.000000
-0.000000
-0.000000
0.000000
-0.000000
-0.000000
0.000000
0.000000
-0.000000
0.000000
-0.000000
-0.000000
0.000000
0.000000
0.000000
0.000000
0.000000
-0.000000
0.000000
-0.000000
0.000000
-0.000000
-0.000000
-0.000000
0.000000
0.000000
-0.000000
0.000000
0.000000
0.000000
0.000000
0.000000
0.000000
-0.000000
0.000000
-0.000000
-0.000000
-0.000000
0.000000
-0.000000
-0.000000
-0.000000
-0.000000
-0.000000
-0.000000
-0.000000
0.000000
-0.000000
0.000000
-0.000000
-0.000000
-0.000000
0.000000
-0.000000
0.000000
0.000000
-0.000000
-0.000000
0.000000
-0.000000
-0.000000
-0.000000
-0.000000
-0.000000
0.000000
0.000000
0.000000
0.000000
-0.000000
-0.000000
0.000000
-0.000000
-0.000000
0.000000
-0.000000
-0.000000
0.000000
0.000000
0.000000
0.000000
-0.000000
-0.000000
0.000000
-0.000000
-0.000000
0.000000
-0.000000
-0.000000
-0.000000
0.000000
0.000000
0.000000
-0.000000
-0.000000
0.000000
-0.000000
0.000000
-0.000000
-0.000000
-0.000000
0.000000
0.000000
-0.000000
-0.000000
-0.000000
0.000000
-0.000000
0.000000
-0.000000
-0.000000
-0.000000
-0.000000
0.000000
-0.000000
0.000000
-0.000000
-0.000000
0.000000
0.000000
0.000000
-0.000000
0.000000
0.000000
-0.000000
0.000000
0.000000
-0.000000
0.000000
-0.000000
-0.000000
-0.000000
0.000000
-0.000000
0.000000
-0.000000
-0.000000
-0.000000
0.000000
-0.000000
-0.000000
-0.000000
0.000000
0.000000
0.000000
-0.000000
-0.000000
0.000000
-0.000000
-0.000000
-0.000000
0.000000
-0.000000
-0.000000
-0.000000
-0.000000
-0.000000
0.000000
0.000000
0.000000
0.000000
0.000000
-0.000000
-0.000000
0.000000
-0.000000
-0.000000
-0.000000
-0.000000
-0.000000
-0.000000
-0.000000
0.000000
0.000000
0.000000
0.000000
-0.000000
-0.000000
-0.000000
-0.000000
-0.000000
0.000000
0.000000
-0.000000
0.000000
-0.000000
-0.000000
-0.000000
-0.000000
-0.000000
-0.000000
-0.000000
0.000000
-0.000000
-0.000000
-0.000000
0.000000
-0.000000
-0.000000
0.000000
0.000000
-0.000000
0.000000
-0.000000
-0.000000
0.000000
0.000000
0.000000
0.000000
0.000000
-0.000000
0.000000
-0.000000
0.000000
-0.000000
-0.000000
-0.000000
0.000000
0.000000
-0.000000
0.000000
0.000000
0.000000
0.000000
0.000000
0.000000
-0.000000
0.000000
-0.000000
-0.000000
-0.000000
0.000000
-0.000000
-0.000000
-0.000000
-0.000000
-0.000000
-0.000000
-0.000000
0.000000
-0.000000
0.000000
-0.000000
-0.000000
-0.000000
0.000000
-0.000000
0.000000
0.000000
-0.000000
-0.000000
0.000000
-0.000000
-0.000000
-0.000000
-0.000000
-0.000000
0.000000
0.000000
0.000000
0.000000
-0.000000
-0.000000
0.000000
-0.000000
-0.000000
0.000000
-0.000000
-0.000000
0.000000
0.000000
0.000000
0.000000
-0.000000
-0.000000
0.000000
-0.000000
-0.000000
0.000000
-0.000000
-0.000000
-0.000000
0.000000
0.000000
0.000000
-0.000000
-0.000000
0.000000
-0.000000
0.000000
-0.000000
-0.000000
-0.000000
0.000000
0.000000
-0.000000
-0.000000
-0.000000
0.000000
-0.000000
0.000000
-0.000000
-0.000000
-0.000000
-0.000000
0.000000
-0.000000
0.000000
-0.000000
-0.000000
0.000000
0.000000
0.000000
-0.000000
0.000000
0.000000
-0.000000
0.000000
0.000000
-0.000000
0.000000
-0.000000
-0.000000
-0.000000
0.000000
-0.000000
0.000000
-0.000000
-0.000000
-0.000000
0.000000
-0.000000
-0.000000
-0.000000
0.000000
0.000000
0.000000
-0.000000
-0.000000
0.000000
-0.000000
-0.000000
-0.000000
0.000000
-0.000000
-0.000000
-0.000000
-0.000000
-0.000000
0.000000
0.000000
0.000000
0.000000
0.000000
-0.000000
-0.000000
0.000000
-0.000000
-0.000000
-0.000000
-0.000000
-0.000000
-0.000000
-0.000000
0.000000
0.000000
0.000000
0.000000
-0.000000
-0.000000
-0.000000
-0.000000
-0.000000
0.000000
0.000000
-0.000000
0.000000
-0.000000
-0.000000
-0.000000
-0.000000
-0.000000
-0.000000
-0.000000
0.000000
-0.000000
-0.000000
-0.000000
0.000000
-0.000000
-0.000000
0.000000
0.000000
-0.000000
0.000000
-0.000000
-0.000000
0.000000
0.000000
0.000000
0.000000
0.000000
-0.000000
0.000000
-0.000000
0.000000
-0.000000
-0.000000
-0.000000
0.000000
0.000000
-0.000000
0.000000
0.000000
0.000000
0.000000
0.000000
0.000000
-0.000000
0.000000
-0.000000
-0.000000
-0.000000
0.000000
-0.000000
-0.000000
-0.000000
-0.000000
-0.000000
-0.000000
-0.000000
0.000000
-0.000000
0.000000
-0.000000
-0.000000
-0.000000
0.000000
-0.000000
0.000000
0.000000
-0.000000
-0.000000
0.000000
-0.000000
-0.000000
-0.000000
-0.000000
-0.000000
0.000000
0.000000
0.000000
0.000000
-0.000000
-0.000000
0.000000
-0.000000
-0.000000
0.000000
-0.000000
-0.000000
0.000000
0.000000
0.000000
0.000000
-0.000000
-0.000000
0.000000
-0.000000
-0.000000
0.000000
-0.000000
-0.000000
-0.000000
0.000000
0.000000
0.000000
-0.000000
-0.000000
0.000000
-0.000000
0.000000
-0.000000
-0.000000
-0.000000
0.000000
0.000000
-0.000000
-0.000000
-0.000000
0.000000
-0.000000
0.000000
-0.000000
-0.000000
-0.000000
-0.000000
0.000000
-0.000000
0.000000
-0.000000
-0.000000
0.000000
0.000000
0.000000
-0.000000
0.000000
0.000000
-0.000000
0.000000
0.000000
-0.000000
0.000000
-0.000000
-0.000000
-0.000000
0.000000
-0.000000
0.000000
-0.000000
-0.000000
-0.000000
0.000000
-0.000000
-0.000000
-0.000000
0.000000
0.000000
0.000000
-0.000000
-0.000000
0.000000
-0.000000
-0.000000
-0.000000
0.000000
-0.000000
-0.000000
-0.000000
-0.000000
-0.000000
0.000000
0.000000
0.000000
0.000000
0.000000
-0.000000
-0.000000
0.000000
-0.000000
-0.000000
-0.000000
-0.000000
-0.000000
-0.000000
-0.000000
0.000000
0.000000
0.000000
0.000000
-0.000000
-0.000000
-0.000000
-0.000000
-0.000000
0.000000
0.000000
-0.000000
0.000000
-0.000000
-0.000000
-0.000000
-0.000000
-0.000000
-0.000000
-0.000000
0.000000
-0.000000
-0.000000
-0.000000
0.000000
-0.000000
-0.000000
0.000000
0.000000
-0.000000
0.000000
-0.000000
-0.000000
0.000000
0.000000
0.000000
0.000000
0.000000
-0.000000
0.000000
-0.000000
0.000000
-0.000000
-0.000000
-0.000000
0.000000
0.000000
-0.000000
0.000000
0.000000
0.000000
0.000000
0.000000
0.000000
-0.000000
0.000000
-0.000000
-0.000000
-0.000000
0.000000
-0.000000
-0.000000
-0.000000
-0.000000
-0.000000
-0.000000
-0.000000
0.000000
-0.000000
0.000000
-0.000000
-0.000000
-0.000000
0.000000
-0.000000
0.000000
0.000000
-0.000000
-0.000000
0.000000
-0.000000
-0.000000
-0.000000
-0.000000
-0.000000
0.000000
0.000000
0.000000
0.000000
-0.000000
-0.000000
0.000000
-0.000000
-0.000000
0.000000
-0.000000
-0.000000
0.000000
0.000000
0.000000
0.000000
-0.000000
-0.000000
0.000000
-0.000000
-0.000000
0.000000
-0.000000
-0.000000
-0.000000
0.000000
0.000000
0.000000
-0.000000
-0.000000
0.000000
-0.000000
0.000000
-0.000000
-0.000000
-0.000000
0.000000
0.000000
-0.000000
-0.000000
-0.000000
0.000000
-0.000000
0.000000
-0.000000
-0.000000
-0.000000
-0.000000
0.000000
-0.000000
0.000000
-0.000000
-0.000000
0.000000
0.000000
0.000000
-0.000000
0.000000
0.000000
-0.000000
0.000000
0.000000
-0.000000
0.000000
-0.000000
-0.000000
-0.000000
0.000000
-0.000000
0.000000
-0.000000
-0.000000
-0.000000
0.000000
-0.000000
-0.000000
-0.000000
0.000000
0.000000
0.000000
-0.000000
-0.000000
0.000000
-0.000000
-0.000000
-0.000000
0.000000
-0.000000
-0.000000
-0.000000
-0.000000
-0.000000
0.000000
0.000000
0.000000
0.000000
0.000000
-0.000000
-0.000000
0.000000
-0.000000
-0.000000
-0.000000
-0.000000
-0.000000
-0.000000
-0.000000
0.000000
0.000000
0.000000
0.000000
-0.000000
-0.000000
-0.000000
-0.000000
-0.000000
0.000000
0.000000
-0.000000
0.000000
-0.000000
-0.000000
-0.000000
-0.000000
-0.000000
-0.000000
-0.000000
0.000000
-0.000000
-0.000000
-0.000000
0.000000
-0.000000
-0.000000
0.000000
0.000000
-0.000000
0.000000
-0.000000
-0.000000
0.000000
0.000000
0.000000
0.000000
0.000000
-0.000000
0.000000
-0.000000
0.000000
-0.000000
-0.000000
-0.000000
0.000000
0.000000
-0.000000
0.000000
0.000000
0.000000
0.000000
0.000000
0.000000
-0.000000
0.000000
-0.000000
-0.000000
-0.000000
0.000000
-0.000000
-0.000000
-0.000000
-0.000000
-0.000000
-0.000000
-0.000000
0.000000
-0.000000
0.000000
-0.000000
-0.000000
-0.000000
0.000000
-0.000000
0.000000
0.000000
-0.000000
-0.000000
0.000000
-0.000000
-0.000000
-0.000000
-0.000000
-0.000000
0.000000
0.000000
0.000000
0.000000
-0.000000
-0.000000
0.000000
-0.000000
-0.000000
0.000000
-0.000000
-0.000000
0.000000
0.000000
0.000000
0.000000
-0.000000
-0.000000
0.000000
-0.000000
-0.000000
0.000000
-0.000000
-0.000000
-0.000000
0.000000
0.000000
0.000000
-0.000000
-0.000000
0.000000
-0.000000
0.000000
-0.000000
-0.000000
-0.000000
0.000000
0.000000
-0.000000
-0.000000
-0.000000
0.000000
-0.000000
0.000000
-0.000000
-0.000000
-0.000000
-0.000000
0.000000
-0.000000
0.000000
-0.000000
-0.000000
0.000000
0.000000
0.000000
-0.000000
0.000000
0.000000
-0.000000
0.000000
0.000000
-0.000000
0.000000
-0.000000
-0.000000
-0.000000
0.000000
-0.000000
0.000000
-0.000000
-0.000000
-0.000000
0.000000
-0.000000
-0.000000
-0.000000
0.000000
0.000000
0.000000
-0.000000
-0.000000
0.000000
-0.000000
-0.000000
-0.000000
0.000000
-0.000000
-0.000000
-0.000000
-0.000000
-0.000000
0.000000
0.000000
0.000000
0.000000
0.000000
-0.000000
-0.000000
0.000000
-0.000000
-0.000000
-0.000000
-0.000000
-0.000000
-0.000000
-0.000000
0.000000
0.000000
0.000000
0.000000
-0.000000
-0.000000
-0.000000
-0.000000
-0.000000
0.000000
0.000000
-0.000000
0.000000
-0.000000
-0.000000
-0.000000
-0.000000
-0.000000
-0.000000
-0.000000
0.000000
-0.000000
-0.000000
-0.000000
0.000000
-0.000000
-0.000000
0.000000
0.000000
-0.000000
0.000000
-0.000000
-0.000000
0.000000
0.000000
0.000000
0.000000
0.000000
-0.000000
0.000000
-0.000000
0.000000
-0.000000
-0.000000
-0.000000
0.000000
0.000000
-0.000000
0.000000
0.000000
0.000000
0.000000
0.000000
0.000000
-0.000000
0.000000
-0.000000
-0.000000
-0.000000
0.000000
-0.000000
-0.000000
-0.000000
-0.000000
-0.000000
-0.000000
-0.000000
0.000000
-0.000000
0.000000
-0.000000
-0.000000
-0.000000
0.000000
-0.000000
0.000000
0.000000
-0.000000
-0.000000
0.000000
-0.000000
-0.000000
-0.000000
-0.000000
-0.000000
0.000000
0.000000
0.000000
0.000000
-0.000000
-0.000000
0.000000
-0.000000
-0.000000
0.000000
-0.000000
-0.000000
0.000000
0.000000
0.000000
0.000000
-0.000000
-0.000000
0.000000
-0.000000
-0.000000
0.000000
-0.000000
-0.000000
-0.000000
0.000000
0.000000
0.000000
-0.000000
-0.000000
0.000000
-0.000000
0.000000
-0.000000
-0.000000
-0.000000
0.000000
0.000000
-0.000000
-0.000000
-0.000000
0.000000
-0.000000
0.000000
-0.000000
-0.000000
-0.000000
-0.000000
0.000000
-0.000000
0.000000
-0.000000
-0.000000
0.000000
0.000000
0.000000
-0.000000
0.000000
0.000000
-0.000000
0.000000
0.000000
-0.000000
0.000000
-0.000000
-0.000000
-0.000000
0.000000
-0.000000
0.000000
-0.000000
-0.000000
-0.000000
0.000000
-0.000000
-0.000000
-0.000000
0.000000
0.000000
0.000000
-0.000000
-0.000000
0.000000
-0.000000
-0.000000
-0.000000
0.000000
-0.000000
-0.000000
-0.000000
-0.000000
-0.000000
0.000000
0.000000
0.000000
0.000000
0.000000
-0.000000
-0.000000
0.000000
-0.000000
-0.000000
-0.000000
-0.000000
-0.000000
-0.000000
-0.000000
0.000000
0.000000
0.000000
0.000000
-0.000000
-0.000000
-0.000000
-0.000000
-0.000000
0.000000
0.000000
-0.000000
0.000000
-0.000000
-0.000000
-0.000000
-0.000000
-0.000000
-0.000000
-0.000000
0.000000
-0.000000
-0.000000
-0.000000
0.000000
-0.000000
-0.000000
0.000000
0.000000
-0.000000
0.000000
-0.000000
-0.000000
0.000000
0.000000
0.000000
0.000000
0.000000
-0.000000
0.000000
-0.000000
0.000000
-0.000000
-0.000000
-0.000000
0.000000
0.000000
-0.000000
0.000000
0.000000
0.000000
0.000000
0.000000
0.000000
-0.000000
0.000000
-0.000000
-0.000000
-0.000000
0.000000
-0.000000
-0.000000
-0.000000
-0.000000
-0.000000
-0.000000
-0.000000
0.000000
-0.000000
0.000000
-0.000000
-0.000000
-0.000000
0.000000
-0.000000
0.000000
0.000000
-0.000000
-0.000000
0.000000
-0.000000
-0.000000
-0.000000
-0.000000
-0.000000
0.000000
0.000000
0.000000
0.000000
-0.000000
-0.000000
0.000000
-0.000000
-0.000000
0.000000
-0.000000
-0.000000
0.000000
0.000000
0.000000
0.000000
-0.000000
-0.000000
0.000000
-0.000000
-0.000000
0.000000
-0.000000
-0.000000
-0.000000
0.000000
0.000000
0.000000
-0.000000
-0.000000
0.000000
-0.000000
0.000000
-0.000000
-0.000000
-0.000000
0.000000
0.000000
-0.000000
-0.000000
-0.000000
0.000000
-0.000000
0.000000
-0.000000
-0.000000
-0.000000
-0.000000
0.000000
-0.000000
0.000000
-0.000000
-0.000000
0.000000
0.000000
0.000000
-0.000000
0.000000
0.000000
-0.000000
0.000000
0.000000
-0.000000
0.000000
-0.000000
-0.000000
-0.000000
0.000000
-0.000000
0.000000
-0.000000
-0.000000
-0.000000
0.000000
-0.000000
-0.000000
-0.000000
0.000000
0.000000
0.000000
-0.000000
-0.000000
0.000000
-0.000000
-0.000000
-0.000000
0.000000
-0.000000
-0.000000
-0.000000
-0.000000
-0.000000
0.000000
0.000000
0.000000
0.000000
0.000000
-0.000000
-0.000000
0.000000
-0.000000
-0.000000
-0.000000
-0.000000
-0.000000
-0.000000
-0.000000
0.000000
0.000000
0.000000
0.000000
-0.000000
-0.000000
-0.000000
-0.000000
-0.000000
0.000000
0.000000
-0.000000
0.000000
-0.000000
-0.000000
-0.000000
-0.000000
-0.000000
-0.000000
-0.000000
0.000000
-0.000000
-0.000000
-0.000000
0.000000
-0.000000
-0.000000
0.000000
0.000000
-0.000000
0.000000
-0.000000
-0.000000
0.000000
0.000000
0.000000
0.000000
0.000000
-0.000000
0.000000
-0.000000
0.000000
-0.000000
-0.000000
-0.000000
0.000000
0.000000
-0.000000
0.000000
0.000000
0.000000
0.000000
0.000000
0.000000
-0.000000
0.000000
-0.000000
-0.000000
-0.000000
0.000000
-0.000000
-0.000000
-0.000000
-0.000000
-0.000000
-0.000000
-0.000000
0.000000
-0.000000
0.000000
-0.000000
-0.000000
-0.000000
0.000000
-0.000000
0.000000
0.000000
-0.000000
-0.000000
0.000000
-0.000000
-0.000000
-0.000000
-0.000000
-0.000000
0.000000
0.000000
0.000000
0.000000
-0.000000
-0.000000
0.000000
-0.000000
-0.000000
0.000000
-0.000000
-0.000000
0.000000
0.000000
0.000000
0.000000
-0.000000
-0.000000
0.000000
-0.000000
-0.000000
0.000000
-0.000000
-0.000000
-0.000000
0.000000
0.000000
0.000000
-0.000000
-0.000000
0.000000
-0.000000
0.000000
-0.000000
-0.000000
-0.000000
0.000000
0.000000
-0.000000
-0.000000
-0.000000
0.000000
-0.000000
0.000000
-0.000000
-0.000000
-0.000000
-0.000000
0.000000
-0.000000
0.000000
-0.000000
-0.000000
0.000000
0.000000
0.000000
-0.000000
0.000000
0.000000
-0.000000
0.000000
0.000000
-0.000000
0.000000
-0.000000
-0.000000
-0.000000
0.000000
-0.000000
0.000000
-0.000000
-0.000000
-0.000000
0.000000
-0.000000
-0.000000
-0.000000
0.000000
0.000000
0.000000
-0.000000
-0.000000
0.000000
-0.000000
-0.000000
-0.000000
0.000000
-0.000000
-0.000000
-0.000000
-0.000000
-0.000000
0.000000
0.000000
0.000000
0.000000
0.000000
-0.000000
-0.000000
0.000000
-0.000000
-0.000000
-0.000000
-0.000000
-0.000000
-0.000000
-0.000000
0.000000
0.000000
0.000000
0.000000
-0.000000
-0.000000
-0.000000
-0.000000
-0.000000
0.000000
0.000000
-0.000000
0.000000
-0.000000
-0.000000
-0.000000
-0.000000
-0.000000
-0.000000
-0.000000
0.000000
-0.000000
-0.000000
-0.000000
0.000000
-0.000000
-0.000000
0.000000
0.000000
-0.000000
0.000000
-0.000000
-0.000000
0.000000
0.000000
0.000000
0.000000
0.000000
-0.000000
0.000000
-0.000000
0.000000
-0.000000
-0.000000
-0.000000
0.000000
0.000000
-0.000000
0.000000
0.000000
0.000000
0.000000
0.000000
0.000000
-0.000000
0.000000
-0.000000
-0.000000
-0.000000
0.000000
-0.000000
-0.000000
-0.000000
-0.000000
-0.000000
-0.000000
-0.000000
0.000000
-0.000000
0.000000
-0.000000
-0.000000
-0.000000
0.000000
-0.000000
0.000000
0.000000
-0.000000
-0.000000
0.000000
-0.000000
-0.000000
-0.000000
-0.000000
-0.000000
0.000000
0.000000
0.000000
0.000000
-0.000000
-0.000000
0.000000
-0.000000
-0.000000
0.000000
-0.000000
-0.000000
0.000000
0.000000
0.000000
0.000000
-0.000000
-0.000000
0.000000
-0.000000
-0.000000
0.000000
-0.000000
-0.000000
-0.000000
0.000000
0.000000
0.000000
-0.000000
-0.000000
0.000000
-0.000000
0.000000
-0.000000
-0.000000
-0.000000
0.000000
0.000000
-0.000000
-0.000000
-0.000000
0.000000
-0.000000
0.000000
-0.000000
-0.000000
-0.000000
-0.000000
0.000000
-0.000000
0.000000
-0.000000
-0.000000
0.000000
0.000000
0.000000
-0.000000
0.000000
0.000000
-0.000000
0.000000
0.000000
-0.000000
0.000000
-0.000000
-0.000000
-0.000000
0.000000
-0.000000
0.000000
-0.000000
-0.000000
-0.000000
0.000000
-0.000000
-0.000000
-0.000000
0.000000
0.000000
0.000000
-0.000000
-0.000000
0.000000
-0.000000
-0.000000
-0.000000
0.000000
-0.000000
-0.000000
-0.000000
-0.000000
-0.000000
0.000000
0.000000
0.000000
0.000000
0.000000
-0.000000
-0.000000
0.000000
-0.000000
-0.000000
-0.000000
-0.000000
-0.000000
-0.000000
-0.000000
0.000000
0.000000
0.000000
0.000000
-0.000000
-0.000000
-0.000000
-0.000000
-0.000000
0.000000
0.000000
-0.000000
0.000000
-0.000000
-0.000000
-0.000000
-0.000000
-0.000000
-0.000000
-0.000000
0.000000
-0.000000
-0.000000
-0.000000
0.000000
-0.000000
-0.000000
0.000000
0.000000
-0.000000
0.000000
-0.000000
-0.000000
0.000000
0.000000
0.000000
0.000000
0.000000
-0.000000
0.000000
-0.000000
0.000000
-0.000000
-0.000000
-0.000000
0.000000
0.000000
-0.000000
0.000000
0.000000
0.000000
0.000000
0.000000
0.000000
-0.000000
0.000000
-0.000000
-0.000000
-0.000000
0.000000
-0.000000
-0.000000
-0.000000
-0.000000
-0.000000
-0.000000
-0.000000
0.000000
-0.000000
0.000000
-0.000000
-0.000000
-0.000000
0.000000
-0.000000
0.000000
0.000000
-0.000000
-0.000000
0.000000
-0.000000
-0.000000
-0.000000
-0.000000
-0.000000
0.000000
0.000000
0.000000
0.000000
-0.000000
-0.000000
0.000000
-0.000000
-0.000000
0.000000
-0.000000
-0.000000
0.000000
0.000000
0.000000
0.000000
-0.000000
-0.000000
0.000000
-0.000000
-0.000000
0.000000
-0.000000
-0.000000
-0.000000
0.000000
0.000000
0.000000
-0.000000
-0.000000
0.000000
-0.000000
0.000000
-0.000000
-0.000000
-0.000000
0.000000
0.000000
-0.000000
-0.000000
-0.000000
0.000000
-0.000000
0.000000
-0.000000
-0.000000
-0.000000
-0.000000
0.000000
-0.000000
0.000000
-0.000000
-0.000000
0.000000
0.000000
0.000000
-0.000000
0.000000
0.000000
-0.000000
0.000000
0.000000
-0.000000
0.000000
-0.000000
-0.000000
-0.000000
0.000000
-0.000000
0.000000
-0.000000
-0.000000
-0.000000
0.000000
-0.000000
-0.000000
-0.000000
0.000000
0.000000
0.000000
-0.000000
-0.000000
0.000000
-0.000000
-0.000000
-0.000000
0.000000
-0.000000
-0.000000
-0.000000
-0.000000
-0.000000
0.000000
0.000000
0.000000
0.000000
0.000000
-0.000000
-0.000000
0.000000
-0.000000
-0.000000
-0.000000
-0.000000
-0.000000
-0.000000
-0.000000
0.000000
0.000000
0.000000
0.000000
-0.000000
-0.000000
-0.000000
-0.000000
-0.000000
0.000000
0.000000
-0.000000
0.000000
-0.000000
-0.000000
-0.000000
-0.000000
-0.000000
-0.000000
-0.000000
0.000000
-0.000000
-0.000000
-0.000000
0.000000
-0.000000
-0.000000
0.000000
0.000000
-0.000000
0.000000
-0.000000
-0.000000
0.000000
0.000000
0.000000
0.000000
0.000000
-0.000000
0.000000
-0.000000
0.000000
-0.000000
-0.000000
-0.000000
0.000000
0.000000
-0.000000
0.000000
0.000000
0.000000
0.000000
0.000000
0.000000
-0.000000
0.000000
-0.000000
-0.000000
-0.000000
0.000000
-0.000000
-0.000000
-0.000000
-0.000000
-0.000000
-0.000000
-0.000000
0.000000
-0.000000
0.000000
-0.000000
-0.000000
-0.000000
0.000000
-0.000000
0.000000
0.000000
-0.000000
-0.000000
0.000000
-0.000000
-0.000000
-0.000000
-0.000000
-0.000000
0.000000
0.000000
0.000000
0.000000
-0.000000
-0.000000
0.000000
-0.000000
-0.000000
0.000000
-0.000000
-0.000000
0.000000
0.000000
0.000000
0.000000
-0.000000
-0.000000
0.000000
-0.000000
-0.000000
0.000000
-0.000000
-0.000000
-0.000000
0.000000
0.000000
0.000000
-0.000000
-0.000000
0.000000
-0.000000
0.000000
-0.000000
-0.000000
-0.000000
0.000000
0.000000
-0.000000
-0.000000
-0.000000
0.000000
-0.000000
0.000000
-0.000000
-0.000000
-0.000000
-0.000000
0.000000
-0.000000
0.000000
-0.000000
-0.000000
0.000000
0.000000
0.000000
-0.000000
0.000000
0.000000
-0.000000
0.000000
0.000000
-0.000000
0.000000
-0.000000
-0.000000
-0.000000
0.000000
-0.000000
0.000000
-0.000000
-0.000000
-0.000000
0.000000
-0.000000
-0.000000
-0.000000
0.000000
0.000000
0.000000
-0.000000
-0.000000
0.000000
-0.000000
-0.000000
-0.000000
0.000000
-0.000000
-0.000000
-0.000000
-0.000000
-0.000000
0.000000
0.000000
0.000000
0.000000
0.000000
-0.000000
-0.000000
0.000000
-0.000000
-0.000000
-0.000000
-0.000000
-0.000000
-0.000000
-0.000000
0.000000
0.000000
0.000000
0.000000
-0.000000
-0.000000
-0.000000
-0.000000
-0.000000
0.000000
0.000000
-0.000000
0.000000
-0.000000
-0.000000
-0.000000
-0.000000
-0.000000
-0.000000
-0.000000
0.000000
-0.000000
-0.000000
-0.000000
0.000000
-0.000000
-0.000000
0.000000
0.000000
-0.000000
0.000000
-0.000000
-0.000000
0.000000
0.000000
0.000000
0.000000
0.000000
-0.000000
0.000000
-0.000000
0.000000
-0.000000
-0.000000
-0.000000
0.000000
0.000000
-0.000000
0.000000
0.000000
0.000000
0.000000
0.000000
0.000000
-0.000000
0.000000
-0.000000
-0.000000
-0.000000
0.000000
-0.000000
-0.000000
-0.000000
-0.000000
-0.000000
-0.000000
-0.000000
0.000000
-0.000000
0.000000
-0.000000
-0.000000
-0.000000
0.000000
-0.000000
0.000000
0.000000
-0.000000
-0.000000
0.000000
-0.000000
-0.000000
-0.000000
-0.000000
-0.000000
0.000000
0.000000
0.000000
0.000000
-0.000000
-0.000000
0.000000
-0.000000
-0.000000
0.000000
-0.000000
-0.000000
0.000000
0.000000
0.000000
0.000000
-0.000000
-0.000000
0.000000
-0.000000
-0.000000
0.000000
-0.000000
-0.000000
-0.000000
0.000000
0.000000
0.000000
-0.000000
-0.000000
0.000000
-0.000000
0.000000
-0.000000
-0.000000
-0.000000
0.000000
0.000000
-0.000000
-0.000000
-0.000000
0.000000
-0.000000
0.000000
-0.000000
-0.000000
-0.000000
-0.000000
0.000000
-0.000000
0.000000
-0.000000
-0.000000
0.000000
0.000000
0.000000
-0.000000
0.000000
0.000000
-0.000000
0.000000
0.000000
-0.000000
0.000000
-0.000000
-0.000000
-0.000000
0.000000
-0.000000
0.000000
-0.000000
-0.000000
-0.000000
0.000000
-0.000000
-0.000000
-0.000000
0.000000
0.000000
0.000000
-0.000000
-0.000000
0.000000
-0.000000
-0.000000
-0.000000
0.000000
-0.000000
-0.000000
-0.000000
-0.000000
-0.000000
0.000000
0.000000
0.000000
0.000000
0.000000
-0.000000
-0.000000
0.000000
-0.000000
-0.000000
-0.000000
-0.000000
-0.000000
-0.000000
-0.000000
0.000000
0.000000
0.000000
0.000000
-0.000000
-0.000000
-0.000000
-0.000000
-0.000000
0.000000
0.000000
-0.000000
0.000000
-0.000000
-0.000000
-0.000000
-0.000000
-0.000000
-0.000000
-0.000000
0.000000
-0.000000
-0.000000
-0.000000
0.000000
-0.000000
-0.000000
0.000000
0.000000
-0.000000
0.000000
-0.000000
-0.000000
0.000000
0.000000
0.000000
0.000000
0.000000
-0.000000
0.000000
-0.000000
0.000000
-0.000000
-0.000000
-0.000000
0.000000
0.000000
-0.000000
0.000000
0.000000
0.000000
0.000000
0.000000
0.000000
-0.000000
0.000000
-0.000000
-0.000000
-0.000000
0.000000
-0.000000
-0.000000
-0.000000
-0.000000
-0.000000
-0.000000
-0.000000
0.000000
-0.000000
0.000000
-0.000000
-0.000000
-0.000000
0.000000
-0.000000
0.000000
0.000000
-0.000000
-0.000000
0.000000
-0.000000
-0.000000
-0.000000
-0.000000
-0.000000
0.000000
0.000000
0.000000
0.000000
-0.000000
-0.000000
0.000000
-0.000000
-0.000000
0.000000
-0.000000
-0.000000
0.000000
0.000000
0.000000
0.000000
-0.000000
-0.000000
0.000000
-0.000000
-0.000000
0.000000
-0.000000
-0.000000
-0.000000
0.000000
0.000000
0.000000
-0.000000
-0.000000
0.000000
-0.000000
0.000000
-0.000000
-0.000000
-0.000000
0.000000
0.000000
-0.000000
-0.000000
-0.000000
0.000000
-0.000000
0.000000
-0.000000
-0.000000
-0.000000
-0.000000
0.000000
-0.000000
0.000000
-0.000000
-0.000000
0.000000
0.000000
0.000000
-0.000000
0.000000
0.000000
-0.000000
0.000000
0.000000
-0.000000
0.000000
-0.000000
-0.000000
-0.000000
0.000000
-0.000000
0.000000
-0.000000
-0.000000
-0.000000
0.000000
-0.000000
-0.000000
-0.000000
0.000000
0.000000
0.000000
-0.000000
-0.000000
0.000000
-0.000000
-0.000000
-0.000000
0.000000
-0.000000
-0.000000
-0.000000
-0.000000
-0.000000
0.000000
0.000000
0.000000
0.000000
0.000000
-0.000000
-0.000000
0.000000
-0.000000
-0.000000
-0.000000
-0.000000
-0.000000
-0.000000
-0.000000
0.000000
0.000000
0.000000
0.000000
-0.000000
-0.000000
-0.000000
-0.000000
-0.000000
0.000000
0.000000
-0.000000
0.000000
-0.000000
-0.000000
-0.000000
-0.000000
-0.000000
-0.000000
-0.000000
0.000000
-0.000000
-0.000000
-0.000000
0.000000
-0.000000
-0.000000
0.000000
0.000000
-0.000000
0.000000
-0.000000
-0.000000
0.000000
0.000000
0.000000
0.000000
0.000000
-0.000000
0.000000
-0.000000
0.000000
-0.000000
-0.000000
-0.000000
0.000000
0.000000
-0.000000
0.000000
0.000000
0.000000
0.000000
0.000000
0.000000
-0.000000
0.000000
-0.000000
-0.000000
-0.000000
0.000000
-0.000000
-0.000000
-0.000000
-0.000000
-0.000000
-0.000000
-0.000000
0.000000
-0.000000
0.000000
-0.000000
-0.000000
-0.000000
0.000000
-0.000000
0.000000
0.000000
-0.000000
-0.000000
0.000000
-0.000000
-0.000000
-0.000000
-0.000000
-0.000000
0.000000
0.000000
0.000000
0.000000
-0.000000
-0.000000
0.000000
-0.000000
-0.000000
0.000000
-0.000000
-0.000000
0.000000
0.000000
0.000000
0.000000
-0.000000
-0.000000
0.000000
-0.000000
-0.000000
0.000000
-0.000000
-0.000000
-0.000000
0.000000
0.000000
0.000000
-0.000000
-0.000000
0.000000
-0.000000
0.000000
-0.000000
-0.000000
-0.000000
0.000000
0.000000
-0.000000
-0.000000
-0.000000
0.000000
-0.000000
0.000000
-0.000000
-0.000000
-0.000000
-0.000000
0.000000
-0.000000
0.000000
-0.000000
-0.000000
0.000000
0.000000
0.000000
-0.000000
0.000000
0.000000
-0.000000
0.000000
0.000000
-0.000000
0.000000
-0.000000
-0.000000
-0.000000
0.000000
-0.000000
0.000000
-0.000000
-0.000000
-0.000000
0.000000
-0.000000
-0.000000
-0.000000
0.000000
0.000000
0.000000
-0.000000
-0.000000
0.000000
-0.000000
-0.000000
-0.000000
0.000000
-0.000000
-0.000000
-0.000000
-0.000000
-0.000000
0.000000
0.000000
0.000000
0.000000
0.000000
-0.000000
-0.000000
0.000000
-0.000000
-0.000000
-0.000000
-0.000000
-0.000000
-0.000000
-0.000000
0.000000
0.000000
0.000000
0.000000
-0.000000
-0.000000
-0.000000
-0.000000
-0.000000
0.000000
0.000000
-0.000000
0.000000
-0.000000
-0.000000
-0.000000
-0.000000
-0.000000
-0.000000
-0.000000
0.000000
-0.000000
-0.000000
-0.000000
0.000000
-0.000000
-0.000000
0.000000
0.000000
-0.000000
0.000000
-0.000000
-0.000000
0.000000
0.000000
0.000000
0.000000
0.000000
-0.000000
0.000000
-0.000000
0.000000
-0.000000
-0.000000
-0.000000
0.000000
0.000000
-0.000000
0.000000
0.000000
0.000000
0.000000
0.000000
