-0.316120
-0.117061
-0.301910
-0.232198
-0.328384
-0.283681
-0.132928
-0.291454
-0.339989
-0.267174
-0.168062
-0.469659
-0.010587
-0.133967
-0.346702
-0.316919
-0.243449
-0.447306
-0.279815
-0.424146
-0.246867
-0.357311
-0.444000
-0.301845
-0.351124
-0.340523
-0.279084
-0.406008
-0.075268
-0.077498
-0.178558
-0.414653
-0.293681
-0.451736
-0.255849
-0.287734
-0.059277
-0.336367
-0.055140
-0.383264
-0.296968
-0.281673
-0.265948
-0.208494
-0.366788
-0.279937
-0.345508
-0.437708
-0.324791
-0.282746
-0.368575
-0.438672
-0.358528
-0.374112
-0.219150
-0.263184
-0.112004
-0.140355
-0.266402
-0.257898
-0.101015
-0.275879
-0.048098
-0.288470
-0.377187
-0.123716
-0.390586
-0.277854
-0.352591
-0.403981
-0.324620
-0.312589
-0.206844
-0.259123
-0.034880
-0.095284
-0.396731
-0.404321
-0.229187
-0.167273
-0.009410
-0.240968
-0.081333
-0.236451
-0.439783
-0.341653
-0.281695
-0.285947
-0.008945
-0.190481
-0.358499
-0.082235
-0.312198
-0.141128
-0.153439
-0.115023
-0.337900
-0.356742
0.024655
-0.357852
-0.350002
0.106229
0.130741
-0.383860
-0.242955
-0.400287
-0.189282
-0.153470
-0.161406
-0.108108
-0.138486
-0.162163
-0.356420
0.125411
-0.295518
-0.212282
-0.094179
-0.107304
-0.320576
-0.120259
-0.286339
-0.264155
-0.227764
-0.053973
-0.130308
-0.277017
-0.220025
0.057553
-0.230943
0.039494
-0.132478
-0.255399
-0.134452
-0.043603
-0.197159
-0.059683
-0.130668
-0.206584
-0.082500
-0.218897
-0.218532
0.053232
-0.277364
-0.114413
-0.208655
0.001579
-0.003266
-0.348130
-0.231097
-0.254161
-0.271960
-0.093426
-0.173698
-0.224567
-0.176945
-0.255127
-0.280153
-0.035534
-0.125888
-0.392697
0.081901
-0.251051
-0.257363
-0.303220
-0.146790
-0.026788
-0.192323
-0.293577
-0.312316
-0.262116
-0.259055
-0.014232
-0.154199
-0.296182
-0.289941
-0.184536
0.034191
-0.015653
-0.223287
0.059088
0.030751
0.012213
-0.215245
-0.355143
-0.089199
-0.206522
-0.183766
-0.382716
0.037288
0.005538
-0.372534
-0.207614
-0.321870
-0.119465
-0.299249
-0.238232
-0.329220
-0.285357
-0.144551
-0.295452
-0.346469
-0.268414
-0.167090
-0.476607
-0.007776
-0.131874
-0.355154
-0.316647
-0.248235
-0.455330
-0.286564
-0.432722
-0.250612
-0.360433
-0.452478
-0.307653
-0.357999
-0.347119
-0.279657
-0.409012
-0.089416
-0.087443
-0.182094
-0.420045
-0.291567
-0.460666
-0.259199
-0.292768
-0.068187
-0.344301
-0.062600
-0.391333
-0.300813
-0.285536
-0.264642
-0.209565
-0.370368
-0.285782
-0.353817
-0.443986
-0.326236
-0.288745
-0.371727
-0.445216
-0.367608
-0.378277
-0.220582
-0.265181
-0.110492
-0.138023
-0.271556
-0.264231
-0.102989
-0.277141
-0.055774
-0.293157
-0.382357
-0.124544
-0.395957
-0.284947
-0.357502
-0.408774
-0.332694
-0.324268
-0.210879
-0.265247
-0.035898
-0.081234
-0.403042
-0.410660
-0.233347
-0.168565
-0.005710
-0.245598
-0.084332
-0.236139
-0.447293
-0.347846
-0.289611
-0.293108
-0.012903
-0.188769
-0.365907
-0.085551
-0.311870
-0.148448
-0.151857
-0.118512
-0.345394
-0.359708
0.023571
-0.363712
-0.359199
0.102730
0.137157
-0.394666
-0.244643
-0.409770
-0.185626
-0.143688
-0.161822
-0.115034
-0.138932
-0.168432
-0.358647
0.132768
-0.305154
-0.216978
-0.095165
-0.039169
-0.318584
-0.123246
-0.287279
-0.270304
-0.228286
-0.060037
-0.144970
-0.279388
-0.222128
0.060876
-0.236128
0.043662
-0.140563
-0.263260
-0.136595
-0.043782
-0.200495
-0.064084
-0.132014
-0.210114
-0.085465
-0.227556
-0.220332
0.045376
-0.278392
-0.123300
-0.212371
0.010920
-0.003536
-0.355953
-0.239177
-0.262861
-0.279817
-0.090091
-0.177676
-0.227269
-0.170193
-0.259221
-0.287029
-0.037400
-0.130804
-0.403536
0.072827
-0.264672
-0.255346
-0.311631
-0.151598
-0.034831
-0.191962
-0.294455
-0.318930
-0.271638
-0.272057
-0.016552
-0.150477
-0.297635
-0.297118
-0.189082
0.036036
-0.020129
-0.226400
0.056992
0.024256
0.012341
-0.218986
-0.358668
-0.101220
-0.210937
-0.185744
-0.395119
0.028312
0.006817
-0.376700
-0.204244
-0.328375
-0.122113
-0.315238
-0.246119
-0.341498
-0.299001
-0.132761
-0.298044
-0.352004
-0.276836
-0.185134
-0.483644
-0.016887
-0.136622
-0.361907
-0.318139
-0.262033
-0.462958
-0.287760
-0.435202
-0.254849
-0.366695
-0.454614
-0.307801
-0.367177
-0.360920
-0.284383
-0.410875
-0.089845
-0.091440
-0.183291
-0.423952
-0.311573
-0.466316
-0.265926
-0.285177
-0.083148
-0.349645
-0.057538
-0.396730
-0.316319
-0.296536
-0.275273
-0.214680
-0.378964
-0.290358
-0.357516
-0.454340
-0.339224
-0.297984
-0.381255
-0.451016
-0.376550
-0.386344
-0.219715
-0.274080
-0.117661
-0.158061
-0.271529
-0.269335
-0.111596
-0.279936
-0.061647
-0.303316
-0.392279
-0.136121
-0.399223
-0.288133
-0.365969
-0.417962
-0.345971
-0.333615
-0.215201
-0.268073
-0.031553
-0.102213
-0.412961
-0.417914
-0.246465
-0.180065
0.001340
-0.258293
-0.083804
-0.244993
-0.456714
-0.359107
-0.289035
-0.303440
-0.012475
-0.193150
-0.368047
-0.095614
-0.324920
-0.151198
-0.159332
-0.134632
-0.355208
-0.375711
0.020490
-0.377963
-0.366859
0.088674
0.144134
-0.399598
-0.260375
-0.426294
-0.186112
-0.130972
-0.168675
-0.128043
-0.151407
-0.177628
-0.369586
0.121507
-0.312071
-0.229874
-0.105430
-0.124988
-0.321310
-0.131919
-0.302309
-0.255118
-0.239404
-0.054528
-0.142836
-0.291433
-0.241389
0.073329
-0.242928
0.036532
-0.142286
-0.272025
-0.149221
-0.065669
-0.210529
-0.077154
-0.128110
-0.219631
-0.097200
-0.222099
-0.232883
0.044108
-0.281016
-0.132752
-0.221749
-0.007084
-0.001424
-0.360080
-0.249166
-0.271224
-0.291373
-0.100150
-0.181260
-0.240953
-0.163325
-0.273944
-0.300330
-0.035359
-0.139748
-0.411972
0.066519
-0.274295
-0.263057
-0.322437
-0.153153
-0.041424
-0.202148
-0.306159
-0.323572
-0.285392
-0.286822
-0.022517
-0.151377
-0.313421
-0.305550
-0.199440
0.010671
-0.018727
-0.224815
0.053730
0.016909
0.017184
-0.232109
-0.372731
-0.102873
-0.223675
-0.193421
-0.404367
0.029478
0.004067
-0.388092
-0.209993
-0.327722
-0.133753
-0.307923
-0.251020
-0.337907
-0.296713
-0.142119
-0.304176
-0.358836
-0.276282
-0.184075
-0.489292
-0.015392
-0.130330
-0.364779
-0.317948
-0.269504
-0.461282
-0.290410
-0.438382
-0.262070
-0.371160
-0.459260
-0.318136
-0.370010
-0.369788
-0.284369
-0.412568
-0.109656
-0.101504
-0.181195
-0.426704
-0.303649
-0.471984
-0.272592
-0.286622
-0.090836
-0.360348
-0.068187
-0.407495
-0.316713
-0.297409
-0.264903
-0.215372
-0.380566
-0.294041
-0.364418
-0.451519
-0.337826
-0.301074
-0.380711
-0.451110
-0.381026
-0.379296
-0.222714
-0.266728
-0.120327
-0.155323
-0.274979
-0.274984
-0.106786
-0.284710
-0.069538
-0.303254
-0.397732
-0.139414
-0.399228
-0.290605
-0.370141
-0.417049
-0.350298
-0.339946
-0.219236
-0.274284
-0.038731
-0.093405
-0.412833
-0.423283
-0.248941
-0.180308
-0.003538
-0.257900
-0.094495
-0.247734
-0.456639
-0.363043
-0.296213
-0.302286
-0.027057
-0.191538
-0.374024
-0.108553
-0.321635
-0.159076
-0.157721
-0.134469
-0.360583
-0.370892
0.011782
-0.380872
-0.374834
0.064331
0.132178
-0.404653
-0.257765
-0.432623
-0.186978
-0.123202
-0.163072
-0.126985
-0.154469
-0.193865
-0.364467
0.117220
-0.324624
-0.233980
-0.111183
0.033786
-0.313504
-0.140636
-0.298337
-0.260692
-0.239940
-0.071625
-0.159586
-0.296476
-0.244712
0.065631
-0.241728
0.033787
-0.158858
-0.279048
-0.158474
-0.065577
-0.216702
-0.083528
-0.132700
-0.222472
-0.103839
-0.232700
-0.234176
0.023762
-0.284865
-0.145043
-0.227338
-0.006012
-0.000681
-0.363497
-0.256176
-0.279171
-0.301850
-0.095888
-0.187343
-0.239592
-0.143693
-0.287088
-0.310733
-0.043516
-0.149097
-0.418044
0.045927
-0.285051
-0.248651
-0.326578
-0.163738
-0.060910
-0.199836
-0.303645
-0.326864
-0.294132
-0.313128
-0.027585
-0.142994
-0.310466
-0.318839
-0.197494
0.002994
-0.030638
-0.232435
0.039542
0.014579
0.013508
-0.240932
-0.373948
-0.112351
-0.228071
-0.199564
-0.413653
0.017576
-0.005363
-0.386860
-0.207569
-0.332529
-0.137203
-0.306673
-0.257980
-0.340795
-0.299427
-0.147933
-0.307119
-0.360416
-0.277524
-0.182790
-0.493393
-0.017403
-0.132576
-0.369409
-0.323887
-0.268060
-0.468742
-0.296100
-0.442227
-0.264663
-0.375203
-0.466548
-0.318259
-0.375742
-0.373515
-0.291946
-0.416787
-0.111665
-0.108862
-0.186892
-0.432186
-0.305309
-0.478248
-0.276104
-0.296702
-0.097272
-0.363080
-0.067741
-0.412607
-0.319262
-0.303238
-0.269002
-0.215860
-0.381316
-0.295764
-0.367049
-0.457847
-0.339046
-0.302999
-0.387318
-0.458185
-0.384861
-0.382571
-0.226644
-0.273166
-0.122189
-0.151816
-0.283852
-0.279685
-0.104992
-0.290258
-0.074229
-0.308589
-0.399317
-0.138799
-0.405714
-0.293517
-0.373702
-0.420880
-0.351802
-0.341752
-0.221940
-0.277648
-0.039531
-0.089716
-0.416463
-0.426561
-0.249993
-0.184407
-0.003186
-0.260353
-0.097438
-0.252111
-0.465119
-0.367296
-0.303997
-0.304667
-0.031927
-0.196222
-0.379729
-0.106949
-0.326196
-0.161576
-0.159876
-0.138537
-0.363318
-0.375500
0.013527
-0.383601
-0.380655
0.067159
0.125980
-0.409729
-0.259858
-0.438407
-0.193656
-0.141889
-0.165932
-0.134333
-0.158194
-0.197888
-0.369389
0.122561
-0.328078
-0.237074
-0.112983
-0.160425
-0.323807
-0.147207
-0.303105
-0.269143
-0.240681
-0.072910
-0.164045
-0.296580
-0.249296
0.064102
-0.248188
0.030743
-0.160818
-0.276375
-0.163137
-0.062285
-0.219860
-0.084850
-0.137891
-0.226670
-0.113687
-0.239795
-0.237839
0.024039
-0.283800
-0.141229
-0.230142
-0.002392
-0.005565
-0.367642
-0.255456
-0.280049
-0.304016
-0.097956
-0.193727
-0.241655
-0.168421
-0.293824
-0.313383
-0.041333
-0.152868
-0.420255
0.040994
-0.282127
-0.253419
-0.330826
-0.164482
-0.062752
-0.201287
-0.305285
-0.333020
-0.297745
-0.316156
-0.033279
-0.146859
-0.314272
-0.323058
-0.198056
0.002908
-0.035164
-0.240548
0.042253
0.013645
0.013467
-0.243696
-0.378795
-0.118401
-0.227632
-0.198465
-0.421845
0.014873
-0.009216
-0.390820
-0.206167
-0.322201
-0.132535
-0.298362
-0.246229
-0.332647
-0.286547
-0.145227
-0.294236
-0.347375
-0.270549
-0.172217
-0.478772
-0.019447
-0.125571
-0.357892
-0.312596
-0.253885
-0.457218
-0.285637
-0.430659
-0.255321
-0.364837
-0.453618
-0.309153
-0.360262
-0.352167
-0.285615
-0.408194
-0.100218
-0.098142
-0.185712
-0.422622
-0.292347
-0.457246
-0.260538
-0.294865
-0.084542
-0.346497
-0.058302
-0.398347
-0.304633
-0.286588
-0.267207
-0.205902
-0.366953
-0.286311
-0.355970
-0.446402
-0.325567
-0.292902
-0.373477
-0.442898
-0.368982
-0.371994
-0.217729
-0.264877
-0.121778
-0.135108
-0.276350
-0.270284
-0.097811
-0.280511
-0.066286
-0.301831
-0.387182
-0.128807
-0.396037
-0.278079
-0.355973
-0.409047
-0.333856
-0.327468
-0.214376
-0.266396
-0.039692
-0.085029
-0.406446
-0.414237
-0.236821
-0.184318
-0.003878
-0.254127
-0.090661
-0.251477
-0.449680
-0.355966
-0.288046
-0.291190
-0.023428
-0.191548
-0.368771
-0.095641
-0.314212
-0.150121
-0.157153
-0.128111
-0.348711
-0.367152
0.020100
-0.361524
-0.366351
0.086979
0.119331
-0.396355
-0.247775
-0.420129
-0.194771
-0.116617
-0.152340
-0.127113
-0.141347
-0.178110
-0.356161
0.122278
-0.309167
-0.225518
-0.104987
-0.218017
-0.322294
-0.133773
-0.290041
-0.265702
-0.227186
-0.064673
-0.148486
-0.282681
-0.231609
0.059569
-0.239558
0.030531
-0.147602
-0.262040
-0.148318
-0.041369
-0.207453
-0.069332
-0.135677
-0.215636
-0.099524
-0.237304
-0.224802
0.031669
-0.270938
-0.125539
-0.217563
0.003086
0.003345
-0.358528
-0.236111
-0.265609
-0.288786
-0.091138
-0.182010
-0.230499
-0.158318
-0.271999
-0.297249
-0.037512
-0.139587
-0.406588
0.053349
-0.267453
-0.254982
-0.314426
-0.154166
-0.047793
-0.192921
-0.287631
-0.316895
-0.278906
-0.285621
-0.031118
-0.143970
-0.301225
-0.308510
-0.186658
0.018820
-0.027689
-0.236462
0.055141
0.024394
0.021314
-0.228854
-0.359699
-0.112255
-0.216393
-0.182434
-0.399727
0.027254
-0.003244
-0.380383
-0.199800
-0.320565
-0.131355
-0.302454
-0.245721
-0.334505
-0.284928
-0.140024
-0.295686
-0.342266
-0.269929
-0.168360
-0.474913
-0.025972
-0.126722
-0.356085
-0.314711
-0.247351
-0.455597
-0.285635
-0.432083
-0.252838
-0.365477
-0.449945
-0.310268
-0.356094
-0.347867
-0.287987
-0.409968
-0.098447
-0.093730
-0.188379
-0.419530
-0.293793
-0.454040
-0.258008
-0.296344
-0.077247
-0.340946
-0.050039
-0.394245
-0.300005
-0.280324
-0.267985
-0.207584
-0.367456
-0.288213
-0.348108
-0.442539
-0.322293
-0.293620
-0.370487
-0.440736
-0.364934
-0.373372
-0.217064
-0.263393
-0.126023
-0.129856
-0.274241
-0.267800
-0.094459
-0.279716
-0.068908
-0.306539
-0.384905
-0.126717
-0.397108
-0.273151
-0.358236
-0.408070
-0.331455
-0.322580
-0.215594
-0.257977
-0.041227
-0.089847
-0.407164
-0.413037
-0.233582
-0.184393
-0.002728
-0.254370
-0.087652
-0.254540
-0.447635
-0.351034
-0.284102
-0.289187
-0.020686
-0.192294
-0.366805
-0.090397
-0.312813
-0.145732
-0.155629
-0.130415
-0.344252
-0.366329
0.025578
-0.356655
-0.360761
0.095916
0.117828
-0.393570
-0.245758
-0.417425
-0.197729
-0.148465
-0.151653
-0.125317
-0.135055
-0.173093
-0.358226
0.118531
-0.300977
-0.225271
-0.105771
-0.232217
-0.331593
-0.132961
-0.288076
-0.265690
-0.224904
-0.060609
-0.135462
-0.279585
-0.228718
0.057044
-0.240515
0.030857
-0.143200
-0.256345
-0.147496
-0.037842
-0.200907
-0.060860
-0.135553
-0.215425
-0.097711
-0.235919
-0.222480
0.033029
-0.268585
-0.118241
-0.216837
-0.001886
0.006112
-0.357916
-0.225938
-0.261639
-0.285808
-0.095099
-0.182145
-0.227009
-0.178610
-0.265661
-0.291317
-0.034949
-0.133558
-0.400734
0.060009
-0.263715
-0.263111
-0.307091
-0.147619
-0.042220
-0.195454
-0.282291
-0.313758
-0.272245
-0.274260
-0.033035
-0.151665
-0.300352
-0.300624
-0.182436
0.019464
-0.027762
-0.238044
0.066983
0.032983
0.023405
-0.228356
-0.354074
-0.105558
-0.213612
-0.176918
-0.390086
0.034144
0.002644
-0.379814
-0.200466
-0.317115
-0.120933
-0.304686
-0.235594
-0.332747
-0.283255
-0.134435
-0.291111
-0.338547
-0.267797
-0.169325
-0.472756
-0.016991
-0.133037
-0.351569
-0.315160
-0.242854
-0.450963
-0.280717
-0.427219
-0.246854
-0.359758
-0.445730
-0.304575
-0.352193
-0.341461
-0.285374
-0.406721
-0.083289
-0.080904
-0.185258
-0.416531
-0.296341
-0.449214
-0.256280
-0.289978
-0.065059
-0.335540
-0.050982
-0.387987
-0.298016
-0.280974
-0.269748
-0.207888
-0.366089
-0.285060
-0.344193
-0.441224
-0.323759
-0.288390
-0.371933
-0.439528
-0.359634
-0.375378
-0.214538
-0.265109
-0.118139
-0.136961
-0.267492
-0.262291
-0.102125
-0.278869
-0.059076
-0.296077
-0.379267
-0.125278
-0.392968
-0.277832
-0.354814
-0.405964
-0.326214
-0.318559
-0.207703
-0.257465
-0.039658
-0.100233
-0.401873
-0.406653
-0.233207
-0.177875
-0.005054
-0.248585
-0.082296
-0.245681
-0.442853
-0.345680
-0.281287
-0.286408
-0.009156
-0.190153
-0.360285
-0.084502
-0.312285
-0.141709
-0.155674
-0.121949
-0.341154
-0.363490
0.028371
-0.358540
-0.352954
0.106575
0.129390
-0.388036
-0.245874
-0.408987
-0.192356
-0.123403
-0.160533
-0.117633
-0.132811
-0.163624
-0.359301
0.121445
-0.294222
-0.218870
-0.097134
-0.015259
-0.325104
-0.122649
-0.286170
-0.257882
-0.229584
-0.052280
-0.128243
-0.277481
-0.225640
0.056670
-0.234766
0.036755
-0.136264
-0.256577
-0.139216
-0.043316
-0.196761
-0.059730
-0.131879
-0.211464
-0.085646
-0.222787
-0.217004
0.050570
-0.272496
-0.112689
-0.210765
-0.002055
-0.001658
-0.348526
-0.226952
-0.259130
-0.276076
-0.092344
-0.172706
-0.224796
-0.149873
-0.255145
-0.284402
-0.033494
-0.128541
-0.397666
0.077383
-0.257606
-0.263172
-0.306185
-0.145008
-0.030280
-0.196429
-0.289924
-0.311621
-0.267590
-0.262757
-0.022792
-0.152459
-0.298600
-0.291326
-0.181147
0.025582
-0.018220
-0.229866
0.065042
0.034963
0.020659
-0.218421
-0.352976
-0.095481
-0.208920
-0.178104
-0.381749
0.040335
0.006834
-0.375110
-0.205627
-0.321988
-0.134315
-0.304024
-0.243440
-0.332165
-0.285416
-0.143605
-0.296593
-0.347215
-0.269134
-0.173935
-0.481179
-0.018547
-0.126487
-0.357579
-0.310294
-0.252238
-0.457857
-0.288875
-0.432173
-0.252054
-0.361905
-0.453273
-0.310990
-0.359380
-0.350131
-0.286428
-0.409804
-0.098952
-0.095553
-0.186978
-0.424422
-0.297460
-0.456772
-0.257697
-0.297170
-0.075297
-0.346894
-0.056258
-0.396653
-0.302547
-0.288308
-0.267556
-0.209410
-0.372002
-0.287182
-0.352605
-0.445799
-0.325651
-0.292272
-0.372316
-0.446485
-0.371273
-0.377828
-0.217561
-0.265508
-0.118469
-0.139958
-0.277574
-0.270924
-0.098644
-0.284026
-0.066535
-0.302677
-0.387155
-0.128335
-0.394375
-0.282327
-0.355967
-0.408911
-0.336586
-0.327053
-0.211285
-0.269874
-0.038629
-0.089854
-0.407427
-0.415564
-0.235896
-0.176957
-0.003619
-0.251636
-0.086470
-0.250701
-0.449242
-0.354535
-0.288901
-0.293804
-0.015559
-0.188338
-0.370289
-0.095213
-0.316583
-0.144933
-0.152478
-0.126844
-0.344141
-0.368824
0.021798
-0.366903
-0.367849
0.092678
0.130288
-0.394889
-0.248601
-0.417141
-0.193969
-0.088637
-0.154374
-0.123973
-0.136346
-0.175267
-0.357488
0.123128
-0.305096
-0.226216
-0.105183
0.137313
-0.318017
-0.125396
-0.289778
-0.263695
-0.230920
-0.063262
-0.146426
-0.282725
-0.229351
0.059375
-0.236346
0.040921
-0.145717
-0.264475
-0.150008
-0.038783
-0.203417
-0.061329
-0.136664
-0.216746
-0.093346
-0.233713
-0.218424
0.039080
-0.272783
-0.125481
-0.217916
-0.002105
0.005021
-0.357416
-0.238841
-0.273513
-0.291102
-0.094504
-0.178972
-0.229799
-0.126964
-0.265977
-0.294603
-0.035293
-0.138943
-0.405795
0.067136
-0.268734
-0.256272
-0.317063
-0.157075
-0.042179
-0.196694
-0.289622
-0.317506
-0.278265
-0.280078
-0.025629
-0.145005
-0.298895
-0.304918
-0.191121
0.029234
-0.023616
-0.234642
0.056361
0.029652
0.015918
-0.224680
-0.362215
-0.107989
-0.214990
-0.184178
-0.395929
0.027759
0.000461
-0.382329
-0.209316
-0.325851
-0.129852
-0.307190
-0.245978
-0.335187
-0.289967
-0.150559
-0.300030
-0.352269
-0.273706
-0.185648
-0.486389
-0.017408
-0.128314
-0.361941
-0.312084
-0.269358
-0.461992
-0.292377
-0.436100
-0.255358
-0.366790
-0.458402
-0.314454
-0.366842
-0.361961
-0.287276
-0.411811
-0.105882
-0.100693
-0.183684
-0.432115
-0.302883
-0.465644
-0.261266
-0.295172
-0.088146
-0.355733
-0.065665
-0.403162
-0.315993
-0.297558
-0.270922
-0.211860
-0.372367
-0.289028
-0.363460
-0.454803
-0.335647
-0.297416
-0.378749
-0.449413
-0.376457
-0.381641
-0.221334
-0.270330
-0.116626
-0.150058
-0.280464
-0.273062
-0.113664
-0.287961
-0.067341
-0.303510
-0.390875
-0.137131
-0.395368
-0.292304
-0.358378
-0.415155
-0.345939
-0.335233
-0.215019
-0.286522
-0.034289
-0.088677
-0.411927
-0.419934
-0.244417
-0.174716
-0.000009
-0.254600
-0.087759
-0.249308
-0.455348
-0.363304
-0.299415
-0.301289
-0.016594
-0.195066
-0.372292
-0.102525
-0.327720
-0.152951
-0.152050
-0.128662
-0.353971
-0.373420
0.014969
-0.380884
-0.378543
0.075719
0.137222
-0.401317
-0.252667
-0.426397
-0.191229
-0.085495
-0.161707
-0.132392
-0.154818
-0.184890
-0.363888
0.118388
-0.315458
-0.229527
-0.105742
-0.118033
-0.310943
-0.131379
-0.299367
-0.264022
-0.239841
-0.070600
-0.158001
-0.288597
-0.236668
0.062890
-0.241685
0.037944
-0.157088
-0.271422
-0.158538
-0.053796
-0.214171
-0.072168
-0.138701
-0.222800
-0.100785
-0.236614
-0.228035
0.038231
-0.278231
-0.142372
-0.224782
0.008154
-0.000310
-0.364833
-0.253705
-0.285767
-0.298513
-0.095797
-0.180032
-0.236233
-0.133225
-0.279166
-0.306132
-0.037402
-0.149942
-0.413235
0.053598
-0.278521
-0.252338
-0.330875
-0.162774
-0.054571
-0.197034
-0.301641
-0.325336
-0.289699
-0.298905
-0.028081
-0.140225
-0.310070
-0.317682
-0.199844
0.015134
-0.022759
-0.235638
0.047749
0.012831
0.011409
-0.232916
-0.376507
-0.116009
-0.220859
-0.197336
-0.411034
0.018411
-0.006680
-0.388970
-0.210465
-0.335205
-0.128388
-0.310674
-0.251473
-0.340120
-0.299437
-0.161998
-0.301871
-0.359636
-0.279808
-0.194008
-0.493514
-0.014218
-0.136752
-0.366368
-0.324014
-0.273782
-0.470639
-0.300973
-0.444437
-0.260817
-0.369769
-0.466199
-0.320252
-0.375470
-0.372516
-0.290531
-0.419976
-0.108532
-0.110832
-0.187883
-0.435450
-0.309938
-0.480494
-0.273355
-0.300986
-0.096344
-0.360195
-0.078209
-0.409095
-0.323243
-0.309798
-0.274922
-0.218908
-0.380032
-0.291933
-0.372888
-0.463432
-0.349956
-0.300436
-0.390756
-0.459751
-0.387311
-0.391533
-0.229694
-0.279515
-0.117777
-0.163457
-0.291294
-0.277875
-0.128601
-0.294056
-0.070602
-0.309677
-0.396702
-0.144691
-0.404417
-0.306718
-0.368045
-0.421454
-0.356159
-0.339988
-0.218953
-0.299241
-0.038956
-0.088032
-0.418540
-0.427455
-0.251984
-0.176950
-0.010356
-0.260699
-0.094966
-0.247703
-0.465007
-0.368685
-0.311078
-0.310505
-0.028110
-0.205626
-0.376994
-0.110472
-0.336398
-0.166920
-0.158295
-0.129724
-0.363423
-0.381707
0.005240
-0.393250
-0.390534
0.059126
0.130855
-0.409237
-0.264505
-0.431467
-0.199393
-0.160301
-0.173519
-0.135760
-0.177851
-0.194049
-0.373769
0.115911
-0.322743
-0.231594
-0.110370
-0.264628
-0.311596
-0.151145
-0.312361
-0.269606
-0.250197
-0.082519
-0.173492
-0.295240
-0.246565
0.060480
-0.252154
0.027081
-0.166408
-0.277165
-0.174814
-0.063409
-0.221615
-0.086971
-0.144434
-0.234572
-0.117882
-0.242325
-0.233561
0.028638
-0.288491
-0.153884
-0.236459
0.003364
-0.015505
-0.370791
-0.269219
-0.297872
-0.308132
-0.095681
-0.194631
-0.249265
-0.184538
-0.290781
-0.318117
-0.044831
-0.157665
-0.420426
0.043947
-0.284499
-0.252659
-0.346794
-0.174667
-0.058981
-0.205640
-0.317146
-0.334736
-0.299445
-0.318039
-0.028137
-0.156439
-0.320837
-0.328584
-0.212059
0.010043
-0.025101
-0.236114
0.033576
0.000366
-0.003496
-0.240209
-0.389887
-0.127373
-0.225014
-0.210048
-0.425191
0.007589
-0.018494
-0.395317
-0.213755
-0.329110
-0.122836
-0.303337
-0.246094
-0.332693
-0.293480
-0.157756
-0.296041
-0.351416
-0.276383
-0.187190
-0.487183
-0.007639
-0.134567
-0.361510
-0.317543
-0.268044
-0.461509
-0.293605
-0.439039
-0.254287
-0.364835
-0.460312
-0.316030
-0.367709
-0.363177
-0.283018
-0.415495
-0.097648
-0.106505
-0.184724
-0.431682
-0.303763
-0.469301
-0.264731
-0.294975
-0.087563
-0.351861
-0.080783
-0.402811
-0.316886
-0.303313
-0.271828
-0.214693
-0.373933
-0.285363
-0.365476
-0.458240
-0.343067
-0.294175
-0.385729
-0.453346
-0.377741
-0.386438
-0.224461
-0.275075
-0.112868
-0.157579
-0.282840
-0.270125
-0.129209
-0.289726
-0.063030
-0.300014
-0.391386
-0.139642
-0.399118
-0.301805
-0.357437
-0.415987
-0.347354
-0.332727
-0.211055
-0.293302
-0.037091
-0.086195
-0.412842
-0.420224
-0.246103
-0.174073
-0.013982
-0.255270
-0.092168
-0.243007
-0.457474
-0.362244
-0.306768
-0.303348
-0.026359
-0.198662
-0.369599
-0.102861
-0.333147
-0.159200
-0.154613
-0.124061
-0.356459
-0.374923
0.009896
-0.384533
-0.381838
0.066849
0.135656
-0.402478
-0.257473
-0.420610
-0.194053
-0.130141
-0.169731
-0.128913
-0.170353
-0.187067
-0.367036
0.119415
-0.314699
-0.224312
-0.105505
-0.115542
-0.307873
-0.139715
-0.302859
-0.266664
-0.245936
-0.073683
-0.166881
-0.290045
-0.238651
0.059660
-0.246035
0.033606
-0.162448
-0.272123
-0.163536
-0.058673
-0.218054
-0.084745
-0.139855
-0.225374
-0.109466
-0.235806
-0.227846
0.038253
-0.285495
-0.148035
-0.228384
0.012033
-0.012994
-0.366148
-0.261092
-0.289616
-0.299268
-0.091602
-0.186108
-0.242747
-0.167945
-0.281293
-0.308397
-0.040968
-0.149925
-0.412501
0.049150
-0.277497
-0.247898
-0.337858
-0.168342
-0.051993
-0.198951
-0.311537
-0.328337
-0.290439
-0.306911
-0.023810
-0.151726
-0.313415
-0.320444
-0.206357
0.016845
-0.019532
-0.230776
0.038908
0.003585
0.003866
-0.230165
-0.381596
-0.120063
-0.221104
-0.203044
-0.415349
0.011369
-0.014253
-0.388819
-0.210351
-0.322685
-0.117571
-0.302450
-0.236543
-0.331535
-0.290298
-0.147731
-0.291609
-0.342571
-0.271318
-0.179429
-0.478169
-0.005649
-0.133075
-0.354394
-0.316214
-0.254135
-0.453360
-0.285050
-0.431680
-0.246847
-0.357518
-0.452322
-0.308332
-0.359036
-0.348454
-0.280909
-0.409482
-0.088026
-0.088828
-0.182369
-0.420878
-0.297027
-0.457451
-0.257653
-0.290510
-0.075039
-0.339712
-0.065920
-0.389724
-0.304679
-0.289600
-0.269592
-0.210713
-0.370697
-0.283361
-0.355223
-0.449469
-0.331244
-0.289274
-0.378149
-0.448551
-0.366936
-0.380123
-0.218542
-0.268706
-0.111499
-0.148113
-0.271295
-0.261670
-0.116300
-0.278315
-0.058888
-0.295117
-0.382377
-0.127521
-0.393624
-0.291653
-0.353296
-0.408926
-0.333070
-0.321935
-0.203771
-0.276278
-0.036048
-0.088696
-0.406982
-0.411673
-0.239111
-0.172329
-0.008439
-0.249578
-0.082977
-0.238631
-0.449845
-0.351012
-0.292486
-0.293117
-0.011749
-0.189279
-0.364086
-0.088668
-0.320439
-0.151389
-0.152848
-0.122722
-0.346972
-0.363987
0.025912
-0.368804
-0.361833
0.093598
0.142766
-0.397526
-0.249809
-0.412057
-0.188210
-0.120318
-0.166141
-0.119211
-0.148001
-0.171688
-0.361912
0.128505
-0.302495
-0.219570
-0.097695
0.334029
-0.313542
-0.123381
-0.291774
-0.263661
-0.235791
-0.060454
-0.142506
-0.281069
-0.226644
0.060407
-0.238401
0.040057
-0.146059
-0.263581
-0.143933
-0.047989
-0.204033
-0.072395
-0.134957
-0.216322
-0.089525
-0.225311
-0.218569
0.049628
-0.275406
-0.127482
-0.214077
0.011979
-0.005509
-0.355137
-0.240025
-0.272040
-0.282400
-0.091169
-0.176183
-0.232869
-0.148956
-0.262062
-0.288428
-0.036048
-0.135053
-0.404075
0.072521
-0.268185
-0.251543
-0.322558
-0.153830
-0.034147
-0.195513
-0.300191
-0.316909
-0.276521
-0.278249
-0.017646
-0.145409
-0.303031
-0.299967
-0.193141
0.029710
-0.014426
-0.227071
0.055515
0.022701
0.017257
-0.217822
-0.363441
-0.101449
-0.214154
-0.191562
-0.396126
0.030185
0.001579
-0.377960
-0.204805
-0.318887
-0.118313
-0.303537
-0.232391
-0.329712
-0.286141
-0.145346
-0.290873
-0.340940
-0.270755
-0.174637
-0.472326
-0.010039
-0.135460
-0.351974
-0.319381
-0.245027
-0.451675
-0.281032
-0.427373
-0.247877
-0.356939
-0.446736
-0.304777
-0.352062
-0.341900
-0.281708
-0.408960
-0.076748
-0.080594
-0.181731
-0.417116
-0.293183
-0.453475
-0.257792
-0.291839
-0.066319
-0.335838
-0.063497
-0.385307
-0.300148
-0.284184
-0.271560
-0.209295
-0.366744
-0.282350
-0.350450
-0.445341
-0.331246
-0.286151
-0.375637
-0.442425
-0.361091
-0.376253
-0.219264
-0.266014
-0.110468
-0.143732
-0.271227
-0.257296
-0.113202
-0.277010
-0.053556
-0.293323
-0.378766
-0.126906
-0.392585
-0.284464
-0.355030
-0.405633
-0.327148
-0.314999
-0.207141
-0.268322
-0.039749
-0.092585
-0.402163
-0.407851
-0.233626
-0.172700
-0.011967
-0.244615
-0.084380
-0.238060
-0.443085
-0.344586
-0.287442
-0.289106
-0.009562
-0.188951
-0.359632
-0.086276
-0.316932
-0.146987
-0.155339
-0.119229
-0.339780
-0.363511
0.025172
-0.362488
-0.356952
0.103714
0.134105
-0.390171
-0.247042
-0.403249
-0.191822
-0.150721
-0.165414
-0.114338
-0.143315
-0.164671
-0.361693
0.127571
-0.295295
-0.214255
-0.097646
-0.024219
-0.318037
-0.120956
-0.288467
-0.261615
-0.230197
-0.057746
-0.137562
-0.276007
-0.219891
0.057324
-0.234549
0.032837
-0.139692
-0.257905
-0.138742
-0.042528
-0.199160
-0.065903
-0.137072
-0.213258
-0.083990
-0.224987
-0.216594
0.052257
-0.274912
-0.120703
-0.213037
0.004140
-0.007244
-0.350825
-0.234259
-0.262702
-0.275873
-0.090217
-0.174583
-0.230125
-0.168225
-0.254718
-0.284819
-0.034876
-0.131416
-0.397881
0.079493
-0.256179
-0.257567
-0.312984
-0.152834
-0.027198
-0.197229
-0.296195
-0.313745
-0.265847
-0.265187
-0.017058
-0.152574
-0.298646
-0.292299
-0.189505
0.034408
-0.015154
-0.225278
0.056913
0.031033
0.013852
-0.213583
-0.358538
-0.097716
-0.208622
-0.187495
-0.386256
0.034499
0.001232
-0.374885
-0.206543
-0.321074
-0.122828
-0.302662
-0.233946
-0.330632
-0.289152
-0.152814
-0.289626
-0.344623
-0.272562
-0.179159
-0.475353
-0.009625
-0.137372
-0.353613
-0.321486
-0.242870
-0.456080
-0.283624
-0.426955
-0.249177
-0.356543
-0.451752
-0.303205
-0.351607
-0.345879
-0.283938
-0.410694
-0.071530
-0.087399
-0.182190
-0.422921
-0.290283
-0.458561
-0.260222
-0.296856
-0.073592
-0.336692
-0.066075
-0.388972
-0.303779
-0.290677
-0.276037
-0.208104
-0.369444
-0.282198
-0.355148
-0.451297
-0.334415
-0.285111
-0.382859
-0.445508
-0.365831
-0.377714
-0.222831
-0.268620
-0.109031
-0.149361
-0.281099
-0.261517
-0.116936
-0.281940
-0.050714
-0.297507
-0.381300
-0.126750
-0.398543
-0.283058
-0.354097
-0.408475
-0.331056
-0.311685
-0.205982
-0.279153
-0.041236
-0.088875
-0.405016
-0.408493
-0.234026
-0.177513
-0.013785
-0.242450
-0.085919
-0.238470
-0.446400
-0.345172
-0.293397
-0.289863
-0.009308
-0.191250
-0.362698
-0.089005
-0.322472
-0.143976
-0.161350
-0.122341
-0.336110
-0.367332
0.022051
-0.367735
-0.365565
0.106189
0.132529
-0.385431
-0.252578
-0.399018
-0.195498
-0.160574
-0.168804
-0.119542
-0.150011
-0.172011
-0.363422
0.132746
-0.295618
-0.214324
-0.104106
0.119087
-0.320280
-0.120532
-0.294823
-0.264845
-0.231550
-0.065131
-0.149501
-0.274984
-0.218798
0.058019
-0.238291
0.027880
-0.145289
-0.257712
-0.142610
-0.035636
-0.202126
-0.066147
-0.144185
-0.217073
-0.090382
-0.234909
-0.215797
0.055442
-0.273315
-0.122628
-0.219596
0.000219
-0.005275
-0.353558
-0.240391
-0.266968
-0.278329
-0.091090
-0.178315
-0.234818
-0.170336
-0.260832
-0.290583
-0.028869
-0.137130
-0.396777
0.082644
-0.249505
-0.255012
-0.323416
-0.164582
-0.028702
-0.200439
-0.298954
-0.317229
-0.266240
-0.269326
-0.017540
-0.152618
-0.297070
-0.299028
-0.196551
0.037729
-0.016498
-0.225218
0.046511
0.034044
0.009158
-0.214424
-0.366407
-0.108013
-0.205734
-0.194883
-0.391421
0.025714
-0.005775
-0.380078
-0.210662
-0.325175
-0.127643
-0.302875
-0.236290
-0.329805
-0.288504
-0.157576
-0.288882
-0.349537
-0.273516
-0.181717
-0.479337
-0.010398
-0.136360
-0.357484
-0.321275
-0.242536
-0.460158
-0.283849
-0.426391
-0.253934
-0.359175
-0.456325
-0.305741
-0.353246
-0.349048
-0.287731
-0.412236
-0.073600
-0.092997
-0.182912
-0.428720
-0.290895
-0.461015
-0.259975
-0.300955
-0.083583
-0.339442
-0.068635
-0.395160
-0.308203
-0.294291
-0.280476
-0.207540
-0.369403
-0.281644
-0.360350
-0.455199
-0.337213
-0.287540
-0.385561
-0.446204
-0.370801
-0.378031
-0.227168
-0.268811
-0.107062
-0.149533
-0.287983
-0.266300
-0.119426
-0.286606
-0.051354
-0.301228
-0.383004
-0.131212
-0.402638
-0.278289
-0.353825
-0.412258
-0.333447
-0.312283
-0.205628
-0.285510
-0.040435
-0.082380
-0.407546
-0.410752
-0.233400
-0.180570
-0.013701
-0.241313
-0.090836
-0.240632
-0.448764
-0.349797
-0.298276
-0.291075
-0.009136
-0.193288
-0.363901
-0.094045
-0.325780
-0.141125
-0.163900
-0.125082
-0.332153
-0.370477
0.018918
-0.374997
-0.374591
0.106248
0.132039
-0.385539
-0.253346
-0.400566
-0.198623
-0.147033
-0.164446
-0.122800
-0.151898
-0.177053
-0.364121
0.136793
-0.298831
-0.213843
-0.110982
-0.016997
-0.318980
-0.120523
-0.299559
-0.266978
-0.229677
-0.073501
-0.160210
-0.274923
-0.214538
0.059309
-0.239221
0.023106
-0.149696
-0.258493
-0.149028
-0.027355
-0.207056
-0.068606
-0.150705
-0.219129
-0.095856
-0.244905
-0.216237
0.053613
-0.271980
-0.129613
-0.225046
-0.000027
0.002746
-0.358409
-0.247398
-0.272603
-0.285783
-0.089043
-0.176118
-0.236558
-0.160199
-0.267932
-0.295484
-0.023316
-0.145412
-0.399230
0.076144
-0.244768
-0.253655
-0.328053
-0.172396
-0.032433
-0.202228
-0.298684
-0.318237
-0.266998
-0.273640
-0.020302
-0.150249
-0.293450
-0.307754
-0.201070
0.042082
-0.020477
-0.230436
0.038100
0.036766
0.007609
-0.219927
-0.371848
-0.119532
-0.206547
-0.196197
-0.398040
0.017854
-0.011034
-0.384370
-0.213859
-0.325033
-0.133621
-0.302753
-0.237502
-0.331988
-0.287668
-0.161753
-0.291930
-0.350488
-0.272689
-0.180955
-0.479238
-0.014243
-0.134678
-0.358378
-0.320320
-0.244678
-0.463613
-0.288356
-0.429653
-0.255012
-0.359237
-0.457295
-0.308670
-0.353481
-0.345565
-0.288527
-0.413368
-0.080922
-0.096410
-0.186968
-0.429517
-0.290306
-0.460899
-0.262509
-0.303825
-0.080104
-0.341889
-0.067799
-0.396160
-0.308602
-0.289981
-0.274980
-0.211044
-0.369802
-0.282219
-0.361498
-0.452730
-0.332988
-0.286345
-0.381349
-0.446886
-0.374117
-0.379673
-0.224384
-0.267841
-0.109825
-0.145051
-0.290346
-0.264780
-0.121381
-0.282654
-0.053846
-0.303909
-0.385578
-0.133216
-0.402716
-0.282564
-0.355095
-0.411892
-0.335969
-0.314351
-0.209824
-0.285773
-0.040784
-0.078667
-0.408356
-0.413569
-0.233971
-0.182407
-0.015161
-0.247787
-0.088957
-0.245034
-0.449791
-0.353898
-0.298631
-0.292921
-0.014335
-0.197157
-0.365601
-0.095808
-0.325707
-0.146555
-0.159435
-0.122551
-0.336263
-0.371270
0.015166
-0.371962
-0.375827
0.098904
0.121668
-0.391992
-0.251254
-0.402131
-0.201371
-0.150991
-0.161206
-0.123583
-0.150028
-0.177614
-0.361409
0.131127
-0.299429
-0.216997
-0.110762
-0.298672
-0.318090
-0.124997
-0.297915
-0.269516
-0.228706
-0.075582
-0.161769
-0.275279
-0.215790
0.056156
-0.241801
0.023176
-0.148942
-0.258482
-0.152858
-0.023314
-0.205687
-0.065883
-0.149087
-0.219606
-0.097975
-0.243436
-0.216012
0.045158
-0.272744
-0.130204
-0.222433
-0.000038
0.001528
-0.360059
-0.246009
-0.274917
-0.287948
-0.090821
-0.180546
-0.238980
-0.171528
-0.267233
-0.297615
-0.031001
-0.143745
-0.402852
0.072019
-0.255123
-0.256911
-0.327723
-0.171059
-0.033622
-0.199963
-0.297163
-0.320247
-0.270187
-0.275230
-0.019653
-0.153362
-0.296441
-0.308887
-0.201361
0.040716
-0.022443
-0.229665
0.039976
0.033892
0.005047
-0.220810
-0.369494
-0.123984
-0.207116
-0.192119
-0.396251
0.019171
-0.011669
-0.384445
-0.213027
-0.328382
-0.135588
-0.305302
-0.240304
-0.333607
-0.291215
-0.151243
-0.296695
-0.350149
-0.275212
-0.185018
-0.484560
-0.013535
-0.135638
-0.362155
-0.315410
-0.250687
-0.463492
-0.287614
-0.430956
-0.253212
-0.360205
-0.460171
-0.306197
-0.356992
-0.351822
-0.290622
-0.413442
-0.079075
-0.097353
-0.186106
-0.433138
-0.295817
-0.459484
-0.262325
-0.299859
-0.083709
-0.344490
-0.063808
-0.397604
-0.313443
-0.294334
-0.276654
-0.210334
-0.372155
-0.283478
-0.362008
-0.458557
-0.336963
-0.292690
-0.383368
-0.450581
-0.375159
-0.382524
-0.224478
-0.269159
-0.108845
-0.149987
-0.286786
-0.267227
-0.117418
-0.287446
-0.054107
-0.302069
-0.388145
-0.135320
-0.405488
-0.283376
-0.353668
-0.415926
-0.338886
-0.319877
-0.208973
-0.283331
-0.035257
-0.086279
-0.407966
-0.414660
-0.236656
-0.182687
-0.011593
-0.247828
-0.088055
-0.244308
-0.452186
-0.355535
-0.296809
-0.295173
-0.012237
-0.192852
-0.367564
-0.096272
-0.330546
-0.142782
-0.158405
-0.128116
-0.341398
-0.372730
0.016624
-0.379392
-0.380188
0.096729
0.131079
-0.390315
-0.256886
-0.407466
-0.196523
-0.082089
-0.162856
-0.128102
-0.148519
-0.181439
-0.364557
0.130525
-0.302243
-0.218824
-0.107655
-0.075247
-0.319468
-0.119256
-0.299853
-0.265634
-0.231910
-0.070131
-0.161350
-0.277809
-0.220921
0.064303
-0.240227
0.026139
-0.149737
-0.266334
-0.152323
-0.032094
-0.210266
-0.067444
-0.148356
-0.218894
-0.096490
-0.238520
-0.219814
0.054206
-0.273203
-0.130139
-0.223388
-0.000448
0.008533
-0.360351
-0.249964
-0.276790
-0.292629
-0.092469
-0.173758
-0.238364
-0.130766
-0.271902
-0.300067
-0.028323
-0.144790
-0.406029
0.073634
-0.254523
-0.255317
-0.328906
-0.170509
-0.037192
-0.199451
-0.300546
-0.321095
-0.275704
-0.281507
-0.020218
-0.144886
-0.297651
-0.315853
-0.203117
0.033749
-0.021893
-0.232057
0.040080
0.031715
0.012425
-0.225662
-0.373407
-0.121982
-0.209825
-0.197474
-0.401065
0.019874
-0.012490
-0.386082
-0.215993
-0.327734
-0.131236
-0.310961
-0.246432
-0.340322
-0.299361
-0.144437
-0.297762
-0.354673
-0.279201
-0.189693
-0.487016
-0.019676
-0.136990
-0.362519
-0.316976
-0.260823
-0.466696
-0.291999
-0.433206
-0.258617
-0.364598
-0.464707
-0.307740
-0.366938
-0.368539
-0.290805
-0.413536
-0.093303
-0.106124
-0.182871
-0.432489
-0.302995
-0.469935
-0.268490
-0.297692
-0.096761
-0.352578
-0.064379
-0.403225
-0.318454
-0.304202
-0.280869
-0.212197
-0.378044
-0.285668
-0.365437
-0.462414
-0.344788
-0.296644
-0.390629
-0.452489
-0.380218
-0.383003
-0.225921
-0.275021
-0.115824
-0.159038
-0.286061
-0.277943
-0.113643
-0.290663
-0.062227
-0.307087
-0.391261
-0.136913
-0.406441
-0.288552
-0.362489
-0.420508
-0.347855
-0.329593
-0.211668
-0.287229
-0.034610
-0.095381
-0.412217
-0.419675
-0.245474
-0.183932
-0.003934
-0.255283
-0.090818
-0.243246
-0.456501
-0.359057
-0.301334
-0.301407
-0.017554
-0.198914
-0.373340
-0.104857
-0.336955
-0.146641
-0.165311
-0.138381
-0.347331
-0.379552
0.010159
-0.388872
-0.384141
0.076964
0.136095
-0.390186
-0.266733
-0.424037
-0.191895
-0.099228
-0.168127
-0.137363
-0.165538
-0.192325
-0.369489
0.121918
-0.312620
-0.227472
-0.112299
-0.063056
-0.319203
-0.135216
-0.307741
-0.262841
-0.242865
-0.073188
-0.163011
-0.287131
-0.238832
0.071572
-0.243035
0.022770
-0.157767
-0.271457
-0.161943
-0.054177
-0.219034
-0.077714
-0.147465
-0.227551
-0.110218
-0.240800
-0.227113
0.042882
-0.279113
-0.140565
-0.233803
-0.007469
-0.001637
-0.363452
-0.260341
-0.282180
-0.298644
-0.095370
-0.184100
-0.242431
-0.151554
-0.287907
-0.312056
-0.030123
-0.155789
-0.409097
0.056229
-0.261713
-0.252447
-0.335356
-0.174665
-0.051242
-0.205354
-0.305351
-0.328962
-0.288823
-0.303880
-0.025045
-0.144392
-0.308600
-0.323308
-0.207621
0.007068
-0.024489
-0.236689
0.035372
0.017173
0.010791
-0.237074
-0.382005
-0.125837
-0.216711
-0.204567
-0.413220
0.015106
-0.010682
-0.391997
-0.213040
-0.329503
-0.131086
-0.308158
-0.253614
-0.341695
-0.302768
-0.139757
-0.297810
-0.359208
-0.281404
-0.186247
-0.490809
-0.025624
-0.135947
-0.364496
-0.322540
-0.263857
-0.471067
-0.294256
-0.436320
-0.262787
-0.371885
-0.468537
-0.311736
-0.372872
-0.377969
-0.290326
-0.415823
-0.102769
-0.112941
-0.185350
-0.433946
-0.304943
-0.473898
-0.271906
-0.296981
-0.104379
-0.358162
-0.066291
-0.410416
-0.319784
-0.307781
-0.277424
-0.211853
-0.380159
-0.290364
-0.364760
-0.459632
-0.346875
-0.300936
-0.392504
-0.451437
-0.382999
-0.380597
-0.228206
-0.277511
-0.121705
-0.158791
-0.287379
-0.283837
-0.106376
-0.292942
-0.069173
-0.308667
-0.393560
-0.138666
-0.409488
-0.290011
-0.369844
-0.419743
-0.350070
-0.336409
-0.218940
-0.282198
-0.038936
-0.099618
-0.413422
-0.422061
-0.248480
-0.185289
-0.000473
-0.257131
-0.097791
-0.245857
-0.459781
-0.362553
-0.303455
-0.303040
-0.029194
-0.201519
-0.378288
-0.107862
-0.333864
-0.149390
-0.166890
-0.141745
-0.352942
-0.380204
0.006188
-0.388597
-0.386766
0.067566
0.130881
-0.393128
-0.266475
-0.432584
-0.193381
-0.136449
-0.165785
-0.138862
-0.167352
-0.194477
-0.373849
0.118131
-0.323006
-0.232709
-0.112751
-0.200924
-0.327290
-0.150954
-0.307714
-0.264286
-0.244396
-0.075944
-0.164512
-0.295732
-0.248323
0.072075
-0.246187
0.021986
-0.162227
-0.275551
-0.164939
-0.064190
-0.223109
-0.079953
-0.146135
-0.227648
-0.118529
-0.243676
-0.234675
0.032806
-0.284851
-0.143452
-0.238025
-0.011683
-0.005936
-0.365749
-0.264561
-0.280324
-0.302381
-0.099234
-0.190124
-0.243053
-0.165076
-0.296535
-0.319934
-0.034277
-0.160176
-0.411996
0.040653
-0.269590
-0.253233
-0.330854
-0.173494
-0.062996
-0.204606
-0.308635
-0.334829
-0.293131
-0.314284
-0.031318
-0.150169
-0.312364
-0.328693
-0.204100
-0.005727
-0.028843
-0.241044
0.035700
0.010280
0.009856
-0.242272
-0.384053
-0.127887
-0.220871
-0.202513
-0.420364
0.009258
-0.011341
-0.394120
-0.209958
-0.330474
-0.130867
-0.310516
-0.255177
-0.344339
-0.304295
-0.136510
-0.296911
-0.359955
-0.284542
-0.184203
-0.492591
-0.030892
-0.143373
-0.364927
-0.328486
-0.260399
-0.472092
-0.295111
-0.435973
-0.267012
-0.373296
-0.469377
-0.303924
-0.376006
-0.382545
-0.295110
-0.419955
-0.094413
-0.117029
-0.186775
-0.436100
-0.307862
-0.476159
-0.275162
-0.300084
-0.112573
-0.356877
-0.061436
-0.412328
-0.323299
-0.314497
-0.286663
-0.210757
-0.381765
-0.292128
-0.365354
-0.465786
-0.349617
-0.301004
-0.399924
-0.453938
-0.383653
-0.383855
-0.232624
-0.281296
-0.121068
-0.161295
-0.290871
-0.290575
-0.104733
-0.299234
-0.068561
-0.309635
-0.395027
-0.136060
-0.413690
-0.286850
-0.374143
-0.423645
-0.353467
-0.334001
-0.218652
-0.281899
-0.038419
-0.105184
-0.415702
-0.420941
-0.247022
-0.190886
-0.002143
-0.254209
-0.102220
-0.246457
-0.463419
-0.363989
-0.303534
-0.301607
-0.031411
-0.208408
-0.380073
-0.107944
-0.337915
-0.145609
-0.176670
-0.148096
-0.350459
-0.386799
0.004341
-0.389367
-0.392627
0.071070
0.127176
-0.388181
-0.273684
-0.435366
-0.200755
-0.150030
-0.171980
-0.146303
-0.172010
-0.196827
-0.381120
0.123568
-0.324091
-0.233948
-0.115366
-0.280760
-0.333775
-0.156339
-0.314889
-0.268285
-0.246845
-0.077690
-0.166832
-0.297691
-0.246826
0.073877
-0.250311
0.009710
-0.161520
-0.273219
-0.168885
-0.062303
-0.226087
-0.079576
-0.147435
-0.230378
-0.124435
-0.249821
-0.238792
0.036209
-0.283158
-0.137617
-0.245484
-0.022084
-0.005466
-0.365454
-0.266052
-0.277172
-0.300341
-0.102760
-0.193817
-0.247981
-0.184258
-0.301627
-0.324163
-0.031058
-0.164063
-0.408109
0.040053
-0.256688
-0.259782
-0.333077
-0.180983
-0.061992
-0.206217
-0.311233
-0.337989
-0.288072
-0.313422
-0.033551
-0.154922
-0.315613
-0.332116
-0.206805
-0.010222
-0.030917
-0.243154
0.030722
0.011951
0.008359
-0.244771
-0.388249
-0.130455
-0.218926
-0.203433
-0.424637
0.005191
-0.014051
-0.398256
-0.213239
-0.328262
-0.128416
-0.311972
-0.249866
-0.343713
-0.302643
-0.134778
-0.295366
-0.357730
-0.285559
-0.183602
-0.489012
-0.029557
-0.146541
-0.362841
-0.329431
-0.254725
-0.467670
-0.291044
-0.432639
-0.266871
-0.370722
-0.465797
-0.300278
-0.371402
-0.376776
-0.293581
-0.420694
-0.082351
-0.109365
-0.186431
-0.435478
-0.308099
-0.472747
-0.272340
-0.297447
-0.107234
-0.351898
-0.056096
-0.407815
-0.321796
-0.312689
-0.290414
-0.209491
-0.379884
-0.290029
-0.361013
-0.466018
-0.351799
-0.296460
-0.398478
-0.451739
-0.380203
-0.384291
-0.233677
-0.281587
-0.118850
-0.163491
-0.290746
-0.285660
-0.109693
-0.297861
-0.063586
-0.307736
-0.392008
-0.134260
-0.410538
-0.280250
-0.369739
-0.424095
-0.350199
-0.329669
-0.217849
-0.278101
-0.039674
-0.109750
-0.414034
-0.416042
-0.242422
-0.190094
-0.006326
-0.252892
-0.100447
-0.243271
-0.457942
-0.360826
-0.300765
-0.299516
-0.029027
-0.207484
-0.375284
-0.104781
-0.337937
-0.140339
-0.178162
-0.146132
-0.346333
-0.386737
0.004303
-0.387613
-0.387429
0.075814
0.128898
-0.381364
-0.275413
-0.427266
-0.201856
-0.164706
-0.174382
-0.144915
-0.171796
-0.190938
-0.381422
0.122360
-0.316904
-0.229306
-0.114918
-0.367229
-0.332470
-0.149664
-0.313462
-0.266518
-0.243946
-0.073305
-0.162110
-0.295089
-0.240275
0.074306
-0.248834
0.006995
-0.156657
-0.269564
-0.163877
-0.058800
-0.224106
-0.080079
-0.147641
-0.228031
-0.122619
-0.247649
-0.235503
0.041600
-0.282151
-0.133135
-0.243306
-0.026577
-0.005013
-0.362906
-0.262519
-0.271986
-0.297860
-0.104502
-0.189628
-0.246225
-0.192650
-0.293105
-0.320557
-0.029312
-0.161750
-0.402372
0.051145
-0.247721
-0.265358
-0.331557
-0.178984
-0.051833
-0.208289
-0.310666
-0.334564
-0.279617
-0.303174
-0.026855
-0.158231
-0.310628
-0.325544
-0.204798
-0.007166
-0.024698
-0.240088
0.029587
0.012155
0.006039
-0.242421
-0.386877
-0.127429
-0.214932
-0.201876
-0.418727
0.005888
-0.011702
-0.396287
-0.217579
-0.322941
-0.122734
-0.310631
-0.240894
-0.340251
-0.296394
-0.130163
-0.291807
-0.349800
-0.279575
-0.179513
-0.481552
-0.024630
-0.137861
-0.356388
-0.316413
-0.248111
-0.461963
-0.285886
-0.427627
-0.256510
-0.363996
-0.459636
-0.296817
-0.362875
-0.362818
-0.291132
-0.413590
-0.078799
-0.097957
-0.182947
-0.426305
-0.302552
-0.459605
-0.262366
-0.295246
-0.093926
-0.344417
-0.054277
-0.396853
-0.314490
-0.300744
-0.285402
-0.207648
-0.372683
-0.285553
-0.354838
-0.459032
-0.341435
-0.293423
-0.388981
-0.445969
-0.368795
-0.379740
-0.224930
-0.272039
-0.118427
-0.154978
-0.282075
-0.275942
-0.109207
-0.290226
-0.057965
-0.301451
-0.386082
-0.130968
-0.404433
-0.277122
-0.358363
-0.415900
-0.338127
-0.325142
-0.206503
-0.273214
-0.034668
-0.105268
-0.407098
-0.410387
-0.236014
-0.187926
-0.000045
-0.250652
-0.089622
-0.242519
-0.452362
-0.354340
-0.292687
-0.291746
-0.015861
-0.196687
-0.369101
-0.095154
-0.332463
-0.132481
-0.171316
-0.139909
-0.340443
-0.377338
0.015488
-0.376007
-0.373903
0.089741
0.139981
-0.381475
-0.263581
-0.418276
-0.193518
-0.106617
-0.167659
-0.134867
-0.154440
-0.182099
-0.369822
0.125221
-0.306739
-0.224481
-0.107636
-0.159804
-0.327820
-0.131569
-0.304341
-0.262316
-0.237563
-0.064753
-0.146835
-0.287223
-0.231576
0.070736
-0.239986
0.016967
-0.149703
-0.262428
-0.150495
-0.049419
-0.213058
-0.072341
-0.144004
-0.218982
-0.105166
-0.237178
-0.227647
0.053106
-0.273929
-0.124001
-0.229044
-0.017001
0.000454
-0.356230
-0.248661
-0.268750
-0.289200
-0.098941
-0.175433
-0.237774
-0.145483
-0.277550
-0.307224
-0.023480
-0.152205
-0.399878
0.063678
-0.245969
-0.262233
-0.321974
-0.169512
-0.043008
-0.203635
-0.303165
-0.323561
-0.272195
-0.284206
-0.022527
-0.145857
-0.302127
-0.312795
-0.199250
0.007301
-0.017781
-0.235950
0.042834
0.024967
0.017086
-0.231134
-0.375977
-0.117325
-0.208876
-0.193171
-0.405472
0.021291
-0.004634
-0.389676
-0.211423
-0.318435
-0.125065
-0.310122
-0.234113
-0.334976
-0.284649
-0.133272
-0.291055
-0.345231
-0.272573
-0.173057
-0.477065
-0.019298
-0.132983
-0.352678
-0.313415
-0.241768
-0.454379
-0.284216
-0.426825
-0.251452
-0.361283
-0.452337
-0.299921
-0.355895
-0.345926
-0.291280
-0.409334
-0.079687
-0.081899
-0.182125
-0.421465
-0.298658
-0.450596
-0.255973
-0.293676
-0.072763
-0.339286
-0.050456
-0.389699
-0.301953
-0.283873
-0.275417
-0.209663
-0.368148
-0.284806
-0.348732
-0.447664
-0.329247
-0.288783
-0.376194
-0.441629
-0.362130
-0.376090
-0.220042
-0.265821
-0.117296
-0.142359
-0.274496
-0.264980
-0.102743
-0.284195
-0.056112
-0.297427
-0.381323
-0.126364
-0.396931
-0.280365
-0.353586
-0.408315
-0.328111
-0.319046
-0.204338
-0.265549
-0.036711
-0.101527
-0.402576
-0.408005
-0.232409
-0.181452
-0.003118
-0.247999
-0.080199
-0.245942
-0.445451
-0.348702
-0.284303
-0.287384
-0.004157
-0.190687
-0.363743
-0.084821
-0.318907
-0.133614
-0.158027
-0.125937
-0.339413
-0.367018
0.025140
-0.364044
-0.360681
0.104809
0.137694
-0.386571
-0.248296
-0.409773
-0.192195
-0.085782
-0.160616
-0.119572
-0.133080
-0.167797
-0.360072
0.124796
-0.297646
-0.221031
-0.100356
0.112419
-0.324410
-0.119315
-0.291570
-0.260115
-0.230985
-0.056089
-0.130857
-0.281386
-0.221690
0.060415
-0.234511
0.033197
-0.139178
-0.257451
-0.140465
-0.036746
-0.199720
-0.059424
-0.139115
-0.211395
-0.084627
-0.228548
-0.217173
0.053403
-0.272767
-0.115639
-0.215529
-0.008253
0.004222
-0.350560
-0.235297
-0.264004
-0.278857
-0.095475
-0.169015
-0.228329
-0.121548
-0.257901
-0.289995
-0.028779
-0.135550
-0.399348
0.078023
-0.252941
-0.262279
-0.313056
-0.156016
-0.030672
-0.198619
-0.294891
-0.315534
-0.266742
-0.264335
-0.018363
-0.147923
-0.295408
-0.295604
-0.186552
0.029008
-0.014633
-0.232033
0.057486
0.036411
0.018204
-0.219755
-0.361028
-0.102124
-0.206025
-0.182827
-0.389172
0.035329
0.005713
-0.380855
-0.210289
-0.321399
-0.135672
-0.307529
-0.241877
-0.333731
-0.284476
-0.143999
-0.297863
-0.350580
-0.272307
-0.171758
-0.480559
-0.021990
-0.126563
-0.355910
-0.312336
-0.250076
-0.457277
-0.291072
-0.432533
-0.256429
-0.364091
-0.453691
-0.308078
-0.360389
-0.350341
-0.290636
-0.411744
-0.098265
-0.094021
-0.184746
-0.422824
-0.297802
-0.458382
-0.260140
-0.298765
-0.076680
-0.347749
-0.053632
-0.396415
-0.305173
-0.287241
-0.267358
-0.211122
-0.372897
-0.288339
-0.352234
-0.445992
-0.328551
-0.291585
-0.374272
-0.444571
-0.370206
-0.376460
-0.220754
-0.265112
-0.120306
-0.139284
-0.280151
-0.271137
-0.097485
-0.286061
-0.064718
-0.301881
-0.386271
-0.128492
-0.396352
-0.283762
-0.357755
-0.408296
-0.338340
-0.326511
-0.210804
-0.270604
-0.038282
-0.093106
-0.407567
-0.415246
-0.235052
-0.177773
-0.004465
-0.252958
-0.087252
-0.251612
-0.448916
-0.354721
-0.288735
-0.294282
-0.015318
-0.192509
-0.369666
-0.094808
-0.318090
-0.143409
-0.154303
-0.127445
-0.343896
-0.368352
0.020543
-0.367271
-0.369981
0.088447
0.128928
-0.394363
-0.247292
-0.416427
-0.194895
-0.110379
-0.154232
-0.124514
-0.137142
-0.175033
-0.356827
0.119084
-0.307592
-0.226142
-0.107713
-0.082647
-0.320391
-0.128009
-0.291273
-0.267954
-0.230950
-0.064725
-0.143006
-0.285642
-0.227095
0.056992
-0.238584
0.037769
-0.146053
-0.262309
-0.150784
-0.036208
-0.204766
-0.059506
-0.140015
-0.216568
-0.094615
-0.235159
-0.219281
0.033799
-0.274182
-0.125930
-0.219654
-0.006762
0.005876
-0.357217
-0.241701
-0.274312
-0.291063
-0.097971
-0.178467
-0.231637
-0.139348
-0.265257
-0.296239
-0.037490
-0.138746
-0.404804
0.064758
-0.265401
-0.258033
-0.316359
-0.162514
-0.040922
-0.199391
-0.293495
-0.319281
-0.274660
-0.278843
-0.023147
-0.147682
-0.298834
-0.302803
-0.191696
0.028283
-0.023679
-0.236731
0.054188
0.028540
0.011503
-0.227432
-0.364516
-0.110010
-0.212507
-0.182940
-0.396971
0.025718
0.000203
-0.383298
-0.211071
-0.328902
-0.132323
-0.313803
-0.246108
-0.338485
-0.291969
-0.149505
-0.303309
-0.355070
-0.276410
-0.184738
-0.488452
-0.017554
-0.131606
-0.362996
-0.316931
-0.266513
-0.464551
-0.296690
-0.438283
-0.258256
-0.369868
-0.459921
-0.314151
-0.369236
-0.363028
-0.290916
-0.416345
-0.102975
-0.098166
-0.184971
-0.434707
-0.305730
-0.468115
-0.265038
-0.298242
-0.085224
-0.357231
-0.064155
-0.403868
-0.318174
-0.297281
-0.273886
-0.215677
-0.377059
-0.291996
-0.363429
-0.457210
-0.340538
-0.297171
-0.381238
-0.451562
-0.378407
-0.385170
-0.226729
-0.272979
-0.118238
-0.153209
-0.283286
-0.275313
-0.113204
-0.291031
-0.066496
-0.305400
-0.392033
-0.137729
-0.398343
-0.294155
-0.362813
-0.418317
-0.348973
-0.334795
-0.214770
-0.286408
-0.033721
-0.093238
-0.413845
-0.422359
-0.245153
-0.176387
-0.003461
-0.258679
-0.087257
-0.250718
-0.456886
-0.364287
-0.301797
-0.302798
-0.015753
-0.200011
-0.374246
-0.102125
-0.328999
-0.152252
-0.154141
-0.130011
-0.355685
-0.375721
0.016231
-0.383015
-0.379810
0.075455
0.136634
-0.400923
-0.253667
-0.427822
-0.194088
-0.105009
-0.164472
-0.131292
-0.154709
-0.183467
-0.366378
0.116928
-0.317446
-0.230066
-0.107365
-0.173580
-0.314177
-0.134517
-0.303388
-0.267000
-0.240873
-0.069968
-0.155332
-0.292032
-0.236831
0.062380
-0.242809
0.036718
-0.154614
-0.272495
-0.159041
-0.051145
-0.214566
-0.070117
-0.141642
-0.223785
-0.101102
-0.236318
-0.228452
0.036865
-0.281629
-0.140299
-0.227665
0.002604
-0.000912
-0.365316
-0.256185
-0.287552
-0.298106
-0.100336
-0.181376
-0.239080
-0.141904
-0.278323
-0.308335
-0.039240
-0.149328
-0.414960
0.057914
-0.277288
-0.256648
-0.331233
-0.166650
-0.048692
-0.201609
-0.306321
-0.327103
-0.286203
-0.295804
-0.024964
-0.146591
-0.311430
-0.316416
-0.202502
0.016983
-0.020806
-0.236622
0.046805
0.016340
0.007476
-0.235539
-0.379693
-0.115780
-0.220361
-0.196802
-0.412178
0.018706
-0.007907
-0.390152
-0.214410
-0.333883
-0.128749
-0.315822
-0.249976
-0.340752
-0.299075
-0.154643
-0.303068
-0.358119
-0.279312
-0.191838
-0.491390
-0.015671
-0.136594
-0.363789
-0.323405
-0.270598
-0.468236
-0.300439
-0.442686
-0.259826
-0.369921
-0.462585
-0.316892
-0.374176
-0.369466
-0.290274
-0.419730
-0.102446
-0.104983
-0.186832
-0.435077
-0.309861
-0.476412
-0.271131
-0.299929
-0.090724
-0.359065
-0.072420
-0.406107
-0.322499
-0.305815
-0.275074
-0.219841
-0.380003
-0.291706
-0.368284
-0.461979
-0.349731
-0.297766
-0.387076
-0.456762
-0.384009
-0.390685
-0.230546
-0.277391
-0.118058
-0.164112
-0.290277
-0.276262
-0.125230
-0.292781
-0.067788
-0.308442
-0.395019
-0.144154
-0.401727
-0.304355
-0.366210
-0.420278
-0.353766
-0.335855
-0.215932
-0.295015
-0.035959
-0.093107
-0.416919
-0.424930
-0.248890
-0.175984
-0.010503
-0.260475
-0.090254
-0.247214
-0.461854
-0.365987
-0.307721
-0.308527
-0.023291
-0.206140
-0.375868
-0.107445
-0.336171
-0.160774
-0.157577
-0.129078
-0.361839
-0.381602
0.008067
-0.390531
-0.386589
0.062682
0.133380
-0.403718
-0.262768
-0.429042
-0.199188
-0.148965
-0.174068
-0.132066
-0.172186
-0.188871
-0.372345
0.112983
-0.319919
-0.229491
-0.109522
-0.243460
-0.312436
-0.147491
-0.311864
-0.267174
-0.248942
-0.077705
-0.165856
-0.295038
-0.243682
0.062056
-0.247396
0.029795
-0.160675
-0.276683
-0.170702
-0.060622
-0.218502
-0.081436
-0.144049
-0.230622
-0.112344
-0.237273
-0.231571
0.032637
-0.288635
-0.147812
-0.233518
-0.001057
-0.012900
-0.368038
-0.267086
-0.295350
-0.304933
-0.100616
-0.190350
-0.246938
-0.176796
-0.284320
-0.316306
-0.043820
-0.153802
-0.418416
0.051816
-0.281069
-0.255690
-0.341950
-0.174017
-0.051576
-0.207068
-0.315908
-0.332344
-0.293070
-0.309072
-0.023636
-0.157801
-0.318860
-0.323799
-0.210924
0.011723
-0.020652
-0.233247
0.035359
0.005283
-0.003247
-0.238414
-0.389331
-0.122212
-0.222327
-0.206752
-0.418982
0.010715
-0.015533
-0.393258
-0.217066
-0.330450
-0.127259
-0.313836
-0.248139
-0.337652
-0.296933
-0.151746
-0.297139
-0.355044
-0.278553
-0.192152
-0.487300
-0.015632
-0.138051
-0.359648
-0.321206
-0.266985
-0.464690
-0.296410
-0.439163
-0.256909
-0.367606
-0.459142
-0.313976
-0.369023
-0.364996
-0.286203
-0.417579
-0.093827
-0.104325
-0.186634
-0.433178
-0.309487
-0.469369
-0.267042
-0.295970
-0.085949
-0.354691
-0.075612
-0.403961
-0.320777
-0.305457
-0.275725
-0.216690
-0.376205
-0.288590
-0.365141
-0.460036
-0.350336
-0.293802
-0.385012
-0.452412
-0.379512
-0.389039
-0.228800
-0.277841
-0.115232
-0.165992
-0.288364
-0.271266
-0.130625
-0.290475
-0.063674
-0.304778
-0.393968
-0.144228
-0.399624
-0.302893
-0.359624
-0.417963
-0.349571
-0.331493
-0.211618
-0.291295
-0.036642
-0.095251
-0.412646
-0.419719
-0.244610
-0.176472
-0.015887
-0.257261
-0.089747
-0.246260
-0.457799
-0.363611
-0.305698
-0.305445
-0.023909
-0.206083
-0.371473
-0.106793
-0.336289
-0.158104
-0.158499
-0.127597
-0.359674
-0.381710
0.005390
-0.387410
-0.384342
0.064573
0.129744
-0.399382
-0.262274
-0.422108
-0.199050
-0.150705
-0.173110
-0.127400
-0.174444
-0.182795
-0.372176
0.109990
-0.312663
-0.225596
-0.107581
-0.305600
-0.310585
-0.145630
-0.308744
-0.262081
-0.248203
-0.076038
-0.164110
-0.291984
-0.241399
0.061338
-0.246036
0.025748
-0.159536
-0.273527
-0.170158
-0.059656
-0.217987
-0.081728
-0.142090
-0.227588
-0.110716
-0.233595
-0.228817
0.037249
-0.288367
-0.146861
-0.229367
-0.000033
-0.011833
-0.365094
-0.265042
-0.293259
-0.301155
-0.097776
-0.189009
-0.244948
-0.181714
-0.282333
-0.314591
-0.043520
-0.150773
-0.414004
0.051983
-0.276140
-0.257064
-0.338717
-0.174171
-0.046697
-0.205098
-0.314767
-0.329375
-0.288838
-0.306051
-0.020976
-0.161067
-0.318021
-0.322281
-0.211151
0.011960
-0.016531
-0.229419
0.035079
0.004575
-0.003487
-0.233349
-0.388233
-0.120111
-0.219918
-0.207101
-0.413244
0.010518
-0.018256
-0.390544
-0.217516
-0.333827
-0.127075
-0.317396
-0.249630
-0.340704
-0.300919
-0.154057
-0.301531
-0.355656
-0.280923
-0.194318
-0.490418
-0.014636
-0.141219
-0.362680
-0.325800
-0.268696
-0.466419
-0.298290
-0.442288
-0.258725
-0.369671
-0.461869
-0.317162
-0.372464
-0.367250
-0.289307
-0.419762
-0.096801
-0.104202
-0.188179
-0.434289
-0.312104
-0.474337
-0.271705
-0.297066
-0.087812
-0.355287
-0.074904
-0.404127
-0.322922
-0.306633
-0.277966
-0.218986
-0.380348
-0.292531
-0.365811
-0.462125
-0.351115
-0.296930
-0.388215
-0.457235
-0.381728
-0.391055
-0.229664
-0.279572
-0.117467
-0.166359
-0.288731
-0.273948
-0.129953
-0.290137
-0.066265
-0.308404
-0.396238
-0.143363
-0.402147
-0.303503
-0.365996
-0.420690
-0.351767
-0.333885
-0.213982
-0.292403
-0.037594
-0.096129
-0.416086
-0.424007
-0.250043
-0.178263
-0.014244
-0.260816
-0.090842
-0.246222
-0.461423
-0.366806
-0.306600
-0.307935
-0.023743
-0.204973
-0.373437
-0.106517
-0.336320
-0.161685
-0.160541
-0.129062
-0.361546
-0.382630
0.008274
-0.389443
-0.382654
0.067039
0.131765
-0.403597
-0.263398
-0.426690
-0.199541
-0.166369
-0.175818
-0.130036
-0.173292
-0.186293
-0.374679
0.112328
-0.314632
-0.227877
-0.109233
-0.227112
-0.313163
-0.146342
-0.311145
-0.263757
-0.248868
-0.074245
-0.161508
-0.294518
-0.242853
0.061683
-0.248578
0.026528
-0.158982
-0.276108
-0.168938
-0.062226
-0.217583
-0.083399
-0.141726
-0.231247
-0.113044
-0.234507
-0.230902
0.035434
-0.289141
-0.145799
-0.230652
-0.001664
-0.014583
-0.365569
-0.263438
-0.293288
-0.301010
-0.099668
-0.190623
-0.246600
-0.189761
-0.283076
-0.313545
-0.043811
-0.151335
-0.416483
0.055874
-0.278922
-0.257990
-0.340862
-0.172307
-0.045272
-0.208382
-0.315693
-0.329912
-0.291100
-0.305741
-0.022109
-0.159974
-0.320199
-0.321142
-0.210862
0.010939
-0.017341
-0.230858
0.037938
0.006526
0.000080
-0.236196
-0.387529
-0.119015
-0.222367
-0.209142
-0.414833
0.013196
-0.015633
-0.392504
-0.217526
-0.330749
-0.123852
-0.312372
-0.247158
-0.337094
-0.297520
-0.153295
-0.302886
-0.353704
-0.278747
-0.188819
-0.486839
-0.014727
-0.137152
-0.362691
-0.322196
-0.269398
-0.463168
-0.296695
-0.440514
-0.257524
-0.368189
-0.461642
-0.319289
-0.372653
-0.366082
-0.287260
-0.416089
-0.104855
-0.104662
-0.186179
-0.430260
-0.307628
-0.475401
-0.269665
-0.295899
-0.089490
-0.355817
-0.072299
-0.403626
-0.319210
-0.300154
-0.272591
-0.217473
-0.378521
-0.292782
-0.363859
-0.457557
-0.348085
-0.298215
-0.382490
-0.454417
-0.376674
-0.387077
-0.227156
-0.276282
-0.118072
-0.158694
-0.284239
-0.275516
-0.124709
-0.288895
-0.068655
-0.304544
-0.392200
-0.141002
-0.398447
-0.299795
-0.368179
-0.417086
-0.350647
-0.338276
-0.216381
-0.288287
-0.038087
-0.090805
-0.413003
-0.422761
-0.249572
-0.171202
-0.007193
-0.259216
-0.091384
-0.244086
-0.456755
-0.363645
-0.303759
-0.306778
-0.024536
-0.199412
-0.372336
-0.105010
-0.334273
-0.162573
-0.155432
-0.127073
-0.362033
-0.376734
0.008440
-0.387052
-0.378707
0.063072
0.134959
-0.403056
-0.257762
-0.430226
-0.193735
-0.160567
-0.172344
-0.131449
-0.169563
-0.187224
-0.369126
0.111334
-0.318885
-0.228761
-0.107771
-0.154328
-0.309371
-0.148345
-0.306428
-0.265338
-0.246723
-0.073731
-0.161500
-0.292108
-0.244913
0.060807
-0.248140
0.033917
-0.157803
-0.275286
-0.165338
-0.065799
-0.216134
-0.083660
-0.139696
-0.229733
-0.112999
-0.232802
-0.228851
0.029887
-0.287722
-0.145188
-0.229948
0.004057
-0.016429
-0.365547
-0.261589
-0.290476
-0.301720
-0.094584
-0.191324
-0.242229
-0.183617
-0.282080
-0.311744
-0.046438
-0.148709
-0.413183
0.051143
-0.282097
-0.254954
-0.335362
-0.165443
-0.053386
-0.203937
-0.311642
-0.328229
-0.294496
-0.307443
-0.022434
-0.153325
-0.315948
-0.319770
-0.204913
0.010517
-0.022189
-0.232684
0.040352
0.003760
-0.000693
-0.236254
-0.381922
-0.120348
-0.222113
-0.204175
-0.415637
0.013701
-0.011096
-0.388967
-0.211894
-0.330546
-0.126603
-0.311674
-0.253437
-0.341365
-0.299282
-0.149514
-0.303784
-0.356117
-0.278193
-0.185437
-0.491048
-0.017758
-0.134122
-0.365414
-0.320822
-0.271290
-0.467725
-0.299530
-0.443240
-0.259903
-0.371691
-0.464364
-0.317950
-0.377955
-0.371843
-0.288620
-0.414934
-0.115338
-0.110507
-0.188073
-0.429439
-0.308088
-0.477588
-0.272540
-0.297121
-0.096558
-0.360215
-0.070106
-0.407779
-0.319847
-0.302966
-0.272295
-0.217896
-0.382427
-0.295167
-0.365204
-0.457365
-0.342655
-0.300326
-0.386354
-0.458024
-0.381753
-0.386671
-0.224332
-0.275504
-0.122476
-0.155300
-0.284106
-0.281610
-0.114314
-0.290530
-0.073153
-0.307670
-0.395042
-0.138295
-0.401913
-0.298237
-0.372361
-0.418599
-0.353660
-0.342892
-0.218097
-0.286610
-0.037572
-0.090633
-0.415283
-0.424367
-0.253637
-0.175096
0.000059
-0.262953
-0.090657
-0.247526
-0.461222
-0.366592
-0.303936
-0.308721
-0.027006
-0.201050
-0.376126
-0.107108
-0.330762
-0.163610
-0.157531
-0.134924
-0.364039
-0.375654
0.011761
-0.387827
-0.382115
0.061945
0.134184
-0.406214
-0.259925
-0.438298
-0.192999
-0.148280
-0.168978
-0.136718
-0.166069
-0.189741
-0.367250
0.114146
-0.326067
-0.234274
-0.110500
-0.216801
-0.315305
-0.153196
-0.307438
-0.267491
-0.246202
-0.073485
-0.163023
-0.296959
-0.249788
0.063519
-0.250275
0.036647
-0.158408
-0.276919
-0.165753
-0.067579
-0.217477
-0.081973
-0.136300
-0.230760
-0.116012
-0.235354
-0.233201
0.025603
-0.286542
-0.143955
-0.231332
0.004001
-0.012895
-0.367526
-0.261054
-0.290626
-0.305130
-0.097207
-0.192714
-0.244150
-0.177564
-0.285935
-0.313112
-0.045606
-0.151591
-0.417313
0.044291
-0.286837
-0.254063
-0.334054
-0.165094
-0.059623
-0.202749
-0.310306
-0.334002
-0.298850
-0.311747
-0.027816
-0.151797
-0.319061
-0.321168
-0.205602
0.005634
-0.027024
-0.236540
0.043557
0.002272
0.003331
-0.241434
-0.382003
-0.119153
-0.224259
-0.199625
-0.420023
0.012580
-0.008423
-0.390678
-0.209475
-0.327068
-0.125047
-0.308100
-0.252986
-0.340216
-0.296883
-0.147225
-0.299437
-0.352881
-0.276649
-0.179263
-0.487365
-0.019887
-0.131686
-0.360462
-0.320740
-0.267206
-0.463426
-0.295424
-0.438722
-0.258789
-0.372885
-0.460772
-0.317528
-0.373660
-0.371234
-0.287397
-0.413027
-0.114021
-0.108283
-0.186351
-0.426117
-0.307172
-0.474207
-0.273448
-0.293819
-0.093756
-0.358302
-0.067059
-0.406213
-0.314790
-0.300738
-0.271273
-0.215967
-0.379887
-0.291977
-0.360678
-0.453839
-0.340955
-0.299681
-0.383944
-0.451204
-0.378585
-0.382145
-0.224017
-0.275352
-0.123890
-0.153394
-0.281415
-0.281216
-0.109769
-0.291045
-0.073429
-0.306581
-0.391113
-0.137687
-0.399940
-0.293392
-0.371493
-0.415800
-0.350274
-0.340068
-0.219111
-0.280791
-0.040772
-0.093636
-0.412850
-0.423285
-0.250624
-0.176952
-0.000523
-0.260563
-0.091758
-0.247437
-0.456305
-0.362486
-0.301795
-0.303579
-0.028842
-0.200690
-0.373910
-0.106383
-0.325027
-0.162313
-0.157925
-0.134158
-0.359902
-0.372175
0.010686
-0.383103
-0.380093
0.061894
0.129451
-0.399967
-0.258454
-0.433488
-0.191398
-0.164169
-0.163187
-0.135753
-0.164521
-0.189042
-0.363851
0.111324
-0.324229
-0.233672
-0.110664
-0.273736
-0.317760
-0.155913
-0.303578
-0.266456
-0.243303
-0.072298
-0.158756
-0.295871
-0.248362
0.060656
-0.248688
0.032640
-0.156753
-0.274812
-0.162752
-0.067235
-0.217049
-0.079310
-0.136851
-0.227152
-0.117167
-0.236515
-0.231706
0.024144
-0.284861
-0.140101
-0.230473
-0.000836
-0.011062
-0.363477
-0.257635
-0.284812
-0.301497
-0.095684
-0.192705
-0.240327
-0.179897
-0.287501
-0.311804
-0.046369
-0.149732
-0.415717
0.041806
-0.280348
-0.252269
-0.327227
-0.162076
-0.060688
-0.202702
-0.307710
-0.330870
-0.294422
-0.309103
-0.031463
-0.152440
-0.313920
-0.319665
-0.198293
0.001567
-0.029955
-0.238674
0.043283
0.002600
0.002791
-0.240625
-0.378039
-0.118117
-0.223715
-0.196169
-0.417003
0.013475
-0.006175
-0.389595
-0.207757
-0.327758
-0.128062
-0.309957
-0.253581
-0.340627
-0.297179
-0.142727
-0.300809
-0.351580
-0.276543
-0.179317
-0.486815
-0.022681
-0.133793
-0.362272
-0.320208
-0.264670
-0.466005
-0.294183
-0.438603
-0.258659
-0.372149
-0.460774
-0.314770
-0.371512
-0.367298
-0.290419
-0.414006
-0.111533
-0.105489
-0.189141
-0.427301
-0.305857
-0.471580
-0.270785
-0.295538
-0.093447
-0.357358
-0.058176
-0.407691
-0.315489
-0.299171
-0.272102
-0.213836
-0.378414
-0.291837
-0.359786
-0.454709
-0.336299
-0.299440
-0.382696
-0.452571
-0.378088
-0.382794
-0.223043
-0.274772
-0.124253
-0.148328
-0.281327
-0.280685
-0.104504
-0.288907
-0.073826
-0.309604
-0.392552
-0.136078
-0.401413
-0.289164
-0.369997
-0.417946
-0.347417
-0.337351
-0.218116
-0.275258
-0.038159
-0.094725
-0.413789
-0.421742
-0.247786
-0.180224
0.002463
-0.259890
-0.092461
-0.249629
-0.459350
-0.362263
-0.298599
-0.302435
-0.027637
-0.199950
-0.375559
-0.105051
-0.326238
-0.158034
-0.161695
-0.137856
-0.359037
-0.374321
0.015844
-0.379649
-0.378179
0.071599
0.128514
-0.400889
-0.259042
-0.434567
-0.193299
-0.155455
-0.164458
-0.137267
-0.159772
-0.187760
-0.366650
0.115230
-0.320517
-0.234535
-0.111277
-0.318241
-0.324026
-0.150398
-0.302137
-0.266686
-0.240227
-0.069558
-0.153845
-0.292558
-0.246335
0.063955
-0.247737
0.032902
-0.153601
-0.271881
-0.160588
-0.062534
-0.214755
-0.076604
-0.137126
-0.227203
-0.115118
-0.236498
-0.233277
0.028637
-0.281298
-0.135453
-0.227596
-0.001853
-0.006785
-0.363987
-0.251062
-0.279574
-0.298976
-0.098710
-0.192445
-0.239929
-0.189935
-0.284248
-0.308914
-0.041137
-0.147497
-0.413632
0.045938
-0.276892
-0.258109
-0.325052
-0.159424
-0.056556
-0.202210
-0.303473
-0.330980
-0.291835
-0.303298
-0.032248
-0.151727
-0.312994
-0.317657
-0.196797
0.000947
-0.030269
-0.239964
0.049719
0.010281
0.009400
-0.241309
-0.374928
-0.114787
-0.222365
-0.193702
-0.414394
0.019314
-0.003194
-0.388230
-0.207034
-0.321874
-0.127630
-0.307138
-0.248445
-0.337361
-0.291835
-0.135205
-0.294999
-0.346011
-0.274640
-0.174518
-0.480687
-0.026152
-0.129854
-0.357869
-0.313301
-0.259056
-0.458564
-0.285862
-0.430635
-0.255044
-0.367617
-0.454265
-0.310238
-0.363465
-0.356666
-0.287237
-0.410429
-0.105248
-0.098488
-0.188199
-0.420924
-0.301948
-0.459169
-0.263107
-0.292976
-0.087134
-0.349092
-0.051777
-0.401639
-0.307890
-0.289360
-0.271289
-0.207396
-0.369792
-0.287841
-0.352559
-0.448010
-0.329113
-0.296614
-0.375315
-0.444807
-0.368900
-0.374631
-0.217385
-0.269708
-0.125672
-0.139868
-0.275642
-0.275214
-0.098207
-0.282979
-0.071289
-0.306767
-0.387353
-0.132603
-0.395388
-0.280094
-0.361437
-0.411865
-0.336964
-0.330957
-0.214974
-0.265621
-0.036579
-0.096654
-0.408813
-0.414810
-0.241984
-0.183321
0.005816
-0.256486
-0.091195
-0.251309
-0.453081
-0.356286
-0.287636
-0.295140
-0.022742
-0.195441
-0.368872
-0.100528
-0.319212
-0.151042
-0.160752
-0.135101
-0.352357
-0.373001
0.019678
-0.367470
-0.370337
0.082534
0.125337
-0.393742
-0.253371
-0.427762
-0.193327
-0.133474
-0.155722
-0.133616
-0.148594
-0.179484
-0.362320
0.114437
-0.308754
-0.231719
-0.108581
-0.297819
-0.327928
-0.140003
-0.294796
-0.259570
-0.234017
-0.063256
-0.142338
-0.286408
-0.238656
0.062779
-0.242224
0.030306
-0.146126
-0.264797
-0.152613
-0.053978
-0.210435
-0.070228
-0.135614
-0.221380
-0.108370
-0.233263
-0.227350
0.034112
-0.274012
-0.127648
-0.220604
-0.003347
0.000956
-0.358540
-0.239912
-0.269006
-0.292634
-0.096942
-0.183698
-0.231639
-0.170055
-0.276807
-0.301954
-0.038133
-0.142324
-0.406882
0.049667
-0.268297
-0.260366
-0.315022
-0.151338
-0.051697
-0.197771
-0.291509
-0.322708
-0.284305
-0.290385
-0.034290
-0.146802
-0.308625
-0.311309
-0.188108
0.003026
-0.028070
-0.239477
0.058282
0.019450
0.017817
-0.234099
-0.364100
-0.109096
-0.219805
-0.184993
-0.401812
0.028412
0.001416
-0.382251
-0.202911
-0.321483
-0.127047
-0.307363
-0.248444
-0.337409
-0.290799
-0.133322
-0.296093
-0.343458
-0.272675
-0.173115
-0.478262
-0.028338
-0.132674
-0.356780
-0.314971
-0.253367
-0.456870
-0.284334
-0.430869
-0.253911
-0.367390
-0.453273
-0.307635
-0.361286
-0.353545
-0.289139
-0.409747
-0.100997
-0.097310
-0.188376
-0.417771
-0.301393
-0.458857
-0.262432
-0.294294
-0.087553
-0.343205
-0.046935
-0.398360
-0.305201
-0.286314
-0.271608
-0.207878
-0.370120
-0.285665
-0.349426
-0.444883
-0.327608
-0.295889
-0.374852
-0.444633
-0.366608
-0.372749
-0.216938
-0.267453
-0.127619
-0.135840
-0.274782
-0.273599
-0.093941
-0.280329
-0.071085
-0.307660
-0.386460
-0.128947
-0.397596
-0.275827
-0.362392
-0.411276
-0.335359
-0.326453
-0.215652
-0.259944
-0.037881
-0.097223
-0.408176
-0.412949
-0.239400
-0.185836
0.004931
-0.256163
-0.088528
-0.252524
-0.452198
-0.352831
-0.284689
-0.293102
-0.022593
-0.195035
-0.367299
-0.098012
-0.317697
-0.148888
-0.161219
-0.135463
-0.349170
-0.371086
0.023111
-0.362348
-0.366193
0.089506
0.120314
-0.392930
-0.253202
-0.424617
-0.196042
-0.153947
-0.155970
-0.131321
-0.144539
-0.175795
-0.362396
0.115362
-0.305608
-0.229303
-0.108974
-0.334627
-0.334677
-0.140546
-0.292762
-0.261305
-0.231435
-0.059146
-0.136040
-0.283084
-0.236379
0.062054
-0.244841
0.028169
-0.143703
-0.260439
-0.151046
-0.051442
-0.206411
-0.065576
-0.135164
-0.219688
-0.105546
-0.233016
-0.228102
0.034072
-0.272121
-0.120895
-0.220741
-0.007454
0.001307
-0.357562
-0.232151
-0.263151
-0.287960
-0.097352
-0.184606
-0.230722
-0.181554
-0.275886
-0.296468
-0.035748
-0.138013
-0.402996
0.053815
-0.264143
-0.264268
-0.309434
-0.147781
-0.047434
-0.197607
-0.288692
-0.321668
-0.279353
-0.283241
-0.036977
-0.151277
-0.307654
-0.306610
-0.185097
0.004492
-0.029853
-0.238236
0.063925
0.024973
0.020393
-0.231495
-0.359199
-0.105466
-0.217378
-0.181788
-0.396758
0.033239
0.004006
-0.381643
-0.201319
-0.321571
-0.122124
-0.306704
-0.245905
-0.335813
-0.290901
-0.130825
-0.293428
-0.342574
-0.270462
-0.173659
-0.480295
-0.025707
-0.134697
-0.355591
-0.314152
-0.249415
-0.456913
-0.282317
-0.428377
-0.252426
-0.364867
-0.452279
-0.303726
-0.359869
-0.352243
-0.286565
-0.409380
-0.091320
-0.093614
-0.188488
-0.419124
-0.299991
-0.455820
-0.259586
-0.292812
-0.088022
-0.338064
-0.049990
-0.394923
-0.303069
-0.285435
-0.274577
-0.206521
-0.368734
-0.285068
-0.347593
-0.447284
-0.329886
-0.294195
-0.376594
-0.443255
-0.364238
-0.374533
-0.216346
-0.268464
-0.122481
-0.135457
-0.270968
-0.271757
-0.098607
-0.278876
-0.066391
-0.303692
-0.383101
-0.125345
-0.397541
-0.275835
-0.359515
-0.412634
-0.332874
-0.322094
-0.210796
-0.260469
-0.035989
-0.096023
-0.407384
-0.411530
-0.238312
-0.185688
0.004077
-0.253301
-0.085731
-0.250031
-0.452745
-0.351629
-0.282901
-0.289397
-0.016724
-0.192782
-0.365350
-0.094003
-0.318209
-0.144538
-0.162477
-0.134368
-0.344826
-0.369965
0.025470
-0.363229
-0.363393
0.099234
0.126855
-0.389132
-0.252777
-0.422255
-0.194461
-0.133018
-0.158188
-0.128984
-0.143384
-0.173224
-0.363794
0.122451
-0.302724
-0.224629
-0.105133
-0.191524
-0.335462
-0.134697
-0.293518
-0.261804
-0.230451
-0.055692
-0.135829
-0.281059
-0.231504
0.065227
-0.242022
0.027850
-0.141372
-0.258123
-0.146360
-0.049657
-0.204102
-0.063020
-0.136435
-0.215918
-0.098782
-0.231505
-0.225752
0.044132
-0.269051
-0.119077
-0.219614
-0.005357
0.001778
-0.356838
-0.232285
-0.259577
-0.282814
-0.093781
-0.179105
-0.230048
-0.156539
-0.275237
-0.291985
-0.029947
-0.137423
-0.400298
0.059721
-0.259087
-0.264326
-0.309650
-0.147010
-0.042957
-0.197572
-0.288919
-0.319585
-0.274802
-0.276104
-0.033318
-0.149359
-0.305244
-0.304227
-0.185403
0.009995
-0.026307
-0.235335
0.062824
0.028993
0.021837
-0.225844
-0.357794
-0.104276
-0.215463
-0.181390
-0.395869
0.035493
0.004315
-0.381123
-0.202783
-0.323265
-0.116231
-0.306673
-0.243857
-0.335726
-0.293862
-0.134077
-0.290319
-0.344024
-0.270618
-0.177429
-0.481590
-0.018012
-0.137699
-0.355843
-0.317519
-0.250085
-0.459368
-0.283181
-0.428759
-0.249986
-0.362919
-0.454959
-0.301939
-0.362045
-0.354190
-0.285759
-0.408386
-0.083650
-0.093845
-0.185817
-0.421891
-0.300420
-0.459113
-0.261954
-0.291159
-0.086016
-0.338194
-0.056745
-0.394676
-0.305568
-0.292264
-0.276791
-0.208758
-0.370796
-0.282736
-0.352236
-0.450475
-0.331701
-0.292885
-0.381545
-0.446009
-0.367980
-0.377763
-0.217170
-0.271116
-0.116305
-0.143719
-0.273041
-0.269678
-0.105873
-0.279450
-0.061293
-0.300606
-0.383831
-0.126018
-0.400934
-0.280410
-0.359452
-0.414571
-0.335225
-0.323058
-0.208645
-0.265819
-0.033778
-0.093898
-0.407070
-0.412476
-0.240719
-0.182788
0.001935
-0.250284
-0.084666
-0.243690
-0.454042
-0.352364
-0.287884
-0.291604
-0.012458
-0.193385
-0.365291
-0.090712
-0.321043
-0.145552
-0.162578
-0.131876
-0.343261
-0.368197
0.025093
-0.367716
-0.363719
0.106256
0.136247
-0.390966
-0.255778
-0.417321
-0.190746
-0.136355
-0.163322
-0.126585
-0.146334
-0.173164
-0.365436
0.130679
-0.302370
-0.222525
-0.102464
-0.057041
-0.331105
-0.130143
-0.297221
-0.263329
-0.233384
-0.054525
-0.139373
-0.281154
-0.230726
0.066883
-0.241446
0.031231
-0.141917
-0.260478
-0.144201
-0.050088
-0.206464
-0.066329
-0.133565
-0.215686
-0.094239
-0.229220
-0.227907
0.054483
-0.273838
-0.120023
-0.218513
-0.001274
-0.001684
-0.355240
-0.237064
-0.259920
-0.279744
-0.091074
-0.180346
-0.234323
-0.163827
-0.274487
-0.288940
-0.027154
-0.138686
-0.402105
0.067529
-0.258303
-0.260727
-0.314782
-0.151122
-0.037155
-0.196867
-0.296456
-0.320768
-0.276117
-0.275362
-0.028173
-0.150084
-0.305928
-0.301034
-0.191012
0.015737
-0.021060
-0.229633
0.058674
0.027119
0.021255
-0.221739
-0.361833
-0.102323
-0.215219
-0.186788
-0.397822
0.033308
0.004151
-0.383846
-0.203767
-0.322201
-0.118538
-0.305211
-0.244500
-0.334115
-0.292688
-0.134084
-0.290483
-0.346418
-0.271720
-0.180316
-0.482087
-0.017169
-0.138604
-0.355806
-0.318543
-0.255732
-0.458699
-0.282434
-0.427638
-0.250416
-0.363191
-0.454367
-0.302941
-0.363434
-0.355739
-0.285400
-0.406868
-0.086586
-0.095152
-0.184038
-0.423194
-0.299912
-0.463361
-0.262957
-0.286908
-0.090999
-0.339675
-0.059319
-0.397596
-0.308689
-0.294493
-0.275309
-0.207748
-0.370589
-0.281612
-0.354129
-0.449687
-0.332299
-0.294040
-0.380368
-0.446057
-0.369685
-0.376425
-0.218250
-0.272649
-0.115668
-0.145497
-0.273013
-0.270277
-0.107637
-0.279953
-0.061921
-0.300263
-0.384631
-0.128281
-0.399620
-0.278102
-0.362184
-0.415400
-0.339249
-0.325728
-0.210935
-0.269404
-0.033879
-0.096306
-0.405603
-0.411791
-0.242659
-0.181704
0.002264
-0.249691
-0.087290
-0.242449
-0.452872
-0.354946
-0.289041
-0.294301
-0.013352
-0.192242
-0.364446
-0.094534
-0.320245
-0.150367
-0.160704
-0.132603
-0.344979
-0.367039
0.021487
-0.371192
-0.366825
0.100168
0.135649
-0.390055
-0.256047
-0.418494
-0.187376
-0.136815
-0.163079
-0.126697
-0.150468
-0.174970
-0.365536
0.129591
-0.306601
-0.223971
-0.105141
0.024362
-0.326798
-0.131655
-0.297274
-0.260953
-0.234269
-0.057881
-0.143853
-0.282528
-0.233615
0.067479
-0.242852
0.032170
-0.145356
-0.263761
-0.146766
-0.054370
-0.209512
-0.068532
-0.133791
-0.216897
-0.098248
-0.229875
-0.227437
0.049768
-0.275263
-0.124084
-0.220824
-0.002316
-0.001993
-0.356042
-0.241330
-0.262293
-0.284495
-0.089652
-0.180148
-0.235530
-0.148815
-0.279637
-0.291871
-0.029200
-0.141681
-0.403021
0.063792
-0.261992
-0.257825
-0.318546
-0.154425
-0.042158
-0.195380
-0.297172
-0.321549
-0.280331
-0.280852
-0.027162
-0.145017
-0.305300
-0.306025
-0.193050
0.013075
-0.022367
-0.230957
0.054027
0.023005
0.017284
-0.225354
-0.363767
-0.103560
-0.217317
-0.191397
-0.403422
0.030236
0.004039
-0.384999
-0.204403
-0.328383
-0.123253
-0.305741
-0.253057
-0.339705
-0.298067
-0.138966
-0.297344
-0.353124
-0.273625
-0.183418
-0.489312
-0.020353
-0.133466
-0.362178
-0.319082
-0.265496
-0.465768
-0.291664
-0.437526
-0.255962
-0.369312
-0.462817
-0.312796
-0.372642
-0.370598
-0.288265
-0.409311
-0.108174
-0.107244
-0.186837
-0.426915
-0.306377
-0.474326
-0.268176
-0.292203
-0.099247
-0.352608
-0.061382
-0.405749
-0.315466
-0.301397
-0.272885
-0.211205
-0.377306
-0.287830
-0.362157
-0.454807
-0.337854
-0.301326
-0.384198
-0.452673
-0.378650
-0.380867
-0.219625
-0.275336
-0.119991
-0.148855
-0.276840
-0.280689
-0.102194
-0.285120
-0.072596
-0.307553
-0.392818
-0.132489
-0.403267
-0.286916
-0.370678
-0.419395
-0.349082
-0.337164
-0.217266
-0.275899
-0.034528
-0.090995
-0.412993
-0.421845
-0.250905
-0.181070
0.004712
-0.257640
-0.090549
-0.246837
-0.462032
-0.362469
-0.298667
-0.303414
-0.023293
-0.197063
-0.374258
-0.102723
-0.324091
-0.158273
-0.160327
-0.139147
-0.355345
-0.371033
0.017226
-0.380780
-0.375284
0.080210
0.134342
-0.400717
-0.260179
-0.434147
-0.188968
-0.144908
-0.162749
-0.135924
-0.159182
-0.186434
-0.368675
0.124484
-0.319976
-0.232388
-0.108593
-0.108221
-0.325546
-0.143764
-0.302396
-0.266062
-0.240267
-0.065979
-0.153615
-0.291840
-0.246252
0.070029
-0.247513
0.036876
-0.153728
-0.273263
-0.157347
-0.064298
-0.217167
-0.075084
-0.132152
-0.224219
-0.111304
-0.236003
-0.235386
0.035911
-0.281268
-0.135563
-0.227968
0.001612
-0.005506
-0.364477
-0.252244
-0.275062
-0.295569
-0.094713
-0.188109
-0.241075
-0.172115
-0.291386
-0.302720
-0.034865
-0.148911
-0.413930
0.048966
-0.277010
-0.254776
-0.326724
-0.158050
-0.059223
-0.199081
-0.304233
-0.331469
-0.294662
-0.302155
-0.035162
-0.147276
-0.314579
-0.316592
-0.198673
0.004215
-0.029354
-0.236602
0.052020
0.013891
0.015898
-0.237968
-0.373088
-0.111586
-0.224928
-0.196741
-0.417613
0.022402
-0.000222
-0.391194
-0.204990
-0.330881
-0.124976
-0.308760
-0.255434
-0.340131
-0.298550
-0.139582
-0.301114
-0.353954
-0.274120
-0.182212
-0.490653
-0.021821
-0.130521
-0.364084
-0.320151
-0.271465
-0.465617
-0.294979
-0.441333
-0.256371
-0.371706
-0.460903
-0.320108
-0.374955
-0.371346
-0.287162
-0.410026
-0.120995
-0.105758
-0.188453
-0.427142
-0.308531
-0.477677
-0.270220
-0.291330
-0.095637
-0.357332
-0.062300
-0.408925
-0.316793
-0.300705
-0.267863
-0.212539
-0.378956
-0.292612
-0.363374
-0.452971
-0.338464
-0.304006
-0.379650
-0.454990
-0.383332
-0.382637
-0.219683
-0.276086
-0.124610
-0.147443
-0.273189
-0.281803
-0.101358
-0.285130
-0.077956
-0.308022
-0.395039
-0.135342
-0.399481
-0.292868
-0.374885
-0.418022
-0.351825
-0.347281
-0.221690
-0.274859
-0.036138
-0.093038
-0.414618
-0.425260
-0.253663
-0.177187
0.005686
-0.263140
-0.091981
-0.247907
-0.461135
-0.364636
-0.299096
-0.308462
-0.024843
-0.199464
-0.376175
-0.105620
-0.321227
-0.165519
-0.156172
-0.138156
-0.363700
-0.370748
0.016597
-0.382229
-0.374805
0.067942
0.134153
-0.405182
-0.257742
-0.441252
-0.185268
-0.155593
-0.162013
-0.136300
-0.160307
-0.189153
-0.367978
0.114354
-0.325720
-0.236750
-0.107785
-0.254369
-0.323305
-0.147201
-0.300892
-0.264218
-0.243609
-0.066509
-0.152198
-0.295753
-0.253203
0.067018
-0.249017
0.043097
-0.155129
-0.278031
-0.162499
-0.072282
-0.218607
-0.077479
-0.129528
-0.227743
-0.112249
-0.232539
-0.236903
0.025264
-0.285977
-0.141464
-0.227317
0.003881
-0.007825
-0.365312
-0.253139
-0.280953
-0.301656
-0.095461
-0.190243
-0.239622
-0.178919
-0.290803
-0.306529
-0.043847
-0.149110
-0.419031
0.042626
-0.290016
-0.254194
-0.327107
-0.153820
-0.064552
-0.201364
-0.305808
-0.331516
-0.302402
-0.309935
-0.034608
-0.145707
-0.319371
-0.317026
-0.198598
0.000650
-0.030307
-0.238742
0.055994
0.007650
0.013087
-0.243313
-0.376294
-0.109355
-0.230784
-0.196731
-0.417933
0.021743
-0.000400
-0.390129
-0.204157
-0.329970
-0.122828
-0.311803
-0.254925
-0.339316
-0.297740
-0.140161
-0.303120
-0.350547
-0.275712
-0.178999
-0.486052
-0.020481
-0.129428
-0.365125
-0.320967
-0.271638
-0.463392
-0.293744
-0.443429
-0.256331
-0.371724
-0.457459
-0.318633
-0.375075
-0.367925
-0.285731
-0.411505
-0.122296
-0.103898
-0.189631
-0.421859
-0.309096
-0.476799
-0.271422
-0.289641
-0.093378
-0.360643
-0.059573
-0.405661
-0.316142
-0.295759
-0.264497
-0.214034
-0.381464
-0.294576
-0.359663
-0.449159
-0.336299
-0.303227
-0.377486
-0.454193
-0.380196
-0.382002
-0.217886
-0.275456
-0.126886
-0.147640
-0.271133
-0.278736
-0.101779
-0.282810
-0.080781
-0.307236
-0.393443
-0.134193
-0.397437
-0.294126
-0.375717
-0.416001
-0.350900
-0.346398
-0.220829
-0.270200
-0.036074
-0.093018
-0.414524
-0.424759
-0.253490
-0.174159
0.004888
-0.266960
-0.088875
-0.248872
-0.458379
-0.363586
-0.296747
-0.309035
-0.026696
-0.196734
-0.374624
-0.102960
-0.318874
-0.169148
-0.156158
-0.137607
-0.367288
-0.369079
0.018416
-0.379274
-0.370284
0.063153
0.136454
-0.410335
-0.257599
-0.443575
-0.187621
-0.179615
-0.164940
-0.135002
-0.159390
-0.186200
-0.363933
0.109394
-0.325675
-0.236832
-0.108350
-0.353176
-0.323691
-0.152139
-0.301044
-0.264071
-0.242712
-0.064609
-0.147253
-0.296472
-0.254257
0.063994
-0.251405
0.043437
-0.152334
-0.278035
-0.162419
-0.078193
-0.216652
-0.080820
-0.126100
-0.227349
-0.111472
-0.226181
-0.237183
0.020453
-0.286200
-0.139536
-0.224762
0.004426
-0.010797
-0.365272
-0.247746
-0.280240
-0.301687
-0.097017
-0.192285
-0.240226
-0.201734
-0.283310
-0.305602
-0.050229
-0.144348
-0.418954
0.044041
-0.294905
-0.258661
-0.325057
-0.150244
-0.062371
-0.202362
-0.306216
-0.330365
-0.302307
-0.309347
-0.034205
-0.153874
-0.321253
-0.310702
-0.198717
-0.001875
-0.031252
-0.236604
0.059973
0.002220
0.010828
-0.243766
-0.373193
-0.104865
-0.231808
-0.192213
-0.414458
0.022326
0.000803
-0.388064
-0.204439
-0.329622
-0.123093
-0.309993
-0.255001
-0.337032
-0.297504
-0.142977
-0.302722
-0.352816
-0.276039
-0.179386
-0.486936
-0.016969
-0.130256
-0.364240
-0.322584
-0.268547
-0.464022
-0.292098
-0.442819
-0.256209
-0.371748
-0.458735
-0.317355
-0.373538
-0.366705
-0.286023
-0.412498
-0.117553
-0.102409
-0.186976
-0.425290
-0.307182
-0.476144
-0.271183
-0.290887
-0.090725
-0.359992
-0.061361
-0.405851
-0.315479
-0.297098
-0.266667
-0.213125
-0.378818
-0.295157
-0.360884
-0.453108
-0.337385
-0.303379
-0.377799
-0.453051
-0.379068
-0.382590
-0.220951
-0.276268
-0.121742
-0.149592
-0.273043
-0.278672
-0.104022
-0.284483
-0.075578
-0.305313
-0.391749
-0.134251
-0.399356
-0.294708
-0.374509
-0.417009
-0.349064
-0.344709
-0.219640
-0.272049
-0.033772
-0.091757
-0.414466
-0.424603
-0.251490
-0.174260
0.004704
-0.263641
-0.089018
-0.247487
-0.457927
-0.363806
-0.299320
-0.305499
-0.023347
-0.196932
-0.375171
-0.100220
-0.318798
-0.164049
-0.155903
-0.135645
-0.364141
-0.369157
0.019108
-0.379709
-0.372166
0.069761
0.136496
-0.408385
-0.257312
-0.440092
-0.189791
-0.171144
-0.164335
-0.132433
-0.156747
-0.183874
-0.365567
0.115639
-0.324649
-0.234439
-0.106230
-0.224788
-0.323758
-0.148211
-0.300139
-0.264628
-0.241169
-0.065433
-0.150451
-0.295105
-0.250610
0.063696
-0.248193
0.042166
-0.152757
-0.277497
-0.161830
-0.072259
-0.216053
-0.078532
-0.129359
-0.225944
-0.106229
-0.227031
-0.235136
0.027594
-0.284051
-0.137028
-0.225204
0.006205
-0.007648
-0.364424
-0.249644
-0.279333
-0.299500
-0.094480
-0.190889
-0.238681
-0.184858
-0.282369
-0.304414
-0.046436
-0.145895
-0.419244
0.048519
-0.291687
-0.258642
-0.325656
-0.153632
-0.058816
-0.201477
-0.305935
-0.330722
-0.297935
-0.305930
-0.031793
-0.152301
-0.317120
-0.311241
-0.198891
0.004873
-0.028754
-0.236519
0.057799
0.008448
0.010128
-0.241403
-0.373256
-0.105930
-0.227974
-0.191882
-0.415777
0.022613
0.000037
-0.388288
-0.204286
-0.331447
-0.123382
-0.305279
-0.255226
-0.339165
-0.299963
-0.150370
-0.300505
-0.358388
-0.276868
-0.179958
-0.493344
-0.015172
-0.133033
-0.364187
-0.323191
-0.265125
-0.469596
-0.297718
-0.442213
-0.260084
-0.373530
-0.467415
-0.318394
-0.376701
-0.373733
-0.289814
-0.414407
-0.114734
-0.109170
-0.185027
-0.432902
-0.304299
-0.478992
-0.272010
-0.297395
-0.097071
-0.360130
-0.068193
-0.409656
-0.317705
-0.304060
-0.271206
-0.213878
-0.380197
-0.294464
-0.366265
-0.460654
-0.340226
-0.301385
-0.386673
-0.456983
-0.382638
-0.385414
-0.225036
-0.276686
-0.118940
-0.151567
-0.282356
-0.284628
-0.106231
-0.291235
-0.071304
-0.305862
-0.393175
-0.135366
-0.406652
-0.295809
-0.372202
-0.419938
-0.350809
-0.342191
-0.218453
-0.283907
-0.035352
-0.084654
-0.415819
-0.425848
-0.251055
-0.177706
0.002584
-0.258063
-0.090946
-0.247164
-0.463361
-0.365995
-0.306599
-0.305031
-0.025109
-0.202238
-0.378882
-0.102283
-0.327248
-0.159767
-0.160361
-0.134418
-0.359836
-0.373036
0.013061
-0.385975
-0.383011
0.069312
0.134396
-0.405897
-0.259550
-0.437804
-0.193821
-0.152421
-0.166046
-0.136482
-0.163187
-0.191869
-0.367454
0.124711
-0.327985
-0.235285
-0.106343
-0.133128
-0.322885
-0.152857
-0.305658
-0.271648
-0.243500
-0.074437
-0.166546
-0.294976
-0.247483
0.064154
-0.248668
0.036414
-0.159567
-0.275384
-0.164987
-0.063180
-0.217173
-0.079451
-0.135782
-0.228613
-0.112874
-0.239750
-0.235216
0.032641
-0.284088
-0.140425
-0.232073
0.005910
-0.006291
-0.368103
-0.258416
-0.283080
-0.302033
-0.092654
-0.193714
-0.242279
-0.184191
-0.291724
-0.310607
-0.039770
-0.153123
-0.420112
0.043408
-0.281685
-0.252085
-0.331484
-0.162948
-0.062489
-0.202559
-0.309170
-0.335107
-0.297234
-0.311978
-0.031203
-0.151963
-0.315648
-0.321221
-0.203045
0.010637
-0.029389
-0.238903
0.045275
0.010002
0.007511
-0.242284
-0.379728
-0.117540
-0.222329
-0.196233
-0.422358
0.015072
-0.006050
-0.393507
-0.205661
-0.330148
-0.124102
-0.298523
-0.251608
-0.337796
-0.298515
-0.153423
-0.298055
-0.358283
-0.277832
-0.177954
-0.491375
-0.012869
-0.134307
-0.361827
-0.325047
-0.257099
-0.469081
-0.296898
-0.436392
-0.261838
-0.371749
-0.466990
-0.313968
-0.372862
-0.373302
-0.288566
-0.415671
-0.102669
-0.112008
-0.183985
-0.434056
-0.299807
-0.477868
-0.272191
-0.298906
-0.100895
-0.354367
-0.071028
-0.406784
-0.316036
-0.304937
-0.273056
-0.212912
-0.376688
-0.290590
-0.366094
-0.461394
-0.344006
-0.296838
-0.389530
-0.456279
-0.380034
-0.382389
-0.228779
-0.276577
-0.114370
-0.150947
-0.287847
-0.283777
-0.110139
-0.293562
-0.063284
-0.302337
-0.389509
-0.134130
-0.408230
-0.291864
-0.369763
-0.418136
-0.348937
-0.333305
-0.216486
-0.287342
-0.037205
-0.083059
-0.413539
-0.420614
-0.245475
-0.179732
-0.000787
-0.249389
-0.093957
-0.243345
-0.459463
-0.363506
-0.309102
-0.300474
-0.024635
-0.201772
-0.376428
-0.102623
-0.330928
-0.154154
-0.162166
-0.133171
-0.350710
-0.374377
0.010554
-0.384829
-0.384159
0.071669
0.132738
-0.395604
-0.261644
-0.427293
-0.195620
-0.157225
-0.167700
-0.135525
-0.168466
-0.193433
-0.367439
0.129521
-0.324954
-0.229051
-0.106825
-0.089662
-0.322668
-0.151375
-0.304737
-0.275181
-0.242909
-0.077073
-0.174387
-0.290218
-0.241244
0.065317
-0.248084
0.029105
-0.161724
-0.271624
-0.163406
-0.057564
-0.217113
-0.076923
-0.144001
-0.228652
-0.116478
-0.245734
-0.231602
0.037063
-0.282021
-0.138152
-0.237311
0.003206
-0.007735
-0.366033
-0.260644
-0.279866
-0.300273
-0.094116
-0.192062
-0.242723
-0.185189
-0.291873
-0.312182
-0.032793
-0.155181
-0.412480
0.043839
-0.266501
-0.250222
-0.330436
-0.167606
-0.061308
-0.200744
-0.309315
-0.333991
-0.286884
-0.307670
-0.031382
-0.151806
-0.309356
-0.323256
-0.202568
0.018447
-0.029721
-0.236747
0.037474
0.011029
0.002928
-0.238509
-0.380971
-0.126457
-0.215811
-0.195404
-0.422803
0.007848
-0.013153
-0.393556
-0.205223
-0.325325
-0.119215
-0.302879
-0.240986
-0.336065
-0.294674
-0.146271
-0.292583
-0.353494
-0.275800
-0.178133
-0.483705
-0.009345
-0.140187
-0.357403
-0.324376
-0.248396
-0.462790
-0.291084
-0.430497
-0.254140
-0.363343
-0.459431
-0.304782
-0.364372
-0.358204
-0.285730
-0.413831
-0.081534
-0.097146
-0.182806
-0.426947
-0.298647
-0.466767
-0.264644
-0.293487
-0.087139
-0.341950
-0.065333
-0.395234
-0.308970
-0.297409
-0.279580
-0.211099
-0.374160
-0.287486
-0.358729
-0.456903
-0.339144
-0.290455
-0.387688
-0.451410
-0.369036
-0.382125
-0.225044
-0.274303
-0.110029
-0.150640
-0.281496
-0.272072
-0.112975
-0.285545
-0.056025
-0.299027
-0.385384
-0.128980
-0.403916
-0.287467
-0.359245
-0.414220
-0.338427
-0.323038
-0.207338
-0.280340
-0.033510
-0.090589
-0.410941
-0.413438
-0.240175
-0.181193
-0.004655
-0.248223
-0.084733
-0.241240
-0.453935
-0.352839
-0.300199
-0.294382
-0.012864
-0.197922
-0.367814
-0.091929
-0.325951
-0.146414
-0.161915
-0.130788
-0.342121
-0.371013
0.021265
-0.374332
-0.372495
0.095943
0.138264
-0.390918
-0.258660
-0.412251
-0.195276
-0.145079
-0.171034
-0.125735
-0.155872
-0.179001
-0.368342
0.132588
-0.307353
-0.220800
-0.103967
0.446021
-0.323373
-0.135770
-0.299642
-0.270250
-0.238416
-0.065084
-0.155860
-0.283300
-0.228925
0.064934
-0.243048
0.029347
-0.150290
-0.263094
-0.148079
-0.047360
-0.208171
-0.071477
-0.143376
-0.220888
-0.101957
-0.237888
-0.224759
0.054812
-0.275450
-0.126063
-0.226495
0.000990
-0.002945
-0.356980
-0.249361
-0.269593
-0.284125
-0.095439
-0.181515
-0.237637
-0.165668
-0.274721
-0.298961
-0.027977
-0.142152
-0.403027
0.070456
-0.255787
-0.256874
-0.323771
-0.163408
-0.038278
-0.200638
-0.308090
-0.324083
-0.272532
-0.281595
-0.021699
-0.151592
-0.304233
-0.307194
-0.198532
0.029001
-0.016920
-0.228970
0.047261
0.022922
0.010475
-0.225046
-0.374886
-0.112170
-0.210265
-0.191341
-0.406382
0.021773
-0.003534
-0.387076
-0.207248
-0.322919
-0.120705
-0.307302
-0.238194
-0.334886
-0.290928
-0.142399
-0.293080
-0.347460
-0.274763
-0.175712
-0.476205
-0.011591
-0.139771
-0.353382
-0.324377
-0.246365
-0.457613
-0.287776
-0.429247
-0.249891
-0.362078
-0.450101
-0.305218
-0.356467
-0.348841
-0.285628
-0.411983
-0.074189
-0.087943
-0.183205
-0.422028
-0.301431
-0.461350
-0.262838
-0.291592
-0.071770
-0.338508
-0.065006
-0.389673
-0.307592
-0.291018
-0.277147
-0.212014
-0.369956
-0.285381
-0.352810
-0.450320
-0.335883
-0.287816
-0.379789
-0.446077
-0.366334
-0.380119
-0.224122
-0.272186
-0.113484
-0.147492
-0.278809
-0.264227
-0.114953
-0.281750
-0.052100
-0.297172
-0.383738
-0.127826
-0.398539
-0.283435
-0.359380
-0.411310
-0.332884
-0.318958
-0.209481
-0.270005
-0.035917
-0.097311
-0.405186
-0.410262
-0.235243
-0.179618
-0.009922
-0.247745
-0.084673
-0.239570
-0.446792
-0.348990
-0.293291
-0.292544
-0.012603
-0.197985
-0.364537
-0.087462
-0.321705
-0.147765
-0.159346
-0.124911
-0.340683
-0.368743
0.020024
-0.367049
-0.362159
0.100618
0.129689
-0.388166
-0.254073
-0.405775
-0.195012
-0.179904
-0.168871
-0.119151
-0.152436
-0.168319
-0.364630
0.125792
-0.299051
-0.215892
-0.101667
-0.185424
-0.325053
-0.130560
-0.294843
-0.264660
-0.234359
-0.057812
-0.141040
-0.279986
-0.225758
0.059194
-0.240329
0.027580
-0.140775
-0.258584
-0.143507
-0.047595
-0.202144
-0.068109
-0.138614
-0.216870
-0.096413
-0.228370
-0.222981
0.052239
-0.277918
-0.119822
-0.219405
-0.002166
-0.006660
-0.352749
-0.239663
-0.263941
-0.278209
-0.095806
-0.178417
-0.234731
-0.190121
-0.265657
-0.291697
-0.033425
-0.134818
-0.399102
0.076484
-0.252297
-0.262948
-0.314001
-0.154708
-0.029606
-0.201935
-0.301852
-0.317705
-0.268008
-0.268842
-0.018861
-0.159741
-0.303223
-0.297936
-0.193989
0.031802
-0.016946
-0.225557
0.055091
0.027900
0.009111
-0.221441
-0.367261
-0.101963
-0.208979
-0.189048
-0.392745
0.031046
-0.002798
-0.382159
-0.208511
-0.322926
-0.124478
-0.308453
-0.238434
-0.335887
-0.289603
-0.138910
-0.292944
-0.348141
-0.274073
-0.175289
-0.480507
-0.014227
-0.138416
-0.354122
-0.322958
-0.245500
-0.457073
-0.287712
-0.430080
-0.251710
-0.361625
-0.452150
-0.304651
-0.357670
-0.348524
-0.285352
-0.413413
-0.075636
-0.088030
-0.183985
-0.423067
-0.299693
-0.460921
-0.262489
-0.295146
-0.069833
-0.340068
-0.061710
-0.389597
-0.305245
-0.290060
-0.275456
-0.212184
-0.371962
-0.285268
-0.353430
-0.449784
-0.335600
-0.288570
-0.379192
-0.446681
-0.367915
-0.381359
-0.223833
-0.269606
-0.115031
-0.146289
-0.278945
-0.265803
-0.109752
-0.282493
-0.053564
-0.298533
-0.384980
-0.127720
-0.398514
-0.283950
-0.359171
-0.412071
-0.332493
-0.317703
-0.209549
-0.268321
-0.035708
-0.097545
-0.405933
-0.410916
-0.234639
-0.179389
-0.008643
-0.248814
-0.083488
-0.240708
-0.449331
-0.349699
-0.291130
-0.292847
-0.010505
-0.197025
-0.366059
-0.087815
-0.320007
-0.145814
-0.160614
-0.125146
-0.341278
-0.370350
0.021704
-0.367496
-0.362013
0.101420
0.130777
-0.388426
-0.252042
-0.407944
-0.195745
-0.153361
-0.167409
-0.117515
-0.147182
-0.168263
-0.365145
0.125958
-0.299155
-0.217559
-0.102358
0.057406
-0.326471
-0.127266
-0.296446
-0.266360
-0.234139
-0.058412
-0.140797
-0.282032
-0.225913
0.061492
-0.239297
0.030223
-0.139715
-0.258941
-0.142935
-0.044032
-0.202278
-0.065065
-0.138253
-0.215457
-0.093830
-0.228782
-0.221196
0.051033
-0.277415
-0.119301
-0.219067
-0.004711
-0.004279
-0.354188
-0.239332
-0.264537
-0.279447
-0.096239
-0.177812
-0.233934
-0.168520
-0.266098
-0.292342
-0.031723
-0.134496
-0.400680
0.076598
-0.254669
-0.262375
-0.313899
-0.154669
-0.028412
-0.201253
-0.299627
-0.318768
-0.267798
-0.267424
-0.018867
-0.156699
-0.302347
-0.298075
-0.193690
0.032342
-0.016190
-0.226666
0.056633
0.031797
0.010143
-0.220654
-0.366178
-0.101964
-0.208052
-0.187836
-0.393180
0.033336
-0.002129
-0.382038
-0.210249
-0.326208
-0.136020
-0.304369
-0.241938
-0.334296
-0.292819
-0.149511
-0.297043
-0.355460
-0.275986
-0.175145
-0.485862
-0.017310
-0.133699
-0.359209
-0.324005
-0.243105
-0.464080
-0.292050
-0.428486
-0.258522
-0.365911
-0.460680
-0.305466
-0.358898
-0.353737
-0.290680
-0.414016
-0.084658
-0.098849
-0.186309
-0.430223
-0.295657
-0.466629
-0.264509
-0.300656
-0.086213
-0.344830
-0.064353
-0.396222
-0.308394
-0.293501
-0.276715
-0.208944
-0.374710
-0.284604
-0.360028
-0.455853
-0.337245
-0.289085
-0.381499
-0.448984
-0.374981
-0.379433
-0.229709
-0.269471
-0.114834
-0.142847
-0.288325
-0.275586
-0.103375
-0.288543
-0.056020
-0.302022
-0.388619
-0.128505
-0.403750
-0.278061
-0.361201
-0.413051
-0.336793
-0.317271
-0.212743
-0.278283
-0.036885
-0.086034
-0.408992
-0.412909
-0.235457
-0.184015
-0.005756
-0.248548
-0.088708
-0.245160
-0.453026
-0.355534
-0.300296
-0.294623
-0.013945
-0.200393
-0.373326
-0.096075
-0.323126
-0.143731
-0.163678
-0.131774
-0.335214
-0.371218
0.017196
-0.373107
-0.375038
0.096235
0.125409
-0.384537
-0.253402
-0.411448
-0.199028
-0.147152
-0.160731
-0.125972
-0.150169
-0.179251
-0.362272
0.132442
-0.307356
-0.219487
-0.110655
-0.086026
-0.325101
-0.131294
-0.299949
-0.275334
-0.229458
-0.070135
-0.160015
-0.281794
-0.223876
0.064819
-0.242400
0.028032
-0.148014
-0.260926
-0.148809
-0.033317
-0.206614
-0.060395
-0.148025
-0.217124
-0.102597
-0.243244
-0.222648
0.042947
-0.273419
-0.124908
-0.227247
-0.008067
0.003667
-0.358882
-0.247805
-0.268581
-0.287802
-0.096114
-0.181045
-0.239438
-0.158685
-0.277713
-0.300046
-0.026924
-0.145756
-0.404457
0.065592
-0.250482
-0.257111
-0.316690
-0.168497
-0.040306
-0.201727
-0.296446
-0.324617
-0.268855
-0.274661
-0.022750
-0.149435
-0.294193
-0.310026
-0.198319
0.036982
-0.022849
-0.232302
0.043560
0.035487
0.005140
-0.229665
-0.373563
-0.120577
-0.207187
-0.185918
-0.403767
0.019433
-0.010104
-0.386361
-0.211082
-0.327666
-0.132842
-0.300268
-0.244816
-0.334892
-0.295788
-0.150317
-0.298301
-0.360183
-0.276229
-0.177364
-0.489301
-0.015912
-0.134533
-0.362539
-0.321036
-0.243511
-0.466361
-0.292919
-0.427317
-0.261131
-0.367872
-0.467758
-0.305624
-0.364021
-0.361890
-0.293307
-0.412832
-0.084799
-0.105921
-0.184043
-0.434537
-0.296058
-0.470508
-0.266637
-0.301916
-0.097833
-0.349514
-0.067042
-0.402355
-0.311979
-0.300057
-0.279374
-0.207730
-0.374531
-0.282928
-0.364353
-0.460578
-0.339405
-0.292353
-0.387182
-0.453167
-0.377799
-0.378933
-0.231668
-0.268598
-0.112712
-0.146238
-0.289596
-0.280184
-0.103558
-0.292305
-0.053839
-0.302060
-0.387751
-0.129955
-0.410609
-0.277219
-0.362724
-0.417222
-0.340371
-0.319321
-0.208788
-0.285595
-0.033163
-0.080466
-0.409845
-0.414281
-0.237154
-0.185551
-0.005419
-0.245936
-0.089420
-0.244241
-0.457821
-0.359268
-0.306322
-0.295934
-0.016948
-0.201304
-0.374336
-0.100277
-0.329144
-0.139480
-0.165608
-0.135145
-0.337528
-0.371542
0.014619
-0.380287
-0.382777
0.092708
0.128555
-0.383937
-0.256973
-0.414108
-0.198154
-0.123590
-0.161541
-0.129309
-0.155608
-0.188320
-0.364041
0.140909
-0.314626
-0.220727
-0.111055
-0.150074
-0.324685
-0.131728
-0.304115
-0.276659
-0.232320
-0.074427
-0.171037
-0.285713
-0.224768
0.068634
-0.243243
0.025456
-0.153516
-0.264029
-0.149450
-0.032992
-0.213152
-0.063238
-0.149765
-0.219221
-0.107401
-0.247901
-0.228598
0.047745
-0.274327
-0.127184
-0.232843
-0.007575
0.003466
-0.363258
-0.255905
-0.273166
-0.291199
-0.095244
-0.179884
-0.241729
-0.148089
-0.287094
-0.302633
-0.020776
-0.152727
-0.406972
0.064078
-0.247936
-0.252334
-0.323852
-0.177065
-0.047779
-0.200368
-0.300997
-0.331427
-0.272587
-0.285227
-0.025014
-0.144489
-0.295238
-0.319008
-0.203923
0.033952
-0.024422
-0.233243
0.036070
0.032748
0.006234
-0.231892
-0.379032
-0.125625
-0.207361
-0.189963
-0.413849
0.012615
-0.012893
-0.390743
-0.210488
-0.331139
-0.135847
-0.298687
-0.254185
-0.337672
-0.300206
-0.155704
-0.299882
-0.368944
-0.281363
-0.182517
-0.495768
-0.016359
-0.137676
-0.367863
-0.329475
-0.254992
-0.474203
-0.297635
-0.434392
-0.265799
-0.375825
-0.475839
-0.312687
-0.373500
-0.380063
-0.293644
-0.418923
-0.092775
-0.121816
-0.184366
-0.441370
-0.298142
-0.482046
-0.276737
-0.302229
-0.111605
-0.358434
-0.077827
-0.414281
-0.320550
-0.315440
-0.279962
-0.211777
-0.380249
-0.289908
-0.372724
-0.469223
-0.351153
-0.298002
-0.398929
-0.459805
-0.387147
-0.382961
-0.238402
-0.276026
-0.110399
-0.159698
-0.295909
-0.288356
-0.110104
-0.300853
-0.059226
-0.306309
-0.393504
-0.137497
-0.417576
-0.288173
-0.371294
-0.424656
-0.351606
-0.329566
-0.215534
-0.296613
-0.037624
-0.084461
-0.414054
-0.422018
-0.244331
-0.188161
-0.012021
-0.247970
-0.100501
-0.245247
-0.464212
-0.366435
-0.318530
-0.304287
-0.034168
-0.208873
-0.381321
-0.110310
-0.335681
-0.151804
-0.170656
-0.139599
-0.348655
-0.379038
0.001559
-0.392007
-0.396904
0.068949
0.119613
-0.388342
-0.268765
-0.423404
-0.202698
-0.155114
-0.168280
-0.136728
-0.175027
-0.199461
-0.375290
0.137543
-0.327138
-0.226122
-0.114115
-0.204983
-0.322518
-0.148760
-0.313143
-0.276957
-0.241508
-0.086154
-0.187841
-0.294212
-0.238567
0.072175
-0.248373
0.012857
-0.169027
-0.274044
-0.165626
-0.047594
-0.226218
-0.078132
-0.151985
-0.229532
-0.122998
-0.258347
-0.237197
0.037352
-0.284403
-0.138811
-0.246301
-0.009049
-0.005882
-0.370041
-0.271224
-0.283020
-0.301297
-0.096406
-0.192343
-0.249059
-0.174094
-0.306686
-0.322007
-0.027201
-0.165069
-0.414031
0.044727
-0.256956
-0.249582
-0.338826
-0.189437
-0.063286
-0.203602
-0.313806
-0.340757
-0.286250
-0.318344
-0.030309
-0.153784
-0.307945
-0.336186
-0.210217
0.017582
-0.032925
-0.236618
0.021439
0.017668
-0.001516
-0.243046
-0.391990
-0.136867
-0.213920
-0.202959
-0.430243
-0.003702
-0.024187
-0.398037
-0.209895
-0.329806
-0.131347
-0.298452
-0.251532
-0.337121
-0.296730
-0.157791
-0.296811
-0.366228
-0.279042
-0.179634
-0.493109
-0.015141
-0.137454
-0.367297
-0.327947
-0.248898
-0.475477
-0.295843
-0.432722
-0.264445
-0.372904
-0.474525
-0.308293
-0.372808
-0.374763
-0.293476
-0.417548
-0.089394
-0.117900
-0.185623
-0.438030
-0.294742
-0.477589
-0.274152
-0.302606
-0.109660
-0.354092
-0.076766
-0.409898
-0.319928
-0.311443
-0.280048
-0.212689
-0.377094
-0.287020
-0.371181
-0.466798
-0.348754
-0.295671
-0.398326
-0.458525
-0.383585
-0.382197
-0.235771
-0.275518
-0.109659
-0.154146
-0.295409
-0.285090
-0.111090
-0.297062
-0.057772
-0.305584
-0.392547
-0.134267
-0.417429
-0.286182
-0.367573
-0.422570
-0.348401
-0.327522
-0.213464
-0.294205
-0.037851
-0.079473
-0.412980
-0.418797
-0.242751
-0.189388
-0.008884
-0.247586
-0.098418
-0.244499
-0.462903
-0.364491
-0.314868
-0.301483
-0.029924
-0.207272
-0.377782
-0.105652
-0.332933
-0.151411
-0.171888
-0.138549
-0.345469
-0.376969
0.007249
-0.387526
-0.391784
0.078718
0.122567
-0.390368
-0.265759
-0.421248
-0.201151
-0.156560
-0.168640
-0.136802
-0.169900
-0.195034
-0.373573
0.142105
-0.323045
-0.224092
-0.113906
-0.155298
-0.323465
-0.145485
-0.310869
-0.280164
-0.239487
-0.083679
-0.184728
-0.289522
-0.234169
0.070193
-0.250520
0.014483
-0.165949
-0.269325
-0.159524
-0.042655
-0.221199
-0.077211
-0.151806
-0.226931
-0.120093
-0.257041
-0.233584
0.041067
-0.278525
-0.136163
-0.241804
-0.006743
-0.005837
-0.368135
-0.265271
-0.277673
-0.296578
-0.094924
-0.189896
-0.248072
-0.171876
-0.301589
-0.316134
-0.022916
-0.162418
-0.412642
0.045990
-0.254141
-0.250471
-0.335542
-0.184441
-0.057949
-0.202455
-0.310652
-0.338955
-0.283404
-0.308371
-0.028700
-0.151684
-0.305322
-0.328761
-0.206660
0.020727
-0.030543
-0.235227
0.023551
0.021160
0.001301
-0.239117
-0.385453
-0.137188
-0.211169
-0.198826
-0.426794
-0.000429
-0.019734
-0.396095
-0.207669
-0.320495
-0.129174
-0.294021
-0.243238
-0.331020
-0.287372
-0.144592
-0.287974
-0.350885
-0.271488
-0.173590
-0.480090
-0.016697
-0.129910
-0.357419
-0.312270
-0.242397
-0.461047
-0.283927
-0.423482
-0.254707
-0.360478
-0.460745
-0.299900
-0.358903
-0.354078
-0.289086
-0.408055
-0.082186
-0.100760
-0.181363
-0.427130
-0.287855
-0.453182
-0.257766
-0.295804
-0.094366
-0.339643
-0.064384
-0.396551
-0.307603
-0.292836
-0.274927
-0.202190
-0.365111
-0.280225
-0.356542
-0.454265
-0.332995
-0.289136
-0.383287
-0.445866
-0.368471
-0.370377
-0.223892
-0.264768
-0.113676
-0.138879
-0.282280
-0.272661
-0.100965
-0.285823
-0.054098
-0.297098
-0.383831
-0.127572
-0.403881
-0.273820
-0.348507
-0.410708
-0.331113
-0.316854
-0.205748
-0.276445
-0.036163
-0.080522
-0.404072
-0.406692
-0.233165
-0.190545
-0.003480
-0.245696
-0.091886
-0.245246
-0.449670
-0.353313
-0.294370
-0.288197
-0.018728
-0.194984
-0.366008
-0.095619
-0.321257
-0.138326
-0.165843
-0.130846
-0.337638
-0.369278
0.018283
-0.366903
-0.373005
0.095901
0.124314
-0.382341
-0.252696
-0.410635
-0.195414
-0.078946
-0.155314
-0.128738
-0.147402
-0.180906
-0.360055
0.136773
-0.305306
-0.220615
-0.105017
-0.011213
-0.323237
-0.127517
-0.296390
-0.270083
-0.226994
-0.069894
-0.159545
-0.277274
-0.222447
0.065322
-0.238710
0.019218
-0.153365
-0.258976
-0.144855
-0.031776
-0.209314
-0.066951
-0.146619
-0.214469
-0.102754
-0.245056
-0.221879
0.048531
-0.266207
-0.123483
-0.224315
-0.002299
0.007299
-0.358633
-0.241546
-0.261659
-0.286181
-0.090966
-0.175125
-0.234764
-0.133107
-0.279218
-0.300137
-0.018042
-0.146541
-0.400840
0.058312
-0.246772
-0.252434
-0.317416
-0.168550
-0.045835
-0.195597
-0.290041
-0.321227
-0.271657
-0.284047
-0.026258
-0.141557
-0.293483
-0.314199
-0.194285
0.025267
-0.022934
-0.233899
0.039561
0.031730
0.018499
-0.225274
-0.365909
-0.122294
-0.206887
-0.185711
-0.403063
0.016363
-0.009896
-0.382961
-0.200865
-0.321959
-0.135379
-0.301403
-0.245386
-0.335500
-0.286836
-0.140192
-0.293978
-0.348884
-0.272347
-0.168596
-0.479024
-0.028283
-0.129884
-0.357249
-0.314974
-0.245080
-0.459087
-0.286416
-0.429574
-0.255009
-0.364619
-0.455597
-0.306243
-0.357482
-0.350860
-0.290845
-0.411129
-0.092113
-0.099974
-0.188735
-0.424449
-0.294187
-0.455338
-0.260870
-0.300174
-0.085862
-0.340390
-0.053536
-0.396377
-0.304064
-0.284903
-0.273487
-0.206958
-0.368919
-0.285979
-0.352717
-0.448357
-0.327480
-0.291891
-0.377075
-0.443788
-0.368046
-0.372279
-0.221444
-0.263279
-0.124192
-0.132520
-0.280417
-0.273305
-0.093856
-0.283868
-0.061847
-0.306533
-0.386887
-0.127430
-0.402840
-0.272611
-0.356865
-0.410294
-0.332982
-0.319850
-0.213503
-0.264564
-0.040736
-0.088323
-0.408163
-0.411598
-0.232361
-0.191901
-0.003786
-0.253493
-0.090508
-0.254226
-0.448365
-0.352098
-0.289301
-0.290089
-0.022748
-0.195914
-0.368884
-0.096254
-0.318465
-0.140435
-0.163772
-0.132707
-0.342075
-0.371260
0.019860
-0.359249
-0.369263
0.094760
0.115124
-0.387997
-0.249493
-0.414736
-0.201688
-0.128154
-0.148986
-0.129714
-0.138417
-0.176554
-0.359412
0.123050
-0.302426
-0.226265
-0.110109
-0.255916
-0.333994
-0.131927
-0.293088
-0.267593
-0.225428
-0.065396
-0.145047
-0.278777
-0.225234
0.060004
-0.240051
0.022201
-0.146884
-0.256494
-0.147249
-0.031277
-0.205952
-0.060787
-0.142804
-0.217074
-0.104205
-0.244038
-0.221748
0.037370
-0.269861
-0.117839
-0.222112
-0.008856
0.008214
-0.357953
-0.232512
-0.261678
-0.287497
-0.095947
-0.180557
-0.230735
-0.167846
-0.274374
-0.299757
-0.028691
-0.140902
-0.401823
0.059179
-0.254271
-0.263462
-0.309903
-0.159175
-0.044520
-0.198503
-0.285291
-0.319979
-0.271215
-0.276977
-0.031460
-0.151487
-0.297600
-0.307822
-0.189694
0.018829
-0.030433
-0.238427
0.056496
0.035739
0.020471
-0.229214
-0.362266
-0.115657
-0.209654
-0.178322
-0.394259
0.026062
-0.003537
-0.383174
-0.201839
-0.316295
-0.134966
-0.300162
-0.241508
-0.331214
-0.279780
-0.136666
-0.291588
-0.343129
-0.269039
-0.164221
-0.471377
-0.031141
-0.127782
-0.350819
-0.314305
-0.240051
-0.452228
-0.280977
-0.426061
-0.252506
-0.361286
-0.447264
-0.304018
-0.352491
-0.343339
-0.287689
-0.407907
-0.094385
-0.095020
-0.188861
-0.416299
-0.290835
-0.449690
-0.258353
-0.295913
-0.077681
-0.335319
-0.045594
-0.391184
-0.296500
-0.279855
-0.269571
-0.205049
-0.363510
-0.285182
-0.343562
-0.438327
-0.320755
-0.289764
-0.369192
-0.437069
-0.360059
-0.367975
-0.217099
-0.260567
-0.124358
-0.127545
-0.274555
-0.269830
-0.087380
-0.279407
-0.062590
-0.305603
-0.381053
-0.123811
-0.396030
-0.269248
-0.354836
-0.403147
-0.329666
-0.315391
-0.213697
-0.255637
-0.043979
-0.092712
-0.403053
-0.407014
-0.228146
-0.186279
-0.001459
-0.250344
-0.089128
-0.254822
-0.441108
-0.346220
-0.282502
-0.285469
-0.024163
-0.194304
-0.363720
-0.092534
-0.310378
-0.139872
-0.159077
-0.129532
-0.336051
-0.365302
0.022742
-0.350871
-0.363320
0.095263
0.109614
-0.383945
-0.244725
-0.408356
-0.201209
-0.155275
-0.146049
-0.125219
-0.133807
-0.169750
-0.354709
0.117023
-0.297580
-0.222524
-0.108269
-0.284514
-0.332394
-0.132781
-0.285658
-0.264580
-0.221641
-0.062974
-0.136052
-0.276164
-0.223825
0.056449
-0.238129
0.026887
-0.140859
-0.252607
-0.145283
-0.031676
-0.199957
-0.054499
-0.139646
-0.213721
-0.101026
-0.238472
-0.216165
0.034476
-0.265715
-0.114189
-0.216798
-0.011435
0.008226
-0.351340
-0.226057
-0.257699
-0.281184
-0.095390
-0.180058
-0.225472
-0.182708
-0.265421
-0.292939
-0.033095
-0.134554
-0.394124
0.060942
-0.253550
-0.262856
-0.302954
-0.153173
-0.042128
-0.195309
-0.278573
-0.315052
-0.265768
-0.267984
-0.030093
-0.153127
-0.293697
-0.300534
-0.181851
0.019630
-0.031270
-0.237365
0.060961
0.036799
0.017693
-0.228118
-0.353341
-0.111295
-0.207204
-0.172772
-0.385208
0.030996
0.002073
-0.377455
-0.202106
-0.320492
-0.132863
-0.302588
-0.242070
-0.332911
-0.284055
-0.138116
-0.292074
-0.344936
-0.270760
-0.167986
-0.479724
-0.025748
-0.132106
-0.354035
-0.312074
-0.242606
-0.459653
-0.283853
-0.427359
-0.254538
-0.360888
-0.453982
-0.301283
-0.355387
-0.350426
-0.291292
-0.409759
-0.089204
-0.095111
-0.188350
-0.425430
-0.293417
-0.452452
-0.256946
-0.300297
-0.082534
-0.338936
-0.050803
-0.396354
-0.301730
-0.287470
-0.275509
-0.204749
-0.367115
-0.286197
-0.350670
-0.449518
-0.326404
-0.291648
-0.378074
-0.443375
-0.365911
-0.374679
-0.219366
-0.263968
-0.118489
-0.132975
-0.278248
-0.272937
-0.093223
-0.284020
-0.059883
-0.302132
-0.385392
-0.125123
-0.400951
-0.273335
-0.352927
-0.409673
-0.332651
-0.318614
-0.210751
-0.263891
-0.039734
-0.090012
-0.406317
-0.411315
-0.231670
-0.186137
0.000270
-0.248934
-0.090620
-0.252501
-0.449661
-0.352260
-0.288409
-0.287472
-0.017885
-0.193563
-0.368780
-0.092239
-0.318749
-0.133807
-0.162782
-0.131013
-0.335120
-0.369067
0.021372
-0.361939
-0.370497
0.102041
0.122521
-0.384730
-0.248857
-0.412266
-0.197548
-0.088155
-0.150089
-0.128779
-0.135617
-0.174562
-0.361152
0.127628
-0.303054
-0.223667
-0.106241
-0.163889
-0.329378
-0.126076
-0.290190
-0.267386
-0.225659
-0.063514
-0.146312
-0.278617
-0.222848
0.061647
-0.236366
0.025723
-0.145282
-0.255877
-0.145381
-0.029793
-0.204831
-0.056194
-0.142634
-0.213484
-0.094495
-0.240253
-0.220364
0.047235
-0.266838
-0.117340
-0.219602
-0.007149
0.011711
-0.353171
-0.235103
-0.260133
-0.284992
-0.092871
-0.176422
-0.229500
-0.146209
-0.270110
-0.293934
-0.024250
-0.139471
-0.399372
0.065223
-0.250544
-0.259442
-0.311037
-0.160858
-0.041305
-0.196965
-0.284774
-0.320002
-0.266764
-0.271472
-0.027925
-0.142562
-0.295025
-0.304911
-0.189644
0.022810
-0.026848
-0.237292
0.053353
0.037679
0.021553
-0.225497
-0.360522
-0.114466
-0.208136
-0.176793
-0.393580
0.027453
-0.001615
-0.382303
-0.206753
-0.324235
-0.123190
-0.302113
-0.245463
-0.335503
-0.291198
-0.138390
-0.292459
-0.355883
-0.274643
-0.177913
-0.486835
-0.019501
-0.139101
-0.359770
-0.316782
-0.247399
-0.465887
-0.285969
-0.428163
-0.258788
-0.363439
-0.464286
-0.299572
-0.367179
-0.367489
-0.290449
-0.412153
-0.083635
-0.103400
-0.185219
-0.434514
-0.299349
-0.463087
-0.263217
-0.298070
-0.101962
-0.346011
-0.061157
-0.404414
-0.313222
-0.301448
-0.284291
-0.203699
-0.370055
-0.286101
-0.359935
-0.462411
-0.339871
-0.297004
-0.391095
-0.450139
-0.373949
-0.380261
-0.228657
-0.271904
-0.112253
-0.150341
-0.283419
-0.282659
-0.105754
-0.293994
-0.056391
-0.297997
-0.386558
-0.127550
-0.408492
-0.277681
-0.356413
-0.418649
-0.342234
-0.327657
-0.208641
-0.278704
-0.035506
-0.091401
-0.409950
-0.412025
-0.239756
-0.187054
0.000808
-0.246803
-0.095580
-0.244992
-0.456614
-0.358517
-0.299279
-0.292761
-0.014210
-0.198655
-0.373398
-0.097502
-0.330718
-0.134783
-0.169322
-0.138595
-0.339171
-0.375829
0.015188
-0.381605
-0.383113
0.093270
0.137839
-0.381868
-0.262291
-0.421388
-0.194604
-0.070587
-0.164428
-0.137934
-0.151673
-0.185092
-0.372145
0.137347
-0.313925
-0.224913
-0.107356
-0.004845
-0.325563
-0.131146
-0.303103
-0.269910
-0.236740
-0.070686
-0.165262
-0.287582
-0.228102
0.072892
-0.240460
0.020432
-0.155416
-0.265686
-0.153474
-0.043224
-0.215703
-0.067958
-0.145586
-0.219788
-0.105137
-0.245152
-0.230956
0.053717
-0.272470
-0.129448
-0.232381
-0.007991
0.007006
-0.360400
-0.255960
-0.269820
-0.291854
-0.090913
-0.175268
-0.236721
-0.123169
-0.287074
-0.305510
-0.018676
-0.155668
-0.405035
0.061212
-0.246615
-0.254454
-0.326603
-0.174971
-0.051713
-0.199853
-0.300042
-0.327279
-0.276377
-0.291207
-0.027466
-0.140062
-0.300193
-0.319413
-0.200857
0.014319
-0.022740
-0.236865
0.034407
0.025454
0.017474
-0.231468
-0.377251
-0.124107
-0.212806
-0.190794
-0.412589
0.012884
-0.006970
-0.391329
-0.209939
-0.329130
-0.124591
-0.307152
-0.251205
-0.340002
-0.301291
-0.142068
-0.293810
-0.360104
-0.281297
-0.183828
-0.490731
-0.018403
-0.141261
-0.364452
-0.325096
-0.253122
-0.471863
-0.291096
-0.434223
-0.263689
-0.370709
-0.469423
-0.302521
-0.373799
-0.379158
-0.292526
-0.416690
-0.085502
-0.113706
-0.186222
-0.436642
-0.302431
-0.474346
-0.272350
-0.297880
-0.110912
-0.351951
-0.066566
-0.409594
-0.321943
-0.313796
-0.287391
-0.210085
-0.379647
-0.288685
-0.367007
-0.468385
-0.350864
-0.299388
-0.399134
-0.456410
-0.381894
-0.385212
-0.231765
-0.277572
-0.113553
-0.163090
-0.288342
-0.285942
-0.110492
-0.297459
-0.060991
-0.304142
-0.391803
-0.134641
-0.414528
-0.284191
-0.366621
-0.424047
-0.350493
-0.330746
-0.212466
-0.286515
-0.037003
-0.094958
-0.413343
-0.418054
-0.244366
-0.191117
-0.003220
-0.250170
-0.101032
-0.241871
-0.462727
-0.363366
-0.305977
-0.300770
-0.026775
-0.204553
-0.378642
-0.103300
-0.335426
-0.144420
-0.175605
-0.144018
-0.346444
-0.383160
0.007918
-0.390064
-0.390073
0.076446
0.136779
-0.386056
-0.270989
-0.428784
-0.197507
-0.129651
-0.172599
-0.142801
-0.166064
-0.193378
-0.379181
0.134867
-0.322471
-0.227486
-0.112994
-0.155497
-0.327170
-0.143981
-0.312765
-0.270681
-0.243405
-0.077213
-0.174300
-0.293951
-0.237925
0.077461
-0.247685
0.012710
-0.160266
-0.271818
-0.163003
-0.054703
-0.224505
-0.079763
-0.146168
-0.226869
-0.116766
-0.249722
-0.236316
0.044925
-0.278774
-0.135008
-0.241184
-0.015346
-0.003108
-0.365005
-0.265944
-0.277278
-0.297800
-0.094099
-0.185799
-0.247076
-0.160980
-0.299609
-0.317245
-0.024040
-0.162774
-0.410501
0.050845
-0.251680
-0.253936
-0.336958
-0.182829
-0.056165
-0.204659
-0.312356
-0.334701
-0.283357
-0.307483
-0.027564
-0.148262
-0.309066
-0.328936
-0.209573
0.004144
-0.026366
-0.235309
0.025180
0.015615
0.010326
-0.240247
-0.387477
-0.131432
-0.215040
-0.201259
-0.423052
0.003477
-0.014822
-0.396812
-0.211657
-0.324238
-0.120443
-0.311291
-0.245437
-0.338190
-0.298670
-0.135011
-0.289260
-0.353721
-0.279840
-0.179300
-0.482695
-0.020158
-0.142279
-0.359655
-0.321526
-0.250011
-0.464952
-0.285669
-0.428564
-0.258418
-0.368370
-0.463272
-0.297512
-0.368082
-0.370957
-0.290158
-0.414997
-0.077523
-0.102475
-0.182239
-0.432206
-0.301770
-0.464769
-0.267523
-0.294065
-0.102022
-0.346911
-0.059207
-0.403878
-0.317499
-0.308299
-0.286747
-0.207806
-0.375745
-0.285773
-0.358941
-0.464054
-0.347277
-0.293954
-0.394239
-0.449156
-0.374753
-0.381973
-0.228899
-0.275915
-0.113866
-0.162346
-0.282852
-0.279503
-0.109384
-0.293921
-0.056178
-0.300908
-0.387275
-0.132179
-0.408385
-0.280489
-0.360749
-0.419611
-0.344447
-0.327408
-0.208519
-0.278634
-0.034464
-0.102462
-0.409843
-0.412590
-0.240626
-0.187685
0.000882
-0.249193
-0.094108
-0.241423
-0.453264
-0.357877
-0.299595
-0.294829
-0.018836
-0.201985
-0.373119
-0.098496
-0.334779
-0.136616
-0.173141
-0.140402
-0.342751
-0.380388
0.013791
-0.384206
-0.384292
0.084971
0.140912
-0.379487
-0.267636
-0.424032
-0.195880
-0.118212
-0.171226
-0.139124
-0.160344
-0.183257
-0.375803
0.132798
-0.313850
-0.224675
-0.109881
-0.267531
-0.328707
-0.137979
-0.308237
-0.261323
-0.241436
-0.067345
-0.159970
-0.290268
-0.236325
0.077876
-0.243266
0.014293
-0.151209
-0.268599
-0.153439
-0.054203
-0.220061
-0.074926
-0.142880
-0.221776
-0.107894
-0.240220
-0.230994
0.054924
-0.276488
-0.128182
-0.236277
-0.015436
0.000849
-0.357511
-0.258995
-0.269198
-0.290894
-0.096064
-0.177746
-0.242153
-0.150743
-0.288863
-0.310803
-0.022870
-0.156319
-0.404742
0.058172
-0.247556
-0.258895
-0.327931
-0.176034
-0.047578
-0.202185
-0.306620
-0.330762
-0.277133
-0.294609
-0.024983
-0.150058
-0.307828
-0.321389
-0.203448
0.004037
-0.021357
-0.232473
0.033856
0.019482
0.013501
-0.232501
-0.381816
-0.122647
-0.210756
-0.193813
-0.412807
0.011371
-0.006226
-0.393186
-0.211574
-0.322494
-0.117667
-0.313383
-0.243032
-0.339489
-0.296151
-0.128943
-0.287260
-0.350132
-0.277871
-0.176394
-0.479674
-0.024352
-0.143826
-0.353996
-0.321303
-0.248173
-0.461771
-0.285265
-0.427157
-0.257159
-0.364376
-0.457310
-0.295749
-0.365255
-0.365760
-0.289366
-0.413044
-0.078523
-0.096288
-0.182701
-0.424292
-0.303013
-0.462122
-0.266915
-0.290459
-0.094888
-0.343744
-0.052113
-0.399090
-0.313903
-0.303575
-0.286863
-0.207237
-0.375440
-0.285639
-0.352598
-0.456738
-0.342378
-0.292107
-0.389994
-0.446254
-0.368893
-0.379813
-0.225307
-0.275423
-0.117866
-0.158229
-0.280944
-0.278691
-0.104814
-0.289888
-0.058238
-0.302771
-0.384639
-0.128256
-0.403173
-0.279223
-0.362224
-0.415485
-0.340770
-0.325341
-0.206502
-0.271326
-0.035493
-0.109303
-0.408417
-0.409710
-0.239000
-0.185279
0.003823
-0.250284
-0.089632
-0.240524
-0.449289
-0.352661
-0.291247
-0.293316
-0.017401
-0.199629
-0.368715
-0.096537
-0.331309
-0.134997
-0.172811
-0.139138
-0.340188
-0.377212
0.016672
-0.378789
-0.377069
0.089084
0.139780
-0.378404
-0.265297
-0.420859
-0.193595
-0.133895
-0.169612
-0.136532
-0.157254
-0.176902
-0.372557
0.126105
-0.308712
-0.224590
-0.108826
-0.172337
-0.329817
-0.140512
-0.303930
-0.258513
-0.240330
-0.060794
-0.148164
-0.290721
-0.236623
0.075854
-0.242223
0.019672
-0.144736
-0.264899
-0.147925
-0.056099
-0.213705
-0.069959
-0.139333
-0.220551
-0.107549
-0.234000
-0.226830
0.053407
-0.273870
-0.122753
-0.230575
-0.020029
-0.003022
-0.351584
-0.253363
-0.265384
-0.287434
-0.098955
-0.177932
-0.238828
-0.163266
-0.278058
-0.303889
-0.025897
-0.147862
-0.399910
0.065408
-0.246716
-0.263420
-0.320678
-0.169030
-0.039596
-0.203913
-0.304625
-0.327086
-0.272355
-0.283614
-0.023626
-0.152037
-0.305043
-0.310018
-0.199517
0.004597
-0.018617
-0.232164
0.042018
0.020697
0.014339
-0.229602
-0.374861
-0.116135
-0.208922
-0.189390
-0.405428
0.017674
0.000788
-0.390881
-0.212167
-0.325149
-0.121059
-0.311668
-0.248903
-0.340498
-0.298659
-0.137232
-0.292517
-0.354790
-0.279702
-0.178590
-0.489647
-0.023070
-0.143398
-0.357750
-0.324276
-0.255100
-0.465902
-0.291994
-0.433560
-0.262268
-0.370913
-0.462864
-0.306545
-0.370579
-0.372145
-0.291517
-0.416202
-0.094456
-0.102796
-0.184567
-0.430835
-0.305012
-0.471210
-0.270817
-0.294824
-0.099471
-0.349205
-0.056633
-0.406209
-0.313681
-0.305158
-0.282490
-0.212330
-0.376515
-0.288589
-0.358134
-0.460877
-0.343407
-0.297799
-0.388226
-0.449938
-0.373648
-0.380850
-0.226263
-0.278213
-0.117050
-0.154171
-0.284718
-0.283863
-0.105913
-0.291857
-0.064958
-0.304168
-0.389301
-0.131529
-0.406972
-0.285357
-0.369393
-0.420092
-0.346846
-0.330709
-0.213149
-0.278926
-0.037069
-0.101033
-0.413563
-0.417672
-0.243965
-0.184590
0.005706
-0.251642
-0.092817
-0.244145
-0.454840
-0.359185
-0.297747
-0.297981
-0.017471
-0.204154
-0.375091
-0.101158
-0.331975
-0.141931
-0.168428
-0.139397
-0.345607
-0.379431
0.012950
-0.381220
-0.382842
0.081663
0.136637
-0.385181
-0.264244
-0.429385
-0.195849
-0.141422
-0.166535
-0.138263
-0.158678
-0.182727
-0.371651
0.125252
-0.317103
-0.229367
-0.111513
0.088509
-0.328278
-0.147972
-0.305005
-0.265598
-0.242365
-0.065679
-0.155775
-0.293907
-0.241225
0.073150
-0.244657
0.025518
-0.152568
-0.268534
-0.155816
-0.056300
-0.214963
-0.070293
-0.141426
-0.227269
-0.111126
-0.242252
-0.227230
0.042992
-0.279046
-0.129272
-0.235467
-0.016124
-0.003604
-0.359339
-0.257005
-0.272238
-0.292138
-0.097384
-0.187872
-0.239931
-0.167476
-0.286031
-0.309941
-0.030038
-0.151555
-0.407694
0.055143
-0.259338
-0.261114
-0.325878
-0.168342
-0.049967
-0.204199
-0.307097
-0.331289
-0.281129
-0.293776
-0.026040
-0.150277
-0.306884
-0.317060
-0.200262
0.004997
-0.024192
-0.236486
0.042626
0.019608
0.009289
-0.236625
-0.378105
-0.119244
-0.214009
-0.190690
-0.415294
0.015300
-0.002480
-0.394396
-0.211575
-0.328914
-0.126512
-0.307497
-0.255355
-0.342306
-0.300237
-0.145348
-0.296883
-0.361003
-0.280381
-0.180761
-0.493146
-0.023960
-0.139105
-0.363129
-0.324409
-0.260277
-0.472934
-0.298144
-0.437936
-0.263995
-0.374010
-0.469201
-0.309920
-0.376168
-0.378588
-0.292277
-0.416162
-0.104884
-0.116639
-0.187512
-0.435381
-0.305518
-0.478980
-0.274147
-0.299840
-0.108407
-0.356273
-0.065563
-0.410207
-0.319043
-0.310341
-0.281127
-0.213345
-0.379544
-0.290116
-0.365648
-0.463496
-0.346006
-0.300804
-0.393405
-0.455745
-0.381889
-0.383283
-0.228507
-0.279600
-0.119280
-0.154318
-0.290660
-0.288982
-0.105773
-0.295489
-0.068002
-0.309137
-0.393174
-0.133698
-0.410297
-0.289895
-0.373025
-0.422205
-0.352715
-0.334759
-0.217377
-0.286791
-0.037933
-0.091735
-0.415527
-0.421397
-0.248618
-0.184629
0.005516
-0.255354
-0.095763
-0.245588
-0.462597
-0.365459
-0.306845
-0.304351
-0.026642
-0.206999
-0.379772
-0.107930
-0.333523
-0.151491
-0.168887
-0.142617
-0.350931
-0.380066
0.008450
-0.387600
-0.389784
0.072087
0.132598
-0.392939
-0.267188
-0.434416
-0.197624
-0.156581
-0.166527
-0.143882
-0.167995
-0.191728
-0.372371
0.125970
-0.326411
-0.232967
-0.114615
-0.240914
-0.328424
-0.156882
-0.309646
-0.272448
-0.244211
-0.075055
-0.171175
-0.295772
-0.245271
0.072693
-0.249941
0.025339
-0.159439
-0.271976
-0.163988
-0.060336
-0.220580
-0.074299
-0.143901
-0.229657
-0.123959
-0.248061
-0.234098
0.034357
-0.281788
-0.137977
-0.240526
-0.008486
-0.007051
-0.366167
-0.265469
-0.280445
-0.300044
-0.096821
-0.194394
-0.246399
-0.183372
-0.298054
-0.316711
-0.031926
-0.159496
-0.413936
0.043178
-0.266020
-0.255898
-0.331098
-0.173531
-0.062814
-0.204231
-0.309856
-0.339560
-0.290164
-0.306194
-0.032244
-0.152775
-0.311279
-0.326381
-0.206118
0.004295
-0.029688
-0.238529
0.037537
0.010493
0.005255
-0.241884
-0.384570
-0.129776
-0.216741
-0.196353
-0.425837
0.007329
-0.008791
-0.398082
-0.209265
-0.330116
-0.126618
-0.308190
-0.255902
-0.342058
-0.302186
-0.147425
-0.298069
-0.360638
-0.281647
-0.181413
-0.495091
-0.024138
-0.139724
-0.364949
-0.328472
-0.261043
-0.473772
-0.297799
-0.439460
-0.263441
-0.375148
-0.471353
-0.311960
-0.374936
-0.379978
-0.290849
-0.417946
-0.102932
-0.117726
-0.187621
-0.438171
-0.305104
-0.478659
-0.276793
-0.300266
-0.106668
-0.356155
-0.068210
-0.411528
-0.320521
-0.311405
-0.281383
-0.214251
-0.381469
-0.290346
-0.366213
-0.466687
-0.350244
-0.301241
-0.395405
-0.457356
-0.383144
-0.384121
-0.230846
-0.280497
-0.118505
-0.156173
-0.291158
-0.288284
-0.109033
-0.299390
-0.066586
-0.307217
-0.393430
-0.135725
-0.411937
-0.292143
-0.372837
-0.422996
-0.353205
-0.335683
-0.218825
-0.290720
-0.039728
-0.093992
-0.415978
-0.423488
-0.250457
-0.183960
-0.001677
-0.253858
-0.098311
-0.244525
-0.462768
-0.364911
-0.309351
-0.304838
-0.030239
-0.207724
-0.380101
-0.109134
-0.335307
-0.153350
-0.168716
-0.140536
-0.351464
-0.382517
0.006935
-0.389622
-0.391918
0.068887
0.131704
-0.391895
-0.269942
-0.433657
-0.198233
-0.161000
-0.168160
-0.145638
-0.171843
-0.193802
-0.375015
0.124591
-0.325823
-0.232257
-0.114285
-0.255808
-0.327517
-0.156478
-0.311271
-0.274375
-0.246335
-0.075819
-0.171889
-0.295089
-0.243993
0.071152
-0.250646
0.021557
-0.162136
-0.273182
-0.163880
-0.060896
-0.222410
-0.075980
-0.146241
-0.231169
-0.124098
-0.249926
-0.233830
0.034267
-0.284730
-0.140001
-0.241327
-0.007776
-0.009236
-0.367809
-0.266406
-0.282224
-0.301031
-0.098213
-0.195254
-0.247963
-0.187241
-0.300180
-0.320282
-0.035563
-0.161114
-0.415153
0.042268
-0.264425
-0.256347
-0.332527
-0.175040
-0.063322
-0.204696
-0.312792
-0.339242
-0.290348
-0.309717
-0.032058
-0.153781
-0.313414
-0.327967
-0.207034
0.004009
-0.028678
-0.239491
0.035254
0.006871
0.002820
-0.242253
-0.386618
-0.129834
-0.218130
-0.200058
-0.425778
0.005030
-0.011557
-0.397242
-0.209605
-0.327359
-0.123829
-0.307536
-0.248355
-0.338960
-0.299135
-0.145666
-0.294013
-0.355557
-0.279379
-0.181530
-0.488356
-0.017599
-0.140866
-0.360977
-0.324757
-0.255405
-0.469822
-0.293171
-0.436010
-0.258340
-0.368615
-0.465841
-0.307559
-0.368398
-0.368955
-0.290213
-0.415526
-0.092453
-0.106265
-0.185954
-0.431786
-0.302377
-0.472077
-0.270411
-0.296638
-0.096443
-0.349456
-0.064278
-0.404983
-0.315102
-0.305145
-0.281404
-0.213876
-0.378681
-0.287337
-0.363318
-0.461667
-0.343834
-0.296659
-0.391899
-0.455198
-0.377552
-0.384999
-0.227217
-0.278688
-0.114869
-0.154234
-0.284369
-0.279444
-0.112127
-0.291866
-0.062880
-0.306978
-0.390202
-0.132639
-0.408240
-0.288899
-0.365321
-0.420718
-0.346245
-0.328607
-0.211626
-0.283263
-0.036457
-0.092770
-0.414214
-0.418914
-0.245574
-0.183377
-0.002368
-0.252021
-0.092177
-0.243825
-0.459622
-0.359065
-0.302808
-0.300008
-0.021621
-0.202206
-0.375097
-0.101502
-0.331349
-0.149790
-0.167793
-0.137146
-0.346926
-0.376581
0.015670
-0.383219
-0.382719
0.085321
0.137774
-0.392703
-0.264924
-0.424228
-0.195689
-0.152416
-0.169313
-0.137301
-0.162967
-0.185937
-0.371399
0.129671
-0.314296
-0.226761
-0.109781
0.108576
-0.325964
-0.142417
-0.305621
-0.271871
-0.240277
-0.069605
-0.162493
-0.289179
-0.236501
0.069931
-0.246581
0.025546
-0.155059
-0.268256
-0.154642
-0.053132
-0.216106
-0.073778
-0.144441
-0.226231
-0.111262
-0.242668
-0.228957
0.046758
-0.279329
-0.133363
-0.231569
-0.003692
-0.005056
-0.363351
-0.257129
-0.275099
-0.292513
-0.096648
-0.188503
-0.244155
-0.179492
-0.285783
-0.306716
-0.030799
-0.151271
-0.408039
0.057292
-0.260712
-0.256661
-0.329822
-0.170125
-0.048216
-0.202573
-0.308802
-0.332401
-0.283152
-0.293375
-0.026201
-0.150499
-0.308003
-0.317823
-0.203994
0.012839
-0.022298
-0.234974
0.042254
0.016041
0.009177
-0.234902
-0.378865
-0.120469
-0.214590
-0.197234
-0.415564
0.015390
-0.005548
-0.393115
-0.208886
-0.323813
-0.119150
-0.309091
-0.241171
-0.335689
-0.294484
-0.140833
-0.290314
-0.349285
-0.276059
-0.178747
-0.481602
-0.014656
-0.140682
-0.357349
-0.320633
-0.249696
-0.462348
-0.286381
-0.429421
-0.252787
-0.365840
-0.458638
-0.302920
-0.361800
-0.355465
-0.287613
-0.412305
-0.080808
-0.094490
-0.184523
-0.424936
-0.300337
-0.461558
-0.264130
-0.292387
-0.086922
-0.339785
-0.059653
-0.396520
-0.309591
-0.293764
-0.280794
-0.211496
-0.370061
-0.283447
-0.356620
-0.454403
-0.337359
-0.291774
-0.385254
-0.449696
-0.369493
-0.379635
-0.224531
-0.274913
-0.112569
-0.148487
-0.277673
-0.268796
-0.115174
-0.284309
-0.058834
-0.302355
-0.385663
-0.129194
-0.402265
-0.282469
-0.357998
-0.416321
-0.336076
-0.321845
-0.206604
-0.274082
-0.033834
-0.094344
-0.409639
-0.410697
-0.240310
-0.182794
-0.004399
-0.249299
-0.085324
-0.240493
-0.453262
-0.353152
-0.294221
-0.293609
-0.014445
-0.197441
-0.367598
-0.093246
-0.324975
-0.148310
-0.164610
-0.132519
-0.343201
-0.371315
0.022239
-0.372814
-0.370021
0.098708
0.138885
-0.390906
-0.259419
-0.414163
-0.192521
-0.141093
-0.168254
-0.129233
-0.152018
-0.173689
-0.367660
0.129388
-0.302861
-0.221203
-0.104291
0.151900
-0.325791
-0.129938
-0.298994
-0.265225
-0.234926
-0.060686
-0.145681
-0.281778
-0.226263
0.067272
-0.242690
0.026190
-0.145592
-0.260820
-0.144137
-0.049523
-0.209145
-0.070155
-0.141087
-0.217901
-0.099136
-0.233219
-0.224455
0.054271
-0.276285
-0.123681
-0.221244
-0.000603
-0.001663
-0.357252
-0.243570
-0.265002
-0.281233
-0.095782
-0.177926
-0.238775
-0.161911
-0.274578
-0.295489
-0.029528
-0.142289
-0.401175
0.066506
-0.254845
-0.261574
-0.319277
-0.158304
-0.035237
-0.199129
-0.301865
-0.322970
-0.276233
-0.276712
-0.022357
-0.148708
-0.304458
-0.305733
-0.193725
0.017127
-0.017607
-0.230840
0.052856
0.022618
0.016330
-0.225290
-0.369626
-0.109560
-0.212967
-0.191878
-0.402148
0.027228
0.001380
-0.386569
-0.206525
-0.322303
-0.117108
-0.310443
-0.240894
-0.335947
-0.293623
-0.136705
-0.288839
-0.345159
-0.272831
-0.179314
-0.478633
-0.016344
-0.140044
-0.354858
-0.316694
-0.247947
-0.459849
-0.284445
-0.428237
-0.249560
-0.363379
-0.454674
-0.300986
-0.360199
-0.351507
-0.287283
-0.409265
-0.078084
-0.090745
-0.184414
-0.422055
-0.300972
-0.458557
-0.260852
-0.292351
-0.083474
-0.337183
-0.056381
-0.393548
-0.307009
-0.291468
-0.278901
-0.210135
-0.369559
-0.281786
-0.351713
-0.451783
-0.333937
-0.291239
-0.382137
-0.447517
-0.367493
-0.378693
-0.220052
-0.273032
-0.115438
-0.146279
-0.274451
-0.267081
-0.112845
-0.279924
-0.058094
-0.302433
-0.384534
-0.127571
-0.401449
-0.279252
-0.356973
-0.414767
-0.333294
-0.318186
-0.206405
-0.269062
-0.034002
-0.095397
-0.407767
-0.409361
-0.240467
-0.182635
-0.001863
-0.251133
-0.083906
-0.242874
-0.453019
-0.350554
-0.288510
-0.292071
-0.012452
-0.194829
-0.364355
-0.090830
-0.323869
-0.146015
-0.164134
-0.131746
-0.342490
-0.369961
0.026195
-0.369089
-0.365155
0.105999
0.136831
-0.390362
-0.256559
-0.412375
-0.191936
-0.142010
-0.166311
-0.127478
-0.149790
-0.170555
-0.365441
0.129798
-0.300321
-0.221771
-0.104068
-0.034746
-0.329506
-0.127752
-0.297573
-0.262844
-0.233912
-0.055650
-0.139824
-0.279847
-0.226978
0.067665
-0.241872
0.028828
-0.140606
-0.257467
-0.140802
-0.048172
-0.204982
-0.067195
-0.136281
-0.215823
-0.096192
-0.228860
-0.224655
0.055487
-0.273830
-0.121298
-0.218306
-0.000742
-0.002899
-0.355494
-0.238589
-0.262509
-0.277762
-0.094469
-0.177457
-0.236346
-0.166993
-0.271660
-0.288751
-0.026982
-0.138715
-0.399490
0.070202
-0.255839
-0.261215
-0.316465
-0.152825
-0.032236
-0.199729
-0.298453
-0.320810
-0.274564
-0.270984
-0.025005
-0.151500
-0.305995
-0.300916
-0.191948
0.017621
-0.018196
-0.227931
0.057339
0.027414
0.019211
-0.220637
-0.362846
-0.104384
-0.212038
-0.188708
-0.397066
0.033884
0.003675
-0.384571
-0.206700
-0.321189
-0.117550
-0.308845
-0.241829
-0.333879
-0.293226
-0.132839
-0.287984
-0.344316
-0.270739
-0.179147
-0.479127
-0.016219
-0.138658
-0.354364
-0.315494
-0.249047
-0.457516
-0.281394
-0.426253
-0.248862
-0.362892
-0.452079
-0.302352
-0.357482
-0.349851
-0.284752
-0.408289
-0.078371
-0.089597
-0.183265
-0.420806
-0.299452
-0.456730
-0.260104
-0.289145
-0.084214
-0.334446
-0.055537
-0.392489
-0.305720
-0.290323
-0.277353
-0.208738
-0.368590
-0.278702
-0.350994
-0.449349
-0.332925
-0.291281
-0.378286
-0.444246
-0.365340
-0.375605
-0.218123
-0.271672
-0.114861
-0.142933
-0.271233
-0.266866
-0.109999
-0.276970
-0.058621
-0.300488
-0.382919
-0.126787
-0.399919
-0.277558
-0.357387
-0.415525
-0.332539
-0.318629
-0.207156
-0.267249
-0.033312
-0.094607
-0.406607
-0.408414
-0.239903
-0.182298
0.000632
-0.248722
-0.084062
-0.241755
-0.451844
-0.349738
-0.286361
-0.291112
-0.012304
-0.192688
-0.363638
-0.089743
-0.321311
-0.145646
-0.162551
-0.131389
-0.341078
-0.369178
0.025646
-0.367201
-0.362251
0.105555
0.136509
-0.386164
-0.255354
-0.414229
-0.189810
-0.137198
-0.163351
-0.126470
-0.148481
-0.169129
-0.364568
0.129960
-0.300019
-0.220923
-0.103526
-0.037426
-0.331336
-0.125652
-0.294300
-0.261065
-0.232936
-0.052607
-0.137552
-0.278061
-0.226737
0.069360
-0.242191
0.029680
-0.138724
-0.258707
-0.140551
-0.050553
-0.203917
-0.064833
-0.135360
-0.214830
-0.094240
-0.226709
-0.223385
0.056443
-0.272062
-0.118961
-0.218121
-0.002374
-0.000957
-0.355449
-0.235623
-0.258416
-0.278034
-0.091858
-0.175752
-0.234243
-0.158215
-0.274268
-0.286336
-0.026243
-0.137117
-0.398550
0.069913
-0.254693
-0.261386
-0.312525
-0.147813
-0.034499
-0.197788
-0.293514
-0.319563
-0.275032
-0.269760
-0.027112
-0.149207
-0.304706
-0.301308
-0.189616
0.016479
-0.020726
-0.227417
0.060141
0.028356
0.020851
-0.220055
-0.360394
-0.103018
-0.212700
-0.187201
-0.395924
0.036049
0.004629
-0.382816
-0.205820
-0.324374
-0.117239
-0.308867
-0.247478
-0.337694
-0.297447
-0.133916
-0.289768
-0.348751
-0.273046
-0.180618
-0.485166
-0.018113
-0.140013
-0.357344
-0.317250
-0.254708
-0.463377
-0.286710
-0.430298
-0.251421
-0.365024
-0.459460
-0.303094
-0.366193
-0.360526
-0.288021
-0.408634
-0.086400
-0.097807
-0.184334
-0.424794
-0.303509
-0.465229
-0.263469
-0.291746
-0.093049
-0.340565
-0.057939
-0.398643
-0.309413
-0.297314
-0.278550
-0.210369
-0.372992
-0.281697
-0.356301
-0.454489
-0.335632
-0.295004
-0.384503
-0.449554
-0.371709
-0.380380
-0.219058
-0.275367
-0.117327
-0.146229
-0.275918
-0.274526
-0.106828
-0.282473
-0.063661
-0.304049
-0.387564
-0.128319
-0.404540
-0.280988
-0.362485
-0.419947
-0.340100
-0.324931
-0.209599
-0.272306
-0.031661
-0.091822
-0.410331
-0.413844
-0.245796
-0.184628
0.004806
-0.253511
-0.084870
-0.244679
-0.458173
-0.355591
-0.291781
-0.295857
-0.014499
-0.197304
-0.368505
-0.094379
-0.325159
-0.147863
-0.164997
-0.137391
-0.345091
-0.370454
0.023638
-0.374385
-0.370130
0.101339
0.138343
-0.391771
-0.259493
-0.422591
-0.190238
-0.134299
-0.164212
-0.132406
-0.153487
-0.175579
-0.367797
0.132058
-0.308458
-0.226757
-0.106089
0.063264
-0.332476
-0.135362
-0.301357
-0.264877
-0.237052
-0.056695
-0.145474
-0.284031
-0.235168
0.070902
-0.245846
0.031502
-0.143748
-0.263024
-0.146565
-0.055213
-0.209352
-0.068318
-0.135036
-0.218383
-0.101247
-0.232094
-0.230707
0.054219
-0.274616
-0.124087
-0.223281
-0.001445
-0.001922
-0.359170
-0.243838
-0.263652
-0.283799
-0.091853
-0.181870
-0.238688
-0.161363
-0.284808
-0.291552
-0.025500
-0.143353
-0.405056
0.062414
-0.261687
-0.259812
-0.319691
-0.153201
-0.042711
-0.198440
-0.300997
-0.326953
-0.282166
-0.280176
-0.030627
-0.149409
-0.309329
-0.307082
-0.195621
0.012631
-0.023225
-0.231261
0.057477
0.023799
0.019857
-0.225670
-0.366743
-0.106956
-0.215928
-0.189463
-0.407537
0.030915
0.003971
-0.389122
-0.205594
-0.325958
-0.124605
-0.303895
-0.252310
-0.337328
-0.297168
-0.138613
-0.293146
-0.355832
-0.274708
-0.181779
-0.489689
-0.019894
-0.136770
-0.359950
-0.319236
-0.259938
-0.466784
-0.289703
-0.432417
-0.255394
-0.368967
-0.464460
-0.308803
-0.371398
-0.370449
-0.288188
-0.410284
-0.099754
-0.108707
-0.183891
-0.430700
-0.302760
-0.474471
-0.269001
-0.292677
-0.102106
-0.348667
-0.063602
-0.405331
-0.312741
-0.304668
-0.276458
-0.209992
-0.375398
-0.283691
-0.362562
-0.458409
-0.337868
-0.299021
-0.385314
-0.451920
-0.378573
-0.379709
-0.221859
-0.276149
-0.116754
-0.148039
-0.279823
-0.282865
-0.102244
-0.287587
-0.066787
-0.304470
-0.390380
-0.130256
-0.406009
-0.283401
-0.368333
-0.420614
-0.347826
-0.333097
-0.214624
-0.280235
-0.032981
-0.090273
-0.410403
-0.418240
-0.248047
-0.183522
0.007616
-0.252772
-0.091453
-0.244363
-0.459567
-0.362282
-0.299708
-0.300489
-0.021361
-0.200195
-0.373960
-0.102351
-0.325809
-0.152380
-0.164451
-0.140220
-0.347656
-0.371879
0.014737
-0.381672
-0.379965
0.083955
0.134797
-0.391241
-0.262549
-0.430296
-0.189660
-0.138612
-0.161460
-0.135827
-0.161396
-0.186826
-0.367880
0.130453
-0.320420
-0.230434
-0.109616
0.029140
-0.327967
-0.143251
-0.303549
-0.268728
-0.238859
-0.067350
-0.159205
-0.289650
-0.242457
0.072890
-0.246268
0.032612
-0.153207
-0.270057
-0.156002
-0.058824
-0.216922
-0.071994
-0.139048
-0.224087
-0.111050
-0.240814
-0.232377
0.042585
-0.277654
-0.133014
-0.230444
-0.003234
-0.001590
-0.363039
-0.255687
-0.271500
-0.294093
-0.090777
-0.188642
-0.240900
-0.160857
-0.297304
-0.303427
-0.029681
-0.153243
-0.410686
0.048934
-0.266080
-0.252761
-0.326028
-0.161866
-0.058305
-0.198510
-0.302922
-0.332195
-0.290508
-0.298219
-0.032338
-0.144854
-0.308736
-0.319328
-0.201234
0.010071
-0.028854
-0.236337
0.047913
0.017438
0.012735
-0.235089
-0.375157
-0.117207
-0.217605
-0.194578
-0.418729
0.020420
-0.002549
-0.391992
-0.206026
-0.329919
-0.124929
-0.304707
-0.254273
-0.341196
-0.300929
-0.146556
-0.297516
-0.361249
-0.277883
-0.181543
-0.492658
-0.019866
-0.136081
-0.363532
-0.322467
-0.262054
-0.471488
-0.297914
-0.438737
-0.260314
-0.372275
-0.469853
-0.311440
-0.376938
-0.378087
-0.288353
-0.414071
-0.108191
-0.117233
-0.187053
-0.433622
-0.305243
-0.481058
-0.273528
-0.297605
-0.108059
-0.354692
-0.068485
-0.408897
-0.316704
-0.308842
-0.277408
-0.214295
-0.380968
-0.288141
-0.366988
-0.462806
-0.343389
-0.299594
-0.390347
-0.456992
-0.383265
-0.383179
-0.225163
-0.278211
-0.119138
-0.151573
-0.287026
-0.289301
-0.104180
-0.292231
-0.068581
-0.307677
-0.393472
-0.132745
-0.408343
-0.289780
-0.371616
-0.421574
-0.354426
-0.336555
-0.217701
-0.287871
-0.035357
-0.085583
-0.414145
-0.422734
-0.251057
-0.183216
0.005615
-0.255848
-0.092958
-0.246158
-0.463698
-0.365315
-0.308173
-0.304588
-0.028171
-0.204507
-0.380135
-0.107399
-0.330897
-0.154562
-0.165031
-0.141539
-0.353447
-0.376734
0.010610
-0.385708
-0.386280
0.071557
0.133294
-0.395525
-0.266788
-0.435468
-0.194060
-0.154075
-0.164860
-0.141040
-0.169977
-0.193412
-0.369590
0.127429
-0.328879
-0.233404
-0.112298
-0.140557
-0.327207
-0.154573
-0.308327
-0.274926
-0.242853
-0.074191
-0.170217
-0.293240
-0.247245
0.071855
-0.249219
0.031137
-0.159467
-0.273421
-0.162282
-0.061675
-0.220833
-0.076002
-0.141701
-0.229954
-0.121098
-0.247135
-0.236980
0.035119
-0.283352
-0.138442
-0.238497
-0.001684
-0.007209
-0.367696
-0.264684
-0.278939
-0.300722
-0.095803
-0.195953
-0.245728
-0.179666
-0.301617
-0.314192
-0.033216
-0.158576
-0.415699
0.039906
-0.270234
-0.252653
-0.331053
-0.169169
-0.066396
-0.201324
-0.309250
-0.339289
-0.293295
-0.309012
-0.034510
-0.150613
-0.314888
-0.325755
-0.206154
0.009922
-0.030202
-0.237237
0.041845
0.008775
0.006604
-0.240854
-0.384082
-0.126600
-0.218969
-0.196808
-0.427206
0.010535
-0.007779
-0.395460
-0.206495
-0.328901
-0.122088
-0.308388
-0.248525
-0.340471
-0.300408
-0.144606
-0.296278
-0.357464
-0.278732
-0.182281
-0.488680
-0.014964
-0.140359
-0.360700
-0.323504
-0.260636
-0.468052
-0.296643
-0.436409
-0.257731
-0.370059
-0.463620
-0.310124
-0.372696
-0.370049
-0.285848
-0.415412
-0.097173
-0.105121
-0.185586
-0.432359
-0.306558
-0.475518
-0.272229
-0.292057
-0.095306
-0.349773
-0.065675
-0.403705
-0.315349
-0.305192
-0.279389
-0.215767
-0.379701
-0.290412
-0.362844
-0.461124
-0.343832
-0.297511
-0.387529
-0.456468
-0.379725
-0.385681
-0.224435
-0.279384
-0.117103
-0.154317
-0.281477
-0.281150
-0.112391
-0.289161
-0.063830
-0.303615
-0.392137
-0.134391
-0.404119
-0.291520
-0.368279
-0.419843
-0.351210
-0.335096
-0.214338
-0.282903
-0.034234
-0.094728
-0.413381
-0.419531
-0.248804
-0.181927
0.003044
-0.255007
-0.090319
-0.243160
-0.459276
-0.362275
-0.302741
-0.302032
-0.018632
-0.203556
-0.375070
-0.101037
-0.328983
-0.150991
-0.162764
-0.136373
-0.354424
-0.377099
0.015198
-0.381805
-0.378935
0.078863
0.139338
-0.393759
-0.266009
-0.428365
-0.191718
-0.150900
-0.170333
-0.134719
-0.164433
-0.187212
-0.370710
0.124540
-0.320656
-0.229506
-0.107979
0.132882
-0.325520
-0.146455
-0.304358
-0.270148
-0.243197
-0.067419
-0.159999
-0.291344
-0.243178
0.069865
-0.247140
0.033125
-0.153402
-0.271448
-0.156112
-0.059909
-0.215802
-0.075369
-0.139787
-0.228093
-0.111529
-0.239083
-0.233103
0.044733
-0.282607
-0.134979
-0.233368
-0.001456
-0.003834
-0.362334
-0.260270
-0.274771
-0.293870
-0.096639
-0.191193
-0.242121
-0.173894
-0.288487
-0.309569
-0.034222
-0.150920
-0.411507
0.051079
-0.267841
-0.256455
-0.328845
-0.163424
-0.051819
-0.202535
-0.311556
-0.332782
-0.287742
-0.298064
-0.026003
-0.150028
-0.314739
-0.317221
-0.203805
0.014387
-0.020612
-0.231612
0.047837
0.011970
0.010040
-0.235088
-0.382726
-0.117824
-0.217960
-0.196103
-0.417874
0.016827
-0.002109
-0.393189
-0.209579
-0.328893
-0.119284
-0.317312
-0.248809
-0.343336
-0.304353
-0.139186
-0.295309
-0.353934
-0.280865
-0.186694
-0.484238
-0.018084
-0.142266
-0.360456
-0.324114
-0.261384
-0.467181
-0.293102
-0.436005
-0.256372
-0.370149
-0.459772
-0.307610
-0.371592
-0.365094
-0.286807
-0.414052
-0.091429
-0.097547
-0.186996
-0.430129
-0.313924
-0.472237
-0.272453
-0.289114
-0.093824
-0.348482
-0.058989
-0.400229
-0.318083
-0.303876
-0.281365
-0.216453
-0.380385
-0.289322
-0.359787
-0.459629
-0.347510
-0.295721
-0.385824
-0.457109
-0.378137
-0.387688
-0.224283
-0.281364
-0.121118
-0.160343
-0.280627
-0.275316
-0.116915
-0.284194
-0.061454
-0.306789
-0.393042
-0.136539
-0.401991
-0.289477
-0.369113
-0.419725
-0.350837
-0.331138
-0.213016
-0.278047
-0.032833
-0.102368
-0.414135
-0.415927
-0.248921
-0.183501
0.002001
-0.259271
-0.085104
-0.243397
-0.458909
-0.360954
-0.296447
-0.302737
-0.013791
-0.205346
-0.372766
-0.099296
-0.330863
-0.153100
-0.164566
-0.137417
-0.356112
-0.380543
0.016930
-0.380868
-0.374509
0.080219
0.138886
-0.396300
-0.267117
-0.428725
-0.195332
-0.177777
-0.174012
-0.132763
-0.165455
-0.180834
-0.371861
0.119825
-0.315046
-0.228716
-0.108327
-0.174281
-0.327230
-0.149102
-0.308222
-0.262921
-0.244805
-0.062453
-0.150518
-0.291017
-0.244244
0.073019
-0.247252
0.028948
-0.146484
-0.269920
-0.157564
-0.063448
-0.212985
-0.077213
-0.134813
-0.226092
-0.111488
-0.229619
-0.233830
0.044322
-0.282860
-0.134512
-0.230411
-0.007333
-0.003679
-0.362264
-0.255374
-0.272986
-0.291216
-0.103121
-0.190089
-0.246906
-0.195756
-0.282497
-0.308409
-0.035658
-0.147170
-0.410859
0.057027
-0.269938
-0.264554
-0.328772
-0.159967
-0.042583
-0.205985
-0.312022
-0.331593
-0.285330
-0.292252
-0.022319
-0.161533
-0.318343
-0.312416
-0.205387
0.007727
-0.017670
-0.226245
0.050109
0.011912
0.009232
-0.235178
-0.382271
-0.110073
-0.218864
-0.196996
-0.412086
0.021739
-0.000458
-0.393176
-0.210911
-0.329141
-0.121886
-0.319906
-0.250907
-0.343896
-0.305807
-0.137764
-0.296182
-0.354138
-0.281187
-0.189910
-0.483159
-0.020123
-0.140769
-0.359639
-0.324609
-0.265213
-0.465125
-0.291046
-0.434651
-0.256091
-0.370805
-0.457154
-0.309213
-0.371610
-0.364514
-0.285429
-0.412648
-0.094588
-0.097701
-0.186546
-0.429918
-0.317377
-0.473030
-0.274225
-0.285716
-0.094840
-0.348863
-0.059616
-0.399681
-0.318866
-0.304359
-0.280707
-0.216125
-0.379517
-0.289027
-0.360329
-0.458703
-0.348674
-0.296375
-0.381564
-0.455724
-0.379295
-0.385817
-0.224503
-0.281836
-0.122971
-0.162178
-0.279033
-0.274515
-0.118478
-0.281624
-0.062536
-0.307790
-0.394550
-0.138824
-0.399568
-0.289444
-0.371377
-0.419575
-0.352294
-0.332423
-0.215162
-0.278848
-0.032101
-0.104469
-0.414281
-0.415316
-0.251005
-0.184674
0.002580
-0.260425
-0.085128
-0.243968
-0.457617
-0.363004
-0.295296
-0.303690
-0.013162
-0.206845
-0.372479
-0.101232
-0.330172
-0.157230
-0.163622
-0.139218
-0.358013
-0.381366
0.016013
-0.382337
-0.373880
0.075067
0.136645
-0.395737
-0.267153
-0.431346
-0.193938
-0.190229
-0.171069
-0.133140
-0.167631
-0.180405
-0.370988
0.115980
-0.315580
-0.228744
-0.109688
-0.328883
-0.325507
-0.150025
-0.308475
-0.258748
-0.245366
-0.061667
-0.147175
-0.291504
-0.246270
0.073359
-0.247916
0.029666
-0.145752
-0.273451
-0.160617
-0.068058
-0.213846
-0.077858
-0.131858
-0.227521
-0.112926
-0.226207
-0.233729
0.039822
-0.283269
-0.136829
-0.229711
-0.009087
-0.002162
-0.363292
-0.254917
-0.273597
-0.293326
-0.104061
-0.189688
-0.248067
-0.193828
-0.285070
-0.309047
-0.038531
-0.148588
-0.411988
0.053282
-0.274883
-0.265574
-0.328547
-0.157469
-0.044842
-0.204670
-0.310949
-0.331736
-0.288026
-0.293888
-0.022980
-0.162224
-0.321032
-0.313826
-0.206466
0.004042
-0.019639
-0.224541
0.050948
0.009923
0.007850
-0.237629
-0.383873
-0.109523
-0.221611
-0.197524
-0.412096
0.022034
-0.000661
-0.392825
-0.211069
-0.329272
-0.122075
-0.319627
-0.249340
-0.343527
-0.304102
-0.136118
-0.296047
-0.351849
-0.280598
-0.190524
-0.482929
-0.018715
-0.139691
-0.359998
-0.322704
-0.263734
-0.463730
-0.291199
-0.435142
-0.256832
-0.369329
-0.456332
-0.310108
-0.370020
-0.363032
-0.284463
-0.412953
-0.093500
-0.097197
-0.186282
-0.427508
-0.315456
-0.470890
-0.272496
-0.287960
-0.091212
-0.349187
-0.059071
-0.399452
-0.317631
-0.303213
-0.278700
-0.215840
-0.379344
-0.288897
-0.358972
-0.456127
-0.347021
-0.296008
-0.381032
-0.454901
-0.377815
-0.385168
-0.223440
-0.279334
-0.122870
-0.162104
-0.279205
-0.273131
-0.116846
-0.282010
-0.063523
-0.306926
-0.393420
-0.137960
-0.399225
-0.290977
-0.370410
-0.418415
-0.350383
-0.332306
-0.214182
-0.276812
-0.032698
-0.103029
-0.412692
-0.416490
-0.250502
-0.182284
0.000885
-0.259899
-0.084916
-0.243314
-0.458209
-0.361130
-0.293278
-0.303082
-0.013790
-0.202808
-0.371462
-0.099779
-0.330894
-0.157317
-0.162661
-0.136654
-0.357291
-0.380165
0.016528
-0.381130
-0.371824
0.077383
0.135569
-0.397070
-0.264974
-0.429328
-0.194409
-0.184395
-0.171918
-0.132728
-0.166024
-0.179753
-0.370317
0.115307
-0.312147
-0.228077
-0.109451
-0.343239
-0.323856
-0.148082
-0.306841
-0.257053
-0.244146
-0.061325
-0.146304
-0.291000
-0.245198
0.071594
-0.247554
0.030605
-0.144675
-0.273097
-0.160162
-0.067100
-0.212487
-0.078255
-0.131443
-0.226179
-0.110795
-0.223931
-0.232887
0.040281
-0.283822
-0.137501
-0.227577
-0.008101
-0.005550
-0.363399
-0.252042
-0.273993
-0.291979
-0.102586
-0.188654
-0.246104
-0.194177
-0.281805
-0.305991
-0.039339
-0.145722
-0.411125
0.056766
-0.275349
-0.264573
-0.327978
-0.157428
-0.042685
-0.204921
-0.310209
-0.329338
-0.288673
-0.292928
-0.023879
-0.162462
-0.320081
-0.312089
-0.206455
0.005414
-0.019363
-0.225407
0.051522
0.010967
0.010376
-0.235852
-0.380010
-0.107433
-0.221897
-0.198139
-0.409978
0.024885
-0.001160
-0.391162
-0.210803
-0.328516
-0.119201
-0.318806
-0.248626
-0.342633
-0.302300
-0.132672
-0.296591
-0.350645
-0.279748
-0.191994
-0.481533
-0.020424
-0.139161
-0.359002
-0.322865
-0.264534
-0.462321
-0.287847
-0.433630
-0.254918
-0.369573
-0.453546
-0.310828
-0.369245
-0.361607
-0.283452
-0.410335
-0.090466
-0.094750
-0.186467
-0.425312
-0.315279
-0.469934
-0.270613
-0.284684
-0.090274
-0.347712
-0.059075
-0.397476
-0.318324
-0.302053
-0.278451
-0.214172
-0.377882
-0.290065
-0.356421
-0.453173
-0.346036
-0.296667
-0.379130
-0.452300
-0.374837
-0.385003
-0.222537
-0.277040
-0.123106
-0.162243
-0.274231
-0.270838
-0.120110
-0.279324
-0.064578
-0.307165
-0.392442
-0.137276
-0.396759
-0.287961
-0.372359
-0.417126
-0.348823
-0.332662
-0.214906
-0.272987
-0.030595
-0.105896
-0.411927
-0.415047
-0.248519
-0.180250
0.000963
-0.259299
-0.084787
-0.243119
-0.456226
-0.359670
-0.290177
-0.301817
-0.012909
-0.200883
-0.368673
-0.100349
-0.330455
-0.156866
-0.162659
-0.135907
-0.357103
-0.377776
0.017787
-0.380408
-0.369306
0.079498
0.136180
-0.396418
-0.264397
-0.428950
-0.194434
-0.198854
-0.172957
-0.131203
-0.165141
-0.178468
-0.369264
0.115789
-0.310316
-0.227277
-0.110138
-0.416208
-0.322798
-0.147443
-0.305669
-0.253666
-0.242476
-0.059706
-0.143857
-0.290131
-0.245361
0.071137
-0.246263
0.033269
-0.142902
-0.272550
-0.159681
-0.069413
-0.211543
-0.080163
-0.128487
-0.225019
-0.109654
-0.219460
-0.233859
0.040317
-0.281939
-0.136457
-0.226277
-0.008641
-0.005873
-0.362191
-0.248579
-0.271945
-0.291409
-0.100206
-0.187058
-0.244835
-0.194119
-0.279575
-0.304231
-0.038607
-0.143070
-0.409225
0.058651
-0.275876
-0.265834
-0.325113
-0.154546
-0.041451
-0.204691
-0.309664
-0.327343
-0.286900
-0.291154
-0.022862
-0.163487
-0.318656
-0.310417
-0.205054
0.004843
-0.020444
-0.224285
0.052869
0.012513
0.010707
-0.235871
-0.376606
-0.103829
-0.222063
-0.197461
-0.407333
0.027660
0.000138
-0.389740
-0.211171
-0.326196
-0.119945
-0.317900
-0.247528
-0.341222
-0.300389
-0.130287
-0.295529
-0.348124
-0.277103
-0.189151
-0.482081
-0.018393
-0.138974
-0.357489
-0.319252
-0.263922
-0.460582
-0.287326
-0.433484
-0.253318
-0.367785
-0.454004
-0.308388
-0.367717
-0.359877
-0.283033
-0.408843
-0.088203
-0.094341
-0.185568
-0.422503
-0.312274
-0.467701
-0.269443
-0.284236
-0.088096
-0.346786
-0.057531
-0.397407
-0.316343
-0.298722
-0.276966
-0.214568
-0.378430
-0.290204
-0.354725
-0.452118
-0.343181
-0.296999
-0.380448
-0.451948
-0.373566
-0.384561
-0.219956
-0.274732
-0.121457
-0.161106
-0.271839
-0.270222
-0.115824
-0.280490
-0.065181
-0.305858
-0.392322
-0.134825
-0.397898
-0.286253
-0.368289
-0.417011
-0.345595
-0.331217
-0.211817
-0.268548
-0.030703
-0.104774
-0.412152
-0.415764
-0.247962
-0.180849
0.000007
-0.259969
-0.083071
-0.244250
-0.456386
-0.356810
-0.290217
-0.299449
-0.014625
-0.197019
-0.368333
-0.097960
-0.326713
-0.153568
-0.162373
-0.135675
-0.355940
-0.374840
0.021231
-0.378829
-0.366450
0.083714
0.140086
-0.396405
-0.260672
-0.427864
-0.192109
-0.163896
-0.172140
-0.129312
-0.157962
-0.176888
-0.367271
0.119256
-0.309315
-0.226482
-0.108664
-0.101889
-0.322229
-0.140186
-0.303060
-0.254011
-0.242155
-0.057339
-0.141368
-0.290174
-0.242587
0.071487
-0.243857
0.034819
-0.142205
-0.271908
-0.153867
-0.068069
-0.210316
-0.079704
-0.126971
-0.221063
-0.103309
-0.219610
-0.232198
0.043388
-0.279219
-0.132106
-0.222413
-0.006374
-0.005233
-0.359233
-0.245716
-0.270306
-0.289101
-0.098077
-0.183943
-0.241915
-0.170983
-0.277053
-0.299840
-0.036372
-0.139485
-0.408503
0.063426
-0.276029
-0.263687
-0.324616
-0.153059
-0.039045
-0.203010
-0.308146
-0.324829
-0.286638
-0.289325
-0.021389
-0.158256
-0.316553
-0.306553
-0.202765
0.005002
-0.020503
-0.225781
0.053812
0.015577
0.015532
-0.231768
-0.373002
-0.099106
-0.222708
-0.197288
-0.405402
0.030605
0.004548
-0.387582
-0.210334
-0.328730
-0.128748
-0.309345
-0.251856
-0.339297
-0.298467
-0.138699
-0.301002
-0.354502
-0.276107
-0.186736
-0.490861
-0.017917
-0.135201
-0.362784
-0.319903
-0.269482
-0.461656
-0.290604
-0.438193
-0.258542
-0.369095
-0.459520
-0.315759
-0.371674
-0.368670
-0.286185
-0.411746
-0.100737
-0.103153
-0.185833
-0.428604
-0.307245
-0.474387
-0.272275
-0.287798
-0.092026
-0.356416
-0.064909
-0.405310
-0.316359
-0.299818
-0.271756
-0.213193
-0.381216
-0.293237
-0.360653
-0.454542
-0.340222
-0.302660
-0.381971
-0.454200
-0.378630
-0.383649
-0.221762
-0.271769
-0.119188
-0.156204
-0.275271
-0.274614
-0.110089
-0.283718
-0.071863
-0.306318
-0.396782
-0.138016
-0.401574
-0.290163
-0.373664
-0.418780
-0.350666
-0.336784
-0.215098
-0.275113
-0.034420
-0.094279
-0.414530
-0.421856
-0.248639
-0.179712
0.000093
-0.260649
-0.090162
-0.246203
-0.459828
-0.362258
-0.297063
-0.304009
-0.022732
-0.193605
-0.372496
-0.103546
-0.323382
-0.158857
-0.160049
-0.136153
-0.359655
-0.373805
0.014835
-0.382699
-0.374051
0.072397
0.133111
-0.403687
-0.260500
-0.433629
-0.189581
-0.144816
-0.167634
-0.128518
-0.158591
-0.190698
-0.366101
0.118750
-0.320279
-0.231618
-0.110982
0.132318
-0.320573
-0.143338
-0.302246
-0.261470
-0.239987
-0.068168
-0.153326
-0.294206
-0.246334
0.067212
-0.244818
0.036200
-0.153417
-0.275084
-0.158122
-0.066625
-0.215802
-0.080573
-0.131061
-0.224667
-0.106811
-0.229963
-0.233191
0.034486
-0.282532
-0.137064
-0.226742
-0.003243
-0.003071
-0.365034
-0.251725
-0.276950
-0.299849
-0.093168
-0.189152
-0.240783
-0.161146
-0.284929
-0.308232
-0.039944
-0.143485
-0.414999
0.054220
-0.282709
-0.257388
-0.329552
-0.160255
-0.054579
-0.201276
-0.307859
-0.328642
-0.294190
-0.306087
-0.025649
-0.148771
-0.312975
-0.316480
-0.201881
0.008513
-0.029354
-0.234050
0.047283
0.015009
0.013537
-0.239061
-0.375246
-0.109521
-0.225972
-0.200028
-0.414354
0.020297
-0.001316
-0.388351
-0.208750
-0.329932
-0.133869
-0.307620
-0.258422
-0.341084
-0.298580
-0.144464
-0.305423
-0.359309
-0.276420
-0.185236
-0.492378
-0.018897
-0.132359
-0.366358
-0.318975
-0.271177
-0.464764
-0.296803
-0.441382
-0.262494
-0.374560
-0.463267
-0.319211
-0.377480
-0.376662
-0.289976
-0.412602
-0.112897
-0.111779
-0.185174
-0.428857
-0.308089
-0.478237
-0.275858
-0.292557
-0.095383
-0.363212
-0.071512
-0.412496
-0.320912
-0.303820
-0.269731
-0.215215
-0.383580
-0.295527
-0.366458
-0.455866
-0.341699
-0.305503
-0.386584
-0.456316
-0.382727
-0.382880
-0.224259
-0.272341
-0.122434
-0.155965
-0.277787
-0.280660
-0.105492
-0.288383
-0.075542
-0.307793
-0.399384
-0.140735
-0.406078
-0.294104
-0.376304
-0.418209
-0.354044
-0.343716
-0.221061
-0.276336
-0.038602
-0.094359
-0.416030
-0.426205
-0.253110
-0.182886
-0.001555
-0.263497
-0.098138
-0.249946
-0.462757
-0.366920
-0.303430
-0.307892
-0.034372
-0.195445
-0.376606
-0.108527
-0.324029
-0.165897
-0.160641
-0.139740
-0.365470
-0.374971
0.009279
-0.387104
-0.379169
0.059371
0.125055
-0.407676
-0.259802
-0.439043
-0.188368
-0.145084
-0.167856
-0.131953
-0.163533
-0.196908
-0.369001
0.115138
-0.328734
-0.236171
-0.112439
-0.168932
-0.321712
-0.149435
-0.302706
-0.266026
-0.243279
-0.074341
-0.162824
-0.298654
-0.253596
0.066641
-0.248090
0.031477
-0.161630
-0.277939
-0.164155
-0.071699
-0.221722
-0.084417
-0.132915
-0.227560
-0.112537
-0.236117
-0.238282
0.020753
-0.286198
-0.144701
-0.231241
-0.002418
-0.009115
-0.367823
-0.257871
-0.284421
-0.305108
-0.096128
-0.191952
-0.242707
-0.170840
-0.296258
-0.314561
-0.042976
-0.150949
-0.419867
0.038981
-0.286546
-0.253081
-0.331696
-0.163502
-0.066636
-0.202273
-0.307999
-0.333233
-0.300991
-0.320337
-0.034013
-0.148330
-0.318445
-0.322252
-0.202019
-0.001011
-0.036032
-0.236860
0.042561
0.008504
0.009788
-0.245582
-0.379610
-0.117136
-0.228483
-0.201173
-0.421388
0.012634
-0.008968
-0.390394
-0.205905
-0.328213
-0.133451
-0.305111
-0.256978
-0.340664
-0.298661
-0.144413
-0.303957
-0.359630
-0.278711
-0.184553
-0.492592
-0.018850
-0.129883
-0.365317
-0.319792
-0.269588
-0.464916
-0.295032
-0.439905
-0.262520
-0.374022
-0.462873
-0.319126
-0.375317
-0.377125
-0.289177
-0.411911
-0.113335
-0.111236
-0.184608
-0.429114
-0.308130
-0.475800
-0.275235
-0.292887
-0.095259
-0.362872
-0.071824
-0.412937
-0.318452
-0.305206
-0.268297
-0.213358
-0.381985
-0.294306
-0.364795
-0.453554
-0.342237
-0.303208
-0.386346
-0.454170
-0.382698
-0.380261
-0.225040
-0.271993
-0.123646
-0.154766
-0.278656
-0.280752
-0.104451
-0.290350
-0.075541
-0.304169
-0.398305
-0.140534
-0.405007
-0.294178
-0.373835
-0.417692
-0.352651
-0.344660
-0.222112
-0.276516
-0.039373
-0.096779
-0.415175
-0.426949
-0.253231
-0.182763
-0.002570
-0.261293
-0.099928
-0.249507
-0.461813
-0.365579
-0.303082
-0.304827
-0.035176
-0.196420
-0.375330
-0.109553
-0.322796
-0.163988
-0.159734
-0.138239
-0.362608
-0.374730
0.008453
-0.384894
-0.380689
0.058891
0.122208
-0.405547
-0.260009
-0.436116
-0.189180
-0.147840
-0.162852
-0.132330
-0.163690
-0.195858
-0.369067
0.114963
-0.328598
-0.236574
-0.111055
-0.217286
-0.320415
-0.150812
-0.300153
-0.263872
-0.242795
-0.075260
-0.161659
-0.299796
-0.255018
0.064062
-0.246761
0.028972
-0.162399
-0.276436
-0.164549
-0.070819
-0.222249
-0.083937
-0.134247
-0.226493
-0.113488
-0.237903
-0.238749
0.020263
-0.286267
-0.145570
-0.230346
-0.005581
-0.009883
-0.366249
-0.257062
-0.282840
-0.304640
-0.096507
-0.191781
-0.241669
-0.160481
-0.298599
-0.316147
-0.044410
-0.154027
-0.418950
0.036313
-0.283169
-0.252360
-0.328101
-0.163863
-0.067625
-0.200431
-0.306040
-0.333476
-0.300313
-0.319530
-0.037016
-0.148484
-0.316578
-0.323668
-0.198615
-0.002814
-0.035565
-0.239594
0.041446
0.008002
0.009386
-0.245539
-0.377877
-0.116407
-0.228344
-0.200746
-0.419191
0.012369
-0.011692
-0.390220
-0.206448
-0.332006
-0.133906
-0.305071
-0.259171
-0.343178
-0.299678
-0.148865
-0.305720
-0.363393
-0.280200
-0.181958
-0.493280
-0.020661
-0.130019
-0.368569
-0.325648
-0.268035
-0.469544
-0.300311
-0.443080
-0.263831
-0.376251
-0.467111
-0.321231
-0.379982
-0.379955
-0.292264
-0.415676
-0.119813
-0.116640
-0.188329
-0.430616
-0.308248
-0.483642
-0.278471
-0.297139
-0.102458
-0.364494
-0.068585
-0.415208
-0.319206
-0.307362
-0.271179
-0.216187
-0.383278
-0.295798
-0.368005
-0.457588
-0.342816
-0.305132
-0.388838
-0.456474
-0.385773
-0.383967
-0.226885
-0.276860
-0.124350
-0.151373
-0.285079
-0.287002
-0.102824
-0.293163
-0.079417
-0.310502
-0.398384
-0.136947
-0.406279
-0.294431
-0.378164
-0.421176
-0.355940
-0.344995
-0.224019
-0.281875
-0.041740
-0.091537
-0.417273
-0.428797
-0.252920
-0.182419
-0.001275
-0.261333
-0.099243
-0.249844
-0.465017
-0.366933
-0.307772
-0.308774
-0.037860
-0.201957
-0.380836
-0.110139
-0.326330
-0.165822
-0.161325
-0.141247
-0.361494
-0.376341
0.007511
-0.388187
-0.383615
0.059003
0.124249
-0.406248
-0.261738
-0.440942
-0.191827
-0.168490
-0.165214
-0.139494
-0.168278
-0.198947
-0.369506
0.117837
-0.333548
-0.237325
-0.114776
-0.244762
-0.323339
-0.157686
-0.304492
-0.272005
-0.244087
-0.076659
-0.168598
-0.301117
-0.255914
0.065755
-0.252370
0.030572
-0.163891
-0.277832
-0.165889
-0.070747
-0.223255
-0.084467
-0.138787
-0.230859
-0.122056
-0.243791
-0.238111
0.018488
-0.287547
-0.143992
-0.236575
-0.004090
-0.014017
-0.369744
-0.261769
-0.285171
-0.307281
-0.100649
-0.196899
-0.245094
-0.180356
-0.300958
-0.317692
-0.043933
-0.156489
-0.420774
0.034245
-0.283083
-0.253616
-0.332196
-0.166892
-0.071342
-0.203037
-0.307683
-0.337428
-0.299789
-0.319562
-0.037352
-0.151352
-0.317493
-0.326879
-0.200282
-0.000950
-0.036164
-0.241863
0.042380
0.003586
0.004475
-0.249186
-0.382110
-0.122233
-0.226874
-0.199225
-0.426741
0.010771
-0.011908
-0.393619
-0.207008
-0.326170
-0.133774
-0.298350
-0.253826
-0.338182
-0.296529
-0.145726
-0.303236
-0.357371
-0.276912
-0.180669
-0.489326
-0.015911
-0.130154
-0.364240
-0.323947
-0.262395
-0.463379
-0.293619
-0.437380
-0.258108
-0.371579
-0.460071
-0.316760
-0.372972
-0.369980
-0.288097
-0.411698
-0.112553
-0.108735
-0.185999
-0.427797
-0.302604
-0.473896
-0.272014
-0.291566
-0.093523
-0.357692
-0.064444
-0.409718
-0.312676
-0.301784
-0.269559
-0.212172
-0.377475
-0.295415
-0.363074
-0.454161
-0.337208
-0.300920
-0.381849
-0.450810
-0.379120
-0.379885
-0.222328
-0.272265
-0.118961
-0.148811
-0.277981
-0.280287
-0.097914
-0.289215
-0.074472
-0.303121
-0.391968
-0.133570
-0.401733
-0.291565
-0.368537
-0.415952
-0.348866
-0.339886
-0.218313
-0.274974
-0.040081
-0.091019
-0.412029
-0.422655
-0.246844
-0.182537
0.000168
-0.255271
-0.094640
-0.247384
-0.459250
-0.361150
-0.299595
-0.300410
-0.031079
-0.197026
-0.376538
-0.103937
-0.318697
-0.158897
-0.157796
-0.137577
-0.354683
-0.369761
0.013347
-0.379355
-0.376268
0.070208
0.128643
-0.403457
-0.257932
-0.430563
-0.190887
-0.150757
-0.163174
-0.131930
-0.156523
-0.189572
-0.365881
0.121953
-0.323809
-0.230889
-0.109097
0.230524
-0.320259
-0.143854
-0.296328
-0.268710
-0.238778
-0.071660
-0.162650
-0.296822
-0.247425
0.065529
-0.243134
0.035564
-0.157916
-0.274270
-0.157081
-0.062492
-0.217900
-0.076254
-0.135876
-0.226286
-0.110444
-0.238910
-0.232548
0.027356
-0.278561
-0.137119
-0.227695
-0.002059
-0.006268
-0.363812
-0.253899
-0.280609
-0.297004
-0.097126
-0.189540
-0.235450
-0.159162
-0.288438
-0.307374
-0.040844
-0.149885
-0.413942
0.045947
-0.276680
-0.250677
-0.324366
-0.160019
-0.060523
-0.198892
-0.303555
-0.328061
-0.291108
-0.305212
-0.031695
-0.144793
-0.307106
-0.316879
-0.194416
0.009458
-0.029802
-0.237648
0.046100
0.012274
0.007651
-0.240042
-0.374706
-0.113776
-0.223083
-0.195988
-0.417311
0.016348
-0.005942
-0.386519
-0.205459
-0.321597
-0.119383
-0.308966
-0.239094
-0.336298
-0.288488
-0.131363
-0.294713
-0.344166
-0.272988
-0.171510
-0.478229
-0.015832
-0.134673
-0.352996
-0.320444
-0.246834
-0.454892
-0.284335
-0.431283
-0.250266
-0.363557
-0.450789
-0.305417
-0.358988
-0.347921
-0.287225
-0.409714
-0.087648
-0.081382
-0.183952
-0.417275
-0.299269
-0.458550
-0.261560
-0.289637
-0.070252
-0.341232
-0.050418
-0.394129
-0.303314
-0.285399
-0.270985
-0.211010
-0.371687
-0.289664
-0.348714
-0.445421
-0.330602
-0.291825
-0.376374
-0.444384
-0.364136
-0.379242
-0.218337
-0.268335
-0.118595
-0.144665
-0.269731
-0.267199
-0.103427
-0.280211
-0.061451
-0.297791
-0.383051
-0.127472
-0.396218
-0.283958
-0.361967
-0.408937
-0.331615
-0.324379
-0.207697
-0.260123
-0.037440
-0.103608
-0.405835
-0.410727
-0.237749
-0.179307
-0.002391
-0.252400
-0.080413
-0.245230
-0.448292
-0.349146
-0.285108
-0.290637
-0.008286
-0.193079
-0.365170
-0.087297
-0.315550
-0.144545
-0.158513
-0.127258
-0.347245
-0.364777
0.027491
-0.365265
-0.357662
0.100685
0.135243
-0.393983
-0.248741
-0.415353
-0.189197
-0.138026
-0.164540
-0.119229
-0.137734
-0.166967
-0.362395
0.120537
-0.301128
-0.222628
-0.099777
0.186164
-0.326760
-0.126673
-0.291310
-0.259039
-0.234234
-0.054029
-0.131327
-0.285483
-0.232257
0.060710
-0.237687
0.037857
-0.138864
-0.261978
-0.140017
-0.051497
-0.202559
-0.064790
-0.131923
-0.215742
-0.087237
-0.221570
-0.221902
0.048426
-0.277387
-0.116575
-0.214901
-0.004096
-0.005297
-0.351418
-0.233466
-0.263433
-0.279295
-0.096679
-0.173702
-0.227264
-0.148427
-0.259618
-0.288428
-0.033962
-0.130760
-0.403501
0.075776
-0.263850
-0.263672
-0.311797
-0.149129
-0.031648
-0.200485
-0.299769
-0.317222
-0.270901
-0.270517
-0.020581
-0.151963
-0.303703
-0.294260
-0.186270
0.020894
-0.017155
-0.230730
0.063759
0.030701
0.017851
-0.223611
-0.361648
-0.093063
-0.213117
-0.182777
-0.391324
0.037847
0.008200
-0.379513
-0.206880
-0.322109
-0.131768
-0.306539
-0.241618
-0.337717
-0.286013
-0.135762
-0.295088
-0.351683
-0.270113
-0.177666
-0.482935
-0.021761
-0.127649
-0.356536
-0.312657
-0.249546
-0.460484
-0.289645
-0.427616
-0.253890
-0.362764
-0.454916
-0.303346
-0.363505
-0.350534
-0.290322
-0.410577
-0.093559
-0.091817
-0.184270
-0.424071
-0.297458
-0.453194
-0.256865
-0.295772
-0.078884
-0.344457
-0.050814
-0.395258
-0.304881
-0.287421
-0.275927
-0.209075
-0.370769
-0.287596
-0.354695
-0.449105
-0.328972
-0.292262
-0.374585
-0.442841
-0.368060
-0.376910
-0.220753
-0.266328
-0.118413
-0.140655
-0.278010
-0.271787
-0.096995
-0.285792
-0.060722
-0.303115
-0.384716
-0.128936
-0.398214
-0.280912
-0.355504
-0.409532
-0.334227
-0.326840
-0.209850
-0.270531
-0.034485
-0.096964
-0.404976
-0.412464
-0.235942
-0.182697
0.002274
-0.252828
-0.081166
-0.250501
-0.449143
-0.354825
-0.288365
-0.289855
-0.007665
-0.192238
-0.369452
-0.092971
-0.320344
-0.138346
-0.156375
-0.131593
-0.340518
-0.368703
0.023413
-0.367330
-0.368615
0.097821
0.134307
-0.391562
-0.249082
-0.416464
-0.193043
-0.068936
-0.154782
-0.125539
-0.134175
-0.172760
-0.359593
0.124814
-0.302617
-0.226233
-0.105537
0.241794
-0.321867
-0.123437
-0.294346
-0.264266
-0.231487
-0.060473
-0.142071
-0.285035
-0.227363
0.064123
-0.234956
0.036746
-0.143960
-0.261672
-0.147627
-0.037031
-0.205067
-0.058756
-0.139757
-0.215320
-0.091241
-0.233178
-0.218285
0.045268
-0.270989
-0.121980
-0.218490
-0.006117
0.008691
-0.355730
-0.239720
-0.271496
-0.288483
-0.096738
-0.175054
-0.229369
-0.106305
-0.266694
-0.294010
-0.029593
-0.139981
-0.404662
0.068999
-0.262479
-0.258747
-0.315997
-0.158059
-0.039513
-0.196794
-0.294314
-0.317683
-0.273018
-0.273345
-0.020835
-0.141798
-0.296525
-0.301938
-0.191019
0.025305
-0.018083
-0.235006
0.055168
0.032432
0.017038
-0.227059
-0.364567
-0.107404
-0.211829
-0.183717
-0.399256
0.028786
0.002406
-0.381651
-0.209747
-0.329119
-0.128337
-0.313381
-0.247243
-0.344638
-0.298424
-0.135883
-0.295854
-0.354683
-0.279949
-0.183602
-0.486437
-0.026595
-0.137956
-0.360218
-0.318527
-0.256192
-0.467835
-0.292635
-0.431624
-0.259296
-0.365879
-0.464508
-0.302721
-0.369244
-0.368752
-0.294632
-0.414890
-0.090944
-0.101020
-0.185148
-0.433343
-0.304999
-0.464650
-0.264726
-0.299934
-0.101079
-0.349958
-0.051381
-0.403678
-0.316173
-0.303526
-0.287651
-0.209214
-0.377278
-0.289570
-0.360164
-0.464483
-0.342853
-0.296467
-0.390181
-0.449018
-0.377693
-0.385553
-0.227422
-0.276434
-0.120396
-0.155197
-0.285919
-0.283081
-0.103290
-0.294249
-0.061931
-0.309302
-0.390661
-0.131188
-0.406303
-0.283335
-0.362277
-0.420273
-0.345842
-0.329359
-0.211548
-0.281744
-0.034102
-0.101620
-0.412611
-0.416069
-0.242969
-0.187026
0.002696
-0.255333
-0.088540
-0.246623
-0.459208
-0.359940
-0.297236
-0.297591
-0.013389
-0.200060
-0.376857
-0.100847
-0.337277
-0.135323
-0.170302
-0.142996
-0.346145
-0.381003
0.015049
-0.383224
-0.384173
0.086713
0.138960
-0.386652
-0.266239
-0.427444
-0.194819
-0.088105
-0.166075
-0.142276
-0.158824
-0.185805
-0.371903
0.125291
-0.313500
-0.230627
-0.109441
-0.140994
-0.325132
-0.138467
-0.308047
-0.263687
-0.240722
-0.069793
-0.154810
-0.290633
-0.235441
0.074005
-0.242079
0.024249
-0.151163
-0.268998
-0.155362
-0.049963
-0.215501
-0.067312
-0.146443
-0.224307
-0.108769
-0.241929
-0.229389
0.051100
-0.275718
-0.129854
-0.233953
-0.012917
0.003620
-0.360833
-0.256473
-0.274761
-0.295622
-0.102282
-0.180506
-0.240571
-0.149569
-0.281345
-0.310060
-0.023579
-0.152851
-0.407705
0.060431
-0.255144
-0.261011
-0.329250
-0.173698
-0.047536
-0.206241
-0.304822
-0.330963
-0.280268
-0.292051
-0.025099
-0.146722
-0.306383
-0.319015
-0.203488
0.006610
-0.019802
-0.239036
0.042576
0.022552
0.015298
-0.236456
-0.382809
-0.121190
-0.212628
-0.195858
-0.413273
0.016786
-0.004289
-0.393462
-0.215521
-0.328224
-0.122485
-0.312757
-0.248418
-0.345204
-0.302061
-0.132959
-0.291774
-0.358083
-0.282139
-0.184780
-0.488071
-0.030551
-0.145973
-0.360695
-0.326965
-0.254071
-0.467747
-0.290815
-0.430114
-0.262908
-0.368480
-0.466319
-0.299603
-0.372827
-0.377140
-0.292462
-0.416857
-0.082562
-0.108982
-0.186291
-0.434699
-0.309626
-0.472454
-0.270421
-0.295456
-0.111902
-0.347267
-0.055564
-0.406510
-0.319944
-0.311141
-0.293012
-0.207528
-0.376927
-0.288208
-0.359984
-0.466785
-0.350392
-0.297593
-0.397509
-0.449387
-0.378413
-0.385190
-0.231612
-0.279276
-0.121501
-0.163577
-0.288728
-0.287468
-0.109838
-0.298530
-0.061373
-0.307130
-0.388424
-0.132027
-0.410343
-0.279325
-0.368746
-0.424395
-0.348648
-0.328190
-0.215623
-0.282001
-0.037391
-0.108842
-0.413766
-0.414072
-0.245831
-0.190176
-0.000536
-0.253080
-0.095977
-0.244276
-0.459456
-0.360372
-0.300231
-0.299021
-0.021503
-0.209939
-0.374818
-0.105774
-0.339275
-0.138926
-0.177682
-0.148711
-0.344032
-0.384616
0.008996
-0.387748
-0.387697
0.080317
0.134291
-0.378931
-0.273509
-0.428939
-0.198979
-0.151697
-0.171529
-0.146198
-0.171684
-0.188877
-0.378241
0.124351
-0.316808
-0.230681
-0.114740
-0.323510
-0.331259
-0.152538
-0.315315
-0.264062
-0.244555
-0.071150
-0.159670
-0.293739
-0.238347
0.076776
-0.247774
0.012684
-0.153346
-0.268366
-0.162124
-0.058556
-0.222335
-0.074557
-0.146303
-0.229065
-0.121786
-0.247897
-0.235752
0.044436
-0.280814
-0.133176
-0.242090
-0.024685
-0.002611
-0.362235
-0.264114
-0.273761
-0.295549
-0.101187
-0.186857
-0.245434
-0.181589
-0.296269
-0.316462
-0.026077
-0.161585
-0.404100
0.054681
-0.247438
-0.262203
-0.331924
-0.177533
-0.051640
-0.207364
-0.313310
-0.333839
-0.279076
-0.298656
-0.027558
-0.154678
-0.311033
-0.324791
-0.206078
-0.004260
-0.020818
-0.239345
0.032658
0.014243
0.008278
-0.239898
-0.387912
-0.126158
-0.214517
-0.197984
-0.418510
0.009972
-0.007084
-0.395730
-0.215380
-0.326325
-0.121554
-0.310512
-0.248340
-0.343450
-0.303516
-0.131497
-0.289634
-0.354928
-0.281695
-0.183788
-0.486683
-0.025006
-0.143882
-0.360736
-0.323625
-0.252721
-0.467471
-0.288517
-0.429409
-0.261406
-0.367939
-0.466076
-0.297574
-0.369256
-0.375454
-0.291419
-0.415196
-0.076893
-0.108586
-0.184018
-0.431759
-0.307080
-0.471380
-0.267378
-0.296679
-0.109552
-0.344887
-0.056120
-0.402811
-0.318253
-0.311488
-0.291232
-0.208138
-0.377984
-0.284055
-0.360121
-0.465981
-0.349620
-0.295622
-0.398823
-0.452064
-0.378162
-0.382854
-0.227330
-0.278849
-0.117513
-0.162647
-0.286778
-0.281606
-0.108248
-0.294203
-0.060581
-0.307423
-0.389868
-0.130182
-0.409137
-0.278515
-0.365850
-0.423461
-0.347007
-0.326245
-0.213097
-0.279503
-0.034712
-0.104109
-0.411640
-0.413611
-0.243768
-0.190344
-0.000493
-0.251258
-0.097956
-0.240942
-0.460663
-0.358260
-0.298616
-0.299655
-0.024131
-0.204980
-0.373546
-0.101956
-0.338174
-0.137360
-0.178224
-0.146597
-0.343382
-0.383509
0.010641
-0.385112
-0.384566
0.083256
0.136753
-0.378944
-0.274469
-0.426169
-0.196833
-0.150046
-0.171865
-0.143933
-0.171416
-0.189003
-0.377929
0.129256
-0.315507
-0.228573
-0.112889
-0.337986
-0.333384
-0.145471
-0.313074
-0.264296
-0.242646
-0.067814
-0.159139
-0.291426
-0.239118
0.078509
-0.247668
0.011831
-0.151475
-0.266043
-0.158900
-0.057565
-0.222363
-0.078121
-0.144693
-0.225188
-0.119093
-0.245900
-0.234593
0.048452
-0.278892
-0.129879
-0.240667
-0.021274
-0.004025
-0.361414
-0.259754
-0.268322
-0.293417
-0.098852
-0.186317
-0.246989
-0.185336
-0.296078
-0.312964
-0.021800
-0.159603
-0.401677
0.056672
-0.244402
-0.261101
-0.332189
-0.174956
-0.050963
-0.206254
-0.309486
-0.332922
-0.280568
-0.298604
-0.027131
-0.153712
-0.309570
-0.322226
-0.206604
-0.000585
-0.023018
-0.236610
0.034603
0.016468
0.013121
-0.236479
-0.383302
-0.123290
-0.214128
-0.198279
-0.417297
0.011252
-0.006898
-0.395826
-0.213470
-0.324537
-0.121807
-0.310717
-0.247142
-0.341022
-0.298334
-0.132477
-0.290832
-0.352040
-0.279680
-0.180172
-0.484355
-0.022218
-0.139413
-0.360551
-0.318550
-0.252719
-0.464378
-0.286080
-0.427220
-0.255583
-0.367684
-0.463718
-0.295856
-0.367510
-0.368079
-0.287878
-0.412407
-0.076135
-0.102465
-0.183718
-0.433005
-0.305096
-0.464951
-0.262306
-0.294774
-0.105843
-0.342435
-0.056423
-0.399150
-0.316365
-0.303637
-0.286431
-0.207657
-0.373541
-0.280817
-0.357885
-0.462886
-0.345685
-0.293540
-0.393024
-0.449437
-0.375642
-0.380411
-0.223945
-0.275382
-0.117087
-0.154764
-0.283732
-0.275877
-0.108732
-0.289290
-0.056686
-0.304713
-0.388477
-0.128802
-0.404651
-0.276722
-0.358794
-0.419687
-0.343554
-0.325012
-0.209698
-0.278226
-0.032800
-0.100436
-0.409789
-0.410692
-0.242776
-0.188888
0.001691
-0.251729
-0.092722
-0.241206
-0.456179
-0.357897
-0.296379
-0.295239
-0.016302
-0.200310
-0.370797
-0.097947
-0.335758
-0.136407
-0.171706
-0.143716
-0.342313
-0.377322
0.019505
-0.381186
-0.378143
0.089887
0.144886
-0.379311
-0.265530
-0.423289
-0.190856
-0.111645
-0.168132
-0.138797
-0.160862
-0.185526
-0.373592
0.131359
-0.312278
-0.227174
-0.111364
-0.197013
-0.331799
-0.131760
-0.308083
-0.265324
-0.240028
-0.062227
-0.152065
-0.286515
-0.234390
0.078653
-0.244250
0.019615
-0.149144
-0.263727
-0.150387
-0.052772
-0.217994
-0.074254
-0.143116
-0.219260
-0.110763
-0.240490
-0.230617
0.052790
-0.275438
-0.127749
-0.234110
-0.011811
0.001511
-0.360650
-0.252795
-0.267078
-0.290356
-0.099644
-0.178874
-0.242374
-0.153175
-0.290102
-0.306744
-0.018921
-0.155712
-0.400286
0.057206
-0.247626
-0.256916
-0.328501
-0.166076
-0.046949
-0.201251
-0.304466
-0.328072
-0.278148
-0.290308
-0.025662
-0.145786
-0.306667
-0.315284
-0.202112
0.005457
-0.020962
-0.234174
0.044343
0.019679
0.019359
-0.229570
-0.379656
-0.119352
-0.214087
-0.194370
-0.412984
0.017756
-0.002013
-0.391683
-0.211079
-0.323394
-0.120379
-0.307598
-0.239472
-0.337325
-0.293532
-0.135383
-0.287485
-0.346951
-0.273805
-0.177612
-0.480954
-0.012654
-0.133400
-0.355931
-0.313238
-0.246276
-0.459876
-0.284412
-0.426700
-0.247870
-0.360484
-0.457662
-0.298961
-0.359891
-0.352899
-0.285347
-0.410162
-0.073882
-0.090708
-0.183105
-0.427050
-0.299821
-0.455955
-0.256849
-0.294536
-0.089317
-0.337665
-0.054792
-0.391083
-0.307510
-0.292270
-0.278589
-0.207538
-0.369715
-0.279542
-0.355448
-0.456058
-0.334721
-0.290249
-0.384817
-0.448008
-0.369581
-0.377669
-0.219121
-0.268819
-0.113907
-0.144716
-0.276906
-0.266593
-0.107323
-0.280541
-0.053174
-0.298458
-0.382627
-0.124201
-0.401530
-0.280365
-0.353422
-0.413866
-0.331824
-0.318818
-0.201420
-0.276649
-0.031348
-0.093068
-0.407498
-0.409045
-0.237392
-0.183607
0.001743
-0.248570
-0.082628
-0.239107
-0.450297
-0.351147
-0.291070
-0.288848
-0.007076
-0.191468
-0.367153
-0.085555
-0.328245
-0.135085
-0.163066
-0.133559
-0.340359
-0.368509
0.028135
-0.371356
-0.368595
0.104158
0.151081
-0.384702
-0.255904
-0.414383
-0.185503
-0.077861
-0.163042
-0.128331
-0.146167
-0.177329
-0.365087
0.137093
-0.304093
-0.220680
-0.103946
0.184762
-0.327512
-0.117789
-0.297990
-0.263828
-0.234694
-0.056344
-0.141912
-0.279855
-0.223680
0.071005
-0.237514
0.031201
-0.141051
-0.258396
-0.137579
-0.040145
-0.205720
-0.066394
-0.141395
-0.213948
-0.092380
-0.231412
-0.218997
0.060721
-0.270323
-0.118062
-0.222874
0.000715
0.003701
-0.356919
-0.241281
-0.264329
-0.280561
-0.095275
-0.169218
-0.234827
-0.125466
-0.270503
-0.290556
-0.020466
-0.141781
-0.400149
0.073378
-0.251670
-0.252118
-0.323379
-0.155839
-0.034984
-0.197791
-0.297457
-0.320612
-0.272342
-0.271832
-0.018524
-0.141820
-0.299187
-0.302424
-0.195182
0.026713
-0.015807
-0.230659
0.055379
0.030568
0.024892
-0.216809
-0.369010
-0.109709
-0.209195
-0.186478
-0.399247
0.029735
0.004465
-0.384282
-0.207502
-0.318180
-0.120833
-0.305602
-0.232567
-0.331085
-0.284429
-0.141512
-0.288559
-0.341170
-0.269692
-0.174203
-0.472490
-0.011134
-0.136876
-0.349460
-0.317715
-0.240188
-0.451808
-0.280010
-0.425653
-0.248606
-0.356645
-0.446730
-0.301587
-0.351992
-0.341217
-0.284120
-0.407136
-0.071562
-0.079833
-0.181021
-0.418763
-0.294058
-0.451737
-0.258576
-0.292968
-0.070573
-0.332928
-0.058565
-0.383327
-0.299700
-0.283391
-0.273137
-0.209878
-0.366371
-0.280763
-0.348373
-0.446386
-0.330941
-0.285985
-0.375749
-0.442474
-0.361678
-0.375617
-0.219678
-0.265184
-0.111954
-0.142178
-0.272662
-0.257725
-0.109534
-0.277003
-0.049651
-0.294402
-0.377949
-0.123496
-0.394906
-0.281315
-0.353689
-0.405457
-0.327196
-0.310718
-0.203706
-0.269203
-0.036281
-0.093986
-0.401296
-0.405849
-0.230117
-0.177002
-0.008557
-0.242981
-0.080914
-0.238335
-0.441169
-0.344607
-0.284855
-0.286326
-0.006205
-0.189271
-0.359015
-0.084007
-0.317941
-0.141021
-0.155538
-0.121830
-0.336803
-0.362874
0.027888
-0.361960
-0.357354
0.108238
0.135127
-0.384765
-0.247926
-0.402761
-0.191373
-0.128198
-0.162710
-0.115446
-0.140284
-0.166338
-0.358491
0.129681
-0.295538
-0.213489
-0.099472
0.063608
-0.320546
-0.117073
-0.289326
-0.260989
-0.228034
-0.056158
-0.134898
-0.275572
-0.215923
0.060226
-0.234641
0.032151
-0.136257
-0.256453
-0.136942
-0.035885
-0.197500
-0.060840
-0.138201
-0.212013
-0.083537
-0.226222
-0.213157
0.056343
-0.271770
-0.114935
-0.215218
0.000570
-0.001756
-0.349240
-0.233355
-0.260883
-0.272826
-0.091513
-0.171982
-0.230207
-0.149954
-0.255239
-0.283422
-0.029624
-0.132085
-0.396213
0.083708
-0.251069
-0.257219
-0.313422
-0.153588
-0.023760
-0.198002
-0.296236
-0.314313
-0.262795
-0.260287
-0.015625
-0.151687
-0.294396
-0.291388
-0.189844
0.038475
-0.015366
-0.224225
0.056690
0.034100
0.014082
-0.212151
-0.358564
-0.101270
-0.205447
-0.185668
-0.385239
0.034958
0.002278
-0.375744
-0.208637
-0.320086
-0.127164
-0.306108
-0.234157
-0.331171
-0.285288
-0.146560
-0.291546
-0.345588
-0.270785
-0.175491
-0.477682
-0.009674
-0.135366
-0.352858
-0.318374
-0.241218
-0.455402
-0.283358
-0.426997
-0.251580
-0.358090
-0.451354
-0.303252
-0.353485
-0.344899
-0.283579
-0.410870
-0.073505
-0.084186
-0.182219
-0.423832
-0.290342
-0.455290
-0.259783
-0.299338
-0.070767
-0.338932
-0.060103
-0.388871
-0.299788
-0.286352
-0.273369
-0.210370
-0.369797
-0.283222
-0.353457
-0.449579
-0.331341
-0.284805
-0.378197
-0.443196
-0.366033
-0.377810
-0.222472
-0.265612
-0.111066
-0.144587
-0.278153
-0.261143
-0.106109
-0.281235
-0.051202
-0.297408
-0.382438
-0.122728
-0.398671
-0.283129
-0.352919
-0.408830
-0.330245
-0.313227
-0.202922
-0.273786
-0.037934
-0.088618
-0.403850
-0.409388
-0.231416
-0.179071
-0.010204
-0.243312
-0.080454
-0.240367
-0.445758
-0.346775
-0.288187
-0.287647
-0.006107
-0.187661
-0.363519
-0.084170
-0.318464
-0.138008
-0.157780
-0.122409
-0.337153
-0.366692
0.024471
-0.364180
-0.363221
0.109049
0.135384
-0.385892
-0.249303
-0.403397
-0.196254
-0.120321
-0.163170
-0.114586
-0.138894
-0.169232
-0.360382
0.134350
-0.297523
-0.214772
-0.102276
0.273609
-0.318833
-0.116329
-0.292742
-0.264715
-0.228670
-0.061683
-0.142973
-0.278039
-0.216423
0.060018
-0.233184
0.032730
-0.139481
-0.258251
-0.138542
-0.029872
-0.198662
-0.060212
-0.143015
-0.210764
-0.082870
-0.233775
-0.212151
0.057286
-0.271979
-0.116232
-0.216303
-0.001714
0.001926
-0.351735
-0.237764
-0.265375
-0.276653
-0.091966
-0.174814
-0.231419
-0.142074
-0.256120
-0.289014
-0.028545
-0.133070
-0.398443
0.084351
-0.252427
-0.255258
-0.318534
-0.161420
-0.025994
-0.197672
-0.296653
-0.316751
-0.264209
-0.265992
-0.014637
-0.151524
-0.294056
-0.295593
-0.194118
0.043020
-0.017092
-0.225765
0.051520
0.037824
0.012323
-0.212355
-0.364020
-0.105950
-0.203925
-0.188498
-0.389697
0.030481
0.000160
-0.378720
-0.212870
-0.320770
-0.133497
-0.299208
-0.235695
-0.329288
-0.282623
-0.156901
-0.293047
-0.350915
-0.271568
-0.173131
-0.478477
-0.016857
-0.128905
-0.355633
-0.317713
-0.236649
-0.457538
-0.284801
-0.423503
-0.259393
-0.358861
-0.455666
-0.303849
-0.356670
-0.347288
-0.284185
-0.411135
-0.084794
-0.094824
-0.182749
-0.426648
-0.285629
-0.458672
-0.262052
-0.301811
-0.084961
-0.344003
-0.063985
-0.395392
-0.303219
-0.288059
-0.274448
-0.206789
-0.366257
-0.280697
-0.358609
-0.451003
-0.331985
-0.283626
-0.376217
-0.439664
-0.368484
-0.373289
-0.224972
-0.263209
-0.110835
-0.137459
-0.289565
-0.270751
-0.101201
-0.283904
-0.052888
-0.300443
-0.382996
-0.125190
-0.399602
-0.274538
-0.352601
-0.406091
-0.332918
-0.312424
-0.204713
-0.280638
-0.039302
-0.076183
-0.404537
-0.406265
-0.230321
-0.183525
-0.005257
-0.241910
-0.085341
-0.242843
-0.444765
-0.353035
-0.293898
-0.286850
-0.008908
-0.190430
-0.366184
-0.092070
-0.319417
-0.136242
-0.161812
-0.128139
-0.329812
-0.367589
0.018155
-0.368266
-0.374956
0.098315
0.125721
-0.380446
-0.246734
-0.404250
-0.199693
-0.128752
-0.154996
-0.123029
-0.141422
-0.179097
-0.356440
0.137899
-0.304464
-0.215161
-0.111921
0.030108
-0.315991
-0.125929
-0.294249
-0.273143
-0.226728
-0.075126
-0.164336
-0.278345
-0.215174
0.060154
-0.235474
0.028365
-0.147643
-0.257633
-0.145882
-0.020457
-0.200922
-0.059508
-0.149835
-0.212813
-0.094816
-0.245577
-0.210867
0.045774
-0.266150
-0.123835
-0.223356
-0.007803
0.007789
-0.356066
-0.248032
-0.268125
-0.286941
-0.092119
-0.178097
-0.233043
-0.137444
-0.265219
-0.296944
-0.024101
-0.143103
-0.398522
0.066454
-0.248218
-0.247117
-0.318330
-0.173010
-0.038064
-0.196606
-0.288439
-0.321012
-0.262920
-0.272126
-0.018337
-0.147341
-0.288080
-0.305765
-0.197040
0.043238
-0.022855
-0.231095
0.037243
0.039101
0.005641
-0.221032
-0.370069
-0.125257
-0.200390
-0.183014
-0.398740
0.015879
-0.006045
-0.379675
-0.209395
-0.321536
-0.133407
-0.303265
-0.237798
-0.332245
-0.285892
-0.150666
-0.293084
-0.349335
-0.271765
-0.175728
-0.481519
-0.022285
-0.135238
-0.355843
-0.315775
-0.238648
-0.461133
-0.285202
-0.424547
-0.258700
-0.360407
-0.456624
-0.300809
-0.354620
-0.347021
-0.290840
-0.411120
-0.079431
-0.095791
-0.186385
-0.430122
-0.290488
-0.455322
-0.260897
-0.303834
-0.086073
-0.340374
-0.055649
-0.394526
-0.305367
-0.287681
-0.278798
-0.207695
-0.367968
-0.280760
-0.357544
-0.454058
-0.331782
-0.284786
-0.380118
-0.443144
-0.370115
-0.377054
-0.224215
-0.265743
-0.112815
-0.137621
-0.286509
-0.269396
-0.102244
-0.284067
-0.052522
-0.304059
-0.385649
-0.126572
-0.404348
-0.274038
-0.352884
-0.411390
-0.332673
-0.311571
-0.205730
-0.278161
-0.035460
-0.081117
-0.406920
-0.408412
-0.230921
-0.187483
-0.004633
-0.246801
-0.082629
-0.247348
-0.449571
-0.355373
-0.292822
-0.288699
-0.009685
-0.194817
-0.366865
-0.090729
-0.325257
-0.133036
-0.163881
-0.129942
-0.333575
-0.370783
0.019625
-0.366382
-0.374762
0.103090
0.123014
-0.382628
-0.250992
-0.406139
-0.203251
-0.106157
-0.154000
-0.126764
-0.142495
-0.177706
-0.361245
0.134355
-0.300328
-0.218800
-0.110748
-0.207658
-0.323094
-0.123737
-0.298035
-0.270700
-0.225924
-0.068335
-0.157420
-0.277721
-0.214872
0.064249
-0.238570
0.024321
-0.144693
-0.256531
-0.146329
-0.020311
-0.202073
-0.055822
-0.149698
-0.214199
-0.094904
-0.245100
-0.216375
0.053276
-0.266388
-0.119739
-0.223064
-0.008005
0.012279
-0.357060
-0.243336
-0.263988
-0.286616
-0.093998
-0.176630
-0.236454
-0.147557
-0.267796
-0.296627
-0.021267
-0.142135
-0.401082
0.071080
-0.245613
-0.256875
-0.319082
-0.171066
-0.036034
-0.197198
-0.291402
-0.323097
-0.263966
-0.267165
-0.020391
-0.148298
-0.292608
-0.307006
-0.197087
0.038201
-0.023580
-0.230469
0.043173
0.042007
0.012308
-0.223039
-0.368991
-0.121785
-0.202591
-0.183310
-0.397028
0.021536
-0.004521
-0.383509
-0.211207
-0.323360
-0.124242
-0.301210
-0.241859
-0.335038
-0.293580
-0.142999
-0.289104
-0.353111
-0.273644
-0.181233
-0.485076
-0.020439
-0.138063
-0.356139
-0.316518
-0.246932
-0.460226
-0.281972
-0.423857
-0.258334
-0.359710
-0.462184
-0.298517
-0.359872
-0.362474
-0.288560
-0.410873
-0.079298
-0.104532
-0.182775
-0.432030
-0.298375
-0.461316
-0.263013
-0.297228
-0.099362
-0.343788
-0.059574
-0.401176
-0.311383
-0.300376
-0.282330
-0.203130
-0.370109
-0.281882
-0.361248
-0.460940
-0.341152
-0.291635
-0.389409
-0.444828
-0.372541
-0.379397
-0.226830
-0.270859
-0.110895
-0.153741
-0.283317
-0.279527
-0.106931
-0.289586
-0.054122
-0.301184
-0.385435
-0.128815
-0.406757
-0.277022
-0.354557
-0.417024
-0.340450
-0.318870
-0.203554
-0.281830
-0.033791
-0.089274
-0.408328
-0.410278
-0.237446
-0.187727
-0.000761
-0.244273
-0.090194
-0.244581
-0.454570
-0.357698
-0.298071
-0.290280
-0.012079
-0.195171
-0.369693
-0.097461
-0.331832
-0.129853
-0.168876
-0.138466
-0.337111
-0.375791
0.013466
-0.378619
-0.383232
0.093818
0.136428
-0.379778
-0.260846
-0.413522
-0.198591
-0.089823
-0.158974
-0.132411
-0.157371
-0.185679
-0.368635
0.135396
-0.306856
-0.221698
-0.110342
-0.038355
-0.323987
-0.130912
-0.304970
-0.261492
-0.233683
-0.074445
-0.163862
-0.283583
-0.225117
0.073830
-0.238207
0.020464
-0.151231
-0.266235
-0.153729
-0.038026
-0.215603
-0.068677
-0.147162
-0.219875
-0.104366
-0.246240
-0.226291
0.058701
-0.270719
-0.129228
-0.229663
-0.006751
0.008060
-0.358225
-0.256373
-0.267735
-0.292340
-0.092059
-0.177014
-0.239601
-0.140855
-0.282794
-0.305750
-0.016923
-0.155213
-0.405406
0.060081
-0.247056
-0.254243
-0.326798
-0.177636
-0.048351
-0.198491
-0.299851
-0.329704
-0.271715
-0.288537
-0.025075
-0.143262
-0.299318
-0.320344
-0.203491
0.021328
-0.022883
-0.232515
0.034935
0.029792
0.015303
-0.228146
-0.378527
-0.123826
-0.208452
-0.193306
-0.410242
0.013602
-0.007332
-0.388231
-0.209370
-0.328488
-0.124665
-0.298265
-0.249685
-0.335799
-0.299598
-0.152543
-0.294646
-0.361664
-0.275214
-0.182239
-0.491450
-0.013109
-0.136505
-0.362665
-0.321180
-0.256684
-0.470068
-0.292315
-0.432520
-0.260145
-0.367266
-0.470206
-0.309047
-0.368703
-0.376146
-0.290918
-0.413191
-0.095175
-0.114194
-0.183361
-0.432470
-0.298673
-0.477162
-0.270165
-0.298924
-0.106345
-0.354866
-0.069774
-0.409794
-0.317423
-0.309170
-0.276233
-0.207643
-0.377772
-0.287107
-0.371046
-0.465253
-0.345737
-0.296896
-0.395296
-0.453793
-0.381842
-0.382290
-0.227542
-0.276345
-0.111310
-0.157394
-0.287959
-0.285559
-0.108806
-0.292895
-0.062808
-0.303872
-0.391277
-0.133964
-0.411715
-0.287547
-0.364151
-0.421459
-0.349737
-0.332369
-0.210699
-0.291206
-0.036652
-0.083157
-0.413404
-0.421849
-0.246413
-0.186185
-0.002569
-0.249317
-0.097418
-0.243698
-0.462269
-0.361822
-0.309345
-0.301434
-0.025469
-0.200434
-0.378531
-0.103561
-0.333171
-0.144623
-0.168345
-0.138165
-0.347622
-0.374217
0.007350
-0.386757
-0.387868
0.078068
0.135331
-0.392099
-0.264324
-0.425091
-0.194866
-0.131493
-0.163469
-0.135494
-0.166455
-0.194817
-0.371865
0.137576
-0.323719
-0.226949
-0.110383
-0.000789
-0.321872
-0.143791
-0.308480
-0.270368
-0.241073
-0.080585
-0.176387
-0.291206
-0.239530
0.072269
-0.245293
0.023844
-0.165098
-0.271872
-0.161082
-0.051295
-0.223026
-0.080077
-0.144255
-0.227303
-0.114703
-0.251136
-0.233859
0.043336
-0.279135
-0.139014
-0.236868
-0.001146
-0.004660
-0.366106
-0.265381
-0.278626
-0.298917
-0.090193
-0.189814
-0.245738
-0.169932
-0.296717
-0.311521
-0.023363
-0.161175
-0.414745
0.050492
-0.262060
-0.247069
-0.336241
-0.180519
-0.061825
-0.200561
-0.311164
-0.336383
-0.286103
-0.310253
-0.031747
-0.147472
-0.305716
-0.327223
-0.208594
0.014689
-0.030677
-0.235536
0.029859
0.018061
0.007508
-0.238772
-0.382926
-0.129876
-0.215264
-0.200421
-0.424687
0.004920
-0.013563
-0.395153
-0.207709
-0.329544
-0.124483
-0.289412
-0.254870
-0.331470
-0.295616
-0.167756
-0.296470
-0.363905
-0.273720
-0.174046
-0.492704
-0.007698
-0.128913
-0.364256
-0.322002
-0.255197
-0.470498
-0.299281
-0.436989
-0.264153
-0.374760
-0.469864
-0.320540
-0.372730
-0.375264
-0.289713
-0.412604
-0.111984
-0.120141
-0.182420
-0.431975
-0.294049
-0.482918
-0.271609
-0.299970
-0.104123
-0.357767
-0.081290
-0.411496
-0.316956
-0.307951
-0.266575
-0.212618
-0.374988
-0.292207
-0.371235
-0.461198
-0.344961
-0.298208
-0.390449
-0.456481
-0.384720
-0.379623
-0.228252
-0.274721
-0.109512
-0.151012
-0.291920
-0.287220
-0.109811
-0.294625
-0.065988
-0.301043
-0.390847
-0.134741
-0.410942
-0.294617
-0.369061
-0.416239
-0.350717
-0.338519
-0.217968
-0.293801
-0.040079
-0.071049
-0.416224
-0.423981
-0.245436
-0.183321
-0.006607
-0.249470
-0.100060
-0.244941
-0.460015
-0.365045
-0.316700
-0.304533
-0.034436
-0.204099
-0.379499
-0.105311
-0.326647
-0.158653
-0.160687
-0.130931
-0.354169
-0.369448
0.004493
-0.385256
-0.388414
0.064681
0.123838
-0.397754
-0.258996
-0.428154
-0.194791
-0.167176
-0.160033
-0.132195
-0.167529
-0.195948
-0.364237
0.134323
-0.331581
-0.228892
-0.109299
-0.156405
-0.316243
-0.155327
-0.302907
-0.278986
-0.240126
-0.085602
-0.188285
-0.291151
-0.243769
0.061283
-0.249837
0.028218
-0.172148
-0.273826
-0.167328
-0.052474
-0.221577
-0.079295
-0.142950
-0.227350
-0.119229
-0.252971
-0.232552
0.026451
-0.284267
-0.142801
-0.240686
0.006525
-0.009140
-0.367765
-0.265492
-0.284991
-0.302541
-0.089828
-0.197208
-0.245290
-0.186433
-0.300992
-0.315888
-0.030690
-0.160181
-0.419700
0.036253
-0.274023
-0.244380
-0.335472
-0.177939
-0.069338
-0.199449
-0.310025
-0.337229
-0.290181
-0.318882
-0.034129
-0.156126
-0.305827
-0.329593
-0.203407
0.021909
-0.036177
-0.235142
0.026530
0.009976
-0.004021
-0.242675
-0.380516
-0.132909
-0.216955
-0.192979
-0.426954
-0.002206
-0.019590
-0.393438
-0.202457
-0.325056
-0.124238
-0.290129
-0.251111
-0.332654
-0.290667
-0.163881
-0.296134
-0.358582
-0.272275
-0.170675
-0.485644
-0.006934
-0.127164
-0.362959
-0.319198
-0.250009
-0.466960
-0.296863
-0.434129
-0.260140
-0.370348
-0.465090
-0.313050
-0.370575
-0.366360
-0.289709
-0.410343
-0.107160
-0.114410
-0.183804
-0.427985
-0.291158
-0.475421
-0.267546
-0.298341
-0.100653
-0.354409
-0.075500
-0.405022
-0.314006
-0.300061
-0.266633
-0.210924
-0.372746
-0.287956
-0.366241
-0.456893
-0.337325
-0.294561
-0.386584
-0.453474
-0.379574
-0.377431
-0.223851
-0.270726
-0.110246
-0.144268
-0.286543
-0.282047
-0.107028
-0.288618
-0.064444
-0.299299
-0.388957
-0.130846
-0.405838
-0.290607
-0.365583
-0.413403
-0.344723
-0.333459
-0.214118
-0.286826
-0.037160
-0.069717
-0.413608
-0.419039
-0.241280
-0.181152
-0.000709
-0.249340
-0.093888
-0.244113
-0.456646
-0.361685
-0.310312
-0.300245
-0.027508
-0.201767
-0.375174
-0.100418
-0.323233
-0.155452
-0.159897
-0.130724
-0.348974
-0.366164
0.013397
-0.377221
-0.382951
0.075836
0.127805
-0.397546
-0.254539
-0.423276
-0.193164
-0.153727
-0.160860
-0.132845
-0.158552
-0.189468
-0.358977
0.138634
-0.326521
-0.226146
-0.108367
-0.196801
-0.316082
-0.146204
-0.298196
-0.279541
-0.236442
-0.080347
-0.179791
-0.287276
-0.236322
0.062547
-0.248842
0.033965
-0.162525
-0.268071
-0.157969
-0.045925
-0.215025
-0.074504
-0.140981
-0.223156
-0.113444
-0.248098
-0.229701
0.032556
-0.277546
-0.135652
-0.233536
0.007507
-0.007137
-0.362904
-0.257728
-0.278093
-0.295833
-0.088969
-0.191367
-0.241874
-0.182324
-0.287884
-0.305364
-0.027407
-0.151760
-0.414622
0.045632
-0.268259
-0.245159
-0.327227
-0.171428
-0.059696
-0.197467
-0.302369
-0.333731
-0.285828
-0.305537
-0.032340
-0.150219
-0.300429
-0.319028
-0.198585
0.025313
-0.030876
-0.234260
0.033318
0.017360
0.003271
-0.236129
-0.374493
-0.128526
-0.214209
-0.185558
-0.418855
0.003672
-0.012590
-0.390527
-0.201493
-0.321747
-0.125860
-0.295233
-0.245525
-0.332002
-0.287519
-0.151183
-0.289318
-0.350318
-0.271087
-0.168141
-0.481081
-0.015968
-0.124221
-0.359041
-0.313481
-0.248288
-0.462012
-0.289791
-0.431129
-0.256633
-0.364418
-0.455789
-0.307774
-0.363720
-0.355664
-0.286782
-0.409217
-0.101664
-0.103309
-0.184064
-0.423360
-0.289341
-0.458539
-0.256967
-0.297362
-0.092903
-0.344667
-0.061929
-0.397364
-0.305899
-0.287633
-0.267496
-0.205732
-0.368517
-0.284435
-0.357848
-0.452106
-0.331922
-0.293221
-0.378742
-0.444489
-0.370259
-0.371956
-0.219320
-0.268680
-0.116694
-0.134529
-0.281089
-0.277642
-0.101778
-0.281706
-0.063999
-0.300609
-0.387140
-0.128336
-0.399290
-0.282998
-0.354807
-0.410019
-0.335190
-0.326304
-0.210296
-0.274082
-0.037114
-0.075826
-0.410819
-0.416266
-0.238061
-0.183533
-0.000594
-0.252384
-0.090800
-0.249520
-0.452098
-0.355013
-0.293761
-0.293236
-0.022536
-0.198030
-0.368775
-0.096027
-0.318084
-0.146676
-0.159942
-0.129272
-0.346604
-0.368142
0.018857
-0.363917
-0.373215
0.087955
0.126425
-0.393195
-0.250156
-0.420707
-0.194177
-0.112789
-0.152837
-0.134111
-0.146816
-0.178810
-0.357996
0.129022
-0.314272
-0.227060
-0.103760
-0.208915
-0.322736
-0.137341
-0.293483
-0.273195
-0.230845
-0.067742
-0.157912
-0.282851
-0.232591
0.061824
-0.243780
0.029893
-0.153204
-0.260027
-0.149390
-0.040692
-0.206626
-0.068433
-0.138363
-0.216355
-0.106271
-0.241877
-0.223950
0.035767
-0.269709
-0.128599
-0.223606
0.005723
0.000960
-0.359354
-0.241558
-0.267119
-0.291541
-0.088907
-0.187449
-0.235178
-0.166853
-0.275512
-0.298454
-0.029158
-0.143518
-0.406814
0.050513
-0.264790
-0.253760
-0.318624
-0.159410
-0.052228
-0.196370
-0.290633
-0.325147
-0.278679
-0.290985
-0.033151
-0.148101
-0.300181
-0.311512
-0.190753
0.020702
-0.027573
-0.236412
0.050107
0.021667
0.016729
-0.229979
-0.363022
-0.120613
-0.214371
-0.180013
-0.404803
0.020588
-0.006596
-0.384135
-0.200100
-0.318047
-0.131754
-0.300810
-0.246270
-0.333376
-0.283716
-0.141150
-0.292472
-0.345176
-0.270442
-0.167536
-0.474305
-0.029500
-0.129949
-0.355293
-0.315729
-0.245986
-0.456088
-0.284476
-0.430639
-0.254695
-0.364511
-0.448217
-0.307797
-0.354902
-0.347968
-0.290934
-0.409165
-0.099734
-0.097955
-0.189838
-0.415962
-0.293290
-0.454414
-0.259424
-0.297323
-0.081578
-0.339343
-0.047428
-0.394035
-0.299000
-0.280731
-0.270003
-0.206865
-0.365771
-0.286420
-0.348493
-0.442159
-0.323921
-0.291272
-0.371482
-0.439727
-0.364449
-0.370468
-0.217830
-0.265421
-0.124888
-0.130399
-0.278443
-0.272511
-0.091410
-0.280073
-0.069196
-0.308198
-0.384637
-0.126487
-0.395905
-0.273505
-0.357716
-0.408283
-0.331620
-0.322446
-0.215314
-0.257600
-0.044707
-0.091080
-0.407161
-0.412944
-0.234596
-0.188368
-0.002260
-0.253318
-0.091165
-0.254869
-0.445246
-0.348145
-0.284369
-0.289566
-0.025064
-0.197162
-0.365746
-0.095717
-0.312424
-0.143981
-0.161355
-0.132090
-0.341042
-0.367581
0.019890
-0.353761
-0.365025
0.093305
0.110648
-0.390929
-0.247667
-0.414546
-0.200868
-0.166886
-0.148371
-0.128735
-0.137329
-0.172035
-0.357898
0.114694
-0.300989
-0.227036
-0.109897
-0.353191
-0.333757
-0.139067
-0.287145
-0.264632
-0.224564
-0.061961
-0.138154
-0.278514
-0.230289
0.056357
-0.242389
0.026427
-0.145151
-0.253860
-0.152076
-0.038372
-0.201403
-0.061225
-0.137509
-0.218730
-0.106329
-0.240259
-0.222376
0.028409
-0.269150
-0.117542
-0.219906
-0.009892
0.004067
-0.355613
-0.226924
-0.259668
-0.287396
-0.095293
-0.189581
-0.228951
-0.204061
-0.268500
-0.292615
-0.035632
-0.136434
-0.397547
0.058802
-0.259255
-0.266394
-0.307428
-0.150747
-0.044781
-0.196421
-0.282776
-0.317645
-0.270907
-0.275692
-0.035698
-0.156880
-0.299323
-0.302603
-0.182803
0.016109
-0.033866
-0.239477
0.063756
0.032593
0.018413
-0.230876
-0.354717
-0.109823
-0.212721
-0.176254
-0.389430
0.031817
0.000123
-0.381226
-0.201886
-0.320842
-0.130984
-0.302188
-0.244123
-0.334193
-0.283766
-0.138653
-0.293201
-0.344985
-0.270583
-0.169298
-0.477114
-0.028259
-0.131672
-0.355214
-0.316069
-0.249516
-0.457411
-0.285442
-0.431174
-0.254639
-0.363774
-0.449101
-0.308631
-0.355263
-0.349166
-0.290270
-0.410052
-0.100638
-0.092527
-0.189527
-0.417789
-0.294657
-0.455166
-0.258236
-0.295931
-0.078197
-0.341399
-0.048157
-0.395917
-0.300750
-0.283850
-0.271312
-0.205563
-0.367650
-0.288010
-0.348162
-0.443864
-0.325278
-0.292636
-0.372701
-0.441917
-0.364123
-0.374466
-0.217527
-0.266770
-0.123100
-0.132977
-0.275876
-0.271769
-0.091918
-0.279786
-0.067926
-0.306540
-0.384031
-0.128434
-0.395455
-0.276383
-0.358780
-0.409707
-0.333006
-0.324009
-0.215944
-0.259505
-0.044199
-0.094801
-0.406857
-0.413485
-0.235078
-0.184818
-0.001050
-0.253080
-0.091323
-0.254050
-0.447504
-0.350683
-0.284646
-0.291584
-0.022128
-0.195711
-0.366361
-0.095874
-0.313160
-0.144507
-0.159745
-0.130163
-0.341748
-0.367426
0.020264
-0.357914
-0.365410
0.095095
0.115082
-0.391856
-0.248073
-0.416002
-0.198897
-0.151712
-0.150511
-0.128063
-0.138022
-0.172225
-0.360146
0.115278
-0.301288
-0.226037
-0.107369
-0.317715
-0.331570
-0.136485
-0.288756
-0.262324
-0.226546
-0.061511
-0.137310
-0.280377
-0.230985
0.058183
-0.241123
0.029158
-0.144492
-0.257124
-0.149694
-0.040904
-0.202323
-0.061143
-0.136678
-0.218348
-0.102510
-0.237163
-0.223019
0.033009
-0.270874
-0.119225
-0.218523
-0.007747
0.002803
-0.355178
-0.229170
-0.261233
-0.287368
-0.094863
-0.184635
-0.227859
-0.186742
-0.266739
-0.292662
-0.035923
-0.135831
-0.401389
0.061401
-0.261441
-0.265393
-0.309085
-0.151583
-0.043122
-0.198402
-0.285302
-0.318784
-0.270559
-0.274110
-0.032733
-0.152660
-0.300212
-0.302279
-0.184363
0.016079
-0.030051
-0.240189
0.063071
0.030155
0.018541
-0.231023
-0.355768
-0.108033
-0.214361
-0.178969
-0.391338
0.032202
0.001324
-0.381416
-0.204540
-0.325020
-0.125872
-0.306706
-0.248580
-0.337470
-0.291790
-0.141549
-0.298478
-0.349248
-0.273328
-0.176841
-0.484774
-0.021945
-0.134496
-0.361160
-0.315695
-0.259709
-0.464584
-0.290348
-0.434645
-0.258355
-0.366908
-0.456342
-0.309658
-0.365548
-0.361529
-0.292080
-0.410834
-0.104764
-0.099024
-0.187812
-0.425593
-0.303394
-0.465026
-0.263938
-0.295152
-0.089924
-0.349366
-0.056749
-0.402789
-0.308970
-0.294599
-0.275059
-0.210640
-0.374251
-0.289910
-0.356416
-0.451405
-0.332484
-0.296660
-0.381253
-0.449865
-0.372637
-0.380486
-0.220383
-0.272148
-0.120455
-0.142388
-0.278719
-0.278098
-0.099904
-0.285727
-0.069805
-0.305942
-0.389676
-0.131807
-0.400388
-0.284613
-0.362472
-0.415854
-0.343272
-0.333093
-0.216292
-0.272677
-0.037537
-0.092692
-0.411127
-0.417710
-0.243839
-0.182654
0.004792
-0.256389
-0.090530
-0.250826
-0.456393
-0.359557
-0.294507
-0.299089
-0.019113
-0.196635
-0.372480
-0.100048
-0.321449
-0.150096
-0.159723
-0.134905
-0.349906
-0.370966
0.018719
-0.372792
-0.373754
0.088957
0.128788
-0.397681
-0.255814
-0.426111
-0.194190
-0.113648
-0.157900
-0.133974
-0.147962
-0.180254
-0.364074
0.119972
-0.313476
-0.228876
-0.108237
-0.144791
-0.323980
-0.139352
-0.295772
-0.264965
-0.235711
-0.064181
-0.150954
-0.287015
-0.238784
0.064168
-0.245708
0.034726
-0.150807
-0.267228
-0.154661
-0.054770
-0.210336
-0.068019
-0.136945
-0.222038
-0.105326
-0.236176
-0.230582
0.037057
-0.275778
-0.128661
-0.225211
-0.001770
-0.000591
-0.360380
-0.244691
-0.270510
-0.294068
-0.094712
-0.185306
-0.235375
-0.161645
-0.277837
-0.299492
-0.033179
-0.143046
-0.409776
0.055824
-0.270112
-0.260434
-0.318075
-0.157769
-0.051968
-0.200227
-0.297031
-0.327473
-0.283922
-0.289016
-0.032856
-0.146689
-0.305698
-0.311047
-0.194931
0.010932
-0.028500
-0.238768
0.053843
0.019707
0.015440
-0.234822
-0.368258
-0.112174
-0.220438
-0.186336
-0.407759
0.024216
-0.000807
-0.386903
-0.206848
-0.329338
-0.123709
-0.309270
-0.255108
-0.341960
-0.300931
-0.149048
-0.301698
-0.355190
-0.278978
-0.182565
-0.489761
-0.022234
-0.137353
-0.365893
-0.326467
-0.269515
-0.467564
-0.295156
-0.442153
-0.262361
-0.372647
-0.464222
-0.316942
-0.375128
-0.374791
-0.290380
-0.414067
-0.114978
-0.110153
-0.189876
-0.430424
-0.310114
-0.480151
-0.275408
-0.295042
-0.101841
-0.359883
-0.067068
-0.411963
-0.316874
-0.304375
-0.275545
-0.215799
-0.379590
-0.292396
-0.364306
-0.457334
-0.344859
-0.300896
-0.387700
-0.456162
-0.382629
-0.384288
-0.224299
-0.280246
-0.122168
-0.152760
-0.284862
-0.282723
-0.110284
-0.291203
-0.076368
-0.309824
-0.393895
-0.136786
-0.403202
-0.294047
-0.373247
-0.422099
-0.354184
-0.341888
-0.222885
-0.282359
-0.041306
-0.093416
-0.416402
-0.423997
-0.253826
-0.182380
0.003119
-0.261347
-0.095528
-0.249379
-0.461255
-0.366499
-0.302545
-0.307183
-0.027895
-0.205153
-0.378222
-0.108739
-0.327158
-0.164849
-0.162397
-0.138628
-0.361831
-0.375740
0.010282
-0.387462
-0.382688
0.066098
0.128629
-0.403207
-0.264065
-0.438069
-0.193059
-0.179792
-0.166568
-0.141508
-0.167649
-0.192225
-0.369931
0.111074
-0.326758
-0.233687
-0.112885
-0.312105
-0.324056
-0.157851
-0.306206
-0.269444
-0.245238
-0.072877
-0.161177
-0.296626
-0.253044
0.064672
-0.253533
0.030999
-0.158820
-0.275729
-0.165735
-0.072471
-0.220003
-0.079331
-0.136896
-0.231192
-0.120308
-0.239721
-0.236966
0.024652
-0.287204
-0.142549
-0.234377
-0.003552
-0.012351
-0.367956
-0.259593
-0.283348
-0.302511
-0.097905
-0.197400
-0.244835
-0.195377
-0.294474
-0.313594
-0.044423
-0.153668
-0.417376
0.038685
-0.281527
-0.257894
-0.330441
-0.162034
-0.064516
-0.203401
-0.312736
-0.336953
-0.299071
-0.310576
-0.034588
-0.153494
-0.315907
-0.321213
-0.201517
-0.003649
-0.032012
-0.240208
0.046913
0.002155
0.001969
-0.244674
-0.381170
-0.120188
-0.227294
-0.196990
-0.423156
0.012720
-0.007881
-0.392858
-0.207795
-0.330217
-0.126321
-0.313691
-0.256124
-0.343263
-0.301952
-0.142343
-0.301185
-0.355782
-0.280303
-0.181114
-0.491548
-0.023854
-0.139558
-0.364181
-0.327072
-0.266480
-0.469721
-0.295299
-0.442225
-0.261549
-0.373728
-0.464892
-0.313973
-0.376449
-0.374431
-0.292753
-0.416141
-0.111276
-0.107937
-0.189678
-0.430529
-0.310103
-0.479452
-0.274477
-0.297068
-0.100725
-0.358842
-0.062140
-0.411854
-0.318453
-0.304912
-0.276852
-0.215385
-0.383632
-0.292482
-0.363214
-0.458910
-0.343582
-0.302293
-0.389015
-0.456966
-0.381982
-0.385563
-0.225222
-0.278702
-0.125833
-0.150810
-0.283282
-0.283084
-0.106360
-0.290060
-0.075333
-0.311420
-0.396498
-0.135870
-0.406136
-0.291665
-0.375146
-0.422179
-0.352410
-0.340938
-0.222525
-0.277796
-0.039235
-0.098172
-0.416710
-0.424695
-0.252936
-0.184636
0.003392
-0.262871
-0.096258
-0.249132
-0.463065
-0.365184
-0.302234
-0.305917
-0.030240
-0.204943
-0.378133
-0.106618
-0.327977
-0.162143
-0.165645
-0.142467
-0.361177
-0.378004
0.012438
-0.385537
-0.382031
0.070418
0.128797
-0.401350
-0.264979
-0.439826
-0.193685
-0.179472
-0.168074
-0.140936
-0.166378
-0.191537
-0.372996
0.115103
-0.324685
-0.235433
-0.113740
-0.341955
-0.328750
-0.156474
-0.307605
-0.271448
-0.243849
-0.070935
-0.156880
-0.297249
-0.250751
0.066756
-0.252923
0.027437
-0.156462
-0.274214
-0.162628
-0.068911
-0.218437
-0.079841
-0.137511
-0.230341
-0.119640
-0.239593
-0.237422
0.026860
-0.284411
-0.138602
-0.233265
-0.006123
-0.010755
-0.367158
-0.255056
-0.278526
-0.300795
-0.098898
-0.195017
-0.243991
-0.200517
-0.292693
-0.312119
-0.042155
-0.152475
-0.416075
0.042342
-0.276812
-0.260164
-0.329378
-0.162560
-0.059489
-0.204615
-0.309536
-0.335796
-0.296023
-0.308306
-0.033541
-0.153568
-0.317258
-0.319873
-0.200444
-0.006621
-0.030864
-0.240884
0.047273
0.005801
0.006984
-0.245467
-0.380385
-0.116543
-0.225401
-0.197520
-0.420015
0.016692
-0.004691
-0.393328
-0.208673
-0.325876
-0.127485
-0.311890
-0.251700
-0.341973
-0.297436
-0.134067
-0.298425
-0.350212
-0.279383
-0.179552
-0.486224
-0.026419
-0.135643
-0.360991
-0.319243
-0.261025
-0.464027
-0.290030
-0.435237
-0.258877
-0.370085
-0.458462
-0.310859
-0.369090
-0.365592
-0.290724
-0.413034
-0.105502
-0.099504
-0.188968
-0.425680
-0.306847
-0.467104
-0.267421
-0.293986
-0.094043
-0.352903
-0.052961
-0.407316
-0.314618
-0.297727
-0.275232
-0.209844
-0.376061
-0.290988
-0.356362
-0.454561
-0.338179
-0.300560
-0.381797
-0.451480
-0.373754
-0.379835
-0.223002
-0.274494
-0.126576
-0.145235
-0.278609
-0.279805
-0.101467
-0.287327
-0.071519
-0.308031
-0.391892
-0.135524
-0.401159
-0.283204
-0.367850
-0.417688
-0.343444
-0.333916
-0.217862
-0.269270
-0.038047
-0.101195
-0.412982
-0.419094
-0.246122
-0.186048
0.004389
-0.259358
-0.093451
-0.250716
-0.458545
-0.360488
-0.291857
-0.298849
-0.024065
-0.200794
-0.372597
-0.103217
-0.324786
-0.152136
-0.165009
-0.139748
-0.356587
-0.377361
0.016829
-0.376423
-0.375164
0.078361
0.126516
-0.395345
-0.259769
-0.435096
-0.193348
-0.141762
-0.162215
-0.138520
-0.154827
-0.184340
-0.369546
0.115184
-0.316139
-0.233996
-0.110293
-0.336330
-0.330664
-0.145766
-0.301535
-0.261926
-0.237931
-0.065055
-0.147289
-0.293554
-0.244649
0.065889
-0.246081
0.025976
-0.149282
-0.269669
-0.155306
-0.061258
-0.214484
-0.074750
-0.136905
-0.224695
-0.113368
-0.234913
-0.233425
0.034283
-0.276353
-0.131497
-0.227823
-0.007334
-0.002591
-0.362675
-0.245015
-0.271622
-0.296073
-0.100170
-0.184448
-0.236092
-0.171559
-0.284563
-0.306773
-0.037443
-0.146711
-0.410861
0.048530
-0.269497
-0.262899
-0.322202
-0.157169
-0.053926
-0.202031
-0.299047
-0.328437
-0.288220
-0.296423
-0.033433
-0.148358
-0.312093
-0.316395
-0.194090
-0.004870
-0.027242
-0.241492
0.052435
0.015457
0.014468
-0.240954
-0.372043
-0.111602
-0.222701
-0.191452
-0.409643
0.023924
-0.001944
-0.387914
-0.206450
-0.322730
-0.129060
-0.311661
-0.248191
-0.339789
-0.292148
-0.131220
-0.297843
-0.345985
-0.276521
-0.176903
-0.479984
-0.029959
-0.133312
-0.357734
-0.316213
-0.256045
-0.458478
-0.285463
-0.432421
-0.256052
-0.367210
-0.453498
-0.308470
-0.362970
-0.356245
-0.291480
-0.411159
-0.103652
-0.096903
-0.189391
-0.420192
-0.303085
-0.460071
-0.264243
-0.294068
-0.089891
-0.347025
-0.046097
-0.401502
-0.309574
-0.290040
-0.273113
-0.208221
-0.371593
-0.288267
-0.350556
-0.447974
-0.332096
-0.297664
-0.376397
-0.446124
-0.368312
-0.374104
-0.219214
-0.268621
-0.128262
-0.139203
-0.277149
-0.276640
-0.096048
-0.282247
-0.071704
-0.309522
-0.388366
-0.132888
-0.398403
-0.275868
-0.364278
-0.413375
-0.338238
-0.328706
-0.214937
-0.262676
-0.038780
-0.102915
-0.410025
-0.415300
-0.240793
-0.186790
0.005245
-0.257965
-0.090841
-0.253119
-0.452076
-0.355698
-0.285819
-0.294876
-0.021455
-0.196600
-0.368752
-0.102040
-0.320979
-0.147481
-0.163338
-0.138146
-0.352046
-0.374775
0.021074
-0.366052
-0.368960
0.084747
0.122006
-0.392922
-0.255944
-0.428077
-0.194664
-0.142892
-0.157440
-0.134285
-0.146571
-0.178292
-0.365275
0.111492
-0.307661
-0.231215
-0.111645
-0.336764
-0.333927
-0.140084
-0.296367
-0.258200
-0.234383
-0.061311
-0.136965
-0.287104
-0.239031
0.063743
-0.244376
0.026359
-0.146353
-0.263892
-0.152030
-0.054893
-0.208583
-0.069288
-0.135764
-0.222910
-0.109774
-0.234672
-0.228699
0.033303
-0.272642
-0.123993
-0.224587
-0.009814
0.000806
-0.358624
-0.234854
-0.267830
-0.292166
-0.100285
-0.181503
-0.231204
-0.174837
-0.276044
-0.302047
-0.035296
-0.140877
-0.406142
0.052765
-0.265874
-0.266119
-0.313507
-0.153589
-0.050113
-0.201007
-0.290213
-0.323458
-0.282015
-0.287705
-0.034906
-0.148624
-0.308276
-0.310154
-0.188215
-0.001358
-0.029222
-0.240690
0.060319
0.025030
0.019207
-0.236552
-0.364104
-0.107910
-0.219302
-0.186932
-0.398818
0.030228
0.002451
-0.384389
-0.205240
-0.322638
-0.128523
-0.308348
-0.246717
-0.336242
-0.288278
-0.131110
-0.296196
-0.344011
-0.273202
-0.171495
-0.477368
-0.029360
-0.130958
-0.354002
-0.316282
-0.251767
-0.456150
-0.282742
-0.429770
-0.253715
-0.366048
-0.450459
-0.308769
-0.358328
-0.350904
-0.291310
-0.411610
-0.101059
-0.093559
-0.190283
-0.416179
-0.301363
-0.456115
-0.261479
-0.292889
-0.083863
-0.343050
-0.044040
-0.397446
-0.304830
-0.284004
-0.270866
-0.207605
-0.368136
-0.287479
-0.346078
-0.442625
-0.329620
-0.295808
-0.372079
-0.442452
-0.363287
-0.372426
-0.217717
-0.267606
-0.127288
-0.134632
-0.274828
-0.274584
-0.093749
-0.280240
-0.070389
-0.308003
-0.383788
-0.130691
-0.395828
-0.274871
-0.362652
-0.409835
-0.334484
-0.325723
-0.215366
-0.258369
-0.039587
-0.101785
-0.408431
-0.413699
-0.236963
-0.184681
0.003783
-0.255454
-0.090021
-0.254031
-0.447691
-0.350811
-0.283922
-0.291047
-0.021201
-0.196964
-0.366790
-0.098710
-0.316650
-0.146190
-0.160055
-0.133369
-0.347166
-0.370076
0.020986
-0.360948
-0.366731
0.088063
0.118242
-0.390053
-0.251586
-0.422817
-0.197472
-0.158013
-0.153415
-0.129378
-0.141725
-0.173251
-0.361960
0.111418
-0.302436
-0.227723
-0.108708
-0.310914
-0.334726
-0.140340
-0.291937
-0.259087
-0.230309
-0.059235
-0.132847
-0.282784
-0.234737
0.059636
-0.241895
0.027058
-0.143330
-0.259630
-0.151102
-0.049736
-0.205451
-0.064196
-0.135454
-0.219865
-0.108095
-0.232783
-0.225223
0.033784
-0.271191
-0.119594
-0.222119
-0.010373
0.002210
-0.355306
-0.231266
-0.262686
-0.287632
-0.099610
-0.181382
-0.228516
-0.186496
-0.271728
-0.296739
-0.036017
-0.135608
-0.401863
0.055169
-0.261728
-0.267897
-0.307984
-0.148945
-0.045526
-0.199705
-0.287180
-0.320232
-0.275950
-0.280763
-0.035029
-0.152698
-0.304201
-0.305287
-0.183537
0.005076
-0.030503
-0.239773
0.063822
0.027974
0.018287
-0.234056
-0.358993
-0.105855
-0.217258
-0.179847
-0.393248
0.032434
0.003701
-0.381807
-0.204792
-0.326424
-0.125097
-0.307884
-0.248228
-0.337243
-0.292273
-0.136590
-0.297279
-0.348549
-0.273839
-0.174515
-0.486590
-0.022590
-0.132870
-0.357551
-0.315616
-0.253846
-0.463297
-0.289203
-0.434921
-0.255396
-0.366294
-0.458656
-0.309068
-0.365852
-0.358931
-0.291975
-0.412309
-0.100046
-0.098715
-0.189441
-0.425172
-0.302422
-0.462153
-0.262891
-0.297413
-0.086656
-0.347341
-0.053140
-0.401293
-0.307413
-0.291353
-0.273802
-0.210311
-0.372947
-0.289078
-0.353274
-0.451588
-0.330805
-0.297727
-0.379761
-0.449662
-0.370661
-0.378888
-0.220298
-0.270469
-0.121692
-0.139644
-0.278068
-0.277373
-0.097187
-0.284536
-0.068364
-0.305308
-0.387757
-0.129058
-0.403415
-0.282971
-0.362510
-0.414740
-0.338535
-0.329139
-0.212980
-0.268584
-0.036265
-0.092308
-0.411856
-0.418335
-0.240716
-0.183165
0.006289
-0.254723
-0.088440
-0.251161
-0.456717
-0.357107
-0.292104
-0.295839
-0.017580
-0.196969
-0.371958
-0.095992
-0.321220
-0.146489
-0.159919
-0.134274
-0.348772
-0.370449
0.023265
-0.369984
-0.372297
0.093566
0.131100
-0.396128
-0.253358
-0.425899
-0.194907
-0.120007
-0.157347
-0.131832
-0.144206
-0.178100
-0.363418
0.124821
-0.310544
-0.228991
-0.105949
-0.094424
-0.330545
-0.137588
-0.297161
-0.266290
-0.234954
-0.061556
-0.144196
-0.287079
-0.234252
0.063341
-0.242476
0.034055
-0.146413
-0.263765
-0.149943
-0.047171
-0.207822
-0.064930
-0.135242
-0.219644
-0.103351
-0.236199
-0.228336
0.042586
-0.274357
-0.123644
-0.222115
-0.001695
0.002733
-0.358290
-0.240219
-0.268434
-0.289094
-0.095630
-0.182635
-0.233448
-0.169673
-0.277015
-0.297323
-0.030919
-0.140675
-0.408811
0.059329
-0.264936
-0.261659
-0.315138
-0.153828
-0.047253
-0.199025
-0.294819
-0.325034
-0.281508
-0.283441
-0.030666
-0.147283
-0.305160
-0.307473
-0.192157
0.014675
-0.027126
-0.238960
0.058576
0.026348
0.019272
-0.232652
-0.366521
-0.109069
-0.217869
-0.183571
-0.402553
0.029267
0.002553
-0.386169
-0.205577
-0.328830
-0.123397
-0.301302
-0.249640
-0.334699
-0.294969
-0.147098
-0.297214
-0.354149
-0.274000
-0.177772
-0.489242
-0.015844
-0.133821
-0.360074
-0.320861
-0.258730
-0.466880
-0.293115
-0.435464
-0.257377
-0.370648
-0.464661
-0.314674
-0.369195
-0.367947
-0.288197
-0.411932
-0.102334
-0.107570
-0.186020
-0.429196
-0.299869
-0.473410
-0.267540
-0.295317
-0.095805
-0.351365
-0.068330
-0.406073
-0.312476
-0.299765
-0.272794
-0.210898
-0.375299
-0.289500
-0.361499
-0.457800
-0.338335
-0.299790
-0.383862
-0.452893
-0.375499
-0.379853
-0.225390
-0.273784
-0.115376
-0.146875
-0.282518
-0.281777
-0.105164
-0.288767
-0.066515
-0.300845
-0.388564
-0.132075
-0.404104
-0.288075
-0.367108
-0.415833
-0.344822
-0.333642
-0.215641
-0.282929
-0.037463
-0.086314
-0.412834
-0.420200
-0.245153
-0.179452
0.002685
-0.250714
-0.092021
-0.244860
-0.458707
-0.359452
-0.302328
-0.298996
-0.021235
-0.200084
-0.375619
-0.099632
-0.325700
-0.153094
-0.158892
-0.131977
-0.351994
-0.369303
0.014942
-0.378584
-0.378876
0.081619
0.133700
-0.395673
-0.257633
-0.428227
-0.193017
-0.146663
-0.162684
-0.133286
-0.157222
-0.186279
-0.363860
0.130094
-0.321763
-0.227976
-0.105948
-0.012454
-0.323174
-0.146099
-0.300856
-0.273975
-0.237667
-0.071364
-0.162138
-0.289426
-0.237849
0.064241
-0.243524
0.034462
-0.155658
-0.270164
-0.154216
-0.054000
-0.213025
-0.071082
-0.137084
-0.222879
-0.109459
-0.240792
-0.229968
0.039330
-0.281353
-0.131943
-0.230928
0.003617
-0.003773
-0.363185
-0.253960
-0.276668
-0.291358
-0.090937
-0.188768
-0.237150
-0.175495
-0.287667
-0.304850
-0.033399
-0.148447
-0.413579
0.051840
-0.267044
-0.252892
-0.324036
-0.163980
-0.057280
-0.198458
-0.305552
-0.330239
-0.287616
-0.298084
-0.029193
-0.148049
-0.304998
-0.317676
-0.198705
0.017854
-0.029736
-0.235330
0.044129
0.015876
0.008086
-0.236533
-0.374797
-0.118228
-0.218586
-0.192664
-0.414989
0.015927
-0.004180
-0.389195
-0.204790
-0.332057
-0.126405
-0.302080
-0.256640
-0.339889
-0.299596
-0.155196
-0.301764
-0.362323
-0.276960
-0.178253
-0.494382
-0.013823
-0.133833
-0.366558
-0.326182
-0.260794
-0.472763
-0.301412
-0.442361
-0.262574
-0.375742
-0.471125
-0.316795
-0.378307
-0.377873
-0.292186
-0.415041
-0.112095
-0.118239
-0.189521
-0.433534
-0.304632
-0.484526
-0.275312
-0.298871
-0.105522
-0.358700
-0.072662
-0.410415
-0.318117
-0.306553
-0.272629
-0.215756
-0.381417
-0.293281
-0.368429
-0.462299
-0.343778
-0.301631
-0.389585
-0.460032
-0.384872
-0.384926
-0.228096
-0.277038
-0.118310
-0.150564
-0.289836
-0.288777
-0.105129
-0.293298
-0.070294
-0.305758
-0.394475
-0.133832
-0.408715
-0.294586
-0.374640
-0.420694
-0.353622
-0.339259
-0.219376
-0.289137
-0.037809
-0.080896
-0.417666
-0.425880
-0.250649
-0.180580
0.003833
-0.255383
-0.094374
-0.246230
-0.466048
-0.366880
-0.310931
-0.307952
-0.029828
-0.205654
-0.381597
-0.105198
-0.328561
-0.160950
-0.161257
-0.136872
-0.356528
-0.373945
0.010229
-0.386267
-0.386363
0.068037
0.131611
-0.401909
-0.262363
-0.436001
-0.195051
-0.169556
-0.166212
-0.139251
-0.167195
-0.193843
-0.368482
0.130878
-0.332724
-0.232820
-0.110259
-0.208427
-0.323437
-0.156676
-0.305975
-0.279461
-0.242627
-0.077319
-0.175503
-0.295321
-0.245583
0.067595
-0.251480
0.033904
-0.160533
-0.274185
-0.162714
-0.059977
-0.218962
-0.076231
-0.139478
-0.229845
-0.121262
-0.247319
-0.237104
0.027648
-0.284675
-0.138556
-0.238022
0.002037
-0.010033
-0.368400
-0.264835
-0.284198
-0.300918
-0.094504
-0.196911
-0.245822
-0.195193
-0.296939
-0.312371
-0.036005
-0.154715
-0.419917
0.043659
-0.273663
-0.250938
-0.330560
-0.169031
-0.065228
-0.202517
-0.311532
-0.338863
-0.294282
-0.310949
-0.034147
-0.152121
-0.311221
-0.324048
-0.204808
0.016799
-0.032714
-0.236118
0.038582
0.009259
0.001772
-0.243702
-0.382270
-0.128692
-0.219592
-0.193452
-0.427360
0.006405
-0.009896
-0.395332
-0.204864
-0.330558
-0.125163
-0.304913
-0.255097
-0.339615
-0.299412
-0.150406
-0.299106
-0.360621
-0.275629
-0.178618
-0.491835
-0.013218
-0.134431
-0.366680
-0.324994
-0.261948
-0.471055
-0.298938
-0.441237
-0.262431
-0.375598
-0.467484
-0.314933
-0.378034
-0.377008
-0.290536
-0.413158
-0.109159
-0.108986
-0.186219
-0.432112
-0.306893
-0.481409
-0.273020
-0.292875
-0.101277
-0.356553
-0.068266
-0.410146
-0.316765
-0.305427
-0.273946
-0.215519
-0.381613
-0.292722
-0.365671
-0.461917
-0.343937
-0.299072
-0.386903
-0.457222
-0.382661
-0.385345
-0.224666
-0.277801
-0.117136
-0.150612
-0.284140
-0.286945
-0.105069
-0.291572
-0.067454
-0.304608
-0.393332
-0.134671
-0.403684
-0.291716
-0.371938
-0.420998
-0.352066
-0.338551
-0.218577
-0.284614
-0.036392
-0.086246
-0.416127
-0.421141
-0.250250
-0.181772
0.005449
-0.255945
-0.092322
-0.245373
-0.461354
-0.365013
-0.306378
-0.306257
-0.025412
-0.204737
-0.377491
-0.103479
-0.326392
-0.157755
-0.159780
-0.136378
-0.357492
-0.373981
0.013888
-0.384644
-0.384429
0.069592
0.135263
-0.399102
-0.263543
-0.434546
-0.193119
-0.152911
-0.165620
-0.137695
-0.162178
-0.189180
-0.368550
0.128624
-0.331067
-0.232752
-0.108093
-0.024392
-0.322083
-0.153635
-0.304637
-0.275347
-0.241557
-0.071583
-0.170313
-0.294740
-0.244074
0.070774
-0.249957
0.035496
-0.156953
-0.274520
-0.158107
-0.062224
-0.216211
-0.077453
-0.138224
-0.226324
-0.114205
-0.242588
-0.234262
0.032139
-0.283910
-0.135725
-0.234784
0.000854
-0.005143
-0.365289
-0.263043
-0.280526
-0.299116
-0.094975
-0.192265
-0.243528
-0.175600
-0.292449
-0.309900
-0.035606
-0.152474
-0.418377
0.046937
-0.275265
-0.252475
-0.328508
-0.165106
-0.060060
-0.203371
-0.310991
-0.335961
-0.291797
-0.306880
-0.030655
-0.151669
-0.310491
-0.321208
-0.201924
0.015900
-0.029894
-0.233929
0.039357
0.008280
0.003769
-0.243256
-0.380430
-0.124342
-0.220981
-0.190241
-0.424964
0.008879
-0.004054
-0.391958
-0.206620
-0.327613
-0.117213
-0.311399
-0.251670
-0.341234
-0.301838
-0.135572
-0.295471
-0.354544
-0.277120
-0.177599
-0.486808
-0.015565
-0.138378
-0.361491
-0.323944
-0.259535
-0.466201
-0.292820
-0.438336
-0.258646
-0.371310
-0.461320
-0.306551
-0.375277
-0.369749
-0.287076
-0.410941
-0.100880
-0.099638
-0.184900
-0.425395
-0.312452
-0.474631
-0.271867
-0.286296
-0.096911
-0.348543
-0.057435
-0.403008
-0.315062
-0.302062
-0.276200
-0.214780
-0.381087
-0.292247
-0.358557
-0.457150
-0.343532
-0.296735
-0.385158
-0.456560
-0.378283
-0.385593
-0.220958
-0.278091
-0.120591
-0.154444
-0.277223
-0.282593
-0.103929
-0.284253
-0.064171
-0.303060
-0.391399
-0.131183
-0.399487
-0.288393
-0.371487
-0.419436
-0.349867
-0.335231
-0.213856
-0.271862
-0.033709
-0.097930
-0.414320
-0.416574
-0.251187
-0.182880
0.008702
-0.256354
-0.085848
-0.243049
-0.458872
-0.359420
-0.295392
-0.303600
-0.017710
-0.202190
-0.374013
-0.099158
-0.324989
-0.152228
-0.162312
-0.138818
-0.355458
-0.374217
0.020104
-0.379033
-0.374249
0.079934
0.142939
-0.395175
-0.262958
-0.434615
-0.190211
-0.161062
-0.168006
-0.135334
-0.157103
-0.179133
-0.369126
0.126190
-0.322686
-0.232178
-0.106539
-0.079690
-0.327287
-0.150732
-0.304092
-0.264778
-0.241825
-0.059202
-0.153764
-0.293583
-0.245688
0.075123
-0.247523
0.036299
-0.146115
-0.272732
-0.152541
-0.067211
-0.212648
-0.075386
-0.129442
-0.224067
-0.107843
-0.229098
-0.234582
0.037996
-0.282228
-0.131685
-0.229052
-0.007984
-0.004637
-0.361393
-0.254949
-0.271470
-0.292843
-0.099933
-0.188843
-0.243019
-0.180197
-0.283189
-0.303113
-0.034798
-0.146339
-0.412282
0.055231
-0.273015
-0.260880
-0.323972
-0.156549
-0.048553
-0.202879
-0.308924
-0.331853
-0.285092
-0.294234
-0.026655
-0.156569
-0.315152
-0.311206
-0.200127
0.008293
-0.023279
-0.227805
0.048822
0.011276
0.010989
-0.236606
-0.375789
-0.109124
-0.221179
-0.186949
-0.415854
0.019321
0.006231
-0.390605
-0.206875
-0.327140
-0.116247
-0.310910
-0.251661
-0.341017
-0.300950
-0.132653
-0.294992
-0.354450
-0.275306
-0.180480
-0.485812
-0.016337
-0.138267
-0.359787
-0.324301
-0.261220
-0.464169
-0.290917
-0.436284
-0.258506
-0.372584
-0.457937
-0.306136
-0.374116
-0.367678
-0.284692
-0.411261
-0.096676
-0.097450
-0.182807
-0.424789
-0.314740
-0.472051
-0.268155
-0.284491
-0.094565
-0.347670
-0.057849
-0.401135
-0.316125
-0.302330
-0.278960
-0.213534
-0.380169
-0.290311
-0.359017
-0.457695
-0.344947
-0.297272
-0.382769
-0.455646
-0.375078
-0.385346
-0.222512
-0.277802
-0.119593
-0.157117
-0.274317
-0.280192
-0.107456
-0.282916
-0.063096
-0.302619
-0.389883
-0.132989
-0.396840
-0.287984
-0.372165
-0.419410
-0.350203
-0.335976
-0.215097
-0.270928
-0.033074
-0.100452
-0.412645
-0.413936
-0.250087
-0.183921
0.008939
-0.255542
-0.085165
-0.241879
-0.457467
-0.358174
-0.292908
-0.302399
-0.015393
-0.201749
-0.371982
-0.097774
-0.325832
-0.150732
-0.161989
-0.137408
-0.355244
-0.376823
0.017197
-0.379151
-0.373899
0.079119
0.142096
-0.392993
-0.264583
-0.433307
-0.191237
-0.172478
-0.168605
-0.133661
-0.159103
-0.176476
-0.369948
0.123940
-0.320583
-0.231438
-0.106237
-0.242954
-0.327519
-0.150252
-0.303023
-0.261945
-0.240880
-0.058873
-0.153234
-0.293953
-0.245953
0.076025
-0.245185
0.033769
-0.145510
-0.271179
-0.156243
-0.067958
-0.211757
-0.076292
-0.127801
-0.223165
-0.107336
-0.224999
-0.234799
0.038921
-0.281442
-0.131780
-0.228492
-0.009041
-0.004350
-0.360952
-0.255649
-0.270215
-0.293463
-0.099823
-0.188101
-0.243098
-0.180733
-0.282764
-0.304077
-0.035589
-0.146255
-0.411450
0.053420
-0.271914
-0.263306
-0.323809
-0.152916
-0.047642
-0.202610
-0.307155
-0.331042
-0.283257
-0.292682
-0.026399
-0.160585
-0.316414
-0.310495
-0.197989
0.008001
-0.021619
-0.225856
0.049308
0.009951
0.009817
-0.235332
-0.374599
-0.106899
-0.220494
-0.186825
-0.414858
0.019359
0.005169
-0.389597
-0.206212
-0.325592
-0.117936
-0.312172
-0.247881
-0.339833
-0.301476
-0.135255
-0.292610
-0.353360
-0.275152
-0.181455
-0.484957
-0.015572
-0.137550
-0.359070
-0.321540
-0.257990
-0.465321
-0.290551
-0.434918
-0.257142
-0.367404
-0.459644
-0.303567
-0.370089
-0.364633
-0.283876
-0.411074
-0.091472
-0.096992
-0.182798
-0.425575
-0.308828
-0.469020
-0.266404
-0.287957
-0.095130
-0.345873
-0.058335
-0.398266
-0.313998
-0.299667
-0.277639
-0.212902
-0.378405
-0.287251
-0.358597
-0.458234
-0.343435
-0.294052
-0.385043
-0.454303
-0.374380
-0.383113
-0.221849
-0.276206
-0.116645
-0.157620
-0.276754
-0.277238
-0.110991
-0.282458
-0.061521
-0.302543
-0.388784
-0.131017
-0.398252
-0.287569
-0.366610
-0.417793
-0.345706
-0.329367
-0.209126
-0.275164
-0.032520
-0.096833
-0.412663
-0.413971
-0.247245
-0.182429
0.005562
-0.252223
-0.083728
-0.240586
-0.456820
-0.357511
-0.294327
-0.299714
-0.012119
-0.199885
-0.372352
-0.097149
-0.329182
-0.147424
-0.163609
-0.137129
-0.350491
-0.374921
0.020239
-0.378969
-0.373808
0.084970
0.145712
-0.391578
-0.262243
-0.428051
-0.190755
-0.143295
-0.168492
-0.134346
-0.156513
-0.177820
-0.367889
0.128389
-0.315710
-0.228566
-0.106568
-0.048060
-0.325787
-0.140559
-0.303560
-0.263435
-0.240059
-0.059751
-0.152329
-0.290285
-0.237936
0.075310
-0.243116
0.032951
-0.146822
-0.269677
-0.152331
-0.060039
-0.210907
-0.076312
-0.133172
-0.221405
-0.102652
-0.228057
-0.228752
0.045636
-0.279229
-0.131164
-0.227126
-0.005816
-0.001404
-0.361264
-0.253921
-0.270780
-0.292181
-0.098235
-0.184620
-0.242902
-0.169311
-0.279362
-0.301271
-0.030243
-0.146188
-0.408803
0.059913
-0.268202
-0.259770
-0.326449
-0.160038
-0.044264
-0.201400
-0.305838
-0.329207
-0.281666
-0.289716
-0.020951
-0.153993
-0.312667
-0.309411
-0.201737
0.009909
-0.019695
-0.226411
0.045315
0.015328
0.012530
-0.229713
-0.375528
-0.109137
-0.218469
-0.190445
-0.410798
0.018991
0.004195
-0.389855
-0.208454
-0.323107
-0.117420
-0.308925
-0.242429
-0.335876
-0.296093
-0.136674
-0.290421
-0.349388
-0.273662
-0.180655
-0.481620
-0.013844
-0.141248
-0.353860
-0.321414
-0.251039
-0.460118
-0.285760
-0.428627
-0.255867
-0.362481
-0.455103
-0.300010
-0.362491
-0.357604
-0.284805
-0.412142
-0.079107
-0.090086
-0.182024
-0.424050
-0.303760
-0.461325
-0.263945
-0.289210
-0.089101
-0.341046
-0.058244
-0.394589
-0.310241
-0.295934
-0.280367
-0.209014
-0.373053
-0.283936
-0.356531
-0.455201
-0.342520
-0.289322
-0.382445
-0.448692
-0.367651
-0.380811
-0.223505
-0.272838
-0.113378
-0.157445
-0.277393
-0.271767
-0.117754
-0.283296
-0.056080
-0.298796
-0.384078
-0.129889
-0.396926
-0.283882
-0.362217
-0.414418
-0.339397
-0.321489
-0.205340
-0.276195
-0.034122
-0.096846
-0.408703
-0.409012
-0.241342
-0.180514
-0.001371
-0.246550
-0.083745
-0.236735
-0.450294
-0.352233
-0.292940
-0.294637
-0.008587
-0.197471
-0.366351
-0.094980
-0.330138
-0.141185
-0.163976
-0.133073
-0.342007
-0.373511
0.018947
-0.376719
-0.371145
0.091601
0.142197
-0.384762
-0.260619
-0.417298
-0.194739
-0.136723
-0.171086
-0.129422
-0.156723
-0.175089
-0.365971
0.130173
-0.305207
-0.221445
-0.105298
-0.129458
-0.322318
-0.134154
-0.300888
-0.260847
-0.239633
-0.062538
-0.151653
-0.284818
-0.228919
0.071381
-0.239486
0.026120
-0.145938
-0.264502
-0.149572
-0.051711
-0.208193
-0.072365
-0.136916
-0.220061
-0.096967
-0.227958
-0.223742
0.052354
-0.276775
-0.128540
-0.225977
-0.008909
-0.002825
-0.357072
-0.251263
-0.268562
-0.288570
-0.095239
-0.178352
-0.239327
-0.162612
-0.270789
-0.298573
-0.026923
-0.144072
-0.402535
0.067928
-0.254689
-0.262066
-0.323188
-0.162129
-0.038116
-0.200913
-0.302787
-0.324516
-0.272841
-0.281143
-0.019878
-0.155201
-0.306209
-0.307377
-0.200688
0.017412
-0.014929
-0.225127
0.044043
0.021969
0.009660
-0.222590
-0.372077
-0.110733
-0.212218
-0.190710
-0.402863
0.020236
-0.001680
-0.387909
-0.213601
-0.322781
-0.119582
-0.314376
-0.240936
-0.338336
-0.298074
-0.135519
-0.288368
-0.346976
-0.277294
-0.186060
-0.478142
-0.021038
-0.145124
-0.354365
-0.320175
-0.249436
-0.461489
-0.283613
-0.427286
-0.254432
-0.361073
-0.454949
-0.296497
-0.358943
-0.357703
-0.286099
-0.412899
-0.069021
-0.092539
-0.183607
-0.424747
-0.303611
-0.461436
-0.263452
-0.290306
-0.088858
-0.339652
-0.057049
-0.391890
-0.312128
-0.298235
-0.285123
-0.208512
-0.372153
-0.282559
-0.354625
-0.456956
-0.342386
-0.287959
-0.386886
-0.446455
-0.370039
-0.380435
-0.224840
-0.275178
-0.113818
-0.161812
-0.280976
-0.269994
-0.119136
-0.285100
-0.053612
-0.302852
-0.384293
-0.130274
-0.400017
-0.278874
-0.360154
-0.415688
-0.338410
-0.316337
-0.205693
-0.277230
-0.034187
-0.100227
-0.407356
-0.407935
-0.239680
-0.183056
-0.005279
-0.247553
-0.083291
-0.239049
-0.450743
-0.352465
-0.292245
-0.293183
-0.009333
-0.198961
-0.363834
-0.096452
-0.334026
-0.138968
-0.168988
-0.135041
-0.337739
-0.376236
0.017654
-0.378732
-0.373779
0.095649
0.138994
-0.383263
-0.265188
-0.411647
-0.196703
-0.148364
-0.173017
-0.131718
-0.161261
-0.174940
-0.369405
0.127705
-0.299277
-0.220361
-0.109107
-0.253844
-0.324880
-0.131650
-0.305383
-0.257132
-0.237988
-0.063355
-0.148060
-0.282010
-0.226362
0.071112
-0.240479
0.018325
-0.144464
-0.262602
-0.151791
-0.047718
-0.210831
-0.070986
-0.141930
-0.219089
-0.101042
-0.230438
-0.223867
0.057571
-0.275355
-0.126830
-0.226068
-0.013730
0.001014
-0.355282
-0.251166
-0.268374
-0.285549
-0.096516
-0.177769
-0.242988
-0.175114
-0.272802
-0.298711
-0.025123
-0.146198
-0.396863
0.073342
-0.246780
-0.263194
-0.326662
-0.167608
-0.032057
-0.203428
-0.304729
-0.323787
-0.270177
-0.278702
-0.017777
-0.155596
-0.306942
-0.308540
-0.204469
0.015812
-0.014569
-0.225352
0.040505
0.025304
0.011673
-0.221745
-0.374807
-0.113604
-0.210054
-0.197109
-0.400058
0.021664
-0.003527
-0.388809
-0.216358
-0.325256
-0.122362
-0.310053
-0.244513
-0.339394
-0.299254
-0.136646
-0.288247
-0.350678
-0.278153
-0.187876
-0.479497
-0.023304
-0.142675
-0.356501
-0.319726
-0.254325
-0.460662
-0.285406
-0.427127
-0.255904
-0.362210
-0.456780
-0.298962
-0.361600
-0.363834
-0.286076
-0.411128
-0.075326
-0.102001
-0.182017
-0.427347
-0.303168
-0.465598
-0.263207
-0.291303
-0.097299
-0.342885
-0.061361
-0.394823
-0.315932
-0.302972
-0.284906
-0.206319
-0.372931
-0.282733
-0.358817
-0.459394
-0.346272
-0.290961
-0.388726
-0.447342
-0.373053
-0.381531
-0.226787
-0.276836
-0.114270
-0.164965
-0.282595
-0.274869
-0.118233
-0.289623
-0.056307
-0.304144
-0.386661
-0.132431
-0.401651
-0.278133
-0.362949
-0.416910
-0.342722
-0.320663
-0.209649
-0.280031
-0.034009
-0.100041
-0.408977
-0.410169
-0.241871
-0.182781
-0.006657
-0.249363
-0.088218
-0.238048
-0.450582
-0.354642
-0.294288
-0.296671
-0.014010
-0.199057
-0.366708
-0.102808
-0.333997
-0.143046
-0.170744
-0.136974
-0.339312
-0.378616
0.013247
-0.383961
-0.380655
0.084131
0.134971
-0.382304
-0.268094
-0.414757
-0.197159
-0.154045
-0.173225
-0.134763
-0.168184
-0.180850
-0.371442
0.120634
-0.303663
-0.222921
-0.111339
-0.248826
-0.322984
-0.138185
-0.308649
-0.256271
-0.239108
-0.070671
-0.156885
-0.284658
-0.231714
0.075158
-0.240977
0.015658
-0.149438
-0.266998
-0.159678
-0.054225
-0.216081
-0.074773
-0.143103
-0.222533
-0.111837
-0.235591
-0.226005
0.051011
-0.276331
-0.133474
-0.232710
-0.013795
-0.000313
-0.356981
-0.258449
-0.273360
-0.292925
-0.095670
-0.178096
-0.243673
-0.173734
-0.281179
-0.306055
-0.027311
-0.152147
-0.399185
0.064148
-0.247946
-0.259158
-0.330924
-0.171692
-0.041212
-0.204127
-0.307320
-0.326382
-0.277057
-0.291721
-0.021860
-0.154884
-0.308499
-0.315836
-0.205377
0.010894
-0.018687
-0.229561
0.035155
0.020382
0.008311
-0.228026
-0.380930
-0.120568
-0.211562
-0.203457
-0.405727
0.013391
-0.008353
-0.390487
-0.216244
-0.327064
-0.125480
-0.311699
-0.247525
-0.340730
-0.299358
-0.137802
-0.294614
-0.351721
-0.278476
-0.186981
-0.486264
-0.020487
-0.137036
-0.361252
-0.315564
-0.262036
-0.463604
-0.289361
-0.433464
-0.257606
-0.366673
-0.460880
-0.305498
-0.368228
-0.368275
-0.288075
-0.410415
-0.092728
-0.104262
-0.182385
-0.428022
-0.305378
-0.468522
-0.264714
-0.292751
-0.097516
-0.350304
-0.060521
-0.400729
-0.318030
-0.302990
-0.277997
-0.210945
-0.377539
-0.286288
-0.361669
-0.458776
-0.344609
-0.297633
-0.388043
-0.452379
-0.378573
-0.382406
-0.222519
-0.275511
-0.117156
-0.161218
-0.279199
-0.277570
-0.111808
-0.288519
-0.064458
-0.304960
-0.391572
-0.135635
-0.402352
-0.285961
-0.365349
-0.418197
-0.347303
-0.329662
-0.211621
-0.279137
-0.033314
-0.096650
-0.411745
-0.417996
-0.247719
-0.180122
-0.002526
-0.256426
-0.089995
-0.243809
-0.456868
-0.358737
-0.295878
-0.302163
-0.015909
-0.197021
-0.371353
-0.102699
-0.331855
-0.145906
-0.165329
-0.137671
-0.351200
-0.376879
0.015721
-0.385094
-0.377507
0.077393
0.141209
-0.393298
-0.264376
-0.427418
-0.192368
-0.116496
-0.169507
-0.134800
-0.162890
-0.185630
-0.369383
0.119544
-0.314079
-0.230006
-0.109036
-0.109685
-0.321102
-0.138340
-0.308438
-0.259114
-0.241637
-0.068329
-0.154386
-0.288747
-0.239617
0.073549
-0.241354
0.028026
-0.152049
-0.272367
-0.160103
-0.061145
-0.218157
-0.079543
-0.139532
-0.224009
-0.107390
-0.234786
-0.229709
0.042850
-0.280480
-0.138489
-0.231678
-0.005984
-0.003087
-0.361623
-0.256310
-0.278866
-0.296435
-0.095941
-0.181540
-0.242959
-0.158982
-0.283057
-0.308421
-0.030272
-0.153849
-0.407330
0.056031
-0.265927
-0.255530
-0.332277
-0.167115
-0.050611
-0.204292
-0.308795
-0.328957
-0.288883
-0.303547
-0.025705
-0.149593
-0.313079
-0.317931
-0.204924
0.006301
-0.023280
-0.233770
0.042703
0.016108
0.012483
-0.233752
-0.379047
-0.116641
-0.219314
-0.203087
-0.412742
0.017060
-0.004598
-0.390517
-0.213076
-0.328702
-0.129479
-0.313504
-0.253773
-0.337411
-0.297517
-0.139376
-0.302809
-0.353421
-0.277619
-0.183849
-0.487431
-0.018810
-0.128864
-0.364786
-0.317173
-0.270383
-0.462232
-0.290309
-0.439750
-0.258027
-0.371549
-0.458520
-0.313808
-0.374031
-0.368935
-0.285297
-0.410256
-0.111847
-0.102731
-0.184747
-0.428602
-0.308513
-0.471434
-0.268534
-0.289529
-0.092609
-0.359562
-0.061250
-0.405207
-0.318551
-0.299412
-0.266619
-0.213216
-0.379913
-0.291720
-0.360480
-0.453812
-0.340789
-0.300999
-0.379196
-0.452887
-0.382564
-0.381436
-0.219660
-0.272146
-0.122415
-0.154957
-0.273718
-0.275926
-0.103803
-0.284976
-0.072328
-0.304229
-0.394848
-0.138169
-0.397561
-0.293483
-0.368966
-0.415997
-0.351269
-0.342020
-0.218295
-0.273401
-0.033054
-0.098319
-0.412878
-0.424745
-0.251301
-0.176611
0.000947
-0.264318
-0.091913
-0.247692
-0.456688
-0.363035
-0.297224
-0.306588
-0.022828
-0.195534
-0.374073
-0.104282
-0.323090
-0.159407
-0.156397
-0.137282
-0.365435
-0.373226
0.017222
-0.382966
-0.372880
0.062492
0.138974
-0.403676
-0.260449
-0.439700
-0.187482
-0.129280
-0.165447
-0.131530
-0.157929
-0.188728
-0.367052
0.112107
-0.323620
-0.236269
-0.106913
-0.254056
-0.319351
-0.141361
-0.303387
-0.259149
-0.242549
-0.066302
-0.149856
-0.295397
-0.249897
0.068271
-0.243221
0.038806
-0.154447
-0.278139
-0.162921
-0.071916
-0.219916
-0.082113
-0.132445
-0.225088
-0.105680
-0.228741
-0.235582
0.026942
-0.284083
-0.142919
-0.226864
-0.000376
-0.004008
-0.363996
-0.253608
-0.281463
-0.302369
-0.097391
-0.186140
-0.239585
-0.162701
-0.285448
-0.311290
-0.043730
-0.150295
-0.417092
0.045257
-0.287117
-0.252959
-0.330357
-0.158181
-0.059076
-0.201613
-0.306168
-0.328505
-0.300497
-0.314276
-0.029203
-0.148323
-0.318981
-0.315808
-0.199541
-0.000541
-0.027218
-0.236093
0.049762
0.008723
0.013766
-0.242155
-0.378531
-0.107959
-0.229611
-0.198879
-0.413539
0.019014
-0.001280
-0.387721
-0.209335
-0.331406
-0.127978
-0.316234
-0.255996
-0.339843
-0.299730
-0.139464
-0.305952
-0.353318
-0.277364
-0.184565
-0.486715
-0.019654
-0.129695
-0.364873
-0.320774
-0.274984
-0.461688
-0.293231
-0.443318
-0.258776
-0.373147
-0.456812
-0.319907
-0.376981
-0.369219
-0.283954
-0.412933
-0.120808
-0.103782
-0.187222
-0.424754
-0.310924
-0.475720
-0.273701
-0.289303
-0.091164
-0.362347
-0.063193
-0.407356
-0.318989
-0.298626
-0.264086
-0.216892
-0.381700
-0.295502
-0.360642
-0.450258
-0.339549
-0.302605
-0.377225
-0.454691
-0.381884
-0.382485
-0.219504
-0.273791
-0.126701
-0.154581
-0.272636
-0.276946
-0.103814
-0.282982
-0.078373
-0.307575
-0.395601
-0.139772
-0.396509
-0.296584
-0.374466
-0.417420
-0.354151
-0.346082
-0.220794
-0.272017
-0.035107
-0.098441
-0.414419
-0.426715
-0.253064
-0.176413
0.001612
-0.268502
-0.090166
-0.249715
-0.459147
-0.365497
-0.297620
-0.309501
-0.028483
-0.197054
-0.374553
-0.105117
-0.320381
-0.168941
-0.154492
-0.137373
-0.371456
-0.371928
0.015905
-0.382268
-0.371325
0.056226
0.132109
-0.409453
-0.259003
-0.443244
-0.188502
-0.166845
-0.166670
-0.130754
-0.160718
-0.188841
-0.366454
0.105594
-0.326713
-0.237963
-0.109650
-0.301998
-0.320669
-0.149805
-0.302901
-0.259894
-0.244223
-0.066689
-0.147605
-0.298901
-0.255090
0.063581
-0.248277
0.040065
-0.153899
-0.280326
-0.166021
-0.076629
-0.219080
-0.084685
-0.128612
-0.227919
-0.110755
-0.224725
-0.237616
0.018522
-0.286537
-0.143775
-0.226606
0.000492
-0.009389
-0.365456
-0.252621
-0.284612
-0.303271
-0.099631
-0.191144
-0.240266
-0.183639
-0.286671
-0.311029
-0.050838
-0.147808
-0.420749
0.040723
-0.296028
-0.254786
-0.328808
-0.154661
-0.060809
-0.203560
-0.306022
-0.329366
-0.302608
-0.316370
-0.030863
-0.149759
-0.323583
-0.315211
-0.199318
-0.004876
-0.028729
-0.236506
0.053465
0.004416
0.010551
-0.244879
-0.378385
-0.104859
-0.232985
-0.198512
-0.414620
0.021027
-0.002918
-0.388267
-0.205495
-0.328791
-0.125301
-0.314609
-0.254149
-0.338862
-0.298295
-0.138617
-0.305695
-0.350668
-0.277339
-0.183293
-0.485910
-0.018033
-0.130729
-0.362136
-0.322224
-0.272744
-0.460036
-0.290716
-0.441540
-0.256578
-0.372421
-0.456142
-0.319533
-0.373489
-0.367137
-0.285466
-0.413156
-0.116198
-0.099023
-0.186907
-0.423319
-0.309772
-0.474935
-0.273261
-0.288703
-0.088114
-0.359623
-0.061319
-0.405674
-0.315815
-0.296790
-0.264713
-0.216086
-0.379253
-0.294979
-0.357153
-0.448228
-0.337911
-0.303323
-0.377012
-0.451523
-0.377274
-0.381278
-0.220759
-0.274096
-0.126087
-0.151765
-0.271134
-0.274896
-0.104570
-0.282773
-0.077947
-0.305456
-0.392489
-0.138633
-0.396758
-0.294457
-0.375114
-0.416032
-0.351190
-0.344078
-0.221090
-0.268544
-0.034141
-0.099122
-0.413475
-0.425280
-0.250223
-0.174700
0.002184
-0.263889
-0.090737
-0.248577
-0.457362
-0.362926
-0.296235
-0.305615
-0.024832
-0.195739
-0.373179
-0.102225
-0.318903
-0.166397
-0.152838
-0.135222
-0.367628
-0.370910
0.017311
-0.378474
-0.369750
0.062729
0.131144
-0.407438
-0.256935
-0.438899
-0.189526
-0.175452
-0.167001
-0.128930
-0.157235
-0.186021
-0.365418
0.109207
-0.321036
-0.234873
-0.107938
-0.253788
-0.321595
-0.148672
-0.300856
-0.259480
-0.242332
-0.063902
-0.143900
-0.296001
-0.251487
0.061278
-0.246609
0.039771
-0.151478
-0.278008
-0.163135
-0.074822
-0.216650
-0.082355
-0.128800
-0.225486
-0.106852
-0.224755
-0.237247
0.022559
-0.285647
-0.139141
-0.226041
0.000005
-0.009906
-0.364277
-0.247972
-0.279802
-0.297410
-0.097280
-0.189440
-0.238148
-0.188441
-0.282157
-0.307593
-0.048632
-0.142392
-0.417653
0.045089
-0.291043
-0.257434
-0.324588
-0.151837
-0.058667
-0.201972
-0.304209
-0.326913
-0.297736
-0.309749
-0.029990
-0.151351
-0.319616
-0.312313
-0.195231
-0.002066
-0.029518
-0.235245
0.055506
0.008461
0.010162
-0.242140
-0.373952
-0.101449
-0.231730
-0.196852
-0.411508
0.023535
-0.000235
-0.387565
-0.204579
-0.329178
-0.124929
-0.310596
-0.253973
-0.339809
-0.299347
-0.144860
-0.304466
-0.354689
-0.278233
-0.184994
-0.489685
-0.017349
-0.132132
-0.362210
-0.321700
-0.270393
-0.464889
-0.295249
-0.441654
-0.258998
-0.372490
-0.461365
-0.319419
-0.375565
-0.370955
-0.286955
-0.414208
-0.116608
-0.106275
-0.186849
-0.427647
-0.306893
-0.477047
-0.274437
-0.293264
-0.092545
-0.360220
-0.068421
-0.407245
-0.316904
-0.301751
-0.268843
-0.216710
-0.379886
-0.294238
-0.362509
-0.454202
-0.338933
-0.301821
-0.382453
-0.454613
-0.379885
-0.382744
-0.222004
-0.274179
-0.122194
-0.154499
-0.278554
-0.279877
-0.106729
-0.286806
-0.073907
-0.305811
-0.393533
-0.138219
-0.401718
-0.297344
-0.372727
-0.416616
-0.351284
-0.342239
-0.219755
-0.278795
-0.035921
-0.092639
-0.414464
-0.425877
-0.251523
-0.176847
0.001404
-0.260956
-0.091813
-0.248155
-0.461368
-0.366422
-0.302713
-0.305905
-0.024808
-0.198704
-0.376125
-0.104229
-0.324277
-0.163884
-0.157020
-0.135676
-0.363510
-0.373215
0.013396
-0.381497
-0.376121
0.062837
0.132297
-0.408345
-0.258093
-0.437364
-0.193383
-0.162955
-0.166789
-0.131600
-0.160939
-0.189790
-0.367593
0.115164
-0.324162
-0.235706
-0.108925
-0.186262
-0.319464
-0.150646
-0.303794
-0.264069
-0.245018
-0.071310
-0.156150
-0.296613
-0.249721
0.061789
-0.246472
0.036603
-0.157342
-0.277704
-0.165671
-0.069728
-0.218553
-0.082318
-0.133236
-0.228954
-0.110787
-0.233118
-0.236042
0.026128
-0.285950
-0.142627
-0.228811
0.001621
-0.010272
-0.366112
-0.254369
-0.284382
-0.300458
-0.096677
-0.193388
-0.241196
-0.189463
-0.287781
-0.311020
-0.044972
-0.149924
-0.419521
0.043956
-0.287052
-0.253316
-0.329922
-0.160856
-0.061925
-0.201538
-0.307378
-0.330773
-0.297229
-0.312083
-0.030698
-0.151214
-0.318889
-0.318240
-0.201350
0.003007
-0.028309
-0.236163
0.047450
0.008877
0.007908
-0.241679
-0.379093
-0.110427
-0.227214
-0.198872
-0.417207
0.018597
-0.004786
-0.390002
-0.204970
-0.332157
-0.125580
-0.303424
-0.254122
-0.338439
-0.298990
-0.152328
-0.300982
-0.359431
-0.278505
-0.184655
-0.493435
-0.014202
-0.132758
-0.362906
-0.324144
-0.267094
-0.468413
-0.299683
-0.441199
-0.263042
-0.374564
-0.464882
-0.320710
-0.375661
-0.376706
-0.288659
-0.415873
-0.113317
-0.113317
-0.183899
-0.434392
-0.304432
-0.479562
-0.273195
-0.296791
-0.096023
-0.360292
-0.077583
-0.409130
-0.319293
-0.307486
-0.271066
-0.215953
-0.377137
-0.293638
-0.367965
-0.459778
-0.344592
-0.303339
-0.387817
-0.455869
-0.383801
-0.384184
-0.227510
-0.275825
-0.116448
-0.156533
-0.286218
-0.283411
-0.112292
-0.293558
-0.069746
-0.304092
-0.393058
-0.139032
-0.404694
-0.299582
-0.371285
-0.417965
-0.353146
-0.341415
-0.218771
-0.288824
-0.037443
-0.087085
-0.414586
-0.427359
-0.250125
-0.178024
-0.004062
-0.255808
-0.095155
-0.245829
-0.461903
-0.366956
-0.309048
-0.305827
-0.026981
-0.202757
-0.378572
-0.104548
-0.328745
-0.160933
-0.157693
-0.131217
-0.359664
-0.375269
0.008604
-0.387189
-0.384497
0.060177
0.130933
-0.404619
-0.260339
-0.433661
-0.196387
-0.157840
-0.167627
-0.133377
-0.167555
-0.194631
-0.368594
0.119145
-0.326558
-0.232188
-0.107332
-0.159595
-0.317100
-0.154504
-0.306858
-0.271571
-0.245876
-0.078089
-0.169732
-0.296706
-0.247334
0.060510
-0.245750
0.030097
-0.163693
-0.278322
-0.168689
-0.063761
-0.219778
-0.082150
-0.139937
-0.230153
-0.115426
-0.241294
-0.233463
0.027320
-0.287630
-0.146162
-0.235259
0.003407
-0.010310
-0.367618
-0.263742
-0.289729
-0.301447
-0.094770
-0.193551
-0.243404
-0.186403
-0.293417
-0.316785
-0.043712
-0.156355
-0.419880
0.040253
-0.279894
-0.248180
-0.334530
-0.170260
-0.064450
-0.202093
-0.310766
-0.331803
-0.296358
-0.316722
-0.030507
-0.151983
-0.315091
-0.326590
-0.205080
0.010810
-0.029036
-0.237562
0.038327
0.006701
0.002835
-0.243285
-0.383720
-0.120635
-0.223538
-0.201670
-0.423613
0.010339
-0.013661
-0.393224
-0.206353
-0.332886
-0.127525
-0.302491
-0.253462
-0.339075
-0.299981
-0.161684
-0.299903
-0.363783
-0.279880
-0.184991
-0.495251
-0.012234
-0.135680
-0.365699
-0.326633
-0.265294
-0.471180
-0.303521
-0.442443
-0.264220
-0.373799
-0.470264
-0.319092
-0.377513
-0.377900
-0.290803
-0.418371
-0.109782
-0.119927
-0.186008
-0.438121
-0.305085
-0.482836
-0.275996
-0.300641
-0.100873
-0.360778
-0.082586
-0.410365
-0.320829
-0.311636
-0.275008
-0.217677
-0.380254
-0.292582
-0.372698
-0.465170
-0.348943
-0.299295
-0.393049
-0.459244
-0.387805
-0.386640
-0.231175
-0.277565
-0.114289
-0.160262
-0.293248
-0.285424
-0.119501
-0.297211
-0.066764
-0.305537
-0.395177
-0.139667
-0.408812
-0.302562
-0.370855
-0.420100
-0.355099
-0.338606
-0.217260
-0.297260
-0.038715
-0.081449
-0.416632
-0.426931
-0.251405
-0.178388
-0.008397
-0.256426
-0.096102
-0.245427
-0.464067
-0.368696
-0.316507
-0.308694
-0.030815
-0.207272
-0.380540
-0.107967
-0.333916
-0.162632
-0.161127
-0.131218
-0.358026
-0.378722
0.003635
-0.391383
-0.392173
0.057703
0.127002
-0.403929
-0.263358
-0.430879
-0.201452
-0.166081
-0.170560
-0.136435
-0.176671
-0.197628
-0.371011
0.122826
-0.327831
-0.231054
-0.110079
-0.210108
-0.314101
-0.158156
-0.310857
-0.276943
-0.247337
-0.084836
-0.182361
-0.295788
-0.244558
0.062052
-0.249743
0.025441
-0.167965
-0.276591
-0.172949
-0.059259
-0.222276
-0.082853
-0.145375
-0.233389
-0.120971
-0.248363
-0.234246
0.027967
-0.289672
-0.149854
-0.240586
0.002198
-0.014198
-0.370417
-0.271133
-0.293348
-0.304803
-0.095032
-0.197616
-0.249159
-0.192828
-0.297128
-0.320222
-0.042048
-0.160350
-0.419594
0.040571
-0.276627
-0.248412
-0.341007
-0.179566
-0.064384
-0.204290
-0.315521
-0.337236
-0.295629
-0.320344
-0.029828
-0.157576
-0.315866
-0.330942
-0.210782
0.015585
-0.029223
-0.236362
0.029327
0.003541
-0.005193
-0.242547
-0.390630
-0.130596
-0.220402
-0.203500
-0.428963
0.000899
-0.019653
-0.395022
-0.208465
-0.333348
-0.127461
-0.303334
-0.252511
-0.339179
-0.299803
-0.164078
-0.297465
-0.363556
-0.279925
-0.186122
-0.494558
-0.011411
-0.135228
-0.364571
-0.326334
-0.264609
-0.470566
-0.303100
-0.441938
-0.261881
-0.373233
-0.470175
-0.319100
-0.376255
-0.376840
-0.288101
-0.419631
-0.105185
-0.117276
-0.185968
-0.439095
-0.305884
-0.481018
-0.273434
-0.299319
-0.098481
-0.359492
-0.085057
-0.408785
-0.320035
-0.311825
-0.275783
-0.217218
-0.379573
-0.291133
-0.372384
-0.466206
-0.351860
-0.297319
-0.392559
-0.459121
-0.387161
-0.387546
-0.231538
-0.280412
-0.112612
-0.162670
-0.292895
-0.281914
-0.124854
-0.297997
-0.063968
-0.304398
-0.395206
-0.140854
-0.407888
-0.304316
-0.366917
-0.420592
-0.353630
-0.336917
-0.217417
-0.299278
-0.039979
-0.082742
-0.416599
-0.425909
-0.249674
-0.178646
-0.013614
-0.256238
-0.094506
-0.245387
-0.461762
-0.367744
-0.317323
-0.308540
-0.028990
-0.208684
-0.378763
-0.107183
-0.335455
-0.163229
-0.160937
-0.130150
-0.358589
-0.379632
0.003704
-0.391885
-0.392820
0.056278
0.129028
-0.402592
-0.263829
-0.425873
-0.201352
-0.171046
-0.169791
-0.134554
-0.180017
-0.195004
-0.371444
0.122500
-0.325507
-0.229152
-0.107711
-0.230127
-0.312520
-0.156549
-0.310776
-0.275804
-0.247436
-0.084948
-0.181650
-0.295142
-0.241904
0.062641
-0.249074
0.024062
-0.168347
-0.275074
-0.173740
-0.058606
-0.222253
-0.085330
-0.145888
-0.232931
-0.120142
-0.248304
-0.232036
0.029919
-0.289969
-0.152395
-0.238712
0.005056
-0.013072
-0.369042
-0.272107
-0.294279
-0.305318
-0.093611
-0.196307
-0.249519
-0.193934
-0.295977
-0.320107
-0.041972
-0.158974
-0.418947
0.042461
-0.275255
-0.248337
-0.344132
-0.179372
-0.060278
-0.205342
-0.318217
-0.335983
-0.295212
-0.318978
-0.026559
-0.162065
-0.315997
-0.329594
-0.211787
0.017759
-0.025702
-0.234706
0.028079
0.001182
-0.006793
-0.240032
-0.392068
-0.130889
-0.219575
-0.205031
-0.427455
-0.000488
-0.021722
-0.394244
-0.209618
-0.333806
-0.126987
-0.308704
-0.251044
-0.339027
-0.299912
-0.159519
-0.300050
-0.358712
-0.279979
-0.188312
-0.493157
-0.010145
-0.136563
-0.364645
-0.324515
-0.265353
-0.468564
-0.299939
-0.443110
-0.257484
-0.371143
-0.467418
-0.317994
-0.374946
-0.370884
-0.287794
-0.419128
-0.102160
-0.109149
-0.185856
-0.437503
-0.308401
-0.478455
-0.270750
-0.298399
-0.092375
-0.356784
-0.078158
-0.406711
-0.319874
-0.307069
-0.275231
-0.216894
-0.380065
-0.291562
-0.369174
-0.463753
-0.348860
-0.297849
-0.390602
-0.459900
-0.385315
-0.389038
-0.228432
-0.278803
-0.113500
-0.162382
-0.286837
-0.276706
-0.124237
-0.292461
-0.064523
-0.305195
-0.394608
-0.139012
-0.405684
-0.302302
-0.366050
-0.420754
-0.352912
-0.335240
-0.214838
-0.295835
-0.037158
-0.085705
-0.417884
-0.425134
-0.250337
-0.178469
-0.011102
-0.258956
-0.089957
-0.244817
-0.461750
-0.366492
-0.313063
-0.307518
-0.023518
-0.203424
-0.376873
-0.103237
-0.334356
-0.162165
-0.157763
-0.131096
-0.359130
-0.377215
0.012662
-0.389452
-0.386373
0.066482
0.137447
-0.404583
-0.262191
-0.424924
-0.197320
-0.155923
-0.171501
-0.131817
-0.172677
-0.191329
-0.371879
0.123687
-0.321113
-0.228249
-0.107264
-0.016647
-0.312762
-0.145157
-0.308415
-0.272228
-0.246650
-0.078252
-0.169852
-0.293291
-0.239326
0.064446
-0.247498
0.031433
-0.162611
-0.274314
-0.167092
-0.055842
-0.219318
-0.082366
-0.142983
-0.229711
-0.111149
-0.240574
-0.230385
0.035408
-0.286984
-0.147656
-0.232282
0.007197
-0.010364
-0.366920
-0.266302
-0.292368
-0.301393
-0.094584
-0.190047
-0.247488
-0.177912
-0.287332
-0.313033
-0.039368
-0.153709
-0.417059
0.053593
-0.278599
-0.249385
-0.343179
-0.172554
-0.050931
-0.204909
-0.316700
-0.332865
-0.294139
-0.309474
-0.023082
-0.156722
-0.316720
-0.322479
-0.209637
0.020033
-0.020334
-0.233128
0.038130
0.006980
0.001479
-0.235402
-0.388885
-0.122366
-0.221359
-0.204503
-0.421587
0.009467
-0.013700
-0.393136
-0.211544
-0.324789
-0.120496
-0.308048
-0.242686
-0.333267
-0.293776
-0.147125
-0.294289
-0.347305
-0.275286
-0.183490
-0.480601
-0.005415
-0.133292
-0.357769
-0.318335
-0.256837
-0.458077
-0.286580
-0.433771
-0.249726
-0.364903
-0.454498
-0.308589
-0.364485
-0.354553
-0.281865
-0.410647
-0.089286
-0.091193
-0.182451
-0.426881
-0.304700
-0.462891
-0.260959
-0.289712
-0.080350
-0.345446
-0.066642
-0.394021
-0.310854
-0.293591
-0.272794
-0.211818
-0.371162
-0.285733
-0.358340
-0.453607
-0.338032
-0.291616
-0.378812
-0.450047
-0.371959
-0.383304
-0.220203
-0.274467
-0.111706
-0.153587
-0.271159
-0.264833
-0.118344
-0.279573
-0.058780
-0.299760
-0.386946
-0.130980
-0.396626
-0.292175
-0.358470
-0.413007
-0.340280
-0.325702
-0.206814
-0.281142
-0.031961
-0.090030
-0.410724
-0.414323
-0.243426
-0.176040
-0.005769
-0.254160
-0.081431
-0.241614
-0.453069
-0.355868
-0.297709
-0.296874
-0.008878
-0.193649
-0.366331
-0.091509
-0.324277
-0.155588
-0.152993
-0.128593
-0.350718
-0.368483
0.029011
-0.375948
-0.368519
0.086858
0.145085
-0.399759
-0.254193
-0.417046
-0.189278
-0.137214
-0.167836
-0.122504
-0.154565
-0.175297
-0.365033
0.128889
-0.307571
-0.221374
-0.100722
0.195762
-0.313759
-0.127155
-0.296764
-0.261052
-0.240345
-0.062803
-0.147078
-0.283723
-0.228739
0.065963
-0.239535
0.039721
-0.148054
-0.267366
-0.149821
-0.052218
-0.208277
-0.072995
-0.134370
-0.219369
-0.092259
-0.226808
-0.222475
0.049266
-0.277135
-0.134833
-0.217722
0.011959
-0.003003
-0.357707
-0.246875
-0.276419
-0.286242
-0.094298
-0.177253
-0.238750
-0.156177
-0.267484
-0.294289
-0.033894
-0.140272
-0.406541
0.068410
-0.272765
-0.250046
-0.328099
-0.155858
-0.035467
-0.197177
-0.305734
-0.322134
-0.281897
-0.284285
-0.019097
-0.150917
-0.310687
-0.303160
-0.197690
0.026972
-0.014944
-0.225152
0.056461
0.019732
0.015159
-0.223662
-0.371853
-0.103121
-0.218319
-0.194974
-0.403214
0.027815
0.002694
-0.383201
-0.207467
-0.321738
-0.117977
-0.308611
-0.238322
-0.333900
-0.290424
-0.139979
-0.293439
-0.342714
-0.271029
-0.179571
-0.474132
-0.009300
-0.134712
-0.351923
-0.318419
-0.252059
-0.452561
-0.284429
-0.430659
-0.246072
-0.360948
-0.447482
-0.306901
-0.358418
-0.346685
-0.280858
-0.408575
-0.082122
-0.084205
-0.182886
-0.419332
-0.302451
-0.458996
-0.260264
-0.288312
-0.069721
-0.340358
-0.061458
-0.388275
-0.306303
-0.287345
-0.271104
-0.211020
-0.369163
-0.284712
-0.352011
-0.447959
-0.331781
-0.288438
-0.374331
-0.445560
-0.365760
-0.380127
-0.217490
-0.269464
-0.114164
-0.150263
-0.269516
-0.259702
-0.115802
-0.275868
-0.056097
-0.297558
-0.381359
-0.129162
-0.392609
-0.287323
-0.359017
-0.408513
-0.333759
-0.320107
-0.206079
-0.269892
-0.033407
-0.095596
-0.404408
-0.410247
-0.238251
-0.174692
-0.006866
-0.251464
-0.079570
-0.238904
-0.447338
-0.349674
-0.289042
-0.292792
-0.007678
-0.192720
-0.361443
-0.086656
-0.320499
-0.152487
-0.154055
-0.123594
-0.346579
-0.364784
0.026513
-0.368237
-0.359533
0.095300
0.137042
-0.393687
-0.249195
-0.409154
-0.188477
-0.158668
-0.167737
-0.116505
-0.148086
-0.167775
-0.361964
0.123300
-0.299341
-0.218152
-0.100029
-0.073900
-0.318592
-0.124076
-0.294051
-0.257444
-0.234595
-0.055117
-0.135944
-0.280349
-0.227277
0.062187
-0.237115
0.038966
-0.139183
-0.261378
-0.143472
-0.050519
-0.202342
-0.069224
-0.131574
-0.215664
-0.089662
-0.219264
-0.220245
0.049565
-0.276698
-0.123229
-0.212495
0.005650
-0.007414
-0.353869
-0.238445
-0.269261
-0.277828
-0.094410
-0.175103
-0.235415
-0.168325
-0.259498
-0.287002
-0.036361
-0.131165
-0.400511
0.077056
-0.266111
-0.256411
-0.318438
-0.148782
-0.028943
-0.197993
-0.301313
-0.315955
-0.274068
-0.271761
-0.017326
-0.153736
-0.306735
-0.294861
-0.192805
0.028759
-0.014431
-0.221249
0.060814
0.026449
0.014360
-0.217226
-0.364193
-0.095398
-0.213668
-0.190419
-0.392381
0.036516
0.003697
-0.378221
-0.205561
-0.319684
-0.121448
-0.307890
-0.235194
-0.332910
-0.286548
-0.140156
-0.291471
-0.341650
-0.270124
-0.179656
-0.476076
-0.011682
-0.133353
-0.350069
-0.314604
-0.249009
-0.452242
-0.282294
-0.426891
-0.247787
-0.358646
-0.445889
-0.307016
-0.356646
-0.345221
-0.282530
-0.408460
-0.079047
-0.080549
-0.183285
-0.420894
-0.298636
-0.452752
-0.257689
-0.290742
-0.069276
-0.338345
-0.059569
-0.386145
-0.301211
-0.285346
-0.271854
-0.210022
-0.367542
-0.282935
-0.349712
-0.448517
-0.331223
-0.287909
-0.373791
-0.442103
-0.362959
-0.378739
-0.216883
-0.265748
-0.114545
-0.146172
-0.271102
-0.259417
-0.111230
-0.276950
-0.054066
-0.296679
-0.380854
-0.129327
-0.393578
-0.285404
-0.355966
-0.405911
-0.329791
-0.315183
-0.203385
-0.270789
-0.034604
-0.095042
-0.403361
-0.409460
-0.233619
-0.175413
-0.006462
-0.249575
-0.077837
-0.241902
-0.444704
-0.348319
-0.286577
-0.288885
-0.003025
-0.188119
-0.360949
-0.085479
-0.320403
-0.145750
-0.153586
-0.122317
-0.341472
-0.366216
0.028656
-0.364236
-0.360871
0.100677
0.136678
-0.390287
-0.247563
-0.407707
-0.191571
-0.121875
-0.162628
-0.115127
-0.140735
-0.165883
-0.358384
0.126836
-0.296215
-0.216208
-0.100013
0.141704
-0.315254
-0.120338
-0.292652
-0.255075
-0.232094
-0.055410
-0.134309
-0.280141
-0.221424
0.061893
-0.232615
0.038092
-0.138007
-0.260739
-0.137969
-0.040799
-0.198163
-0.064043
-0.135394
-0.214188
-0.083941
-0.223967
-0.215912
0.054446
-0.273040
-0.119996
-0.213397
0.002188
-0.002144
-0.351646
-0.236140
-0.267101
-0.277569
-0.093181
-0.170017
-0.231597
-0.137821
-0.254994
-0.287528
-0.032179
-0.130424
-0.401668
0.080471
-0.262179
-0.255456
-0.316745
-0.151407
-0.026990
-0.198277
-0.297124
-0.314172
-0.268867
-0.266700
-0.016640
-0.150540
-0.300062
-0.294786
-0.191853
0.035075
-0.013683
-0.223917
0.059280
0.033745
0.016200
-0.214800
-0.362563
-0.098097
-0.209988
-0.186585
-0.388785
0.036998
0.004091
-0.376490
-0.208008
-0.318901
-0.127887
-0.303750
-0.237502
-0.330217
-0.285161
-0.148659
-0.291358
-0.345982
-0.268360
-0.178096
-0.479581
-0.019727
-0.126488
-0.352655
-0.308606
-0.247495
-0.457797
-0.284591
-0.424384
-0.251865
-0.357379
-0.452040
-0.305188
-0.358982
-0.349506
-0.285424
-0.406820
-0.090070
-0.093498
-0.183219
-0.426733
-0.289648
-0.452106
-0.259069
-0.296344
-0.082735
-0.341580
-0.058745
-0.390553
-0.302417
-0.288742
-0.272001
-0.207316
-0.368020
-0.278551
-0.353155
-0.450214
-0.329282
-0.285507
-0.374590
-0.441090
-0.367403
-0.375805
-0.215870
-0.263480
-0.117273
-0.141069
-0.281222
-0.269393
-0.100953
-0.281483
-0.057041
-0.301392
-0.383902
-0.128033
-0.397135
-0.278438
-0.352708
-0.406166
-0.333035
-0.314741
-0.202903
-0.282298
-0.035420
-0.085238
-0.404806
-0.408546
-0.233633
-0.182109
-0.000376
-0.248149
-0.081101
-0.243888
-0.444918
-0.353954
-0.290725
-0.289452
-0.007178
-0.188964
-0.366392
-0.094995
-0.323120
-0.139027
-0.156622
-0.128434
-0.335165
-0.368566
0.023765
-0.366301
-0.372052
0.092512
0.133757
-0.385687
-0.249303
-0.411778
-0.194945
-0.081418
-0.153302
-0.125809
-0.139301
-0.177333
-0.353225
0.130535
-0.303790
-0.220296
-0.109775
0.141719
-0.313997
-0.123904
-0.295906
-0.261519
-0.230748
-0.067250
-0.149079
-0.279718
-0.220542
0.065657
-0.234213
0.035555
-0.145927
-0.260912
-0.142723
-0.029527
-0.201974
-0.058887
-0.143245
-0.216763
-0.091145
-0.237356
-0.213500
0.048367
-0.267713
-0.124677
-0.221985
-0.003204
0.009252
-0.354729
-0.242781
-0.271702
-0.289222
-0.094223
-0.175204
-0.234231
-0.115833
-0.265316
-0.297560
-0.024272
-0.142951
-0.404427
0.067725
-0.259531
-0.247670
-0.319266
-0.165774
-0.040181
-0.197968
-0.291933
-0.319871
-0.270252
-0.275572
-0.019532
-0.141781
-0.295971
-0.305925
-0.196737
0.032702
-0.020296
-0.229314
0.048176
0.035747
0.014597
-0.220972
-0.367713
-0.116511
-0.206179
-0.183127
-0.395869
0.023252
0.001875
-0.379443
-0.209684
-0.321713
-0.129395
-0.305105
-0.241904
-0.334224
-0.290934
-0.139836
-0.289479
-0.352197
-0.275955
-0.180920
-0.482987
-0.025280
-0.132090
-0.354075
-0.313358
-0.251298
-0.462406
-0.285468
-0.426243
-0.258255
-0.359364
-0.459280
-0.300444
-0.363193
-0.360141
-0.286402
-0.409674
-0.087123
-0.104896
-0.185076
-0.431733
-0.296280
-0.459963
-0.263862
-0.296960
-0.100206
-0.344882
-0.053540
-0.398509
-0.309411
-0.298764
-0.281671
-0.205728
-0.368152
-0.282452
-0.356306
-0.458586
-0.337810
-0.290002
-0.383422
-0.442071
-0.373355
-0.378552
-0.221370
-0.272940
-0.118717
-0.148749
-0.283620
-0.279048
-0.102217
-0.287829
-0.058864
-0.305325
-0.385332
-0.130393
-0.402409
-0.274817
-0.356596
-0.412876
-0.340199
-0.320610
-0.204612
-0.282066
-0.032288
-0.091371
-0.407942
-0.408359
-0.239634
-0.184988
0.004930
-0.248404
-0.086044
-0.243592
-0.452456
-0.359012
-0.295574
-0.292505
-0.011634
-0.193823
-0.367918
-0.098490
-0.329646
-0.134577
-0.166244
-0.138768
-0.338277
-0.376517
0.018046
-0.375366
-0.382434
0.088558
0.135639
-0.381162
-0.259266
-0.420024
-0.196929
-0.101190
-0.157084
-0.137577
-0.155452
-0.181771
-0.361404
0.129082
-0.308982
-0.225638
-0.111775
-0.119599
-0.321353
-0.134223
-0.305183
-0.260884
-0.235560
-0.069270
-0.159687
-0.285625
-0.228662
0.073142
-0.239211
0.027652
-0.150194
-0.264706
-0.150015
-0.038035
-0.210702
-0.063476
-0.144588
-0.220369
-0.105863
-0.243115
-0.220580
0.051821
-0.270365
-0.128782
-0.229438
-0.010181
0.007973
-0.359693
-0.254225
-0.272182
-0.294824
-0.098024
-0.179446
-0.240767
-0.139880
-0.275936
-0.306634
-0.022071
-0.152406
-0.404060
0.056490
-0.253067
-0.252020
-0.325259
-0.173368
-0.046054
-0.199871
-0.296071
-0.330527
-0.275353
-0.283819
-0.022931
-0.145055
-0.301612
-0.315958
-0.204577
0.016823
-0.022281
-0.231138
0.043434
0.026662
0.013286
-0.227658
-0.377577
-0.126048
-0.207566
-0.191227
-0.406915
0.014643
-0.000700
-0.386544
-0.212782
-0.327184
-0.125548
-0.308178
-0.248454
-0.341697
-0.301119
-0.141337
-0.291576
-0.356271
-0.280664
-0.182026
-0.488376
-0.024708
-0.142644
-0.359629
-0.324738
-0.252854
-0.468741
-0.289914
-0.430432
-0.262998
-0.367801
-0.466473
-0.302814
-0.368239
-0.372633
-0.292651
-0.415020
-0.088230
-0.109273
-0.185073
-0.433058
-0.305128
-0.472341
-0.271549
-0.298842
-0.108117
-0.348394
-0.054403
-0.406050
-0.317308
-0.310809
-0.286875
-0.208357
-0.377601
-0.286804
-0.362722
-0.465738
-0.347765
-0.295509
-0.395542
-0.450157
-0.379632
-0.383956
-0.227494
-0.279693
-0.116464
-0.158582
-0.287555
-0.285921
-0.107287
-0.293503
-0.061002
-0.309408
-0.390351
-0.130824
-0.409331
-0.281498
-0.367073
-0.421034
-0.348563
-0.326051
-0.211753
-0.283596
-0.035253
-0.099066
-0.414555
-0.415210
-0.244820
-0.188343
0.002175
-0.251095
-0.094168
-0.243893
-0.459572
-0.362944
-0.302897
-0.298518
-0.021060
-0.201648
-0.376289
-0.103885
-0.338112
-0.139323
-0.175037
-0.145136
-0.343548
-0.381732
0.011198
-0.384122
-0.389005
0.082653
0.134016
-0.383071
-0.271184
-0.427771
-0.199413
-0.151381
-0.166444
-0.144216
-0.169659
-0.189167
-0.374147
0.128952
-0.315726
-0.228823
-0.114476
-0.278357
-0.328954
-0.148547
-0.311510
-0.263708
-0.241372
-0.071976
-0.164676
-0.290774
-0.239432
0.076923
-0.247436
0.018071
-0.154502
-0.270006
-0.159613
-0.053035
-0.220412
-0.072275
-0.146072
-0.227838
-0.115861
-0.245550
-0.231482
0.049036
-0.276216
-0.131952
-0.239662
-0.015442
-0.001630
-0.362076
-0.260752
-0.271942
-0.297376
-0.098554
-0.187741
-0.247703
-0.182735
-0.290529
-0.313382
-0.022986
-0.157679
-0.406913
0.053739
-0.252342
-0.260244
-0.332381
-0.177308
-0.051282
-0.204609
-0.308227
-0.337398
-0.279767
-0.297470
-0.028296
-0.155371
-0.308351
-0.323915
-0.205581
0.005835
-0.026314
-0.234932
0.037503
0.018698
0.009468
-0.237507
-0.384028
-0.127375
-0.212531
-0.195923
-0.418132
0.009674
-0.006075
-0.395083
-0.213242
-0.326762
-0.120388
-0.300071
-0.248747
-0.338338
-0.298379
-0.145207
-0.290065
-0.358717
-0.276454
-0.179573
-0.490782
-0.020555
-0.140985
-0.357467
-0.324896
-0.254911
-0.467543
-0.290083
-0.431663
-0.261852
-0.365753
-0.468154
-0.303265
-0.367990
-0.373875
-0.291643
-0.412569
-0.092378
-0.113685
-0.184221
-0.430710
-0.301924
-0.475241
-0.270719
-0.295540
-0.108236
-0.348611
-0.063396
-0.405688
-0.315405
-0.308275
-0.281397
-0.206966
-0.375443
-0.286881
-0.365718
-0.462913
-0.347470
-0.297131
-0.394465
-0.450854
-0.378134
-0.382517
-0.226665
-0.278083
-0.114695
-0.156922
-0.286912
-0.288823
-0.108308
-0.292573
-0.061495
-0.305307
-0.389451
-0.129936
-0.408474
-0.284126
-0.368254
-0.419625
-0.347814
-0.329744
-0.212001
-0.283814
-0.036639
-0.091325
-0.413863
-0.416371
-0.247630
-0.185120
0.002089
-0.247893
-0.095764
-0.243890
-0.458471
-0.360172
-0.303804
-0.299799
-0.021637
-0.201902
-0.374844
-0.103421
-0.333256
-0.140782
-0.170405
-0.140965
-0.343853
-0.375877
0.009114
-0.383753
-0.387709
0.080346
0.135650
-0.384961
-0.266454
-0.425908
-0.197279
-0.156526
-0.163777
-0.140028
-0.171795
-0.190100
-0.371109
0.132344
-0.318451
-0.228182
-0.111840
-0.124593
-0.327541
-0.151822
-0.308451
-0.267105
-0.241313
-0.075982
-0.167902
-0.289228
-0.238901
0.073828
-0.247501
0.021434
-0.157703
-0.269728
-0.159626
-0.055313
-0.220286
-0.076227
-0.142782
-0.228578
-0.117897
-0.248986
-0.231815
0.044330
-0.278412
-0.134980
-0.238893
-0.008002
-0.006160
-0.361044
-0.263469
-0.272079
-0.298276
-0.093044
-0.191557
-0.246315
-0.185917
-0.292073
-0.310682
-0.024482
-0.159387
-0.409453
0.049877
-0.257123
-0.256423
-0.331125
-0.175947
-0.058248
-0.202014
-0.309594
-0.338309
-0.282176
-0.302016
-0.030668
-0.153711
-0.306996
-0.323532
-0.204891
0.011744
-0.029742
-0.236761
0.036282
0.015535
0.006857
-0.237236
-0.380913
-0.128192
-0.213971
-0.196273
-0.423072
0.007017
-0.006230
-0.393905
-0.207968
-0.329048
-0.125340
-0.294525
-0.255325
-0.336336
-0.298180
-0.156099
-0.297771
-0.363238
-0.274377
-0.177414
-0.491793
-0.013691
-0.129840
-0.363846
-0.320560
-0.260974
-0.470787
-0.298422
-0.436896
-0.261480
-0.371963
-0.471066
-0.313727
-0.375476
-0.378867
-0.289697
-0.410826
-0.113626
-0.122846
-0.183903
-0.429655
-0.299617
-0.483507
-0.272289
-0.298746
-0.110494
-0.359302
-0.075289
-0.410298
-0.317783
-0.308501
-0.270119
-0.210820
-0.378328
-0.290577
-0.371559
-0.460849
-0.344104
-0.298695
-0.390252
-0.456351
-0.384648
-0.379372
-0.226061
-0.276476
-0.115106
-0.150637
-0.289071
-0.289837
-0.101927
-0.291077
-0.068669
-0.304463
-0.393105
-0.131068
-0.408231
-0.291983
-0.370524
-0.417240
-0.352742
-0.339022
-0.216509
-0.290538
-0.036514
-0.076965
-0.413271
-0.424299
-0.248844
-0.180972
0.001886
-0.252231
-0.097515
-0.242653
-0.462790
-0.364698
-0.311824
-0.305389
-0.032018
-0.203498
-0.381384
-0.107492
-0.327646
-0.157211
-0.163217
-0.138207
-0.354224
-0.370815
0.005250
-0.385378
-0.386349
0.064263
0.130165
-0.397414
-0.261754
-0.434281
-0.191853
-0.160252
-0.160861
-0.136615
-0.171586
-0.197359
-0.365635
0.131490
-0.334794
-0.231106
-0.109473
-0.178427
-0.320248
-0.155475
-0.306094
-0.276557
-0.242510
-0.082811
-0.179924
-0.293224
-0.248144
0.069487
-0.248975
0.031526
-0.167344
-0.273720
-0.165351
-0.060717
-0.223902
-0.080318
-0.141036
-0.229414
-0.123452
-0.251674
-0.236014
0.024822
-0.283263
-0.143088
-0.239630
0.005315
-0.011289
-0.367999
-0.266210
-0.282139
-0.303531
-0.092325
-0.199771
-0.247114
-0.194979
-0.302428
-0.314902
-0.030495
-0.160059
-0.417195
0.035835
-0.273494
-0.243257
-0.333287
-0.175641
-0.072231
-0.200417
-0.309725
-0.339638
-0.293858
-0.319505
-0.035699
-0.150085
-0.310335
-0.327621
-0.207259
0.015335
-0.036935
-0.237441
0.033599
0.007478
0.001648
-0.243984
-0.383404
-0.130008
-0.219152
-0.198210
-0.430244
0.001588
-0.013577
-0.394092
-0.202803
-0.330429
-0.125454
-0.294098
-0.256656
-0.333832
-0.297344
-0.159861
-0.297393
-0.363695
-0.274659
-0.175565
-0.491489
-0.012811
-0.127427
-0.364393
-0.322940
-0.260535
-0.469610
-0.299285
-0.439718
-0.262274
-0.375562
-0.468320
-0.319104
-0.375407
-0.375788
-0.286381
-0.410375
-0.116390
-0.121599
-0.183704
-0.430035
-0.301239
-0.484429
-0.272409
-0.298042
-0.105339
-0.358826
-0.078407
-0.410666
-0.317785
-0.307432
-0.266106
-0.210782
-0.376807
-0.292338
-0.369487
-0.456897
-0.345997
-0.298832
-0.385986
-0.457215
-0.386036
-0.378849
-0.227335
-0.275290
-0.115496
-0.150103
-0.288322
-0.286929
-0.102418
-0.291765
-0.069148
-0.301650
-0.393317
-0.132924
-0.406993
-0.294374
-0.371812
-0.413422
-0.352559
-0.341711
-0.222142
-0.287786
-0.038867
-0.076608
-0.415111
-0.424774
-0.248070
-0.178997
-0.000913
-0.253565
-0.097976
-0.245214
-0.461742
-0.365377
-0.313311
-0.306158
-0.033946
-0.206308
-0.380724
-0.106742
-0.323578
-0.163867
-0.158369
-0.133478
-0.358300
-0.367853
0.005055
-0.384958
-0.385628
0.060379
0.121967
-0.398381
-0.259101
-0.434220
-0.194980
-0.184586
-0.159774
-0.131983
-0.170798
-0.193671
-0.364862
0.128743
-0.334112
-0.232121
-0.108209
-0.299718
-0.318168
-0.161465
-0.303596
-0.276553
-0.240288
-0.081168
-0.179711
-0.293930
-0.249749
0.064568
-0.250206
0.032643
-0.165480
-0.275499
-0.167041
-0.058826
-0.222080
-0.078183
-0.136691
-0.227755
-0.122806
-0.247457
-0.235791
0.018314
-0.285162
-0.143553
-0.239726
0.007232
-0.009599
-0.367847
-0.263819
-0.283935
-0.301008
-0.091100
-0.200427
-0.246593
-0.201567
-0.302759
-0.314701
-0.037004
-0.157931
-0.419109
0.033484
-0.280223
-0.245073
-0.329904
-0.172610
-0.070507
-0.199638
-0.309819
-0.337671
-0.295924
-0.319251
-0.034621
-0.157937
-0.310380
-0.327204
-0.204488
0.019557
-0.036994
-0.235600
0.035610
0.005231
-0.004050
-0.244728
-0.381379
-0.126225
-0.220479
-0.193172
-0.428518
0.002288
-0.015056
-0.393713
-0.200540
-0.332770
-0.127612
-0.297325
-0.259799
-0.338643
-0.300241
-0.162835
-0.301186
-0.368866
-0.276934
-0.176251
-0.495748
-0.013976
-0.129114
-0.369139
-0.328752
-0.261427
-0.473699
-0.303243
-0.443040
-0.264045
-0.377919
-0.473852
-0.319820
-0.382499
-0.380239
-0.289673
-0.415190
-0.118282
-0.126889
-0.187520
-0.434699
-0.303396
-0.489829
-0.279054
-0.301176
-0.112154
-0.360649
-0.079745
-0.412910
-0.319004
-0.309215
-0.269711
-0.216748
-0.381440
-0.292358
-0.372722
-0.460548
-0.347850
-0.301681
-0.391179
-0.462756
-0.389517
-0.383285
-0.229472
-0.276687
-0.118423
-0.148354
-0.293156
-0.290225
-0.104431
-0.294126
-0.071393
-0.306912
-0.397267
-0.133963
-0.411572
-0.298299
-0.376249
-0.419009
-0.357938
-0.342675
-0.222454
-0.293462
-0.038736
-0.072379
-0.417668
-0.427191
-0.250525
-0.181964
0.000803
-0.257655
-0.097272
-0.247618
-0.467489
-0.369536
-0.316987
-0.310801
-0.036441
-0.211035
-0.383824
-0.108857
-0.326680
-0.167275
-0.161311
-0.136859
-0.358981
-0.372004
0.006395
-0.388286
-0.390464
0.060260
0.123560
-0.403458
-0.261305
-0.437147
-0.198617
-0.193044
-0.163750
-0.137926
-0.174361
-0.197032
-0.368372
0.132118
-0.338740
-0.233618
-0.112356
-0.320414
-0.321805
-0.165056
-0.308510
-0.283983
-0.243966
-0.083453
-0.185740
-0.296588
-0.249299
0.066271
-0.256791
0.030554
-0.165553
-0.275286
-0.167982
-0.058885
-0.223015
-0.080648
-0.140104
-0.231469
-0.127951
-0.251875
-0.239731
0.019203
-0.285668
-0.146225
-0.242242
0.005743
-0.014233
-0.372286
-0.268658
-0.285645
-0.303629
-0.093936
-0.203213
-0.249409
-0.204935
-0.307558
-0.317132
-0.036235
-0.162160
-0.422304
0.029748
-0.280664
-0.246442
-0.332464
-0.173354
-0.073041
-0.202316
-0.311993
-0.342433
-0.298165
-0.320539
-0.037094
-0.156715
-0.313169
-0.328646
-0.207089
0.018958
-0.037001
-0.237532
0.035150
0.003904
-0.004196
-0.245548
-0.384848
-0.132701
-0.220454
-0.193533
-0.436455
-0.000056
-0.015448
-0.397504
-0.200730
-0.328384
-0.124639
-0.292692
-0.255887
-0.336404
-0.297102
-0.155251
-0.299751
-0.363238
-0.275818
-0.175963
-0.491639
-0.009187
-0.129537
-0.366213
-0.327576
-0.258613
-0.466754
-0.297771
-0.439124
-0.258786
-0.373749
-0.468316
-0.315592
-0.377755
-0.375401
-0.284624
-0.413238
-0.110915
-0.116379
-0.182866
-0.430212
-0.301493
-0.482565
-0.273015
-0.291705
-0.106063
-0.353845
-0.075290
-0.409622
-0.315887
-0.306188
-0.269287
-0.211342
-0.378680
-0.292933
-0.368889
-0.459178
-0.344364
-0.299909
-0.387829
-0.456396
-0.382587
-0.379686
-0.226662
-0.276188
-0.113437
-0.146788
-0.283734
-0.285325
-0.102231
-0.290319
-0.067505
-0.299365
-0.391467
-0.131378
-0.405236
-0.293730
-0.370268
-0.416412
-0.352350
-0.339377
-0.220122
-0.285170
-0.037802
-0.076739
-0.413876
-0.421239
-0.247254
-0.181247
0.003189
-0.252344
-0.096416
-0.243304
-0.462751
-0.363275
-0.309900
-0.302768
-0.031239
-0.202271
-0.379650
-0.103190
-0.321318
-0.161021
-0.160396
-0.136754
-0.353151
-0.370171
0.011668
-0.381869
-0.384138
0.068287
0.132410
-0.399830
-0.258057
-0.431791
-0.191406
-0.169214
-0.164096
-0.135137
-0.165597
-0.190346
-0.366871
0.135718
-0.332387
-0.229144
-0.106623
0.097086
-0.321971
-0.152564
-0.300942
-0.278514
-0.240076
-0.075333
-0.178241
-0.294423
-0.244300
0.070773
-0.250551
0.035212
-0.161913
-0.273819
-0.156892
-0.061374
-0.219950
-0.078920
-0.136231
-0.225735
-0.117294
-0.245932
-0.236110
0.027077
-0.280284
-0.140293
-0.235346
0.008497
-0.008505
-0.365871
-0.261236
-0.278477
-0.295743
-0.091753
-0.192704
-0.240947
-0.174180
-0.298895
-0.308667
-0.033491
-0.155131
-0.416678
0.039450
-0.275263
-0.246421
-0.327373
-0.163463
-0.064517
-0.198295
-0.308681
-0.335042
-0.290541
-0.310699
-0.033047
-0.148797
-0.308109
-0.321217
-0.198882
0.018724
-0.030364
-0.232192
0.039660
0.006692
0.002334
-0.238349
-0.378469
-0.123154
-0.220036
-0.192225
-0.428702
0.005549
-0.008776
-0.390169
-0.199012
-0.323962
-0.115586
-0.304592
-0.244863
-0.336960
-0.295639
-0.134668
-0.293871
-0.349578
-0.273980
-0.176314
-0.483831
-0.011408
-0.138893
-0.356850
-0.324571
-0.255070
-0.457480
-0.287933
-0.433155
-0.250988
-0.367391
-0.455110
-0.304662
-0.368204
-0.358664
-0.283903
-0.410184
-0.089674
-0.093874
-0.182588
-0.420836
-0.305010
-0.469933
-0.266231
-0.284648
-0.085197
-0.342951
-0.059255
-0.397396
-0.310677
-0.294869
-0.271540
-0.210881
-0.376275
-0.291107
-0.355058
-0.451524
-0.338793
-0.295123
-0.382896
-0.451748
-0.372013
-0.381411
-0.220391
-0.274329
-0.116486
-0.150666
-0.268872
-0.274112
-0.104546
-0.280239
-0.062425
-0.296701
-0.385065
-0.127337
-0.397967
-0.287030
-0.366641
-0.413789
-0.340949
-0.330392
-0.209099
-0.265395
-0.033320
-0.098220
-0.409523
-0.413888
-0.242801
-0.180877
0.003119
-0.252438
-0.084619
-0.240861
-0.454009
-0.353365
-0.290650
-0.297014
-0.012986
-0.197707
-0.369689
-0.092770
-0.317964
-0.150287
-0.161083
-0.132212
-0.350526
-0.366408
0.025136
-0.371619
-0.364778
0.092280
0.142240
-0.396293
-0.254525
-0.422717
-0.187254
-0.152575
-0.169411
-0.123594
-0.147799
-0.172020
-0.366754
0.130405
-0.312394
-0.225233
-0.101292
0.306373
-0.327640
-0.135425
-0.297351
-0.262883
-0.237944
-0.053826
-0.144269
-0.289716
-0.237942
0.069665
-0.243460
0.038364
-0.142077
-0.266688
-0.142172
-0.061405
-0.210447
-0.073258
-0.127056
-0.219291
-0.096095
-0.225343
-0.229655
0.043998
-0.278662
-0.123795
-0.221895
-0.001039
-0.006930
-0.354926
-0.242691
-0.266398
-0.281291
-0.093188
-0.180217
-0.234994
-0.161107
-0.273763
-0.291793
-0.031841
-0.136638
-0.407351
0.066723
-0.269387
-0.259019
-0.316305
-0.150746
-0.038506
-0.199021
-0.306037
-0.322627
-0.278399
-0.282269
-0.020937
-0.149739
-0.308360
-0.300536
-0.193260
0.018609
-0.019082
-0.226098
0.057042
0.021426
0.015739
-0.225178
-0.367927
-0.097543
-0.218942
-0.186867
-0.406049
0.029440
0.007306
-0.384396
-0.203593
-0.321777
-0.116297
-0.304442
-0.239733
-0.335295
-0.291048
-0.134206
-0.294040
-0.345537
-0.271374
-0.174188
-0.479092
-0.011709
-0.137330
-0.353729
-0.320856
-0.252286
-0.454108
-0.284129
-0.430766
-0.249613
-0.363558
-0.450744
-0.305844
-0.361683
-0.351846
-0.281229
-0.409065
-0.086190
-0.085665
-0.183191
-0.420349
-0.301968
-0.460999
-0.261507
-0.286590
-0.074289
-0.340182
-0.058240
-0.392467
-0.306290
-0.290130
-0.271450
-0.210135
-0.372758
-0.287655
-0.350103
-0.447469
-0.334366
-0.291813
-0.376866
-0.447294
-0.366467
-0.379196
-0.219107
-0.269011
-0.115511
-0.146600
-0.268096
-0.266943
-0.106086
-0.278537
-0.057918
-0.294004
-0.383204
-0.126306
-0.394563
-0.284705
-0.362817
-0.409954
-0.335226
-0.325240
-0.210575
-0.261276
-0.036141
-0.098944
-0.405203
-0.410531
-0.237493
-0.176085
-0.001969
-0.248973
-0.085620
-0.237918
-0.449371
-0.350252
-0.287576
-0.291967
-0.010926
-0.193501
-0.366084
-0.090538
-0.316364
-0.147934
-0.157958
-0.125622
-0.346980
-0.365042
0.023823
-0.366104
-0.359474
0.097168
0.138067
-0.391718
-0.250550
-0.416416
-0.189171
-0.154401
-0.166391
-0.118729
-0.143267
-0.167411
-0.364096
0.126803
-0.304629
-0.221754
-0.098946
-0.023334
-0.323941
-0.129799
-0.291400
-0.261226
-0.233415
-0.052245
-0.139781
-0.284660
-0.231013
0.065213
-0.237530
0.039129
-0.138727
-0.264597
-0.140512
-0.055222
-0.204282
-0.068628
-0.128860
-0.216014
-0.091492
-0.222460
-0.224852
0.046190
-0.277977
-0.122402
-0.216940
-0.000199
-0.006633
-0.353641
-0.238105
-0.261975
-0.278588
-0.094232
-0.177429
-0.231292
-0.162833
-0.265750
-0.289218
-0.033788
-0.132211
-0.403671
0.071608
-0.263816
-0.260680
-0.311999
-0.148118
-0.033572
-0.196905
-0.299620
-0.319640
-0.271394
-0.273517
-0.018392
-0.152088
-0.303837
-0.296441
-0.190558
0.022586
-0.016673
-0.225052
0.057988
0.024773
0.015353
-0.220746
-0.362381
-0.094216
-0.214946
-0.186639
-0.396162
0.032779
0.007622
-0.378676
-0.204988
-0.321543
-0.116267
-0.308298
-0.238511
-0.335135
-0.288545
-0.129747
-0.292805
-0.342467
-0.269743
-0.173425
-0.477649
-0.014773
-0.136542
-0.352973
-0.316399
-0.249076
-0.454144
-0.283170
-0.430206
-0.247975
-0.361714
-0.449184
-0.302659
-0.360025
-0.347017
-0.284525
-0.407731
-0.084086
-0.082225
-0.183186
-0.418431
-0.300830
-0.455463
-0.257678
-0.287997
-0.070846
-0.338519
-0.053150
-0.389799
-0.303158
-0.285417
-0.272740
-0.209522
-0.370503
-0.286305
-0.347665
-0.445499
-0.328751
-0.290619
-0.375209
-0.445580
-0.362940
-0.378784
-0.216050
-0.267056
-0.118163
-0.143306
-0.267419
-0.264766
-0.103702
-0.277613
-0.059302
-0.295884
-0.382368
-0.125078
-0.394345
-0.282007
-0.358329
-0.409522
-0.331865
-0.323013
-0.206544
-0.259617
-0.033883
-0.100047
-0.404378
-0.409144
-0.236515
-0.177231
-0.000283
-0.251339
-0.078565
-0.242160
-0.447803
-0.348027
-0.282697
-0.291236
-0.006252
-0.191490
-0.363162
-0.086114
-0.315752
-0.142618
-0.156603
-0.124699
-0.345324
-0.364711
0.029634
-0.363984
-0.356102
0.105262
0.139157
-0.391361
-0.248953
-0.414178
-0.189017
-0.121400
-0.164578
-0.117917
-0.135808
-0.164686
-0.361354
0.124223
-0.300681
-0.221651
-0.098128
0.084291
-0.324694
-0.124012
-0.290767
-0.259458
-0.232001
-0.049183
-0.131185
-0.282332
-0.228985
0.063760
-0.235907
0.040587
-0.136091
-0.261118
-0.137368
-0.049582
-0.199468
-0.064468
-0.128772
-0.213345
-0.085938
-0.220332
-0.221798
0.051694
-0.274833
-0.115677
-0.212933
-0.001581
-0.002174
-0.351297
-0.233777
-0.260829
-0.276749
-0.094607
-0.172084
-0.228307
-0.143974
-0.259031
-0.285658
-0.031770
-0.128222
-0.401347
0.078313
-0.262362
-0.263132
-0.309242
-0.145820
-0.029740
-0.197510
-0.295986
-0.316383
-0.270260
-0.266509
-0.020174
-0.149797
-0.303773
-0.292654
-0.187913
0.024851
-0.015065
-0.226773
0.064092
0.030195
0.019880
-0.218979
-0.359885
-0.092174
-0.212079
-0.182469
-0.390494
0.039357
0.009549
-0.378799
-0.205963
-0.324557
-0.134224
-0.308477
-0.247604
-0.332822
-0.285800
-0.139495
-0.298878
-0.350113
-0.270389
-0.175619
-0.483832
-0.021279
-0.127781
-0.360355
-0.315096
-0.254450
-0.459662
-0.288825
-0.434721
-0.254016
-0.367486
-0.454457
-0.310593
-0.362685
-0.352016
-0.288392
-0.411018
-0.102234
-0.093422
-0.186677
-0.426368
-0.299821
-0.460622
-0.258561
-0.294345
-0.079100
-0.347784
-0.053465
-0.398328
-0.306911
-0.285337
-0.267494
-0.209525
-0.371609
-0.287442
-0.353212
-0.446507
-0.326383
-0.295579
-0.371442
-0.447129
-0.370986
-0.376600
-0.218511
-0.265491
-0.121184
-0.137595
-0.274155
-0.270176
-0.095723
-0.281951
-0.068175
-0.306205
-0.388514
-0.128312
-0.395525
-0.280897
-0.360434
-0.413093
-0.339856
-0.328029
-0.215321
-0.265290
-0.036586
-0.091894
-0.408874
-0.417233
-0.237908
-0.181114
0.002667
-0.254715
-0.085396
-0.253058
-0.451662
-0.355650
-0.289940
-0.296435
-0.016252
-0.191687
-0.370464
-0.095913
-0.315083
-0.146140
-0.152344
-0.129672
-0.348094
-0.367806
0.024411
-0.366556
-0.366941
0.092744
0.130824
-0.396248
-0.249418
-0.421626
-0.193171
-0.112172
-0.154300
-0.123597
-0.135344
-0.177206
-0.358868
0.121993
-0.307946
-0.229289
-0.107557
-0.000108
-0.325207
-0.127527
-0.292455
-0.265697
-0.228323
-0.059198
-0.142060
-0.284304
-0.230280
0.062538
-0.239097
0.041161
-0.145686
-0.263444
-0.150332
-0.041474
-0.203289
-0.061524
-0.135982
-0.214657
-0.093963
-0.233188
-0.221974
0.035836
-0.272038
-0.124344
-0.218623
-0.002823
0.009691
-0.358773
-0.237083
-0.268701
-0.289604
-0.094921
-0.180000
-0.230399
-0.143811
-0.271679
-0.294840
-0.034386
-0.137280
-0.408921
0.062689
-0.272266
-0.258669
-0.313696
-0.152205
-0.043324
-0.196771
-0.289023
-0.318773
-0.280180
-0.281313
-0.027686
-0.143134
-0.300999
-0.303718
-0.189561
0.021452
-0.025919
-0.237530
0.061087
0.031670
0.018319
-0.230625
-0.362123
-0.105285
-0.218453
-0.183956
-0.398336
0.031880
0.004484
-0.383935
-0.206858
-0.326440
-0.127259
-0.310339
-0.247185
-0.335956
-0.293543
-0.143476
-0.299571
-0.350003
-0.275106
-0.184985
-0.485316
-0.019315
-0.132781
-0.360675
-0.312206
-0.263194
-0.463514
-0.290754
-0.434217
-0.256438
-0.365467
-0.459275
-0.309201
-0.366358
-0.361376
-0.288567
-0.410890
-0.100557
-0.099073
-0.185624
-0.429647
-0.303281
-0.465611
-0.262807
-0.295817
-0.089010
-0.352072
-0.060657
-0.403125
-0.314969
-0.295763
-0.271718
-0.211395
-0.375763
-0.286674
-0.359725
-0.454689
-0.335547
-0.296091
-0.381167
-0.450762
-0.376338
-0.381360
-0.220494
-0.269890
-0.118616
-0.148334
-0.278146
-0.273515
-0.110593
-0.285194
-0.066573
-0.305338
-0.391603
-0.134269
-0.399676
-0.287090
-0.360094
-0.416451
-0.345200
-0.332174
-0.213561
-0.278239
-0.033974
-0.091185
-0.410909
-0.418705
-0.245400
-0.179366
0.001064
-0.255319
-0.089141
-0.248008
-0.457471
-0.360879
-0.294203
-0.298748
-0.019631
-0.193201
-0.372638
-0.102547
-0.328453
-0.148851
-0.156702
-0.132014
-0.353018
-0.374480
0.017673
-0.379668
-0.375586
0.080840
0.135878
-0.398350
-0.257339
-0.426193
-0.191039
-0.094037
-0.162237
-0.133515
-0.153093
-0.186319
-0.365147
0.120543
-0.313272
-0.230011
-0.107897
-0.168750
-0.319122
-0.130870
-0.300529
-0.265749
-0.237537
-0.067717
-0.154886
-0.287201
-0.236432
0.066020
-0.242224
0.034458
-0.152998
-0.270694
-0.156529
-0.054066
-0.212868
-0.073339
-0.139708
-0.221559
-0.100315
-0.234115
-0.228484
0.041905
-0.276984
-0.137038
-0.224034
0.000774
0.001279
-0.363570
-0.251200
-0.277815
-0.297060
-0.096240
-0.180386
-0.236749
-0.141647
-0.279602
-0.303504
-0.034186
-0.146323
-0.410894
0.054261
-0.271634
-0.254673
-0.327100
-0.161557
-0.051099
-0.198438
-0.300729
-0.325593
-0.287643
-0.296471
-0.027344
-0.141342
-0.310459
-0.314889
-0.197786
0.008383
-0.025460
-0.233478
0.045614
0.016424
0.014366
-0.232024
-0.373420
-0.112417
-0.221793
-0.197796
-0.408283
0.022090
-0.003895
-0.387483
-0.211155
-0.329325
-0.121846
-0.312263
-0.248969
-0.340170
-0.301225
-0.141943
-0.296385
-0.353513
-0.278795
-0.189018
-0.488547
-0.019894
-0.142255
-0.363117
-0.322751
-0.264195
-0.465903
-0.290030
-0.434902
-0.258742
-0.368884
-0.464493
-0.308652
-0.368189
-0.370103
-0.289049
-0.415643
-0.090715
-0.103601
-0.185395
-0.434025
-0.306003
-0.470778
-0.270078
-0.296375
-0.096953
-0.350819
-0.066606
-0.405458
-0.321037
-0.304197
-0.280166
-0.211258
-0.376889
-0.286988
-0.363240
-0.462675
-0.346869
-0.299390
-0.391776
-0.453486
-0.378314
-0.381157
-0.227672
-0.276857
-0.116696
-0.160100
-0.283729
-0.276249
-0.120725
-0.291732
-0.063999
-0.305510
-0.390018
-0.139341
-0.405393
-0.287746
-0.367006
-0.421316
-0.347948
-0.331363
-0.215395
-0.285471
-0.038586
-0.099093
-0.413224
-0.418552
-0.250880
-0.182712
-0.005718
-0.253362
-0.096167
-0.241710
-0.459099
-0.360164
-0.300768
-0.300075
-0.023552
-0.198220
-0.371481
-0.106389
-0.335942
-0.151146
-0.165863
-0.134096
-0.351942
-0.382225
0.011265
-0.388127
-0.380951
0.076945
0.135424
-0.393007
-0.267296
-0.426421
-0.192718
-0.134246
-0.171765
-0.138722
-0.166640
-0.190125
-0.374312
0.121625
-0.314353
-0.230095
-0.110665
-0.197233
-0.325165
-0.140579
-0.309030
-0.264724
-0.244697
-0.070585
-0.158141
-0.287229
-0.238707
0.068316
-0.245027
0.021596
-0.159071
-0.272115
-0.160676
-0.061490
-0.219239
-0.078188
-0.143260
-0.227435
-0.111497
-0.238729
-0.231219
0.043612
-0.283614
-0.139114
-0.233976
-0.005323
-0.005248
-0.365149
-0.258553
-0.279509
-0.297672
-0.096936
-0.183735
-0.243308
-0.170642
-0.290062
-0.312391
-0.034495
-0.155153
-0.410121
0.052222
-0.264086
-0.257577
-0.334014
-0.167016
-0.052832
-0.202819
-0.310230
-0.329099
-0.286244
-0.305635
-0.029363
-0.149930
-0.315314
-0.321504
-0.202378
-0.001344
-0.024665
-0.234218
0.038267
0.012992
0.011873
-0.235414
-0.380473
-0.119470
-0.220805
-0.205715
-0.412960
0.015384
-0.010481
-0.393200
-0.211258
-0.328825
-0.120416
-0.314003
-0.245816
-0.341897
-0.303225
-0.137392
-0.290706
-0.351501
-0.279200
-0.191493
-0.485279
-0.022832
-0.147340
-0.361233
-0.323990
-0.256207
-0.465466
-0.287728
-0.430204
-0.257641
-0.365554
-0.461629
-0.299936
-0.364799
-0.366617
-0.288757
-0.416932
-0.075317
-0.102157
-0.186208
-0.430777
-0.306111
-0.466878
-0.267696
-0.296214
-0.100507
-0.344929
-0.062394
-0.400478
-0.318458
-0.306248
-0.286961
-0.209406
-0.376846
-0.283613
-0.360980
-0.463640
-0.348087
-0.294071
-0.394399
-0.452424
-0.375496
-0.382087
-0.228753
-0.277649
-0.115946
-0.163604
-0.283999
-0.274131
-0.121523
-0.288916
-0.059584
-0.306027
-0.388241
-0.137165
-0.406579
-0.282631
-0.362410
-0.419686
-0.342913
-0.322947
-0.211017
-0.281228
-0.037480
-0.104140
-0.411332
-0.413943
-0.245176
-0.185938
-0.007670
-0.251529
-0.095013
-0.240973
-0.457237
-0.358353
-0.298578
-0.297925
-0.019879
-0.199462
-0.370090
-0.104292
-0.338431
-0.143485
-0.174015
-0.138164
-0.344508
-0.383245
0.012485
-0.384760
-0.380500
0.084938
0.135790
-0.385786
-0.270149
-0.420626
-0.198754
-0.141979
-0.174959
-0.136285
-0.168904
-0.185056
-0.378828
0.125472
-0.305694
-0.225987
-0.112220
-0.245363
-0.329506
-0.138741
-0.311686
-0.260644
-0.243322
-0.068225
-0.154269
-0.286155
-0.235082
0.074341
-0.244965
0.011864
-0.154463
-0.267882
-0.159169
-0.056914
-0.218812
-0.078490
-0.145339
-0.226327
-0.111492
-0.238696
-0.230626
0.050718
-0.279431
-0.133881
-0.233915
-0.012964
-0.004459
-0.361618
-0.254648
-0.272785
-0.292752
-0.096855
-0.181553
-0.244487
-0.179374
-0.285455
-0.307418
-0.027415
-0.154739
-0.402510
0.059485
-0.253003
-0.261473
-0.333001
-0.172500
-0.044261
-0.205095
-0.308211
-0.327259
-0.278753
-0.295322
-0.024941
-0.154993
-0.312587
-0.318129
-0.206559
0.000019
-0.019236
-0.231579
0.035231
0.017017
0.013279
-0.229433
-0.381708
-0.120382
-0.215650
-0.204578
-0.409404
0.015807
-0.010562
-0.393253
-0.214291
-0.324228
-0.120984
-0.312456
-0.239788
-0.338674
-0.298626
-0.134395
-0.287752
-0.347265
-0.277379
-0.190065
-0.477305
-0.019793
-0.148972
-0.355816
-0.322864
-0.249835
-0.458409
-0.282470
-0.425144
-0.254368
-0.359721
-0.453567
-0.295477
-0.356371
-0.357316
-0.286000
-0.415549
-0.062908
-0.091859
-0.183175
-0.424909
-0.303081
-0.460348
-0.264175
-0.290163
-0.089384
-0.338307
-0.061669
-0.393134
-0.314739
-0.299493
-0.286130
-0.206298
-0.371967
-0.281899
-0.355162
-0.457189
-0.344906
-0.289691
-0.389848
-0.445719
-0.369033
-0.378608
-0.228847
-0.276300
-0.113981
-0.163660
-0.280118
-0.266192
-0.126206
-0.284816
-0.052921
-0.300865
-0.383582
-0.134543
-0.400430
-0.278391
-0.358616
-0.415631
-0.336471
-0.315167
-0.207744
-0.274303
-0.037527
-0.106933
-0.406822
-0.407207
-0.238131
-0.183434
-0.010124
-0.246763
-0.091859
-0.237718
-0.449876
-0.351455
-0.292732
-0.292801
-0.013805
-0.197101
-0.362838
-0.098801
-0.335417
-0.139838
-0.172717
-0.134585
-0.337035
-0.378632
0.014022
-0.379853
-0.372492
0.094364
0.134469
-0.379828
-0.265862
-0.409718
-0.195981
-0.155329
-0.176612
-0.129315
-0.164984
-0.177157
-0.373968
0.124900
-0.296777
-0.219181
-0.109192
-0.307508
-0.328228
-0.130257
-0.305818
-0.254718
-0.238414
-0.062715
-0.147229
-0.282195
-0.227581
0.071638
-0.241983
0.010143
-0.148135
-0.262346
-0.152504
-0.052244
-0.214167
-0.076587
-0.142991
-0.220914
-0.103294
-0.230691
-0.225684
0.055762
-0.276164
-0.129832
-0.228130
-0.015048
-0.002443
-0.355866
-0.248942
-0.267161
-0.284933
-0.094982
-0.174864
-0.240680
-0.174319
-0.274915
-0.299758
-0.026616
-0.148323
-0.394171
0.071015
-0.244667
-0.264390
-0.325620
-0.167783
-0.032356
-0.204676
-0.303365
-0.320534
-0.268521
-0.282128
-0.019963
-0.154865
-0.306461
-0.310310
-0.203817
0.006185
-0.013647
-0.225698
0.036584
0.023164
0.012737
-0.221804
-0.374357
-0.114980
-0.210993
-0.201739
-0.397213
0.019666
-0.010151
-0.387855
-0.215978
-0.325379
-0.122614
-0.312431
-0.241630
-0.338635
-0.298510
-0.137416
-0.287788
-0.349645
-0.278179
-0.189592
-0.478157
-0.021385
-0.148451
-0.356159
-0.322969
-0.249580
-0.461180
-0.283723
-0.426732
-0.256056
-0.360964
-0.455603
-0.295173
-0.358182
-0.360230
-0.287640
-0.414117
-0.065825
-0.095132
-0.183495
-0.426351
-0.302825
-0.462290
-0.265341
-0.290720
-0.090851
-0.340660
-0.060504
-0.394728
-0.316313
-0.302217
-0.286874
-0.205930
-0.372706
-0.282669
-0.356573
-0.458559
-0.344898
-0.289576
-0.390389
-0.447134
-0.371956
-0.379494
-0.228498
-0.277658
-0.113289
-0.166048
-0.280542
-0.269898
-0.124256
-0.287176
-0.053445
-0.302165
-0.385022
-0.133837
-0.402483
-0.278648
-0.360540
-0.416734
-0.339567
-0.315966
-0.207698
-0.276183
-0.037313
-0.105894
-0.407805
-0.408506
-0.238652
-0.184185
-0.010008
-0.247638
-0.091753
-0.239154
-0.451002
-0.353493
-0.293579
-0.293547
-0.013825
-0.199218
-0.364286
-0.100255
-0.335689
-0.140751
-0.173668
-0.135484
-0.337247
-0.379002
0.013895
-0.380881
-0.376636
0.092845
0.134632
-0.382752
-0.267267
-0.410368
-0.198339
-0.157881
-0.176427
-0.132221
-0.166182
-0.178600
-0.373342
0.125885
-0.299036
-0.220483
-0.110761
-0.274669
-0.326322
-0.132832
-0.307855
-0.255245
-0.238193
-0.066171
-0.151039
-0.283136
-0.228982
0.073466
-0.242171
0.010602
-0.148425
-0.263059
-0.154863
-0.050672
-0.214978
-0.076445
-0.144131
-0.221631
-0.104241
-0.233358
-0.224994
0.055158
-0.275760
-0.130922
-0.227785
-0.016191
-0.001000
-0.355470
-0.253384
-0.269866
-0.285483
-0.094480
-0.177452
-0.243078
-0.174429
-0.277937
-0.302013
-0.026235
-0.150747
-0.395443
0.069990
-0.245235
-0.263100
-0.329377
-0.171775
-0.033818
-0.204858
-0.306223
-0.323456
-0.271964
-0.284472
-0.019087
-0.155241
-0.306772
-0.312187
-0.204524
0.008401
-0.016211
-0.226800
0.033675
0.024452
0.010706
-0.225169
-0.376973
-0.118433
-0.210886
-0.202811
-0.400671
0.017916
-0.009223
-0.389974
-0.216525
-0.329050
-0.124934
-0.309316
-0.246089
-0.341632
-0.302884
-0.139166
-0.290782
-0.355874
-0.279487
-0.189498
-0.485288
-0.022705
-0.145162
-0.360148
-0.323265
-0.256722
-0.464338
-0.288842
-0.428372
-0.260541
-0.364492
-0.461364
-0.299848
-0.365171
-0.370927
-0.290413
-0.414008
-0.077725
-0.104776
-0.181705
-0.430608
-0.303134
-0.470783
-0.268125
-0.292949
-0.102381
-0.347872
-0.063840
-0.400175
-0.319837
-0.309125
-0.286010
-0.207141
-0.376978
-0.286268
-0.363024
-0.464221
-0.349749
-0.294056
-0.392912
-0.450307
-0.377644
-0.381771
-0.229415
-0.279812
-0.113554
-0.168797
-0.284275
-0.280267
-0.117335
-0.293666
-0.058301
-0.303806
-0.388953
-0.136479
-0.407708
-0.282618
-0.365307
-0.418891
-0.345860
-0.323443
-0.211539
-0.282625
-0.036930
-0.102252
-0.411411
-0.413785
-0.243600
-0.185767
-0.008560
-0.250121
-0.094359
-0.239174
-0.455300
-0.357385
-0.297469
-0.298003
-0.018331
-0.201221
-0.370239
-0.104558
-0.337460
-0.141928
-0.174297
-0.139321
-0.340744
-0.381593
0.009131
-0.387989
-0.384301
0.080314
0.132760
-0.384858
-0.270941
-0.419865
-0.199293
-0.145098
-0.174278
-0.137619
-0.170092
-0.189249
-0.375739
0.124707
-0.310128
-0.226570
-0.111650
-0.055931
-0.325239
-0.140939
-0.312035
-0.258838
-0.243024
-0.073130
-0.162033
-0.287964
-0.237663
0.075848
-0.242995
0.010786
-0.155779
-0.269392
-0.162791
-0.058217
-0.220525
-0.080596
-0.145359
-0.225000
-0.113106
-0.241288
-0.228394
0.049103
-0.277852
-0.136738
-0.236918
-0.017650
-0.001636
-0.358728
-0.262570
-0.275111
-0.293829
-0.095248
-0.181720
-0.245606
-0.168681
-0.290254
-0.311945
-0.025741
-0.158272
-0.400672
0.058224
-0.249194
-0.258083
-0.334164
-0.177282
-0.047513
-0.205671
-0.309537
-0.328668
-0.281061
-0.300927
-0.025237
-0.154818
-0.308631
-0.322180
-0.207530
0.003599
-0.024556
-0.233437
0.027560
0.020432
0.007520
-0.234079
-0.384818
-0.127482
-0.212843
-0.206019
-0.413205
0.009872
-0.013132
-0.393837
-0.215085
-0.330057
-0.130239
-0.304862
-0.251861
-0.342418
-0.300575
-0.148899
-0.298357
-0.359672
-0.278997
-0.185346
-0.491694
-0.021028
-0.138080
-0.364033
-0.321342
-0.263259
-0.468908
-0.295347
-0.434578
-0.263366
-0.370735
-0.466095
-0.310461
-0.373633
-0.378232
-0.293186
-0.415079
-0.100735
-0.114903
-0.183683
-0.432416
-0.302477
-0.477990
-0.273973
-0.297027
-0.104105
-0.358147
-0.070673
-0.408973
-0.322228
-0.310411
-0.278053
-0.213664
-0.380065
-0.290859
-0.368929
-0.464459
-0.347817
-0.300325
-0.393743
-0.454852
-0.383705
-0.383012
-0.228462
-0.277617
-0.115957
-0.161512
-0.287643
-0.286602
-0.110976
-0.296034
-0.065947
-0.305581
-0.394039
-0.138760
-0.410150
-0.290793
-0.370762
-0.418961
-0.351704
-0.333903
-0.216419
-0.286769
-0.038186
-0.093936
-0.415640
-0.422853
-0.248996
-0.184442
-0.005063
-0.255250
-0.098711
-0.244747
-0.460231
-0.363316
-0.305767
-0.304114
-0.027259
-0.202969
-0.377127
-0.109362
-0.334206
-0.150492
-0.168770
-0.139244
-0.351048
-0.380237
0.004982
-0.390497
-0.387833
0.065493
0.127864
-0.394084
-0.266675
-0.430568
-0.195179
-0.135074
-0.167661
-0.138363
-0.169125
-0.196939
-0.372943
0.123443
-0.324883
-0.232258
-0.112437
-0.136421
-0.321011
-0.149540
-0.309707
-0.266994
-0.245629
-0.078915
-0.171672
-0.294738
-0.244971
0.070996
-0.244803
0.018894
-0.163997
-0.274413
-0.166299
-0.061976
-0.223411
-0.082128
-0.143557
-0.228889
-0.117975
-0.248012
-0.232281
0.032635
-0.282739
-0.142451
-0.240279
-0.009257
-0.007791
-0.364061
-0.265951
-0.284364
-0.301466
-0.095948
-0.190523
-0.245462
-0.171238
-0.296687
-0.318510
-0.031527
-0.162122
-0.413141
0.044120
-0.265858
-0.251617
-0.334474
-0.178259
-0.062123
-0.205789
-0.311214
-0.335049
-0.290245
-0.316408
-0.031588
-0.151064
-0.311800
-0.329441
-0.207042
0.003268
-0.032448
-0.239355
0.027900
0.014167
0.003684
-0.242080
-0.384859
-0.131897
-0.218012
-0.204386
-0.422628
0.004709
-0.014631
-0.395158
-0.211462
-0.330156
-0.133592
-0.300423
-0.256259
-0.339408
-0.299394
-0.155320
-0.301664
-0.364850
-0.279844
-0.181782
-0.493974
-0.018951
-0.134846
-0.365521
-0.326646
-0.261866
-0.472700
-0.296892
-0.438013
-0.266072
-0.375390
-0.469735
-0.315947
-0.376728
-0.381641
-0.293803
-0.416376
-0.109083
-0.117502
-0.184172
-0.437235
-0.301263
-0.481822
-0.277681
-0.297291
-0.104715
-0.362778
-0.072240
-0.415359
-0.322644
-0.310818
-0.272920
-0.213462
-0.379778
-0.293883
-0.370033
-0.463892
-0.347723
-0.301809
-0.393416
-0.455177
-0.386092
-0.380913
-0.229269
-0.275609
-0.117787
-0.155818
-0.290134
-0.288596
-0.106574
-0.296007
-0.067823
-0.306722
-0.397251
-0.139885
-0.411872
-0.293153
-0.374554
-0.420446
-0.353620
-0.337422
-0.221319
-0.286508
-0.039684
-0.091448
-0.417594
-0.425637
-0.251076
-0.187456
-0.002760
-0.255228
-0.101604
-0.248203
-0.462098
-0.366374
-0.312204
-0.305762
-0.033271
-0.204315
-0.381068
-0.109636
-0.331789
-0.156681
-0.166419
-0.139000
-0.356461
-0.379473
0.003404
-0.389160
-0.390465
0.061359
0.123673
-0.397517
-0.265315
-0.435484
-0.194598
-0.157036
-0.164535
-0.137849
-0.169695
-0.199441
-0.372920
0.126048
-0.331186
-0.234834
-0.112799
-0.175926
-0.323839
-0.156103
-0.307463
-0.270880
-0.245079
-0.081849
-0.176702
-0.296947
-0.250155
0.067654
-0.248600
0.021787
-0.168736
-0.275116
-0.166944
-0.063093
-0.224385
-0.080893
-0.144668
-0.231764
-0.119815
-0.250626
-0.235756
0.025937
-0.284824
-0.143165
-0.240847
-0.008114
-0.008740
-0.368786
-0.266869
-0.283211
-0.305152
-0.096477
-0.197067
-0.245968
-0.179212
-0.303574
-0.322346
-0.034080
-0.162255
-0.418516
0.034623
-0.273552
-0.250826
-0.333902
-0.176716
-0.068833
-0.202987
-0.310768
-0.339693
-0.293910
-0.322606
-0.035225
-0.151733
-0.313101
-0.332366
-0.202884
0.001138
-0.035570
-0.241030
0.029573
0.012791
0.003403
-0.247210
-0.385059
-0.131331
-0.220629
-0.200544
-0.426741
0.003142
-0.014855
-0.395112
-0.207703
-0.329393
-0.130924
-0.302201
-0.256900
-0.341979
-0.302164
-0.148025
-0.297403
-0.363061
-0.280868
-0.180262
-0.494206
-0.023416
-0.139980
-0.366014
-0.328134
-0.254435
-0.472805
-0.295022
-0.434843
-0.268937
-0.375490
-0.469601
-0.306245
-0.378408
-0.385401
-0.296388
-0.417243
-0.097768
-0.119824
-0.184183
-0.434810
-0.303271
-0.478857
-0.277234
-0.299046
-0.114674
-0.357077
-0.067097
-0.412708
-0.323349
-0.315636
-0.281964
-0.209758
-0.379674
-0.293085
-0.368695
-0.467415
-0.349026
-0.300840
-0.399793
-0.455754
-0.383950
-0.380714
-0.230750
-0.277330
-0.117919
-0.158578
-0.293097
-0.291860
-0.104199
-0.299118
-0.066155
-0.307813
-0.395988
-0.135240
-0.414418
-0.287103
-0.374312
-0.422483
-0.353234
-0.334629
-0.218324
-0.285102
-0.038178
-0.096233
-0.416094
-0.421476
-0.247536
-0.194657
-0.001527
-0.252289
-0.103668
-0.246485
-0.462275
-0.365900
-0.308805
-0.302108
-0.035275
-0.207906
-0.381544
-0.109450
-0.335349
-0.149110
-0.175636
-0.146860
-0.350724
-0.382126
0.003899
-0.389442
-0.395268
0.066611
0.124588
-0.388202
-0.271389
-0.434884
-0.198607
-0.147072
-0.169665
-0.143371
-0.170440
-0.198587
-0.377199
0.131637
-0.329629
-0.232366
-0.114281
-0.186229
-0.330864
-0.158369
-0.311888
-0.272441
-0.243955
-0.080071
-0.177806
-0.296340
-0.247261
0.073823
-0.250906
0.013353
-0.166531
-0.272583
-0.168008
-0.059915
-0.226584
-0.080648
-0.147535
-0.231371
-0.126298
-0.253186
-0.238383
0.032181
-0.279787
-0.136165
-0.246810
-0.018356
-0.005704
-0.365572
-0.267589
-0.278381
-0.303116
-0.097558
-0.193693
-0.247922
-0.174565
-0.306756
-0.322764
-0.026483
-0.164208
-0.410891
0.037418
-0.257751
-0.252937
-0.334361
-0.181981
-0.065551
-0.204300
-0.311505
-0.339811
-0.287553
-0.319747
-0.035670
-0.149853
-0.311996
-0.334142
-0.204357
-0.002615
-0.035064
-0.240900
0.024466
0.014809
0.006861
-0.247137
-0.386735
-0.135170
-0.215933
-0.197692
-0.427554
0.001208
-0.017598
-0.397822
-0.209962
-0.326139
-0.126875
-0.303667
-0.249617
-0.341389
-0.299036
-0.141165
-0.291541
-0.357526
-0.280553
-0.178439
-0.488494
-0.023209
-0.142438
-0.362141
-0.326365
-0.249797
-0.468000
-0.288546
-0.429848
-0.265993
-0.369512
-0.467254
-0.298237
-0.370246
-0.376735
-0.292953
-0.417092
-0.083612
-0.108965
-0.183613
-0.434837
-0.303353
-0.469004
-0.271626
-0.297360
-0.111040
-0.348188
-0.058770
-0.406465
-0.318488
-0.310927
-0.286017
-0.207197
-0.375149
-0.287106
-0.363227
-0.467054
-0.348180
-0.294937
-0.398520
-0.451326
-0.379243
-0.380378
-0.229606
-0.278275
-0.114042
-0.157743
-0.290447
-0.285923
-0.106404
-0.297920
-0.057869
-0.304743
-0.389866
-0.131248
-0.410506
-0.280043
-0.364281
-0.421803
-0.348465
-0.327435
-0.212828
-0.281489
-0.037557
-0.098931
-0.412526
-0.413995
-0.242993
-0.192287
-0.002371
-0.247756
-0.101258
-0.243380
-0.455825
-0.360212
-0.302739
-0.295293
-0.026779
-0.204844
-0.375430
-0.103648
-0.336128
-0.136679
-0.175968
-0.145625
-0.341390
-0.381015
0.009704
-0.384099
-0.390715
0.079416
0.131924
-0.379654
-0.270762
-0.424332
-0.199201
-0.132260
-0.168623
-0.143161
-0.165630
-0.192217
-0.376990
0.133981
-0.318399
-0.228182
-0.113155
-0.164853
-0.330746
-0.146024
-0.309421
-0.269882
-0.240673
-0.074028
-0.167123
-0.290587
-0.235978
0.075669
-0.247066
0.010788
-0.157780
-0.266011
-0.159881
-0.051023
-0.222025
-0.077713
-0.148580
-0.225864
-0.119068
-0.251137
-0.231359
0.043467
-0.275785
-0.130149
-0.241032
-0.019595
-0.000920
-0.359822
-0.262094
-0.269528
-0.297489
-0.097553
-0.188177
-0.245752
-0.170188
-0.295264
-0.315248
-0.022570
-0.160820
-0.402625
0.049184
-0.245288
-0.257625
-0.331650
-0.178190
-0.054507
-0.202073
-0.307534
-0.333498
-0.277287
-0.302914
-0.028952
-0.147910
-0.305370
-0.325725
-0.202322
0.003506
-0.027144
-0.239043
0.028062
0.018772
0.011722
-0.237543
-0.382317
-0.131954
-0.213148
-0.194979
-0.421162
0.004969
-0.011413
-0.393855
-0.211979
-0.320845
-0.122748
-0.302551
-0.239358
-0.335729
-0.292586
-0.139595
-0.288051
-0.351392
-0.273630
-0.176024
-0.481524
-0.013853
-0.135275
-0.356982
-0.315411
-0.241977
-0.463606
-0.284770
-0.427099
-0.255832
-0.360259
-0.462853
-0.296142
-0.360201
-0.358639
-0.287949
-0.411345
-0.074246
-0.097100
-0.181445
-0.426401
-0.296588
-0.456747
-0.260160
-0.297606
-0.093184
-0.338821
-0.057245
-0.393090
-0.308706
-0.294876
-0.278000
-0.205736
-0.370349
-0.281219
-0.356935
-0.458710
-0.339050
-0.291278
-0.389502
-0.446056
-0.372039
-0.375082
-0.223429
-0.271061
-0.111206
-0.146594
-0.281172
-0.272508
-0.107896
-0.284482
-0.051007
-0.297795
-0.383221
-0.124421
-0.405311
-0.277984
-0.353656
-0.414976
-0.335146
-0.321684
-0.203885
-0.276016
-0.033443
-0.092572
-0.406112
-0.409972
-0.236291
-0.185897
0.001884
-0.244894
-0.090479
-0.240206
-0.450788
-0.351646
-0.294757
-0.290355
-0.011179
-0.190855
-0.367165
-0.088395
-0.328232
-0.131932
-0.165727
-0.136510
-0.336433
-0.370427
0.022317
-0.371919
-0.373024
0.101061
0.143953
-0.381981
-0.258875
-0.412958
-0.188987
-0.087579
-0.161752
-0.131418
-0.148376
-0.178296
-0.367322
0.141609
-0.307200
-0.221380
-0.104028
0.081775
-0.328575
-0.123383
-0.297515
-0.269777
-0.233043
-0.063013
-0.150492
-0.280635
-0.223693
0.070899
-0.240360
0.023815
-0.149605
-0.258179
-0.144158
-0.038922
-0.208714
-0.068073
-0.145337
-0.214665
-0.097420
-0.239132
-0.221376
0.056836
-0.270913
-0.122364
-0.225093
-0.006632
0.006510
-0.355979
-0.247247
-0.263275
-0.285038
-0.092559
-0.176044
-0.238671
-0.134035
-0.276396
-0.296211
-0.018158
-0.149309
-0.399169
0.069314
-0.245702
-0.254842
-0.322570
-0.165402
-0.040906
-0.197895
-0.297927
-0.324339
-0.271347
-0.279125
-0.022547
-0.140946
-0.295823
-0.307882
-0.198117
0.024309
-0.018843
-0.231839
0.044602
0.031203
0.020990
-0.222340
-0.368428
-0.118609
-0.208149
-0.188052
-0.404590
0.021314
-0.003162
-0.385353
-0.206443
-0.316563
-0.117366
-0.302237
-0.231439
-0.330642
-0.285560
-0.147611
-0.288984
-0.342830
-0.270334
-0.173124
-0.471765
-0.007324
-0.135307
-0.352864
-0.319130
-0.238197
-0.452291
-0.280782
-0.426175
-0.247379
-0.357443
-0.452369
-0.301923
-0.349239
-0.341387
-0.283735
-0.406080
-0.069183
-0.081745
-0.179719
-0.417754
-0.291697
-0.452842
-0.258670
-0.294578
-0.069819
-0.333512
-0.061553
-0.384985
-0.299567
-0.283025
-0.271914
-0.208045
-0.366753
-0.280421
-0.350989
-0.447859
-0.330781
-0.283815
-0.379222
-0.441162
-0.362366
-0.375635
-0.220168
-0.266595
-0.108802
-0.143441
-0.272535
-0.257245
-0.114143
-0.278988
-0.049647
-0.292385
-0.376174
-0.123006
-0.397383
-0.281401
-0.351375
-0.406969
-0.327109
-0.314775
-0.203359
-0.269932
-0.037994
-0.091503
-0.401336
-0.407310
-0.232523
-0.177430
-0.012135
-0.241432
-0.081652
-0.238880
-0.441965
-0.343695
-0.288718
-0.285930
-0.004018
-0.187047
-0.361032
-0.080878
-0.318367
-0.141798
-0.155288
-0.120112
-0.335634
-0.362155
0.026542
-0.362177
-0.358605
0.110701
0.135712
-0.386853
-0.247450
-0.399827
-0.190390
-0.133175
-0.165194
-0.114933
-0.140292
-0.166426
-0.360638
0.135084
-0.293553
-0.212123
-0.096470
0.032556
-0.321439
-0.117020
-0.289356
-0.262218
-0.228419
-0.059088
-0.139249
-0.271822
-0.216356
0.058283
-0.236237
0.031738
-0.139747
-0.255402
-0.138790
-0.036280
-0.199643
-0.063961
-0.139944
-0.212043
-0.080804
-0.229019
-0.215355
0.058793
-0.273906
-0.115279
-0.215212
0.003910
-0.003064
-0.351093
-0.233465
-0.260206
-0.272853
-0.087334
-0.170354
-0.230963
-0.148267
-0.256454
-0.283190
-0.028842
-0.132650
-0.394995
0.086521
-0.249551
-0.256976
-0.315084
-0.156089
-0.026959
-0.196103
-0.297090
-0.313270
-0.265560
-0.264198
-0.017069
-0.154806
-0.295550
-0.293203
-0.186925
0.040984
-0.016084
-0.224167
0.054659
0.034564
0.012865
-0.211635
-0.358400
-0.102332
-0.204799
-0.187429
-0.385305
0.032379
0.000098
-0.376538
-0.205307
-0.322358
-0.130237
-0.300924
-0.238563
-0.330563
-0.286740
-0.164940
-0.296021
-0.350424
-0.274635
-0.178017
-0.479218
-0.010168
-0.131938
-0.359752
-0.321797
-0.245438
-0.460410
-0.289209
-0.435171
-0.253684
-0.361302
-0.458876
-0.310937
-0.355616
-0.349004
-0.287532
-0.410807
-0.087999
-0.098594
-0.185507
-0.424409
-0.290775
-0.467783
-0.267876
-0.302945
-0.081914
-0.343326
-0.067270
-0.394407
-0.304888
-0.289817
-0.270500
-0.211289
-0.372818
-0.284394
-0.360685
-0.450936
-0.332279
-0.289608
-0.382883
-0.447607
-0.374965
-0.377552
-0.222082
-0.268186
-0.111785
-0.143904
-0.283234
-0.266398
-0.114912
-0.283586
-0.059107
-0.300650
-0.385292
-0.125972
-0.404222
-0.287087
-0.360132
-0.410659
-0.340558
-0.323225
-0.210809
-0.283488
-0.041192
-0.078362
-0.409789
-0.417380
-0.236803
-0.178705
-0.013206
-0.248691
-0.087616
-0.245349
-0.449598
-0.352609
-0.299020
-0.295333
-0.013588
-0.189858
-0.368918
-0.091997
-0.321301
-0.151080
-0.154674
-0.125987
-0.339594
-0.365423
0.020545
-0.368186
-0.372891
0.098403
0.127797
-0.397939
-0.249782
-0.409463
-0.197658
-0.167014
-0.162309
-0.122716
-0.147464
-0.178907
-0.359932
0.132813
-0.304091
-0.217758
-0.108670
0.005852
-0.316816
-0.126644
-0.295449
-0.270215
-0.229347
-0.071727
-0.156848
-0.276668
-0.221705
0.055591
-0.244822
0.033246
-0.150712
-0.261702
-0.150950
-0.030030
-0.206936
-0.067771
-0.145961
-0.221482
-0.091595
-0.242985
-0.219033
0.039315
-0.275330
-0.127948
-0.223371
0.004976
-0.003106
-0.359825
-0.243370
-0.273518
-0.285349
-0.087082
-0.184929
-0.238477
-0.164426
-0.266821
-0.294656
-0.034965
-0.141331
-0.404975
0.073223
-0.263051
-0.254154
-0.327370
-0.169335
-0.038304
-0.198233
-0.299763
-0.321261
-0.275634
-0.280205
-0.021422
-0.153464
-0.297744
-0.304912
-0.197085
0.042665
-0.024054
-0.231180
0.049095
0.030101
0.004557
-0.219971
-0.367188
-0.117328
-0.211569
-0.192337
-0.399316
0.020587
-0.007682
-0.382576
-0.208196
-0.321880
-0.126588
-0.296824
-0.240555
-0.328598
-0.287100
-0.161768
-0.294983
-0.349580
-0.271361
-0.174592
-0.481363
-0.010860
-0.126499
-0.358814
-0.315767
-0.246755
-0.461907
-0.288287
-0.429623
-0.253241
-0.364204
-0.459419
-0.311524
-0.358109
-0.351920
-0.286360
-0.409864
-0.092174
-0.096807
-0.181483
-0.428798
-0.289942
-0.462678
-0.263134
-0.298999
-0.084352
-0.343957
-0.065355
-0.397560
-0.309443
-0.290482
-0.268582
-0.206811
-0.369232
-0.283917
-0.359446
-0.452471
-0.331801
-0.290134
-0.382474
-0.446311
-0.373487
-0.374805
-0.221714
-0.266949
-0.109102
-0.141812
-0.283881
-0.270920
-0.111202
-0.286497
-0.056933
-0.295339
-0.383016
-0.127144
-0.402153
-0.285759
-0.355363
-0.410169
-0.338088
-0.326485
-0.210088
-0.285926
-0.035303
-0.076057
-0.409057
-0.414264
-0.236868
-0.178923
-0.005451
-0.246199
-0.089264
-0.244520
-0.448729
-0.355870
-0.302584
-0.292208
-0.012892
-0.193538
-0.368925
-0.096499
-0.321002
-0.148484
-0.155273
-0.124888
-0.337835
-0.366375
0.018106
-0.371152
-0.378141
0.093702
0.132901
-0.392821
-0.248586
-0.408968
-0.190197
-0.112335
-0.157250
-0.126914
-0.145141
-0.180814
-0.356340
0.133700
-0.308641
-0.219200
-0.106599
-0.130833
-0.313970
-0.122682
-0.292164
-0.272708
-0.231126
-0.071577
-0.163650
-0.275638
-0.223391
0.060103
-0.240029
0.035614
-0.153467
-0.263604
-0.150017
-0.032005
-0.209711
-0.064231
-0.145092
-0.218451
-0.091657
-0.239913
-0.219527
0.043492
-0.273895
-0.131036
-0.221881
0.007531
0.005147
-0.359140
-0.246992
-0.274130
-0.288348
-0.088707
-0.179819
-0.236813
-0.138876
-0.271720
-0.297419
-0.030793
-0.143839
-0.407393
0.067053
-0.260846
-0.250519
-0.323908
-0.164828
-0.045176
-0.196764
-0.297905
-0.321429
-0.275242
-0.284595
-0.022582
-0.144790
-0.296712
-0.309281
-0.194907
0.040228
-0.022520
-0.229319
0.045189
0.028720
0.010691
-0.220431
-0.367581
-0.118094
-0.212342
-0.186836
-0.399887
0.018797
-0.009487
-0.383377
-0.205213
-0.326367
-0.130005
-0.299521
-0.249672
-0.335999
-0.297722
-0.152637
-0.297153
-0.356863
-0.276056
-0.179972
-0.488058
-0.012538
-0.131704
-0.361744
-0.320259
-0.253429
-0.469019
-0.293743
-0.432442
-0.261427
-0.369989
-0.466178
-0.312236
-0.368173
-0.370396
-0.291131
-0.412781
-0.097700
-0.109366
-0.182495
-0.432668
-0.298621
-0.473632
-0.270077
-0.297842
-0.097222
-0.352827
-0.067813
-0.406254
-0.317358
-0.305140
-0.274607
-0.211261
-0.376298
-0.289179
-0.366673
-0.460626
-0.341303
-0.294983
-0.390107
-0.452682
-0.380022
-0.379915
-0.226077
-0.272494
-0.111209
-0.154702
-0.287659
-0.282692
-0.108815
-0.292474
-0.060999
-0.303368
-0.389420
-0.134484
-0.406445
-0.287934
-0.364409
-0.417400
-0.346765
-0.331144
-0.213083
-0.288577
-0.034089
-0.084782
-0.411351
-0.419504
-0.242149
-0.183028
-0.001772
-0.246843
-0.094843
-0.243778
-0.459186
-0.362472
-0.308875
-0.298905
-0.021806
-0.199912
-0.376570
-0.102701
-0.329868
-0.149126
-0.164770
-0.134912
-0.345224
-0.374520
0.009765
-0.384088
-0.386908
0.075813
0.131364
-0.391132
-0.260654
-0.421845
-0.192316
-0.124504
-0.164415
-0.134377
-0.160338
-0.191533
-0.365677
0.132696
-0.320334
-0.225748
-0.110743
-0.096984
-0.319018
-0.137441
-0.302623
-0.271207
-0.239632
-0.076793
-0.174899
-0.287148
-0.237338
0.067721
-0.242945
0.027760
-0.160884
-0.272631
-0.161179
-0.047624
-0.219678
-0.073826
-0.145213
-0.225673
-0.109554
-0.245185
-0.228044
0.039780
-0.279852
-0.135123
-0.233780
-0.003455
0.000203
-0.362939
-0.261813
-0.279907
-0.297975
-0.093029
-0.186589
-0.243085
-0.160894
-0.289711
-0.311370
-0.028940
-0.154253
-0.411796
0.052590
-0.261201
-0.248262
-0.332242
-0.176206
-0.056221
-0.201568
-0.305146
-0.331340
-0.284656
-0.305150
-0.026934
-0.145806
-0.304976
-0.324454
-0.204998
0.021072
-0.028343
-0.232003
0.031814
0.020617
0.006503
-0.234838
-0.380591
-0.127366
-0.214959
-0.195408
-0.416439
0.007774
-0.013847
-0.391613
-0.208911
-0.330020
-0.129674
-0.304032
-0.251371
-0.340274
-0.302769
-0.150266
-0.298601
-0.363578
-0.280203
-0.183470
-0.492493
-0.017489
-0.139053
-0.366886
-0.329380
-0.255032
-0.471770
-0.296175
-0.435340
-0.268729
-0.373381
-0.468991
-0.310154
-0.374103
-0.378265
-0.292501
-0.418146
-0.093375
-0.112863
-0.184894
-0.437841
-0.305084
-0.477354
-0.276275
-0.296282
-0.103934
-0.355368
-0.069504
-0.409928
-0.321783
-0.310753
-0.280390
-0.214438
-0.380392
-0.291665
-0.368121
-0.466634
-0.351494
-0.297882
-0.393943
-0.457248
-0.383104
-0.383928
-0.233697
-0.279056
-0.110949
-0.160807
-0.292760
-0.286058
-0.113106
-0.297325
-0.061809
-0.303591
-0.394461
-0.140774
-0.410812
-0.290625
-0.368330
-0.422651
-0.352821
-0.332526
-0.217594
-0.288543
-0.038889
-0.094498
-0.413999
-0.420384
-0.244848
-0.188458
-0.006760
-0.250522
-0.100811
-0.243084
-0.461531
-0.364096
-0.308660
-0.302118
-0.026544
-0.207820
-0.378019
-0.105611
-0.334142
-0.149780
-0.169320
-0.138852
-0.349171
-0.382565
0.004415
-0.388921
-0.392553
0.068385
0.127126
-0.390174
-0.269044
-0.426653
-0.199520
-0.144580
-0.170082
-0.138112
-0.164284
-0.195100
-0.376069
0.129437
-0.326065
-0.227998
-0.114662
-0.058601
-0.324226
-0.151061
-0.309802
-0.272145
-0.243901
-0.077882
-0.174025
-0.294672
-0.241834
0.070019
-0.249528
0.015067
-0.163629
-0.274514
-0.165835
-0.054903
-0.222400
-0.080324
-0.146496
-0.229524
-0.119632
-0.248131
-0.236340
0.036682
-0.282386
-0.138425
-0.240769
-0.014546
-0.000488
-0.364917
-0.266205
-0.278152
-0.300094
-0.096919
-0.193587
-0.246708
-0.165695
-0.297512
-0.320863
-0.032458
-0.161300
-0.412831
0.047253
-0.259747
-0.255785
-0.334567
-0.181308
-0.055267
-0.203953
-0.313154
-0.334007
-0.285204
-0.310788
-0.026520
-0.152781
-0.308230
-0.328905
-0.206533
0.007404
-0.027684
-0.235985
0.022555
0.012870
0.003230
-0.244136
-0.386879
-0.132080
-0.218445
-0.198863
-0.423807
0.002928
-0.014653
-0.394452
-0.212650
-0.329858
-0.125465
-0.316039
-0.249585
-0.342845
-0.304677
-0.138918
-0.297222
-0.357934
-0.281960
-0.186034
-0.488610
-0.017987
-0.141318
-0.365022
-0.325905
-0.257422
-0.469169
-0.290412
-0.435076
-0.265075
-0.371422
-0.463671
-0.307424
-0.372703
-0.372662
-0.289975
-0.416590
-0.086287
-0.098878
-0.184564
-0.432834
-0.313189
-0.472393
-0.275228
-0.290411
-0.096220
-0.350702
-0.060608
-0.406423
-0.321237
-0.309019
-0.283379
-0.215674
-0.382074
-0.291409
-0.362732
-0.463770
-0.351363
-0.296743
-0.391741
-0.457018
-0.380251
-0.385712
-0.227775
-0.279289
-0.117458
-0.165921
-0.284301
-0.277266
-0.113610
-0.289068
-0.059500
-0.304836
-0.395000
-0.140783
-0.406122
-0.289067
-0.368209
-0.422410
-0.351323
-0.330624
-0.213923
-0.278323
-0.035291
-0.105175
-0.414728
-0.418027
-0.248116
-0.191175
-0.002077
-0.255575
-0.092462
-0.243508
-0.459517
-0.361596
-0.299625
-0.302218
-0.018835
-0.204490
-0.373899
-0.100567
-0.332941
-0.148827
-0.168381
-0.139366
-0.353484
-0.383710
0.011599
-0.384441
-0.381243
0.077966
0.135131
-0.392168
-0.269677
-0.428013
-0.197107
-0.146362
-0.172255
-0.133029
-0.162475
-0.186333
-0.376169
0.126855
-0.317421
-0.227387
-0.111754
-0.117383
-0.326416
-0.145688
-0.309740
-0.262323
-0.244565
-0.064545
-0.158318
-0.293637
-0.242525
0.074168
-0.248166
0.019088
-0.152254
-0.272700
-0.158230
-0.060649
-0.219113
-0.080371
-0.140505
-0.225909
-0.109563
-0.234202
-0.235360
0.044290
-0.283147
-0.134882
-0.234652
-0.017602
-0.000041
-0.364619
-0.257832
-0.273124
-0.294580
-0.102719
-0.186097
-0.247130
-0.171111
-0.288001
-0.312714
-0.030888
-0.153224
-0.411185
0.057056
-0.263316
-0.263998
-0.332584
-0.169879
-0.044464
-0.206040
-0.313240
-0.330578
-0.283333
-0.300268
-0.023370
-0.156361
-0.315131
-0.319504
-0.205440
0.003242
-0.020104
-0.228456
0.033980
0.014524
0.010584
-0.238977
-0.383047
-0.116071
-0.220293
-0.197015
-0.415637
0.014963
-0.005425
-0.393185
-0.213170
-0.330236
-0.127909
-0.319040
-0.252699
-0.345199
-0.307429
-0.135011
-0.298592
-0.358628
-0.282386
-0.190486
-0.486981
-0.019956
-0.141505
-0.364660
-0.326810
-0.264207
-0.467616
-0.289152
-0.435416
-0.263852
-0.373396
-0.461154
-0.310336
-0.371637
-0.371248
-0.287343
-0.415789
-0.090114
-0.096320
-0.185256
-0.432006
-0.317390
-0.473407
-0.276785
-0.286324
-0.094936
-0.351234
-0.058521
-0.406001
-0.323237
-0.307595
-0.281755
-0.215934
-0.381821
-0.292957
-0.361897
-0.462105
-0.352997
-0.298192
-0.387323
-0.457644
-0.381610
-0.385647
-0.229311
-0.279832
-0.121401
-0.168562
-0.281998
-0.274394
-0.114960
-0.285713
-0.059557
-0.308093
-0.397472
-0.143132
-0.403827
-0.289924
-0.371922
-0.422364
-0.353425
-0.332898
-0.218233
-0.274065
-0.035925
-0.110157
-0.415595
-0.417466
-0.250917
-0.192613
-0.000680
-0.258405
-0.092038
-0.245926
-0.459574
-0.365283
-0.298196
-0.303977
-0.017233
-0.205587
-0.374695
-0.104546
-0.332843
-0.153171
-0.166909
-0.140747
-0.358302
-0.384512
0.011798
-0.384173
-0.377891
0.074587
0.130562
-0.395534
-0.268507
-0.432451
-0.197049
-0.174391
-0.172621
-0.130537
-0.163329
-0.183885
-0.376623
0.120208
-0.315848
-0.229720
-0.111336
-0.342464
-0.328268
-0.149270
-0.310746
-0.255270
-0.244647
-0.063007
-0.151896
-0.295733
-0.248953
0.074577
-0.248653
0.021111
-0.149446
-0.275853
-0.162217
-0.067513
-0.218083
-0.080972
-0.135397
-0.226151
-0.110145
-0.228263
-0.238612
0.039700
-0.285340
-0.138074
-0.232528
-0.020037
0.000617
-0.364995
-0.254423
-0.272216
-0.295980
-0.105274
-0.188315
-0.248798
-0.186840
-0.289834
-0.313126
-0.035493
-0.150113
-0.412573
0.053983
-0.271857
-0.266950
-0.331816
-0.164303
-0.045079
-0.205437
-0.311672
-0.331914
-0.286021
-0.302185
-0.022950
-0.162929
-0.318642
-0.319129
-0.205361
-0.003614
-0.022893
-0.226983
0.040741
0.014473
0.011570
-0.241952
-0.384634
-0.110601
-0.225199
-0.199039
-0.414384
0.018499
-0.004502
-0.393051
-0.212766
-0.330529
-0.125702
-0.317574
-0.251122
-0.343071
-0.304065
-0.134614
-0.297937
-0.355817
-0.278690
-0.186867
-0.488333
-0.016685
-0.139994
-0.362829
-0.323276
-0.261461
-0.466578
-0.290686
-0.436134
-0.261900
-0.371238
-0.462039
-0.309794
-0.370995
-0.365767
-0.287695
-0.413042
-0.090800
-0.094775
-0.185647
-0.430230
-0.313849
-0.472573
-0.272379
-0.290347
-0.092727
-0.348913
-0.057656
-0.403404
-0.318614
-0.301958
-0.277952
-0.217082
-0.380491
-0.291835
-0.360416
-0.459838
-0.347047
-0.296823
-0.384873
-0.458962
-0.379996
-0.385506
-0.226913
-0.276014
-0.120131
-0.160494
-0.280957
-0.272949
-0.111436
-0.283910
-0.059767
-0.305613
-0.395907
-0.136479
-0.403908
-0.290630
-0.370435
-0.421093
-0.349382
-0.330555
-0.215655
-0.273201
-0.033318
-0.099491
-0.415322
-0.416902
-0.249124
-0.186656
0.002986
-0.257304
-0.087088
-0.245231
-0.461748
-0.362911
-0.295762
-0.302764
-0.014468
-0.201262
-0.373449
-0.099652
-0.331235
-0.152239
-0.163053
-0.136907
-0.357008
-0.379711
0.017509
-0.381957
-0.374335
0.083806
0.136369
-0.397040
-0.262938
-0.431304
-0.195140
-0.157706
-0.169809
-0.131053
-0.158257
-0.182596
-0.372023
0.125838
-0.315058
-0.229256
-0.109839
-0.240777
-0.326834
-0.141186
-0.307921
-0.259927
-0.242535
-0.060466
-0.151422
-0.293903
-0.242446
0.072794
-0.247141
0.029643
-0.145214
-0.273035
-0.156711
-0.061394
-0.212944
-0.077192
-0.133470
-0.222937
-0.104623
-0.228274
-0.235335
0.042012
-0.283480
-0.135093
-0.228620
-0.011707
-0.000828
-0.365109
-0.252129
-0.271009
-0.292671
-0.101701
-0.185991
-0.246120
-0.178346
-0.284317
-0.306014
-0.032521
-0.144537
-0.413195
0.058525
-0.271490
-0.264082
-0.328550
-0.160058
-0.043430
-0.203783
-0.307149
-0.329796
-0.285586
-0.293544
-0.022520
-0.158642
-0.315388
-0.312549
-0.204540
0.008145
-0.023302
-0.227082
0.044929
0.017605
0.012515
-0.235215
-0.379413
-0.108363
-0.223206
-0.195847
-0.412275
0.022207
-0.000013
-0.392195
-0.210779
-0.326337
-0.121153
-0.309319
-0.247340
-0.334823
-0.295926
-0.139427
-0.294302
-0.351836
-0.272709
-0.178383
-0.484571
-0.015704
-0.132726
-0.359033
-0.315866
-0.257183
-0.458393
-0.286571
-0.432572
-0.258005
-0.366969
-0.455257
-0.306971
-0.366903
-0.356379
-0.283703
-0.407842
-0.094339
-0.094802
-0.186245
-0.423950
-0.304783
-0.464909
-0.266067
-0.286755
-0.092867
-0.344358
-0.062096
-0.395924
-0.310695
-0.290955
-0.267475
-0.212554
-0.372334
-0.286611
-0.355804
-0.450805
-0.338418
-0.293520
-0.374893
-0.453112
-0.373331
-0.377838
-0.222916
-0.267272
-0.119162
-0.143799
-0.275856
-0.271064
-0.108154
-0.279806
-0.056822
-0.297434
-0.386945
-0.131930
-0.398047
-0.285036
-0.362244
-0.412044
-0.340630
-0.326301
-0.209181
-0.271524
-0.032294
-0.085063
-0.409996
-0.411748
-0.242832
-0.176553
0.003440
-0.252548
-0.085909
-0.242982
-0.453592
-0.357949
-0.291605
-0.298049
-0.014041
-0.195032
-0.367152
-0.098322
-0.321896
-0.150170
-0.156255
-0.127792
-0.352900
-0.369192
0.023244
-0.374287
-0.368930
0.081844
0.139353
-0.394013
-0.252036
-0.424753
-0.189928
-0.126565
-0.161059
-0.124233
-0.150339
-0.180004
-0.360014
0.126489
-0.315663
-0.224896
-0.107635
-0.167516
-0.319786
-0.135731
-0.299987
-0.264185
-0.234647
-0.060666
-0.149043
-0.287567
-0.233023
0.067642
-0.241641
0.035459
-0.145167
-0.267937
-0.148706
-0.054125
-0.206876
-0.072216
-0.131729
-0.215405
-0.099784
-0.228275
-0.228180
0.038713
-0.278478
-0.130227
-0.222863
-0.002113
0.002435
-0.359597
-0.248178
-0.269805
-0.289743
-0.094476
-0.178207
-0.238024
-0.148201
-0.279116
-0.299974
-0.032607
-0.139368
-0.409291
0.052887
-0.268864
-0.256483
-0.318923
-0.153926
-0.046182
-0.198800
-0.297453
-0.324039
-0.280324
-0.287099
-0.019842
-0.148753
-0.305825
-0.308028
-0.196305
0.019275
-0.025750
-0.223730
0.047054
0.017854
0.009954
-0.229659
-0.370033
-0.111951
-0.219766
-0.186736
-0.406589
0.021708
0.000610
-0.382636
-0.205765
-0.329549
-0.128209
-0.307639
-0.250720
-0.334692
-0.295098
-0.146688
-0.302025
-0.353867
-0.271422
-0.174795
-0.485980
-0.012751
-0.131260
-0.361787
-0.320479
-0.256331
-0.462595
-0.294265
-0.437501
-0.258682
-0.370706
-0.458233
-0.312473
-0.367751
-0.356123
-0.288055
-0.410789
-0.101407
-0.098135
-0.187746
-0.426672
-0.302432
-0.469795
-0.268910
-0.294048
-0.083082
-0.350265
-0.065668
-0.399834
-0.310881
-0.289992
-0.263110
-0.215673
-0.376246
-0.290767
-0.358661
-0.448658
-0.333068
-0.293742
-0.374958
-0.454926
-0.378744
-0.382367
-0.222541
-0.266702
-0.122494
-0.139793
-0.279420
-0.271624
-0.102661
-0.280596
-0.064076
-0.302927
-0.392642
-0.132255
-0.400564
-0.288547
-0.366755
-0.412917
-0.342153
-0.330928
-0.214883
-0.269948
-0.032748
-0.081306
-0.411773
-0.418016
-0.243550
-0.176724
-0.001003
-0.257999
-0.088861
-0.247144
-0.457300
-0.360597
-0.293855
-0.302330
-0.021973
-0.198358
-0.371734
-0.097515
-0.316224
-0.155513
-0.154318
-0.125654
-0.356066
-0.366289
0.022952
-0.373458
-0.369036
0.081969
0.131169
-0.401226
-0.248400
-0.425668
-0.193034
-0.162088
-0.160261
-0.121496
-0.146077
-0.180673
-0.359139
0.126226
-0.317773
-0.227157
-0.106982
-0.316276
-0.321606
-0.137911
-0.298472
-0.271335
-0.234353
-0.063289
-0.150684
-0.288696
-0.235126
0.060225
-0.244681
0.040977
-0.145067
-0.267322
-0.151231
-0.051182
-0.205886
-0.070473
-0.132142
-0.217292
-0.101254
-0.229818
-0.229027
0.027685
-0.281292
-0.130680
-0.218807
-0.000233
-0.002147
-0.362757
-0.247140
-0.273006
-0.290056
-0.097133
-0.187732
-0.238214
-0.183449
-0.275456
-0.296357
-0.039881
-0.136783
-0.412323
0.053531
-0.276606
-0.254359
-0.316816
-0.152782
-0.044597
-0.198824
-0.296592
-0.326072
-0.282790
-0.287729
-0.022472
-0.152053
-0.306762
-0.305290
-0.195478
0.023395
-0.028483
-0.228158
0.050008
0.021794
0.008101
-0.231378
-0.367351
-0.108834
-0.220129
-0.186046
-0.405027
0.022383
-0.000862
-0.382534
-0.205866
-0.326983
-0.128783
-0.306013
-0.251531
-0.334809
-0.294766
-0.147162
-0.303345
-0.354112
-0.272031
-0.176470
-0.485361
-0.012528
-0.131871
-0.361925
-0.317818
-0.260623
-0.461426
-0.294517
-0.435389
-0.258845
-0.374280
-0.459646
-0.316321
-0.369622
-0.360484
-0.287109
-0.409753
-0.107005
-0.098446
-0.184608
-0.428587
-0.302586
-0.472145
-0.268109
-0.292032
-0.085345
-0.354066
-0.065933
-0.405317
-0.314823
-0.290274
-0.262552
-0.213351
-0.373786
-0.290268
-0.359362
-0.450054
-0.335136
-0.295860
-0.375213
-0.452712
-0.379828
-0.380864
-0.222648
-0.269760
-0.120667
-0.142133
-0.276159
-0.274286
-0.103523
-0.283248
-0.067309
-0.302392
-0.392202
-0.135645
-0.397383
-0.286729
-0.367306
-0.414994
-0.345980
-0.336518
-0.218137
-0.273809
-0.031526
-0.083925
-0.411562
-0.419227
-0.246610
-0.177530
0.001511
-0.258545
-0.089621
-0.250134
-0.456202
-0.363372
-0.297699
-0.302638
-0.021926
-0.196780
-0.371425
-0.098547
-0.318978
-0.159295
-0.153679
-0.129442
-0.358103
-0.364486
0.019940
-0.376097
-0.372400
0.073993
0.129581
-0.399430
-0.247846
-0.428227
-0.186876
-0.151181
-0.160061
-0.126196
-0.149655
-0.185130
-0.359085
0.122288
-0.321600
-0.231478
-0.109046
-0.247498
-0.318554
-0.139168
-0.298199
-0.268257
-0.236557
-0.064533
-0.153767
-0.290033
-0.241479
0.059656
-0.245034
0.042075
-0.148634
-0.271251
-0.155269
-0.056120
-0.209890
-0.070943
-0.132002
-0.219657
-0.103965
-0.230133
-0.230873
0.027034
-0.282255
-0.133006
-0.220250
0.001226
0.000934
-0.362371
-0.250259
-0.275403
-0.294553
-0.094639
-0.185093
-0.237626
-0.168826
-0.282850
-0.299845
-0.041761
-0.141294
-0.412147
0.050956
-0.280744
-0.250385
-0.319099
-0.153296
-0.051916
-0.196854
-0.298963
-0.325212
-0.289786
-0.294911
-0.026076
-0.145193
-0.309813
-0.311288
-0.195111
0.018185
-0.027303
-0.231932
0.050118
0.019141
0.008916
-0.235552
-0.369372
-0.110204
-0.222310
-0.188506
-0.408631
0.022214
-0.001107
-0.386432
-0.203870
-0.329906
-0.132727
-0.308921
-0.257268
-0.340140
-0.299739
-0.145824
-0.303952
-0.357394
-0.276720
-0.183470
-0.491029
-0.018412
-0.133860
-0.365406
-0.320396
-0.270211
-0.467406
-0.296712
-0.439931
-0.261169
-0.375040
-0.464530
-0.317620
-0.376323
-0.374158
-0.290433
-0.414370
-0.113324
-0.109869
-0.186624
-0.431564
-0.307796
-0.477981
-0.274223
-0.294406
-0.096468
-0.362815
-0.068779
-0.412365
-0.321026
-0.303067
-0.268934
-0.215898
-0.381430
-0.294205
-0.365088
-0.455810
-0.340323
-0.301030
-0.386253
-0.456413
-0.383579
-0.383768
-0.225273
-0.274279
-0.123592
-0.153170
-0.282477
-0.280942
-0.106068
-0.289495
-0.073567
-0.308722
-0.397264
-0.139076
-0.403284
-0.293430
-0.373171
-0.419985
-0.353366
-0.342065
-0.220054
-0.279758
-0.035652
-0.091900
-0.414468
-0.425684
-0.251374
-0.182291
0.000545
-0.261627
-0.093986
-0.250443
-0.463131
-0.367556
-0.304154
-0.304778
-0.031998
-0.199892
-0.379109
-0.107663
-0.326498
-0.163854
-0.159638
-0.138385
-0.363690
-0.374395
0.012399
-0.386361
-0.381983
0.061930
0.126859
-0.404630
-0.259505
-0.438179
-0.191170
-0.145016
-0.166081
-0.134328
-0.162775
-0.195393
-0.367360
0.117046
-0.327733
-0.235620
-0.112242
-0.229228
-0.320445
-0.150910
-0.305367
-0.267522
-0.243506
-0.073161
-0.162635
-0.296484
-0.251453
0.065447
-0.248483
0.031927
-0.158383
-0.277872
-0.165053
-0.066859
-0.219499
-0.081176
-0.136270
-0.227036
-0.116412
-0.237525
-0.238041
0.023732
-0.284990
-0.142376
-0.229750
-0.001811
-0.005594
-0.366233
-0.258889
-0.283516
-0.302345
-0.098465
-0.192526
-0.243610
-0.173498
-0.295349
-0.314264
-0.042738
-0.151196
-0.418924
0.039363
-0.283462
-0.250940
-0.330064
-0.163645
-0.061765
-0.200891
-0.306934
-0.333951
-0.297747
-0.316289
-0.032432
-0.148504
-0.317082
-0.323013
-0.202292
0.000088
-0.033797
-0.237539
0.042630
0.009055
0.009294
-0.243703
-0.381070
-0.116898
-0.226910
-0.199800
-0.420463
0.014788
-0.007940
-0.390965
-0.207632
-0.327559
-0.128196
-0.310583
-0.253540
-0.341178
-0.298696
-0.139352
-0.299618
-0.352211
-0.277237
-0.179680
-0.488716
-0.023955
-0.135478
-0.361813
-0.320487
-0.264492
-0.464420
-0.291706
-0.436758
-0.259493
-0.372316
-0.461870
-0.313409
-0.371697
-0.369753
-0.290240
-0.413539
-0.108538
-0.105285
-0.188176
-0.428561
-0.307661
-0.471546
-0.270788
-0.293559
-0.095545
-0.355828
-0.059581
-0.408998
-0.314827
-0.299270
-0.274263
-0.212009
-0.379193
-0.290677
-0.359065
-0.454957
-0.338592
-0.300402
-0.385736
-0.451222
-0.377750
-0.380105
-0.223072
-0.276632
-0.125405
-0.148631
-0.279658
-0.280744
-0.104043
-0.288500
-0.072792
-0.309050
-0.393200
-0.135605
-0.403195
-0.285664
-0.369717
-0.420418
-0.347443
-0.336906
-0.219195
-0.273859
-0.038242
-0.096515
-0.413852
-0.422049
-0.249786
-0.183967
0.002392
-0.261434
-0.092687
-0.250781
-0.459635
-0.362445
-0.297985
-0.300572
-0.027448
-0.198619
-0.374097
-0.104637
-0.326001
-0.157107
-0.162897
-0.139804
-0.357882
-0.374330
0.015366
-0.381173
-0.377899
0.073935
0.128168
-0.398732
-0.260637
-0.433635
-0.191898
-0.152306
-0.161412
-0.138494
-0.159984
-0.189073
-0.367697
0.115300
-0.320489
-0.234042
-0.111934
-0.295125
-0.327150
-0.149066
-0.303005
-0.265176
-0.239936
-0.067486
-0.152840
-0.293748
-0.246188
0.065359
-0.247775
0.028894
-0.153716
-0.271613
-0.158003
-0.063896
-0.217040
-0.076936
-0.137428
-0.224846
-0.115919
-0.236416
-0.234849
0.031276
-0.280877
-0.135588
-0.227890
-0.004605
-0.004163
-0.363064
-0.251485
-0.275069
-0.299194
-0.097175
-0.189323
-0.239433
-0.176270
-0.289836
-0.309052
-0.039284
-0.148720
-0.413366
0.043887
-0.274206
-0.256830
-0.323529
-0.158419
-0.057924
-0.201882
-0.302667
-0.331206
-0.292986
-0.304815
-0.035012
-0.148528
-0.313737
-0.317848
-0.195895
-0.004075
-0.031367
-0.241514
0.049928
0.011416
0.013823
-0.241858
-0.375844
-0.114511
-0.224407
-0.193458
-0.414752
0.020772
-0.002882
-0.389511
-0.206171
-0.321829
-0.127040
-0.309129
-0.248592
-0.338842
-0.293047
-0.128798
-0.294550
-0.344276
-0.274039
-0.177086
-0.478905
-0.030734
-0.132576
-0.356353
-0.313356
-0.257455
-0.458025
-0.284240
-0.429576
-0.253325
-0.365912
-0.453614
-0.306344
-0.362837
-0.357024
-0.289641
-0.407592
-0.101800
-0.099266
-0.187730
-0.420124
-0.303348
-0.459980
-0.261125
-0.293039
-0.092685
-0.344523
-0.045249
-0.400311
-0.307967
-0.290669
-0.273681
-0.204845
-0.371440
-0.284943
-0.349685
-0.447052
-0.328531
-0.296928
-0.377696
-0.444341
-0.367413
-0.374114
-0.216156
-0.269668
-0.127403
-0.138561
-0.274797
-0.275751
-0.094755
-0.280432
-0.072613
-0.309564
-0.387403
-0.130033
-0.397259
-0.274099
-0.362084
-0.413428
-0.338115
-0.328204
-0.215031
-0.262487
-0.036653
-0.100342
-0.408063
-0.413367
-0.241139
-0.184934
0.006689
-0.257908
-0.089373
-0.252133
-0.452496
-0.354495
-0.286072
-0.293371
-0.021074
-0.194494
-0.368660
-0.101204
-0.322031
-0.148020
-0.163367
-0.140679
-0.348850
-0.371931
0.023536
-0.367005
-0.368076
0.088369
0.125174
-0.391915
-0.256223
-0.425954
-0.192685
-0.140291
-0.156239
-0.136121
-0.148768
-0.179518
-0.363266
0.113379
-0.307774
-0.231077
-0.111020
-0.350509
-0.332499
-0.141366
-0.296064
-0.257773
-0.232997
-0.060431
-0.137429
-0.284271
-0.239534
0.066140
-0.243728
0.030201
-0.145144
-0.263462
-0.153186
-0.055789
-0.209469
-0.069277
-0.135195
-0.221445
-0.110210
-0.232266
-0.230291
0.036290
-0.271325
-0.124718
-0.221126
-0.006503
0.001109
-0.357844
-0.235494
-0.264269
-0.290887
-0.096991
-0.183709
-0.233420
-0.174806
-0.278143
-0.298660
-0.032384
-0.141873
-0.402260
0.053533
-0.264865
-0.262650
-0.313455
-0.151034
-0.050884
-0.198867
-0.290512
-0.322729
-0.283765
-0.286280
-0.035961
-0.147724
-0.307467
-0.308733
-0.187335
-0.000387
-0.029438
-0.240483
0.062714
0.022367
0.022655
-0.234560
-0.363465
-0.106327
-0.219953
-0.187207
-0.400746
0.032499
0.003281
-0.383477
-0.203179
-0.319188
-0.126945
-0.305547
-0.243473
-0.335823
-0.288407
-0.130368
-0.292673
-0.343106
-0.275414
-0.173484
-0.475485
-0.032546
-0.129184
-0.354605
-0.312970
-0.255689
-0.453737
-0.283038
-0.429268
-0.251538
-0.363872
-0.449759
-0.308304
-0.358525
-0.350660
-0.287927
-0.407785
-0.103736
-0.097162
-0.187767
-0.415693
-0.301350
-0.456505
-0.258918
-0.292908
-0.087366
-0.341297
-0.043025
-0.396051
-0.302955
-0.285481
-0.271267
-0.203878
-0.367846
-0.284693
-0.346876
-0.441834
-0.327210
-0.295425
-0.373611
-0.440368
-0.363213
-0.370591
-0.213874
-0.268181
-0.127270
-0.135083
-0.272675
-0.273451
-0.091308
-0.278650
-0.071111
-0.309208
-0.383605
-0.129110
-0.394684
-0.271725
-0.360563
-0.409626
-0.335969
-0.326626
-0.216062
-0.260785
-0.038216
-0.099141
-0.406344
-0.412512
-0.239879
-0.183814
0.003701
-0.256700
-0.091487
-0.253180
-0.446966
-0.350957
-0.282094
-0.291766
-0.019977
-0.194547
-0.364923
-0.100132
-0.316004
-0.147731
-0.161278
-0.135090
-0.345169
-0.369794
0.022627
-0.359534
-0.366406
0.089836
0.120427
-0.391049
-0.251648
-0.420758
-0.195939
-0.162561
-0.149894
-0.133032
-0.144818
-0.174475
-0.360844
0.108721
-0.300980
-0.228402
-0.111495
-0.324593
-0.332521
-0.138653
-0.293023
-0.256167
-0.230027
-0.061019
-0.133597
-0.282335
-0.236681
0.061534
-0.242107
0.029992
-0.142772
-0.259932
-0.151612
-0.049977
-0.207139
-0.065370
-0.134805
-0.221468
-0.110631
-0.233401
-0.226310
0.032664
-0.270922
-0.122735
-0.221488
-0.007242
0.002734
-0.357247
-0.231201
-0.261640
-0.289033
-0.098204
-0.182639
-0.230848
-0.186498
-0.271487
-0.296884
-0.036170
-0.139833
-0.398403
0.054178
-0.264150
-0.264106
-0.310215
-0.148462
-0.049708
-0.196238
-0.286978
-0.319501
-0.278970
-0.279950
-0.036218
-0.150924
-0.307292
-0.306952
-0.184822
0.004280
-0.030605
-0.240338
0.068724
0.025101
0.020067
-0.234068
-0.358745
-0.102597
-0.219760
-0.183457
-0.396551
0.035316
0.003819
-0.380773
-0.202207
-0.317946
-0.129464
-0.301170
-0.239606
-0.330425
-0.281693
-0.139098
-0.293330
-0.342546
-0.272051
-0.172428
-0.473755
-0.023332
-0.125099
-0.351941
-0.307065
-0.256801
-0.451774
-0.284105
-0.430790
-0.247349
-0.358729
-0.449181
-0.308249
-0.356384
-0.345445
-0.284054
-0.405553
-0.106162
-0.095691
-0.187058
-0.415113
-0.295917
-0.455216
-0.255125
-0.294147
-0.082207
-0.341173
-0.049773
-0.391277
-0.299032
-0.282326
-0.265956
-0.204668
-0.367254
-0.282728
-0.348734
-0.441348
-0.323812
-0.291034
-0.369480
-0.440212
-0.364086
-0.369344
-0.211957
-0.262449
-0.120621
-0.132591
-0.272070
-0.266893
-0.095873
-0.275858
-0.067606
-0.302153
-0.382757
-0.125137
-0.390129
-0.277297
-0.353824
-0.404769
-0.335962
-0.325666
-0.211718
-0.266517
-0.039254
-0.087576
-0.402010
-0.412338
-0.238234
-0.175221
0.000512
-0.252484
-0.089182
-0.248087
-0.443570
-0.350194
-0.285136
-0.289993
-0.015987
-0.189909
-0.364157
-0.098107
-0.314278
-0.149700
-0.153825
-0.128607
-0.342135
-0.363896
0.022105
-0.359660
-0.363089
0.090690
0.125545
-0.394044
-0.245852
-0.415482
-0.192161
-0.126471
-0.151019
-0.128563
-0.143309
-0.174443
-0.354140
0.110586
-0.300617
-0.221626
-0.106598
-0.217264
-0.318661
-0.129575
-0.288142
-0.262002
-0.228398
-0.062932
-0.139924
-0.278302
-0.231253
0.058862
-0.238277
0.037996
-0.145759
-0.259992
-0.149810
-0.043862
-0.203189
-0.064492
-0.135250
-0.218669
-0.100477
-0.234985
-0.221442
0.031406
-0.271760
-0.126861
-0.217864
0.005300
0.000690
-0.358285
-0.231474
-0.266341
-0.287346
-0.093128
-0.180488
-0.231331
-0.162077
-0.262944
-0.292262
-0.036605
-0.137123
-0.398852
0.057983
-0.267270
-0.257337
-0.311998
-0.149971
-0.048683
-0.192689
-0.286368
-0.316997
-0.278030
-0.279973
-0.031153
-0.146037
-0.302480
-0.302207
-0.187823
0.022269
-0.028832
-0.236105
0.068103
0.022298
0.017560
-0.226771
-0.360555
-0.103104
-0.217915
-0.185260
-0.396162
0.031881
0.002183
-0.378668
-0.204109
-0.315593
-0.121627
-0.302163
-0.232384
-0.327972
-0.280892
-0.139470
-0.287268
-0.337422
-0.269074
-0.175582
-0.470840
-0.013198
-0.133388
-0.348000
-0.310701
-0.252507
-0.448843
-0.278634
-0.426911
-0.244809
-0.353216
-0.444102
-0.306340
-0.352286
-0.339807
-0.280249
-0.405412
-0.088100
-0.084453
-0.184058
-0.413625
-0.295637
-0.451837
-0.254074
-0.289145
-0.071309
-0.335115
-0.056395
-0.383642
-0.295464
-0.280419
-0.266592
-0.205772
-0.365618
-0.282027
-0.346791
-0.441218
-0.327263
-0.287620
-0.369208
-0.438523
-0.360687
-0.374454
-0.211938
-0.264028
-0.114326
-0.139437
-0.266102
-0.258062
-0.107497
-0.273997
-0.061338
-0.294612
-0.379192
-0.125301
-0.385598
-0.281735
-0.351608
-0.402961
-0.330968
-0.318491
-0.203682
-0.264516
-0.037421
-0.091843
-0.399094
-0.408266
-0.235263
-0.172154
-0.008006
-0.247946
-0.082147
-0.241924
-0.439766
-0.343293
-0.282175
-0.286883
-0.006616
-0.185443
-0.356592
-0.090194
-0.312602
-0.149308
-0.150324
-0.120895
-0.338752
-0.360195
0.025080
-0.355983
-0.356618
0.101697
0.133593
-0.391992
-0.246010
-0.407558
-0.190158
-0.128575
-0.158713
-0.116970
-0.140831
-0.164042
-0.353812
0.117992
-0.294491
-0.213869
-0.098106
0.195634
-0.313226
-0.123207
-0.286739
-0.256929
-0.227804
-0.056728
-0.133884
-0.275419
-0.222574
0.056997
-0.232956
0.039667
-0.140250
-0.258939
-0.142446
-0.043076
-0.197172
-0.065052
-0.133276
-0.212994
-0.086158
-0.226319
-0.214922
0.044969
-0.272874
-0.123222
-0.212090
0.006775
-0.002817
-0.351470
-0.231246
-0.262418
-0.279959
-0.088750
-0.173877
-0.229910
-0.146269
-0.252784
-0.285643
-0.037884
-0.130058
-0.397350
0.075144
-0.265122
-0.258770
-0.313676
-0.149142
-0.032628
-0.192862
-0.293138
-0.312338
-0.269567
-0.269076
-0.020284
-0.152397
-0.298292
-0.293782
-0.188424
0.034590
-0.018552
-0.226652
0.065300
0.026063
0.015973
-0.214901
-0.358598
-0.094657
-0.214812
-0.186951
-0.387420
0.035778
0.005802
-0.375228
-0.207552
-0.320012
-0.118323
-0.307729
-0.233740
-0.332582
-0.286156
-0.143296
-0.293358
-0.341173
-0.270994
-0.178592
-0.473759
-0.007268
-0.133444
-0.351520
-0.317235
-0.251474
-0.451426
-0.282983
-0.430058
-0.244895
-0.357188
-0.448501
-0.309949
-0.354308
-0.341759
-0.280703
-0.408043
-0.083939
-0.081185
-0.183994
-0.417957
-0.297223
-0.459805
-0.259616
-0.291091
-0.068058
-0.338959
-0.059204
-0.387001
-0.300951
-0.283148
-0.268167
-0.210718
-0.369543
-0.283523
-0.351318
-0.444323
-0.329834
-0.288540
-0.372356
-0.443657
-0.365585
-0.378742
-0.215549
-0.267399
-0.114170
-0.144448
-0.268452
-0.257667
-0.112872
-0.275808
-0.059453
-0.296413
-0.381603
-0.126291
-0.391929
-0.287295
-0.356957
-0.408781
-0.332785
-0.321648
-0.207210
-0.268324
-0.035776
-0.092349
-0.404078
-0.411567
-0.237112
-0.171861
-0.007594
-0.249429
-0.077435
-0.240505
-0.446236
-0.347531
-0.286831
-0.291985
-0.003750
-0.187379
-0.360690
-0.085433
-0.316570
-0.151896
-0.151304
-0.120525
-0.345640
-0.362174
0.027299
-0.362869
-0.355738
0.106067
0.139507
-0.396455
-0.247243
-0.408397
-0.189269
-0.152714
-0.165039
-0.115570
-0.142326
-0.165500
-0.357455
0.124276
-0.296762
-0.215246
-0.098612
0.057290
-0.316505
-0.120450
-0.290280
-0.259472
-0.231888
-0.055898
-0.134595
-0.276839
-0.224504
0.057206
-0.236040
0.043248
-0.137842
-0.260848
-0.141178
-0.046150
-0.198735
-0.066203
-0.132255
-0.213817
-0.082611
-0.221816
-0.218662
0.051986
-0.276785
-0.122570
-0.210632
0.009361
-0.005464
-0.353106
-0.233685
-0.265743
-0.277815
-0.089694
-0.174466
-0.230092
-0.157897
-0.255953
-0.284083
-0.037154
-0.127092
-0.402450
0.082607
-0.267241
-0.258825
-0.317414
-0.147356
-0.028078
-0.196140
-0.299158
-0.315631
-0.273866
-0.267162
-0.017591
-0.154760
-0.301988
-0.291272
-0.190376
0.036384
-0.015378
-0.224585
0.065080
0.028427
0.014991
-0.213825
-0.361278
-0.091788
-0.213891
-0.190027
-0.387719
0.038900
0.006935
-0.377656
-0.207986
-0.325441
-0.127381
-0.301172
-0.240818
-0.331927
-0.288896
-0.156706
-0.298540
-0.351288
-0.271407
-0.180954
-0.483949
-0.007842
-0.122628
-0.360046
-0.314339
-0.262045
-0.458485
-0.291348
-0.435367
-0.251593
-0.362322
-0.458797
-0.319602
-0.364104
-0.354527
-0.281356
-0.410998
-0.103704
-0.098435
-0.184779
-0.429311
-0.295326
-0.470002
-0.262301
-0.296497
-0.083732
-0.351337
-0.067493
-0.399058
-0.306514
-0.291543
-0.262462
-0.211504
-0.374511
-0.287775
-0.361561
-0.450485
-0.333148
-0.294576
-0.376858
-0.449108
-0.376408
-0.382165
-0.219217
-0.268958
-0.116730
-0.144578
-0.275058
-0.270219
-0.109882
-0.280968
-0.065470
-0.299540
-0.385585
-0.132766
-0.397979
-0.292029
-0.360563
-0.412826
-0.342786
-0.331658
-0.211653
-0.283026
-0.032818
-0.077475
-0.410849
-0.419488
-0.241500
-0.170232
-0.003598
-0.252290
-0.084341
-0.247746
-0.455207
-0.360487
-0.301149
-0.299380
-0.011000
-0.189790
-0.370017
-0.096158
-0.320395
-0.155807
-0.146606
-0.125713
-0.351689
-0.364251
0.022256
-0.374979
-0.372487
0.086211
0.139067
-0.402550
-0.247576
-0.420147
-0.188548
-0.121507
-0.156536
-0.122829
-0.148923
-0.181073
-0.355157
0.128542
-0.314208
-0.223820
-0.104588
0.195869
-0.310816
-0.128548
-0.295848
-0.266346
-0.235098
-0.069599
-0.157307
-0.284102
-0.230955
0.058560
-0.241465
0.049490
-0.151200
-0.270126
-0.151065
-0.043536
-0.209170
-0.069931
-0.137154
-0.219089
-0.092963
-0.234781
-0.224366
0.040188
-0.280362
-0.138419
-0.219370
0.014626
-0.000957
-0.364313
-0.247312
-0.280157
-0.292173
-0.090671
-0.182177
-0.236146
-0.138307
-0.271784
-0.296922
-0.036347
-0.141700
-0.415987
0.061262
-0.282074
-0.246477
-0.326697
-0.158969
-0.048461
-0.198026
-0.298741
-0.325193
-0.285903
-0.289392
-0.022512
-0.143330
-0.302978
-0.310580
-0.199844
0.035515
-0.022688
-0.230471
0.055570
0.021558
0.012217
-0.224022
-0.370230
-0.108919
-0.220213
-0.191533
-0.406799
0.023030
-0.001943
-0.383439
-0.205489
-0.326930
-0.126290
-0.294352
-0.251100
-0.335376
-0.295732
-0.158446
-0.297886
-0.359940
-0.275277
-0.177067
-0.489013
-0.010251
-0.127375
-0.361903
-0.318901
-0.258708
-0.467897
-0.297860
-0.434800
-0.257947
-0.370289
-0.466847
-0.315337
-0.373669
-0.372263
-0.288481
-0.411149
-0.109999
-0.115861
-0.182934
-0.430817
-0.296020
-0.478870
-0.270184
-0.297431
-0.104172
-0.356447
-0.073839
-0.408067
-0.316054
-0.305471
-0.269795
-0.211102
-0.376430
-0.289780
-0.368512
-0.458553
-0.339826
-0.297178
-0.389163
-0.452877
-0.381757
-0.381106
-0.224660
-0.274282
-0.113813
-0.150577
-0.286593
-0.285783
-0.108556
-0.290594
-0.066179
-0.303753
-0.389972
-0.132784
-0.407386
-0.292798
-0.367946
-0.414549
-0.349413
-0.334413
-0.215320
-0.291477
-0.033397
-0.076174
-0.412362
-0.420568
-0.244557
-0.177289
0.001063
-0.251397
-0.093275
-0.244544
-0.460244
-0.364246
-0.312704
-0.303064
-0.026782
-0.202489
-0.378232
-0.105335
-0.326810
-0.156522
-0.160094
-0.135180
-0.351001
-0.368889
0.009218
-0.385440
-0.387424
0.068380
0.129942
-0.395843
-0.257740
-0.427431
-0.191930
-0.139407
-0.163074
-0.135168
-0.165985
-0.194649
-0.361002
0.132638
-0.327613
-0.228739
-0.108049
-0.065297
-0.315244
-0.149786
-0.303309
-0.273674
-0.241657
-0.081523
-0.181325
-0.290286
-0.243420
0.066798
-0.246480
0.034482
-0.164143
-0.274469
-0.162902
-0.054265
-0.220113
-0.075768
-0.140913
-0.226570
-0.115221
-0.245667
-0.232459
0.033923
-0.280333
-0.140102
-0.236974
0.006228
-0.009168
-0.367223
-0.262829
-0.284635
-0.299404
-0.091542
-0.191598
-0.243738
-0.167486
-0.293258
-0.311549
-0.031050
-0.155893
-0.414960
0.042268
-0.272639
-0.242724
-0.331525
-0.172801
-0.064788
-0.198791
-0.306960
-0.336603
-0.289693
-0.312586
-0.031697
-0.149161
-0.307237
-0.326311
-0.203207
0.020208
-0.032704
-0.234357
0.036175
0.011764
0.002284
-0.237049
-0.380723
-0.127735
-0.216473
-0.194603
-0.424666
0.004766
-0.012880
-0.392739
-0.204472
-0.327288
-0.127203
-0.292042
-0.251399
-0.335001
-0.294901
-0.163063
-0.296367
-0.362828
-0.277333
-0.174557
-0.491034
-0.010057
-0.132787
-0.364808
-0.325864
-0.251541
-0.472188
-0.296107
-0.434434
-0.263448
-0.372155
-0.470157
-0.312476
-0.372367
-0.374108
-0.292195
-0.416201
-0.101219
-0.118593
-0.184200
-0.434379
-0.293375
-0.477365
-0.273005
-0.299670
-0.107088
-0.355248
-0.077324
-0.408797
-0.316049
-0.308760
-0.274336
-0.213637
-0.375376
-0.289457
-0.369363
-0.463712
-0.344090
-0.296391
-0.394335
-0.456349
-0.382185
-0.381756
-0.230781
-0.275206
-0.108277
-0.152312
-0.293154
-0.285730
-0.113332
-0.297072
-0.060125
-0.302501
-0.389552
-0.134936
-0.413163
-0.291018
-0.368509
-0.419359
-0.349150
-0.331132
-0.214369
-0.294577
-0.038695
-0.073726
-0.413354
-0.419387
-0.243994
-0.183301
-0.007601
-0.246977
-0.098709
-0.242900
-0.460372
-0.363602
-0.316081
-0.301987
-0.031723
-0.206082
-0.376521
-0.105849
-0.329195
-0.154603
-0.166178
-0.133509
-0.345744
-0.373404
0.006127
-0.385923
-0.393034
0.072256
0.122547
-0.392039
-0.262166
-0.421651
-0.197870
-0.161247
-0.164728
-0.137706
-0.168648
-0.193476
-0.367160
0.138939
-0.325566
-0.226813
-0.109456
-0.158307
-0.318101
-0.150886
-0.304997
-0.280286
-0.240331
-0.083728
-0.188229
-0.288075
-0.236027
0.065281
-0.249630
0.021239
-0.168093
-0.270497
-0.162476
-0.045483
-0.220312
-0.076550
-0.147791
-0.228073
-0.118990
-0.255427
-0.231751
0.036409
-0.280907
-0.138265
-0.242126
0.000229
-0.008802
-0.366267
-0.266855
-0.281262
-0.298777
-0.092636
-0.192637
-0.245998
-0.180597
-0.296384
-0.315260
-0.027833
-0.160523
-0.413503
0.044054
-0.261457
-0.247471
-0.334090
-0.180196
-0.061898
-0.200737
-0.309149
-0.338641
-0.282653
-0.312145
-0.032175
-0.154233
-0.304425
-0.328083
-0.203453
0.023225
-0.032508
-0.235253
0.025366
0.015622
-0.001349
-0.239286
-0.382137
-0.136211
-0.212293
-0.192406
-0.426048
-0.003593
-0.018704
-0.394190
-0.205313
-0.321738
-0.124683
-0.291798
-0.242738
-0.331642
-0.287869
-0.151739
-0.290710
-0.352214
-0.271784
-0.170596
-0.481845
-0.011593
-0.128055
-0.359332
-0.312156
-0.242722
-0.463121
-0.288491
-0.425997
-0.255691
-0.362162
-0.462123
-0.303800
-0.363144
-0.356808
-0.287535
-0.409381
-0.090314
-0.105395
-0.182702
-0.426695
-0.288242
-0.458228
-0.259965
-0.297215
-0.096490
-0.344202
-0.066840
-0.397705
-0.308249
-0.293954
-0.273840
-0.206796
-0.366830
-0.280892
-0.359817
-0.454562
-0.331879
-0.290042
-0.383802
-0.446518
-0.368370
-0.372642
-0.221919
-0.267235
-0.109883
-0.138950
-0.282663
-0.275736
-0.104827
-0.285376
-0.057047
-0.296919
-0.384530
-0.127234
-0.406283
-0.278548
-0.351924
-0.412179
-0.334968
-0.320154
-0.205068
-0.283234
-0.035796
-0.073788
-0.405920
-0.410914
-0.233988
-0.185793
-0.003311
-0.245806
-0.088163
-0.243235
-0.453783
-0.354172
-0.302178
-0.290198
-0.020115
-0.196373
-0.368386
-0.095513
-0.322614
-0.141843
-0.164294
-0.132457
-0.338562
-0.367954
0.019099
-0.369223
-0.373657
0.093097
0.130220
-0.387762
-0.251636
-0.413806
-0.193134
-0.092994
-0.156762
-0.131368
-0.148534
-0.182772
-0.358611
0.141373
-0.313130
-0.219956
-0.105530
0.023371
-0.318317
-0.131259
-0.295673
-0.273797
-0.231451
-0.072257
-0.167325
-0.279713
-0.224445
0.065447
-0.240986
0.027607
-0.157095
-0.261542
-0.145608
-0.032734
-0.209204
-0.068025
-0.143947
-0.216287
-0.103664
-0.247309
-0.224590
0.049058
-0.268150
-0.126368
-0.225832
0.004693
0.000932
-0.360555
-0.246153
-0.266536
-0.286140
-0.090746
-0.178251
-0.236815
-0.142002
-0.279286
-0.300538
-0.017482
-0.148953
-0.405616
0.055811
-0.252971
-0.249215
-0.319678
-0.169140
-0.048803
-0.194643
-0.294140
-0.326652
-0.272410
-0.286833
-0.029209
-0.143113
-0.294825
-0.313199
-0.196052
0.027589
-0.023291
-0.233509
0.041121
0.029462
0.015912
-0.226536
-0.368217
-0.124338
-0.207269
-0.184196
-0.408881
0.014059
-0.009340
-0.385466
-0.201427
-0.319550
-0.128995
-0.299116
-0.241559
-0.330729
-0.283814
-0.138877
-0.290317
-0.343385
-0.269060
-0.166731
-0.475058
-0.027138
-0.127559
-0.354019
-0.313194
-0.243309
-0.453734
-0.282435
-0.425931
-0.253717
-0.361436
-0.449519
-0.306002
-0.355457
-0.345753
-0.288141
-0.407814
-0.092370
-0.093561
-0.186051
-0.418443
-0.291778
-0.450412
-0.255174
-0.295670
-0.082598
-0.336439
-0.049797
-0.391538
-0.301300
-0.281383
-0.270581
-0.203836
-0.362671
-0.283494
-0.348899
-0.440901
-0.324025
-0.289584
-0.372565
-0.438863
-0.361239
-0.368955
-0.218998
-0.262130
-0.121171
-0.130650
-0.278788
-0.270228
-0.091386
-0.278963
-0.061033
-0.304303
-0.382004
-0.127688
-0.397850
-0.268535
-0.352182
-0.406550
-0.330112
-0.316986
-0.210771
-0.262051
-0.039452
-0.084693
-0.405087
-0.408734
-0.230165
-0.187010
-0.002900
-0.249988
-0.087265
-0.251474
-0.444195
-0.347679
-0.284615
-0.286880
-0.022007
-0.195800
-0.364355
-0.092226
-0.313160
-0.140139
-0.161555
-0.127963
-0.338884
-0.365412
0.021592
-0.355817
-0.362947
0.097557
0.114776
-0.385578
-0.246056
-0.410050
-0.198690
-0.138814
-0.147352
-0.124826
-0.135682
-0.172769
-0.358083
0.121106
-0.299261
-0.220791
-0.106691
-0.196153
-0.329577
-0.129709
-0.288331
-0.266915
-0.223491
-0.063162
-0.140461
-0.276557
-0.223508
0.057426
-0.239706
0.025587
-0.144398
-0.253000
-0.144299
-0.032496
-0.202027
-0.059938
-0.138411
-0.213248
-0.103493
-0.238538
-0.220679
0.037132
-0.266734
-0.113961
-0.219071
-0.006629
0.008722
-0.355925
-0.229212
-0.257812
-0.283430
-0.095112
-0.178077
-0.227462
-0.175719
-0.267791
-0.293213
-0.027580
-0.136182
-0.396038
0.061209
-0.252639
-0.260954
-0.306191
-0.153077
-0.041145
-0.193844
-0.282091
-0.314435
-0.266515
-0.270367
-0.031240
-0.148930
-0.296893
-0.304792
-0.185528
0.020098
-0.028308
-0.236314
0.058581
0.034276
0.020158
-0.227921
-0.354858
-0.111643
-0.209749
-0.176248
-0.392454
0.029621
-0.000010
-0.379123
-0.201237
-0.322225
-0.132019
-0.306778
-0.243412
-0.334671
-0.286564
-0.139001
-0.294674
-0.345760
-0.272119
-0.169674
-0.477629
-0.024150
-0.128243
-0.356210
-0.313065
-0.248099
-0.457891
-0.287660
-0.430858
-0.255289
-0.365733
-0.451298
-0.307818
-0.357998
-0.347890
-0.289603
-0.410756
-0.095529
-0.091440
-0.186158
-0.422193
-0.296817
-0.453608
-0.257126
-0.295393
-0.076930
-0.341894
-0.047741
-0.393371
-0.304861
-0.284908
-0.271917
-0.209704
-0.368028
-0.287065
-0.349194
-0.445689
-0.325122
-0.291112
-0.371649
-0.443285
-0.366217
-0.374034
-0.218375
-0.263529
-0.122135
-0.134194
-0.278080
-0.269910
-0.094919
-0.281366
-0.059178
-0.305069
-0.384552
-0.129215
-0.397427
-0.275715
-0.355702
-0.409162
-0.332541
-0.320484
-0.211734
-0.265183
-0.037605
-0.090983
-0.407046
-0.411149
-0.233021
-0.183493
-0.002329
-0.251367
-0.087806
-0.250797
-0.447370
-0.351882
-0.284783
-0.290548
-0.018546
-0.195456
-0.367328
-0.093349
-0.318360
-0.141279
-0.158523
-0.128022
-0.341869
-0.369274
0.023953
-0.360144
-0.366224
0.097228
0.124265
-0.390013
-0.248053
-0.415273
-0.195466
-0.120786
-0.152707
-0.127873
-0.136429
-0.172004
-0.359549
0.120570
-0.300830
-0.224591
-0.106027
-0.201568
-0.328163
-0.126036
-0.291761
-0.267044
-0.227537
-0.060268
-0.139446
-0.279224
-0.225347
0.059577
-0.238974
0.031879
-0.142445
-0.256320
-0.143772
-0.036273
-0.202204
-0.058626
-0.140145
-0.214227
-0.097970
-0.235422
-0.220236
0.039248
-0.271839
-0.119068
-0.218164
-0.006459
0.008495
-0.358601
-0.232637
-0.265216
-0.285728
-0.100714
-0.176640
-0.229930
-0.164714
-0.264736
-0.294637
-0.030969
-0.135281
-0.399414
0.062841
-0.258142
-0.261536
-0.308937
-0.153010
-0.038650
-0.197721
-0.285856
-0.316887
-0.269733
-0.270335
-0.026006
-0.147252
-0.299046
-0.302894
-0.188756
0.019284
-0.024708
-0.234550
0.059415
0.031994
0.020127
-0.228705
-0.359859
-0.108263
-0.210831
-0.177907
-0.392843
0.030666
0.001627
-0.380360
-0.206783
-0.321600
-0.124908
-0.306866
-0.235985
-0.333329
-0.289236
-0.141576
-0.293440
-0.345489
-0.273964
-0.175678
-0.476388
-0.014347
-0.139039
-0.353784
-0.322737
-0.245133
-0.457290
-0.284766
-0.428701
-0.252406
-0.360075
-0.449164
-0.305734
-0.352570
-0.345156
-0.285319
-0.412109
-0.075978
-0.084027
-0.183991
-0.423455
-0.297458
-0.457122
-0.261472
-0.293484
-0.067639
-0.338635
-0.058651
-0.388519
-0.305336
-0.288533
-0.274250
-0.212525
-0.369611
-0.285716
-0.351355
-0.448462
-0.333124
-0.286737
-0.377336
-0.445352
-0.366404
-0.379445
-0.224714
-0.268932
-0.113675
-0.145528
-0.277150
-0.262212
-0.113037
-0.282466
-0.051215
-0.297012
-0.383361
-0.129334
-0.396782
-0.282210
-0.355887
-0.410852
-0.332730
-0.316265
-0.210194
-0.267894
-0.039360
-0.097927
-0.404723
-0.408821
-0.232508
-0.177653
-0.013045
-0.246640
-0.086388
-0.240251
-0.446500
-0.346378
-0.287977
-0.290018
-0.011094
-0.196738
-0.364001
-0.089439
-0.321336
-0.144691
-0.160561
-0.120563
-0.338944
-0.369146
0.020632
-0.364652
-0.361719
0.104284
0.125790
-0.387038
-0.253481
-0.404840
-0.195071
-0.156982
-0.166602
-0.119387
-0.145788
-0.167810
-0.364152
0.123260
-0.296360
-0.216455
-0.100623
-0.075775
-0.323719
-0.124908
-0.292298
-0.265468
-0.231661
-0.058576
-0.141306
-0.277611
-0.222017
0.057226
-0.237734
0.027930
-0.141564
-0.257504
-0.143871
-0.040536
-0.201384
-0.062870
-0.139443
-0.214392
-0.092527
-0.228960
-0.219707
0.051530
-0.277148
-0.121017
-0.218092
-0.004934
-0.001460
-0.353062
-0.236859
-0.261858
-0.278526
-0.096854
-0.177681
-0.231749
-0.176670
-0.261656
-0.292380
-0.035324
-0.135032
-0.398097
0.078491
-0.252461
-0.263540
-0.313152
-0.156645
-0.025725
-0.200368
-0.297342
-0.316613
-0.265637
-0.264887
-0.016421
-0.156413
-0.298378
-0.297937
-0.190894
0.027362
-0.016322
-0.226299
0.050576
0.030658
0.010268
-0.221477
-0.362840
-0.103418
-0.208034
-0.188682
-0.387938
0.030377
-0.002346
-0.380037
-0.211928
-0.323591
-0.122250
-0.305404
-0.234873
-0.333502
-0.291801
-0.143847
-0.289269
-0.347641
-0.275354
-0.177172
-0.480372
-0.012834
-0.141940
-0.355368
-0.323493
-0.242964
-0.460310
-0.285455
-0.428038
-0.253446
-0.358821
-0.454656
-0.302563
-0.355693
-0.350006
-0.287442
-0.412660
-0.073405
-0.090549
-0.183897
-0.423723
-0.296726
-0.460311
-0.261146
-0.295178
-0.079197
-0.337376
-0.061367
-0.388689
-0.305093
-0.291734
-0.278650
-0.211645
-0.369996
-0.283623
-0.354775
-0.452103
-0.335645
-0.288242
-0.382799
-0.447106
-0.368645
-0.378954
-0.223680
-0.270577
-0.111013
-0.150266
-0.280911
-0.265996
-0.114782
-0.285552
-0.053808
-0.299193
-0.384488
-0.127923
-0.401012
-0.281082
-0.354773
-0.413791
-0.333611
-0.316045
-0.208349
-0.272137
-0.038576
-0.092309
-0.406335
-0.410164
-0.236281
-0.181223
-0.009736
-0.246197
-0.084244
-0.239672
-0.450171
-0.347298
-0.292687
-0.292031
-0.011016
-0.199146
-0.365035
-0.089173
-0.323997
-0.143030
-0.164550
-0.125881
-0.336588
-0.370053
0.019955
-0.368839
-0.367092
0.108304
0.132669
-0.385225
-0.256817
-0.405362
-0.196555
-0.144236
-0.166240
-0.124042
-0.148942
-0.170933
-0.365036
0.131053
-0.298561
-0.215965
-0.103537
0.194827
-0.324095
-0.128179
-0.296477
-0.267381
-0.233266
-0.061056
-0.148349
-0.277848
-0.221399
0.061024
-0.241566
0.026888
-0.144259
-0.258743
-0.145296
-0.039673
-0.203639
-0.066044
-0.141706
-0.216380
-0.096536
-0.234181
-0.221070
0.054945
-0.275624
-0.120213
-0.222361
-0.004885
-0.001291
-0.353552
-0.242982
-0.263086
-0.279531
-0.092006
-0.179117
-0.237143
-0.168602
-0.268686
-0.292391
-0.028229
-0.139190
-0.397202
0.079205
-0.248466
-0.261706
-0.317186
-0.162288
-0.028414
-0.200425
-0.300647
-0.319442
-0.269145
-0.267344
-0.019567
-0.154324
-0.297634
-0.302887
-0.194754
0.029918
-0.016913
-0.226841
0.047664
0.032175
0.011243
-0.221302
-0.364811
-0.110062
-0.207659
-0.188615
-0.395229
0.028588
-0.003878
-0.384746
-0.211333
-0.326228
-0.120398
-0.302553
-0.245007
-0.338093
-0.296822
-0.150599
-0.293860
-0.358500
-0.278456
-0.179817
-0.489099
-0.015080
-0.138187
-0.362268
-0.323372
-0.252224
-0.468265
-0.291956
-0.431962
-0.259044
-0.366037
-0.470203
-0.304377
-0.367858
-0.371496
-0.291196
-0.412339
-0.084214
-0.105709
-0.183624
-0.433325
-0.299534
-0.473772
-0.265882
-0.295460
-0.110356
-0.348560
-0.064499
-0.403105
-0.316409
-0.306182
-0.284218
-0.206214
-0.375911
-0.284397
-0.366822
-0.465820
-0.345700
-0.295823
-0.395326
-0.450920
-0.377258
-0.381019
-0.230630
-0.278383
-0.113855
-0.155690
-0.290492
-0.281588
-0.116146
-0.296261
-0.056812
-0.302019
-0.387535
-0.127575
-0.409017
-0.281487
-0.363217
-0.422351
-0.345068
-0.325751
-0.214580
-0.292628
-0.033487
-0.084410
-0.414239
-0.414122
-0.245399
-0.182050
0.001388
-0.246957
-0.092605
-0.240437
-0.456957
-0.357607
-0.305694
-0.297974
-0.013711
-0.203738
-0.374105
-0.099082
-0.337855
-0.141065
-0.169449
-0.139367
-0.342886
-0.373307
0.013032
-0.386613
-0.389189
0.092405
0.146211
-0.383170
-0.265025
-0.422173
-0.193168
-0.136751
-0.167450
-0.144398
-0.165929
-0.188645
-0.369723
0.142663
-0.318424
-0.223495
-0.111286
-0.129613
-0.326158
-0.140538
-0.309507
-0.275541
-0.240422
-0.072941
-0.170365
-0.287197
-0.231032
0.072259
-0.248722
0.028235
-0.157457
-0.266478
-0.154642
-0.052078
-0.217842
-0.073271
-0.148157
-0.222832
-0.116969
-0.247755
-0.235097
0.052483
-0.278633
-0.130758
-0.242094
-0.002992
-0.001123
-0.365264
-0.262309
-0.272932
-0.294903
-0.091016
-0.182891
-0.244965
-0.164373
-0.291726
-0.306431
-0.019484
-0.154447
-0.404487
0.061621
-0.248035
-0.254719
-0.332696
-0.173316
-0.054034
-0.199460
-0.311913
-0.335329
-0.280259
-0.295823
-0.028291
-0.150537
-0.302052
-0.323158
-0.204576
0.016714
-0.024162
-0.232661
0.034521
0.015928
0.007314
-0.233309
-0.381003
-0.129963
-0.211684
-0.194779
-0.421943
0.007364
-0.008801
-0.394445
-0.212844
-0.323341
-0.122303
-0.304692
-0.240948
-0.336199
-0.293126
-0.142119
-0.290285
-0.350145
-0.278831
-0.177423
-0.483710
-0.018726
-0.141793
-0.357119
-0.321166
-0.247278
-0.461216
-0.286623
-0.431094
-0.258548
-0.361854
-0.460858
-0.298458
-0.362743
-0.365025
-0.290870
-0.412613
-0.078055
-0.098728
-0.183002
-0.426130
-0.301791
-0.466310
-0.262740
-0.294875
-0.098090
-0.343508
-0.055974
-0.397490
-0.312575
-0.303989
-0.286411
-0.205414
-0.374505
-0.285503
-0.358042
-0.462098
-0.342204
-0.292436
-0.392852
-0.446960
-0.371621
-0.379169
-0.226497
-0.275449
-0.114751
-0.155041
-0.284885
-0.277557
-0.110696
-0.292629
-0.055285
-0.299180
-0.385452
-0.124703
-0.404388
-0.280352
-0.360499
-0.416635
-0.340803
-0.322758
-0.211151
-0.278144
-0.035588
-0.096631
-0.410963
-0.410954
-0.238489
-0.182541
-0.000633
-0.245849
-0.094302
-0.240143
-0.452697
-0.354227
-0.296754
-0.293178
-0.015798
-0.199135
-0.369805
-0.095455
-0.332919
-0.134945
-0.171537
-0.138168
-0.339225
-0.373660
0.014383
-0.378114
-0.380697
0.093371
0.141159
-0.381095
-0.265183
-0.417132
-0.195384
-0.139652
-0.168976
-0.139136
-0.162019
-0.181844
-0.369279
0.133376
-0.309842
-0.221822
-0.108737
-0.247840
-0.326411
-0.137453
-0.302687
-0.268447
-0.236921
-0.066655
-0.157366
-0.286327
-0.228990
0.070212
-0.244630
0.023304
-0.151271
-0.262488
-0.150501
-0.048757
-0.215043
-0.071367
-0.143964
-0.220168
-0.110378
-0.241934
-0.230436
0.053107
-0.275428
-0.126428
-0.233854
-0.011029
0.000154
-0.356650
-0.253310
-0.266382
-0.288773
-0.093227
-0.180678
-0.240520
-0.175010
-0.278138
-0.302099
-0.022888
-0.148981
-0.398259
0.068060
-0.242794
-0.260806
-0.325930
-0.170320
-0.043287
-0.201713
-0.307004
-0.330739
-0.273134
-0.285523
-0.024274
-0.151168
-0.300972
-0.314094
-0.200667
0.017623
-0.020198
-0.232791
0.038130
0.018825
0.010975
-0.230487
-0.375748
-0.121521
-0.208144
-0.191931
-0.409498
0.013973
-0.004595
-0.389814
-0.214997
-0.322488
-0.122646
-0.306051
-0.238151
-0.333794
-0.289514
-0.137294
-0.292779
-0.347860
-0.273427
-0.172828
-0.482647
-0.017790
-0.136964
-0.354551
-0.316117
-0.246676
-0.458203
-0.285066
-0.429133
-0.254295
-0.359639
-0.456171
-0.301976
-0.359617
-0.354740
-0.287855
-0.414213
-0.080466
-0.089314
-0.182774
-0.425448
-0.296681
-0.460173
-0.258922
-0.295369
-0.080935
-0.342352
-0.053744
-0.392703
-0.304955
-0.291399
-0.275900
-0.207631
-0.371893
-0.283053
-0.354374
-0.452804
-0.333356
-0.290302
-0.381086
-0.446593
-0.369257
-0.380026
-0.225573
-0.269729
-0.114940
-0.142271
-0.278982
-0.270943
-0.102492
-0.284588
-0.055173
-0.298125
-0.385243
-0.124640
-0.402377
-0.279908
-0.355710
-0.413981
-0.334856
-0.320482
-0.208937
-0.268466
-0.034816
-0.092732
-0.407415
-0.410785
-0.233380
-0.179503
-0.005601
-0.246660
-0.086562
-0.240785
-0.450865
-0.350700
-0.289747
-0.291479
-0.012600
-0.194496
-0.369246
-0.088032
-0.322938
-0.135789
-0.162537
-0.130631
-0.339112
-0.369219
0.020650
-0.368922
-0.366858
0.100499
0.140580
-0.384210
-0.254762
-0.413678
-0.192904
-0.118201
-0.161824
-0.125506
-0.144682
-0.175733
-0.365005
0.130424
-0.306405
-0.220649
-0.101532
-0.060692
-0.326407
-0.124527
-0.295207
-0.270578
-0.232453
-0.061956
-0.143963
-0.282948
-0.223009
0.066975
-0.238915
0.030379
-0.143314
-0.260210
-0.141399
-0.043102
-0.205157
-0.065629
-0.139534
-0.214350
-0.093740
-0.235926
-0.223556
0.051080
-0.275446
-0.123687
-0.221270
-0.005706
0.002642
-0.357660
-0.243114
-0.261633
-0.284231
-0.096164
-0.176337
-0.232535
-0.155400
-0.268055
-0.292994
-0.027516
-0.139468
-0.400510
0.072030
-0.250582
-0.259333
-0.317530
-0.159918
-0.038193
-0.197383
-0.297323
-0.323039
-0.268466
-0.272982
-0.020260
-0.148360
-0.298397
-0.304715
-0.193879
0.024614
-0.018433
-0.232097
0.050389
0.027294
0.015304
-0.223542
-0.366125
-0.109409
-0.208626
-0.189202
-0.399193
0.025896
0.004642
-0.383140
-0.211558
-0.316247
-0.118192
-0.301942
-0.231720
-0.328589
-0.283430
-0.132694
-0.291939
-0.340914
-0.267831
-0.167910
-0.471278
-0.011165
-0.133330
-0.347086
-0.315445
-0.243632
-0.448374
-0.280822
-0.424325
-0.247152
-0.357375
-0.445394
-0.301528
-0.351817
-0.341263
-0.279262
-0.406488
-0.075887
-0.077945
-0.178148
-0.415343
-0.293237
-0.451028
-0.255029
-0.288793
-0.060015
-0.337041
-0.054392
-0.383416
-0.296890
-0.281953
-0.266187
-0.208111
-0.367334
-0.280121
-0.346081
-0.438683
-0.325209
-0.283237
-0.369150
-0.439054
-0.358978
-0.374356
-0.219077
-0.263075
-0.112070
-0.140282
-0.266758
-0.258752
-0.099717
-0.276123
-0.048657
-0.288416
-0.377492
-0.123309
-0.391271
-0.277950
-0.352027
-0.404369
-0.324718
-0.313125
-0.206033
-0.259801
-0.034182
-0.095725
-0.396984
-0.404804
-0.229310
-0.167962
-0.008517
-0.240907
-0.081512
-0.236571
-0.440618
-0.342301
-0.281736
-0.286149
-0.007954
-0.189775
-0.359189
-0.082249
-0.312838
-0.138803
-0.153479
-0.116355
-0.337984
-0.357121
0.024560
-0.358163
-0.350552
0.106278
0.132950
-0.383890
-0.242974
-0.401401
-0.188951
-0.138524
-0.160885
-0.108365
-0.137296
-0.162595
-0.357005
0.126306
-0.296278
-0.213067
-0.093953
-0.026125
-0.320642
-0.118996
-0.286559
-0.264765
-0.227877
-0.054467
-0.130504
-0.277993
-0.219874
0.059102
-0.230388
0.039912
-0.133566
-0.255404
-0.133874
-0.042262
-0.197193
-0.059172
-0.131836
-0.206220
-0.081406
-0.219831
-0.218674
0.053691
-0.276733
-0.115004
-0.209692
0.001299
-0.002047
-0.349158
-0.231621
-0.255546
-0.272715
-0.094260
-0.172791
-0.224683
-0.166990
-0.254949
-0.281228
-0.033929
-0.126967
-0.393333
0.080986
-0.251251
-0.256541
-0.303869
-0.148047
-0.027644
-0.192307
-0.293602
-0.312768
-0.261988
-0.259899
-0.013973
-0.152482
-0.295850
-0.291135
-0.184641
0.034418
-0.015233
-0.224763
0.059535
0.031785
0.013026
-0.214874
-0.355597
-0.090082
-0.206017
-0.183976
-0.384095
0.037243
0.005955
-0.373193
-0.208264
0.000000
0.000000
-0.000000
0.000000
-0.000000
-0.000000
-0.000000
-0.000000
-0.000000
-0.000000
0.000000
0.000000
-0.000000
0.000000
-0.000000
-0.000000
-0.000000
-0.000000
0.000000
-0.000000
-0.000000
-0.000000
-0.000000
-0.000000
-0.000000
-0.000000
-0.000000
-0.000000
0.000000
-0.000000
0.000000
0.000000
-0.000000
-0.000000
0.000000
0.000000
-0.000000
-0.000000
-0.000000
-0.000000
-0.000000
-0.000000
-0.000000
-0.000000
-0.000000
-0.000000
-0.000000
-0.000000
-0.000000
-0.000000
-0.000000
-0.000000
0.000000
0.000000
-0.000000
-0.000000
-0.000000
-0.000000
-0.000000
-0.000000
-0.000000
-0.000000
0.000000
-0.000000
-0.000000
-0.000000
-0.000000
0.000000
-0.000000
-0.000000
-0.000000
-0.000000
0.000000
-0.000000
-0.000000
-0.000000
-0.000000
-0.000000
0.000000
-0.000000
-0.000000
0.000000
-0.000000
-0.000000
-0.000000
-0.000000
-0.000000
-0.000000
-0.000000
-0.000000
-0.000000
-0.000000
-0.000000
-0.000000
-0.000000
0.000000
-0.000000
-0.000000
-0.000000
-0.000000
-0.000000
0.000000
0.000000
-0.000000
-0.000000
-0.000000
-0.000000
-0.000000
-0.000000
0.000000
-0.000000
0.000000
0.000000
-0.000000
-0.000000
-0.000000
-0.000000
-0.000000
-0.000000
-0.000000
-0.000000
-0.000000
-0.000000
-0.000000
-0.000000
-0.000000
-0.000000
-0.000000
-0.000000
0.000000
-0.000000
-0.000000
0.000000
-0.000000
-0.000000
-0.000000
0.000000
0.000000
0.000000
-0.000000
-0.000000
0.000000
-0.000000
-0.000000
-0.000000
-0.000000
-0.000000
-0.000000
-0.000000
0.000000
-0.000000
0.000000
-0.000000
-0.000000
0.000000
-0.000000
-0.000000
-0.000000
0.000000
-0.000000
-0.000000
0.000000
-0.000000
-0.000000
-0.000000
-0.000000
0.000000
-0.000000
-0.000000
-0.000000
-0.000000
0.000000
-0.000000
-0.000000
-0.000000
0.000000
0.000000
-0.000000
-0.000000
-0.000000
-0.000000
-0.000000
-0.000000
-0.000000
-0.000000
-0.000000
0.000000
-0.000000
-0.000000
0.000000
-0.000000
-0.000000
0.000000
0.000000
-0.000000
0.000000
-0.000000
-0.000000
-0.000000
-0.000000
-0.000000
-0.000000
0.000000
0.000000
-0.000000
0.000000
-0.000000
-0.000000
-0.000000
-0.000000
0.000000
-0.000000
-0.000000
-0.000000
-0.000000
-0.000000
-0.000000
-0.000000
-0.000000
-0.000000
0.000000
-0.000000
0.000000
0.000000
-0.000000
-0.000000
0.000000
0.000000
-0.000000
-0.000000
-0.000000
-0.000000
-0.000000
-0.000000
-0.000000
-0.000000
-0.000000
-0.000000
-0.000000
-0.000000
-0.000000
-0.000000
-0.000000
-0.000000
0.000000
0.000000
-0.000000
-0.000000
-0.000000
-0.000000
-0.000000
-0.000000
-0.000000
-0.000000
0.000000
-0.000000
-0.000000
-0.000000
-0.000000
0.000000
-0.000000
-0.000000
-0.000000
-0.000000
0.000000
-0.000000
-0.000000
-0.000000
-0.000000
-0.000000
0.000000
-0.000000
-0.000000
0.000000
-0.000000
-0.000000
-0.000000
-0.000000
-0.000000
-0.000000
-0.000000
-0.000000
-0.000000
-0.000000
-0.000000
-0.000000
-0.000000
0.000000
-0.000000
-0.000000
-0.000000
-0.000000
-0.000000
0.000000
0.000000
-0.000000
-0.000000
-0.000000
-0.000000
-0.000000
-0.000000
0.000000
-0.000000
0.000000
0.000000
-0.000000
-0.000000
-0.000000
-0.000000
-0.000000
-0.000000
-0.000000
-0.000000
-0.000000
-0.000000
-0.000000
-0.000000
-0.000000
-0.000000
-0.000000
-0.000000
0.000000
-0.000000
-0.000000
0.000000
-0.000000
-0.000000
-0.000000
0.000000
0.000000
0.000000
-0.000000
-0.000000
0.000000
-0.000000
-0.000000
-0.000000
-0.000000
-0.000000
-0.000000
-0.000000
0.000000
-0.000000
0.000000
-0.000000
-0.000000
0.000000
-0.000000
-0.000000
-0.000000
0.000000
-0.000000
-0.000000
0.000000
-0.000000
-0.000000
-0.000000
-0.000000
0.000000
-0.000000
-0.000000
-0.000000
-0.000000
0.000000
-0.000000
-0.000000
-0.000000
0.000000
0.000000
-0.000000
-0.000000
-0.000000
-0.000000
-0.000000
-0.000000
-0.000000
-0.000000
-0.000000
0.000000
-0.000000
-0.000000
0.000000
-0.000000
-0.000000
0.000000
0.000000
-0.000000
0.000000
-0.000000
-0.000000
-0.000000
-0.000000
-0.000000
-0.000000
0.000000
0.000000
-0.000000
0.000000
-0.000000
-0.000000
-0.000000
-0.000000
0.000000
-0.000000
-0.000000
-0.000000
-0.000000
-0.000000
-0.000000
-0.000000
-0.000000
-0.000000
0.000000
-0.000000
0.000000
0.000000
-0.000000
-0.000000
0.000000
0.000000
-0.000000
-0.000000
-0.000000
-0.000000
-0.000000
-0.000000
-0.000000
-0.000000
-0.000000
-0.000000
-0.000000
-0.000000
-0.000000
-0.000000
-0.000000
-0.000000
0.000000
0.000000
-0.000000
-0.000000
-0.000000
-0.000000
-0.000000
-0.000000
-0.000000
-0.000000
0.000000
-0.000000
-0.000000
-0.000000
-0.000000
0.000000
-0.000000
-0.000000
-0.000000
-0.000000
0.000000
-0.000000
-0.000000
-0.000000
-0.000000
-0.000000
0.000000
-0.000000
-0.000000
0.000000
-0.000000
-0.000000
-0.000000
-0.000000
-0.000000
-0.000000
-0.000000
-0.000000
-0.000000
-0.000000
-0.000000
-0.000000
-0.000000
0.000000
-0.000000
-0.000000
-0.000000
-0.000000
-0.000000
0.000000
0.000000
-0.000000
-0.000000
-0.000000
-0.000000
-0.000000
-0.000000
0.000000
-0.000000
0.000000
0.000000
-0.000000
-0.000000
-0.000000
-0.000000
-0.000000
-0.000000
-0.000000
-0.000000
-0.000000
-0.000000
-0.000000
-0.000000
-0.000000
-0.000000
-0.000000
-0.000000
0.000000
-0.000000
-0.000000
0.000000
-0.000000
-0.000000
-0.000000
0.000000
0.000000
0.000000
-0.000000
-0.000000
0.000000
-0.000000
-0.000000
-0.000000
-0.000000
-0.000000
-0.000000
-0.000000
0.000000
-0.000000
0.000000
-0.000000
-0.000000
0.000000
-0.000000
-0.000000
-0.000000
0.000000
-0.000000
-0.000000
0.000000
-0.000000
-0.000000
-0.000000
-0.000000
0.000000
-0.000000
-0.000000
-0.000000
-0.000000
0.000000
-0.000000
-0.000000
-0.000000
0.000000
0.000000
-0.000000
-0.000000
-0.000000
-0.000000
-0.000000
-0.000000
-0.000000
-0.000000
-0.000000
0.000000
-0.000000
-0.000000
0.000000
-0.000000
-0.000000
0.000000
0.000000
-0.000000
0.000000
-0.000000
-0.000000
-0.000000
-0.000000
-0.000000
-0.000000
0.000000
0.000000
-0.000000
0.000000
-0.000000
-0.000000
-0.000000
-0.000000
0.000000
-0.000000
-0.000000
-0.000000
-0.000000
-0.000000
-0.000000
-0.000000
-0.000000
-0.000000
0.000000
-0.000000
0.000000
0.000000
-0.000000
-0.000000
0.000000
0.000000
-0.000000
-0.000000
-0.000000
-0.000000
-0.000000
-0.000000
-0.000000
-0.000000
-0.000000
-0.000000
-0.000000
-0.000000
-0.000000
-0.000000
-0.000000
-0.000000
0.000000
0.000000
-0.000000
-0.000000
-0.000000
-0.000000
-0.000000
-0.000000
-0.000000
-0.000000
0.000000
-0.000000
-0.000000
-0.000000
-0.000000
0.000000
-0.000000
-0.000000
-0.000000
-0.000000
0.000000
-0.000000
-0.000000
-0.000000
-0.000000
-0.000000
0.000000
-0.000000
-0.000000
0.000000
-0.000000
-0.000000
-0.000000
-0.000000
-0.000000
-0.000000
-0.000000
-0.000000
-0.000000
-0.000000
-0.000000
-0.000000
-0.000000
0.000000
-0.000000
-0.000000
-0.000000
-0.000000
-0.000000
0.000000
0.000000
-0.000000
-0.000000
-0.000000
-0.000000
-0.000000
-0.000000
0.000000
-0.000000
0.000000
0.000000
-0.000000
-0.000000
-0.000000
-0.000000
-0.000000
-0.000000
-0.000000
-0.000000
-0.000000
-0.000000
-0.000000
-0.000000
-0.000000
-0.000000
-0.000000
-0.000000
0.000000
-0.000000
-0.000000
0.000000
-0.000000
-0.000000
-0.000000
0.000000
0.000000
0.000000
-0.000000
-0.000000
0.000000
-0.000000
-0.000000
-0.000000
-0.000000
-0.000000
-0.000000
-0.000000
0.000000
-0.000000
0.000000
-0.000000
-0.000000
0.000000
-0.000000
-0.000000
-0.000000
0.000000
-0.000000
-0.000000
0.000000
-0.000000
-0.000000
-0.000000
-0.000000
0.000000
-0.000000
-0.000000
-0.000000
-0.000000
0.000000
-0.000000
-0.000000
-0.000000
0.000000
0.000000
-0.000000
-0.000000
-0.000000
-0.000000
-0.000000
-0.000000
-0.000000
-0.000000
-0.000000
0.000000
-0.000000
-0.000000
0.000000
-0.000000
-0.000000
0.000000
0.000000
-0.000000
0.000000
-0.000000
-0.000000
-0.000000
-0.000000
-0.000000
-0.000000
0.000000
0.000000
-0.000000
0.000000
-0.000000
-0.000000
-0.000000
-0.000000
0.000000
-0.000000
-0.000000
-0.000000
-0.000000
-0.000000
-0.000000
-0.000000
-0.000000
-0.000000
0.000000
-0.000000
0.000000
0.000000
-0.000000
-0.000000
0.000000
0.000000
-0.000000
-0.000000
-0.000000
-0.000000
-0.000000
-0.000000
-0.000000
-0.000000
-0.000000
-0.000000
-0.000000
-0.000000
-0.000000
-0.000000
-0.000000
-0.000000
0.000000
0.000000
-0.000000
-0.000000
-0.000000
-0.000000
-0.000000
-0.000000
-0.000000
-0.000000
0.000000
-0.000000
-0.000000
-0.000000
-0.000000
0.000000
-0.000000
-0.000000
-0.000000
-0.000000
0.000000
-0.000000
-0.000000
-0.000000
-0.000000
-0.000000
0.000000
-0.000000
-0.000000
0.000000
-0.000000
-0.000000
-0.000000
-0.000000
-0.000000
-0.000000
-0.000000
-0.000000
-0.000000
-0.000000
-0.000000
-0.000000
-0.000000
0.000000
-0.000000
-0.000000
-0.000000
-0.000000
-0.000000
0.000000
0.000000
-0.000000
-0.000000
-0.000000
-0.000000
-0.000000
-0.000000
0.000000
-0.000000
0.000000
0.000000
-0.000000
-0.000000
-0.000000
-0.000000
-0.000000
-0.000000
-0.000000
-0.000000
-0.000000
-0.000000
-0.000000
-0.000000
-0.000000
-0.000000
-0.000000
-0.000000
0.000000
-0.000000
-0.000000
0.000000
-0.000000
-0.000000
-0.000000
0.000000
0.000000
0.000000
-0.000000
-0.000000
0.000000
-0.000000
-0.000000
-0.000000
-0.000000
-0.000000
-0.000000
-0.000000
0.000000
-0.000000
0.000000
-0.000000
-0.000000
0.000000
-0.000000
-0.000000
-0.000000
0.000000
-0.000000
-0.000000
0.000000
-0.000000
-0.000000
-0.000000
-0.000000
0.000000
-0.000000
-0.000000
-0.000000
-0.000000
0.000000
-0.000000
-0.000000
-0.000000
0.000000
0.000000
-0.000000
-0.000000
-0.000000
-0.000000
-0.000000
-0.000000
-0.000000
-0.000000
-0.000000
0.000000
-0.000000
-0.000000
0.000000
-0.000000
-0.000000
0.000000
0.000000
-0.000000
0.000000
-0.000000
-0.000000
-0.000000
-0.000000
-0.000000
-0.000000
0.000000
0.000000
-0.000000
0.000000
-0.000000
-0.000000
-0.000000
-0.000000
0.000000
-0.000000
-0.000000
-0.000000
-0.000000
-0.000000
-0.000000
-0.000000
-0.000000
-0.000000
0.000000
-0.000000
0.000000
0.000000
-0.000000
-0.000000
0.000000
0.000000
-0.000000
-0.000000
-0.000000
-0.000000
-0.000000
-0.000000
-0.000000
-0.000000
-0.000000
-0.000000
-0.000000
-0.000000
-0.000000
-0.000000
-0.000000
-0.000000
0.000000
0.000000
-0.000000
-0.000000
-0.000000
-0.000000
-0.000000
-0.000000
-0.000000
-0.000000
0.000000
-0.000000
-0.000000
-0.000000
-0.000000
0.000000
-0.000000
-0.000000
-0.000000
-0.000000
0.000000
-0.000000
-0.000000
-0.000000
-0.000000
-0.000000
0.000000
-0.000000
-0.000000
0.000000
-0.000000
-0.000000
-0.000000
-0.000000
-0.000000
-0.000000
-0.000000
-0.000000
-0.000000
-0.000000
-0.000000
-0.000000
-0.000000
0.000000
-0.000000
-0.000000
-0.000000
-0.000000
-0.000000
0.000000
0.000000
-0.000000
-0.000000
-0.000000
-0.000000
-0.000000
-0.000000
0.000000
-0.000000
0.000000
0.000000
-0.000000
-0.000000
-0.000000
-0.000000
-0.000000
-0.000000
-0.000000
-0.000000
-0.000000
-0.000000
-0.000000
-0.000000
-0.000000
-0.000000
-0.000000
-0.000000
0.000000
-0.000000
-0.000000
0.000000
-0.000000
-0.000000
-0.000000
0.000000
0.000000
0.000000
-0.000000
-0.000000
0.000000
-0.000000
-0.000000
-0.000000
-0.000000
-0.000000
-0.000000
-0.000000
0.000000
-0.000000
0.000000
-0.000000
-0.000000
0.000000
-0.000000
-0.000000
-0.000000
0.000000
-0.000000
-0.000000
0.000000
-0.000000
-0.000000
-0.000000
-0.000000
0.000000
-0.000000
-0.000000
-0.000000
-0.000000
0.000000
-0.000000
-0.000000
-0.000000
0.000000
0.000000
-0.000000
-0.000000
-0.000000
-0.000000
-0.000000
-0.000000
-0.000000
-0.000000
-0.000000
0.000000
-0.000000
-0.000000
0.000000
-0.000000
-0.000000
0.000000
0.000000
-0.000000
0.000000
-0.000000
-0.000000
-0.000000
-0.000000
-0.000000
-0.000000
0.000000
0.000000
-0.000000
0.000000
-0.000000
-0.000000
-0.000000
-0.000000
0.000000
-0.000000
-0.000000
-0.000000
-0.000000
-0.000000
-0.000000
-0.000000
-0.000000
-0.000000
0.000000
-0.000000
0.000000
0.000000
-0.000000
-0.000000
0.000000
0.000000
-0.000000
-0.000000
-0.000000
-0.000000
-0.000000
-0.000000
-0.000000
-0.000000
-0.000000
-0.000000
-0.000000
-0.000000
-0.000000
-0.000000
-0.000000
-0.000000
0.000000
0.000000
-0.000000
-0.000000
-0.000000
-0.000000
-0.000000
-0.000000
-0.000000
-0.000000
0.000000
-0.000000
-0.000000
-0.000000
-0.000000
0.000000
-0.000000
-0.000000
-0.000000
-0.000000
0.000000
-0.000000
-0.000000
-0.000000
-0.000000
-0.000000
0.000000
-0.000000
-0.000000
0.000000
-0.000000
-0.000000
-0.000000
-0.000000
-0.000000
-0.000000
-0.000000
-0.000000
-0.000000
-0.000000
-0.000000
-0.000000
-0.000000
0.000000
-0.000000
-0.000000
-0.000000
-0.000000
-0.000000
0.000000
0.000000
-0.000000
-0.000000
-0.000000
-0.000000
-0.000000
-0.000000
0.000000
-0.000000
0.000000
0.000000
-0.000000
-0.000000
-0.000000
-0.000000
-0.000000
-0.000000
-0.000000
-0.000000
-0.000000
-0.000000
-0.000000
-0.000000
-0.000000
-0.000000
-0.000000
-0.000000
0.000000
-0.000000
-0.000000
0.000000
-0.000000
-0.000000
-0.000000
0.000000
0.000000
0.000000
-0.000000
-0.000000
0.000000
-0.000000
-0.000000
-0.000000
-0.000000
-0.000000
-0.000000
-0.000000
0.000000
-0.000000
0.000000
-0.000000
-0.000000
0.000000
-0.000000
-0.000000
-0.000000
0.000000
-0.000000
-0.000000
0.000000
-0.000000
-0.000000
-0.000000
-0.000000
0.000000
-0.000000
-0.000000
-0.000000
-0.000000
0.000000
-0.000000
-0.000000
-0.000000
0.000000
0.000000
-0.000000
-0.000000
-0.000000
-0.000000
-0.000000
-0.000000
-0.000000
-0.000000
-0.000000
0.000000
-0.000000
-0.000000
0.000000
-0.000000
-0.000000
0.000000
0.000000
-0.000000
0.000000
-0.000000
-0.000000
-0.000000
-0.000000
-0.000000
-0.000000
0.000000
0.000000
-0.000000
0.000000
-0.000000
-0.000000
-0.000000
-0.000000
0.000000
-0.000000
-0.000000
-0.000000
-0.000000
-0.000000
-0.000000
-0.000000
-0.000000
-0.000000
0.000000
-0.000000
0.000000
0.000000
-0.000000
-0.000000
0.000000
0.000000
-0.000000
-0.000000
-0.000000
-0.000000
-0.000000
-0.000000
-0.000000
-0.000000
-0.000000
-0.000000
-0.000000
-0.000000
-0.000000
-0.000000
-0.000000
-0.000000
0.000000
0.000000
-0.000000
-0.000000
-0.000000
-0.000000
-0.000000
-0.000000
-0.000000
-0.000000
0.000000
-0.000000
-0.000000
-0.000000
-0.000000
0.000000
-0.000000
-0.000000
-0.000000
-0.000000
0.000000
-0.000000
-0.000000
-0.000000
-0.000000
-0.000000
0.000000
-0.000000
-0.000000
0.000000
-0.000000
-0.000000
-0.000000
-0.000000
-0.000000
-0.000000
-0.000000
-0.000000
-0.000000
-0.000000
-0.000000
-0.000000
-0.000000
0.000000
-0.000000
-0.000000
-0.000000
-0.000000
-0.000000
0.000000
0.000000
-0.000000
-0.000000
-0.000000
-0.000000
-0.000000
-0.000000
0.000000
-0.000000
0.000000
0.000000
-0.000000
-0.000000
-0.000000
-0.000000
-0.000000
-0.000000
-0.000000
-0.000000
-0.000000
-0.000000
-0.000000
-0.000000
-0.000000
-0.000000
-0.000000
-0.000000
0.000000
-0.000000
-0.000000
0.000000
-0.000000
-0.000000
-0.000000
0.000000
0.000000
0.000000
-0.000000
-0.000000
0.000000
-0.000000
-0.000000
-0.000000
-0.000000
-0.000000
-0.000000
-0.000000
0.000000
-0.000000
0.000000
-0.000000
-0.000000
0.000000
-0.000000
-0.000000
-0.000000
0.000000
-0.000000
-0.000000
0.000000
-0.000000
-0.000000
-0.000000
-0.000000
0.000000
-0.000000
-0.000000
-0.000000
-0.000000
0.000000
-0.000000
-0.000000
-0.000000
0.000000
0.000000
-0.000000
-0.000000
-0.000000
-0.000000
-0.000000
-0.000000
-0.000000
-0.000000
-0.000000
0.000000
-0.000000
-0.000000
0.000000
-0.000000
-0.000000
0.000000
0.000000
-0.000000
0.000000
-0.000000
-0.000000
-0.000000
-0.000000
-0.000000
-0.000000
0.000000
0.000000
-0.000000
0.000000
-0.000000
-0.000000
-0.000000
-0.000000
0.000000
-0.000000
-0.000000
-0.000000
-0.000000
-0.000000
-0.000000
-0.000000
-0.000000
-0.000000
0.000000
-0.000000
0.000000
0.000000
-0.000000
-0.000000
0.000000
0.000000
-0.000000
-0.000000
-0.000000
-0.000000
-0.000000
-0.000000
-0.000000
-0.000000
-0.000000
-0.000000
-0.000000
-0.000000
-0.000000
-0.000000
-0.000000
-0.000000
0.000000
0.000000
-0.000000
-0.000000
-0.000000
-0.000000
-0.000000
-0.000000
-0.000000
-0.000000
0.000000
-0.000000
-0.000000
-0.000000
-0.000000
0.000000
-0.000000
-0.000000
-0.000000
-0.000000
0.000000
-0.000000
-0.000000
-0.000000
-0.000000
-0.000000
0.000000
-0.000000
-0.000000
0.000000
-0.000000
-0.000000
-0.000000
-0.000000
-0.000000
-0.000000
-0.000000
-0.000000
-0.000000
-0.000000
-0.000000
-0.000000
-0.000000
0.000000
-0.000000
-0.000000
-0.000000
-0.000000
-0.000000
0.000000
0.000000
-0.000000
-0.000000
-0.000000
-0.000000
-0.000000
-0.000000
0.000000
-0.000000
0.000000
0.000000
-0.000000
-0.000000
-0.000000
-0.000000
-0.000000
-0.000000
-0.000000
-0.000000
-0.000000
-0.000000
-0.000000
-0.000000
-0.000000
-0.000000
-0.000000
-0.000000
0.000000
-0.000000
-0.000000
0.000000
-0.000000
-0.000000
-0.000000
0.000000
0.000000
0.000000
-0.000000
-0.000000
0.000000
-0.000000
-0.000000
-0.000000
-0.000000
-0.000000
-0.000000
-0.000000
0.000000
-0.000000
0.000000
-0.000000
-0.000000
0.000000
-0.000000
-0.000000
-0.000000
0.000000
-0.000000
-0.000000
0.000000
-0.000000
-0.000000
-0.000000
-0.000000
0.000000
-0.000000
-0.000000
-0.000000
-0.000000
0.000000
-0.000000
-0.000000
-0.000000
0.000000
0.000000
-0.000000
-0.000000
-0.000000
-0.000000
-0.000000
-0.000000
-0.000000
-0.000000
-0.000000
0.000000
-0.000000
-0.000000
0.000000
-0.000000
-0.000000
0.000000
0.000000
-0.000000
0.000000
-0.000000
-0.000000
-0.000000
-0.000000
-0.000000
-0.000000
0.000000
0.000000
-0.000000
0.000000
-0.000000
-0.000000
-0.000000
-0.000000
0.000000
-0.000000
-0.000000
-0.000000
-0.000000
-0.000000
-0.000000
-0.000000
-0.000000
-0.000000
0.000000
-0.000000
0.000000
0.000000
-0.000000
-0.000000
0.000000
0.000000
-0.000000
-0.000000
-0.000000
-0.000000
-0.000000
-0.000000
-0.000000
-0.000000
-0.000000
-0.000000
-0.000000
-0.000000
-0.000000
-0.000000
-0.000000
-0.000000
0.000000
0.000000
-0.000000
-0.000000
-0.000000
-0.000000
-0.000000
-0.000000
-0.000000
-0.000000
0.000000
-0.000000
-0.000000
-0.000000
-0.000000
0.000000
-0.000000
-0.000000
-0.000000
-0.000000
0.000000
-0.000000
-0.000000
-0.000000
-0.000000
-0.000000
0.000000
-0.000000
-0.000000
0.000000
-0.000000
-0.000000
-0.000000
-0.000000
-0.000000
-0.000000
-0.000000
-0.000000
-0.000000
-0.000000
-0.000000
-0.000000
-0.000000
0.000000
-0.000000
-0.000000
-0.000000
-0.000000
-0.000000
0.000000
0.000000
-0.000000
-0.000000
-0.000000
-0.000000
-0.000000
-0.000000
0.000000
-0.000000
0.000000
0.000000
-0.000000
-0.000000
-0.000000
-0.000000
-0.000000
-0.000000
-0.000000
-0.000000
-0.000000
-0.000000
-0.000000
-0.000000
-0.000000
-0.000000
-0.000000
-0.000000
0.000000
-0.000000
-0.000000
0.000000
-0.000000
-0.000000
-0.000000
0.000000
0.000000
0.000000
-0.000000
-0.000000
0.000000
-0.000000
-0.000000
-0.000000
-0.000000
-0.000000
-0.000000
-0.000000
0.000000
-0.000000
0.000000
-0.000000
-0.000000
0.000000
-0.000000
-0.000000
-0.000000
0.000000
-0.000000
-0.000000
0.000000
-0.000000
-0.000000
-0.000000
-0.000000
0.000000
-0.000000
-0.000000
-0.000000
-0.000000
0.000000
-0.000000
-0.000000
-0.000000
0.000000
0.000000
-0.000000
-0.000000
-0.000000
-0.000000
-0.000000
-0.000000
-0.000000
-0.000000
-0.000000
0.000000
-0.000000
-0.000000
0.000000
-0.000000
-0.000000
0.000000
0.000000
-0.000000
0.000000
-0.000000
-0.000000
-0.000000
-0.000000
-0.000000
-0.000000
0.000000
0.000000
-0.000000
0.000000
-0.000000
-0.000000
-0.000000
-0.000000
0.000000
-0.000000
-0.000000
-0.000000
-0.000000
-0.000000
-0.000000
-0.000000
-0.000000
-0.000000
0.000000
-0.000000
0.000000
0.000000
-0.000000
-0.000000
0.000000
0.000000
-0.000000
-0.000000
-0.000000
-0.000000
-0.000000
-0.000000
-0.000000
-0.000000
-0.000000
-0.000000
-0.000000
-0.000000
-0.000000
-0.000000
-0.000000
-0.000000
0.000000
0.000000
-0.000000
-0.000000
-0.000000
-0.000000
-0.000000
-0.000000
-0.000000
-0.000000
0.000000
-0.000000
-0.000000
-0.000000
-0.000000
0.000000
-0.000000
-0.000000
-0.000000
-0.000000
0.000000
-0.000000
-0.000000
-0.000000
-0.000000
-0.000000
0.000000
-0.000000
-0.000000
0.000000
-0.000000
-0.000000
-0.000000
-0.000000
-0.000000
-0.000000
-0.000000
-0.000000
-0.000000
-0.000000
-0.000000
-0.000000
-0.000000
0.000000
-0.000000
-0.000000
-0.000000
-0.000000
-0.000000
0.000000
0.000000
-0.000000
-0.000000
-0.000000
-0.000000
-0.000000
-0.000000
0.000000
-0.000000
0.000000
0.000000
-0.000000
-0.000000
-0.000000
-0.000000
-0.000000
-0.000000
-0.000000
-0.000000
-0.000000
-0.000000
-0.000000
-0.000000
-0.000000
-0.000000
-0.000000
-0.000000
0.000000
-0.000000
-0.000000
0.000000
-0.000000
-0.000000
-0.000000
0.000000
0.000000
0.000000
-0.000000
-0.000000
0.000000
-0.000000
-0.000000
-0.000000
-0.000000
-0.000000
-0.000000
-0.000000
0.000000
-0.000000
0.000000
-0.000000
-0.000000
0.000000
-0.000000
-0.000000
-0.000000
0.000000
-0.000000
-0.000000
0.000000
-0.000000
-0.000000
-0.000000
-0.000000
0.000000
-0.000000
-0.000000
-0.000000
-0.000000
0.000000
-0.000000
-0.000000
-0.000000
0.000000
0.000000
-0.000000
-0.000000
-0.000000
-0.000000
-0.000000
-0.000000
-0.000000
-0.000000
-0.000000
0.000000
-0.000000
-0.000000
0.000000
-0.000000
-0.000000
0.000000
0.000000
-0.000000
0.000000
-0.000000
-0.000000
-0.000000
-0.000000
-0.000000
-0.000000
0.000000
0.000000
-0.000000
0.000000
-0.000000
-0.000000
-0.000000
-0.000000
0.000000
-0.000000
-0.000000
-0.000000
-0.000000
-0.000000
-0.000000
-0.000000
-0.000000
-0.000000
0.000000
-0.000000
0.000000
0.000000
-0.000000
-0.000000
0.000000
0.000000
-0.000000
-0.000000
-0.000000
-0.000000
-0.000000
-0.000000
-0.000000
-0.000000
-0.000000
-0.000000
-0.000000
-0.000000
-0.000000
-0.000000
-0.000000
-0.000000
0.000000
0.000000
-0.000000
-0.000000
-0.000000
-0.000000
-0.000000
-0.000000
-0.000000
-0.000000
0.000000
-0.000000
-0.000000
-0.000000
-0.000000
0.000000
-0.000000
-0.000000
-0.000000
-0.000000
0.000000
-0.000000
-0.000000
-0.000000
-0.000000
-0.000000
0.000000
-0.000000
-0.000000
0.000000
-0.000000
-0.000000
-0.000000
-0.000000
-0.000000
-0.000000
-0.000000
-0.000000
-0.000000
-0.000000
-0.000000
-0.000000
-0.000000
0.000000
-0.000000
-0.000000
-0.000000
-0.000000
-0.000000
0.000000
0.000000
-0.000000
-0.000000
-0.000000
-0.000000
-0.000000
-0.000000
0.000000
-0.000000
0.000000
0.000000
-0.000000
-0.000000
-0.000000
-0.000000
-0.000000
-0.000000
-0.000000
-0.000000
-0.000000
-0.000000
-0.000000
-0.000000
-0.000000
-0.000000
-0.000000
-0.000000
0.000000
-0.000000
-0.000000
0.000000
-0.000000
-0.000000
-0.000000
0.000000
0.000000
0.000000
-0.000000
-0.000000
0.000000
-0.000000
-0.000000
-0.000000
-0.000000
-0.000000
-0.000000
-0.000000
0.000000
-0.000000
0.000000
-0.000000
-0.000000
0.000000
-0.000000
-0.000000
-0.000000
0.000000
-0.000000
-0.000000
0.000000
-0.000000
-0.000000
-0.000000
-0.000000
0.000000
-0.000000
-0.000000
-0.000000
-0.000000
0.000000
-0.000000
-0.000000
-0.000000
0.000000
0.000000
-0.000000
-0.000000
-0.000000
-0.000000
-0.000000
-0.000000
-0.000000
-0.000000
-0.000000
0.000000
-0.000000
-0.000000
0.000000
-0.000000
-0.000000
0.000000
0.000000
-0.000000
0.000000
-0.000000
-0.000000
-0.000000
-0.000000
-0.000000
-0.000000
0.000000
0.000000
-0.000000
0.000000
-0.000000
-0.000000
-0.000000
-0.000000
0.000000
-0.000000
-0.000000
-0.000000
-0.000000
-0.000000
-0.000000
-0.000000
-0.000000
-0.000000
0.000000
-0.000000
0.000000
0.000000
-0.000000
-0.000000
0.000000
0.000000
-0.000000
-0.000000
-0.000000
-0.000000
-0.000000
-0.000000
-0.000000
-0.000000
-0.000000
-0.000000
-0.000000
-0.000000
-0.000000
-0.000000
-0.000000
-0.000000
0.000000
0.000000
-0.000000
-0.000000
-0.000000
-0.000000
-0.000000
-0.000000
-0.000000
-0.000000
0.000000
-0.000000
-0.000000
-0.000000
-0.000000
0.000000
-0.000000
-0.000000
-0.000000
-0.000000
0.000000
-0.000000
-0.000000
-0.000000
-0.000000
-0.000000
0.000000
-0.000000
-0.000000
0.000000
-0.000000
-0.000000
-0.000000
-0.000000
-0.000000
-0.000000
-0.000000
-0.000000
-0.000000
-0.000000
-0.000000
-0.000000
-0.000000
0.000000
-0.000000
-0.000000
-0.000000
-0.000000
-0.000000
0.000000
0.000000
-0.000000
-0.000000
-0.000000
-0.000000
-0.000000
-0.000000
0.000000
-0.000000
0.000000
0.000000
-0.000000
-0.000000
-0.000000
-0.000000
-0.000000
-0.000000
-0.000000
-0.000000
-0.000000
-0.000000
-0.000000
-0.000000
-0.000000
-0.000000
-0.000000
-0.000000
0.000000
-0.000000
-0.000000
0.000000
-0.000000
-0.000000
-0.000000
0.000000
0.000000
0.000000
-0.000000
-0.000000
0.000000
-0.000000
-0.000000
-0.000000
-0.000000
-0.000000
-0.000000
-0.000000
0.000000
-0.000000
0.000000
-0.000000
-0.000000
0.000000
-0.000000
-0.000000
-0.000000
0.000000
-0.000000
-0.000000
0.000000
-0.000000
-0.000000
-0.000000
-0.000000
0.000000
-0.000000
-0.000000
-0.000000
-0.000000
0.000000
-0.000000
-0.000000
-0.000000
0.000000
0.000000
-0.000000
-0.000000
-0.000000
-0.000000
-0.000000
-0.000000
-0.000000
-0.000000
-0.000000
0.000000
-0.000000
-0.000000
0.000000
-0.000000
-0.000000
0.000000
0.000000
-0.000000
0.000000
-0.000000
-0.000000
-0.000000
-0.000000
-0.000000
-0.000000
0.000000
0.000000
-0.000000
0.000000
-0.000000
-0.000000
-0.000000
-0.000000
0.000000
-0.000000
-0.000000
-0.000000
-0.000000
-0.000000
-0.000000
-0.000000
-0.000000
-0.000000
0.000000
-0.000000
0.000000
0.000000
-0.000000
-0.000000
0.000000
0.000000
-0.000000
-0.000000
-0.000000
-0.000000
-0.000000
-0.000000
-0.000000
-0.000000
-0.000000
-0.000000
-0.000000
-0.000000
-0.000000
-0.000000
-0.000000
-0.000000
0.000000
0.000000
-0.000000
-0.000000
-0.000000
-0.000000
-0.000000
-0.000000
-0.000000
-0.000000
0.000000
-0.000000
-0.000000
-0.000000
-0.000000
0.000000
-0.000000
-0.000000
-0.000000
-0.000000
0.000000
-0.000000
-0.000000
-0.000000
-0.000000
-0.000000
0.000000
-0.000000
-0.000000
0.000000
-0.000000
-0.000000
-0.000000
-0.000000
-0.000000
-0.000000
-0.000000
-0.000000
-0.000000
-0.000000
-0.000000
-0.000000
-0.000000
0.000000
-0.000000
-0.000000
-0.000000
-0.000000
-0.000000
0.000000
0.000000
-0.000000
-0.000000
-0.000000
-0.000000
-0.000000
-0.000000
0.000000
-0.000000
0.000000
0.000000
-0.000000
-0.000000
-0.000000
-0.000000
-0.000000
-0.000000
-0.000000
-0.000000
-0.000000
-0.000000
-0.000000
-0.000000
-0.000000
-0.000000
-0.000000
-0.000000
0.000000
-0.000000
-0.000000
0.000000
-0.000000
-0.000000
-0.000000
0.000000
0.000000
0.000000
-0.000000
-0.000000
0.000000
-0.000000
-0.000000
-0.000000
-0.000000
-0.000000
-0.000000
-0.000000
0.000000
-0.000000
0.000000
-0.000000
-0.000000
0.000000
-0.000000
-0.000000
-0.000000
0.000000
-0.000000
-0.000000
0.000000
-0.000000
-0.000000
-0.000000
-0.000000
0.000000
-0.000000
-0.000000
-0.000000
-0.000000
0.000000
-0.000000
-0.000000
-0.000000
0.000000
0.000000
-0.000000
-0.000000
-0.000000
-0.000000
-0.000000
-0.000000
-0.000000
-0.000000
-0.000000
0.000000
-0.000000
-0.000000
0.000000
-0.000000
-0.000000
0.000000
0.000000
-0.000000
0.000000
-0.000000
-0.000000
-0.000000
-0.000000
-0.000000
-0.000000
0.000000
0.000000
-0.000000
0.000000
-0.000000
-0.000000
-0.000000
-0.000000
0.000000
-0.000000
-0.000000
-0.000000
-0.000000
-0.000000
-0.000000
-0.000000
-0.000000
-0.000000
0.000000
-0.000000
0.000000
0.000000
-0.000000
-0.000000
0.000000
0.000000
-0.000000
-0.000000
-0.000000
-0.000000
-0.000000
-0.000000
-0.000000
-0.000000
-0.000000
-0.000000
-0.000000
-0.000000
-0.000000
-0.000000
-0.000000
-0.000000
0.000000
0.000000
-0.000000
-0.000000
-0.000000
-0.000000
-0.000000
-0.000000
-0.000000
-0.000000
0.000000
-0.000000
-0.000000
-0.000000
-0.000000
0.000000
-0.000000
-0.000000
-0.000000
-0.000000
0.000000
-0.000000
-0.000000
-0.000000
-0.000000
-0.000000
0.000000
-0.000000
-0.000000
0.000000
-0.000000
-0.000000
-0.000000
-0.000000
-0.000000
-0.000000
-0.000000
-0.000000
-0.000000
-0.000000
-0.000000
-0.000000
-0.000000
0.000000
-0.000000
-0.000000
-0.000000
-0.000000
-0.000000
0.000000
0.000000
-0.000000
-0.000000
-0.000000
-0.000000
-0.000000
-0.000000
0.000000
-0.000000
0.000000
0.000000
-0.000000
-0.000000
-0.000000
-0.000000
-0.000000
-0.000000
-0.000000
-0.000000
-0.000000
-0.000000
-0.000000
-0.000000
-0.000000
-0.000000
-0.000000
-0.000000
0.000000
-0.000000
-0.000000
0.000000
-0.000000
-0.000000
-0.000000
0.000000
0.000000
0.000000
-0.000000
-0.000000
0.000000
-0.000000
-0.000000
-0.000000
-0.000000
-0.000000
-0.000000
-0.000000
0.000000
-0.000000
0.000000
-0.000000
-0.000000
0.000000
-0.000000
-0.000000
-0.000000
0.000000
-0.000000
-0.000000
0.000000
-0.000000
-0.000000
-0.000000
-0.000000
0.000000
-0.000000
-0.000000
-0.000000
-0.000000
0.000000
-0.000000
-0.000000
-0.000000
0.000000
0.000000
-0.000000
-0.000000
-0.000000
-0.000000
-0.000000
-0.000000
-0.000000
-0.000000
-0.000000
0.000000
-0.000000
-0.000000
0.000000
-0.000000
-0.000000
0.000000
0.000000
-0.000000
0.000000
-0.000000
-0.000000
-0.000000
-0.000000
-0.000000
-0.000000
0.000000
0.000000
-0.000000
0.000000
-0.000000
-0.000000
-0.000000
-0.000000
0.000000
-0.000000
-0.000000
-0.000000
-0.000000
-0.000000
-0.000000
-0.000000
-0.000000
-0.000000
0.000000
-0.000000
0.000000
0.000000
-0.000000
-0.000000
0.000000
0.000000
-0.000000
-0.000000
-0.000000
-0.000000
-0.000000
-0.000000
-0.000000
-0.000000
-0.000000
-0.000000
-0.000000
-0.000000
-0.000000
-0.000000
-0.000000
-0.000000
0.000000
0.000000
-0.000000
-0.000000
-0.000000
-0.000000
-0.000000
-0.000000
-0.000000
-0.000000
0.000000
-0.000000
-0.000000
-0.000000
-0.000000
0.000000
-0.000000
-0.000000
-0.000000
-0.000000
0.000000
-0.000000
-0.000000
-0.000000
-0.000000
-0.000000
0.000000
-0.000000
-0.000000
0.000000
-0.000000
-0.000000
-0.000000
-0.000000
-0.000000
-0.000000
-0.000000
-0.000000
-0.000000
-0.000000
-0.000000
-0.000000
-0.000000
0.000000
-0.000000
-0.000000
-0.000000
-0.000000
-0.000000
0.000000
0.000000
-0.000000
-0.000000
-0.000000
-0.000000
-0.000000
-0.000000
0.000000
-0.000000
0.000000
0.000000
-0.000000
-0.000000
-0.000000
-0.000000
-0.000000
-0.000000
-0.000000
-0.000000
-0.000000
-0.000000
-0.000000
-0.000000
-0.000000
-0.000000
-0.000000
-0.000000
0.000000
-0.000000
-0.000000
0.000000
-0.000000
-0.000000
-0.000000
0.000000
0.000000
0.000000
-0.000000
-0.000000
0.000000
-0.000000
-0.000000
-0.000000
-0.000000
-0.000000
-0.000000
-0.000000
0.000000
-0.000000
0.000000
-0.000000
-0.000000
0.000000
-0.000000
-0.000000
-0.000000
0.000000
-0.000000
-0.000000
0.000000
-0.000000
-0.000000
-0.000000
-0.000000
0.000000
-0.000000
-0.000000
-0.000000
-0.000000
0.000000
-0.000000
-0.000000
-0.000000
0.000000
0.000000
-0.000000
-0.000000
-0.000000
-0.000000
-0.000000
-0.000000
-0.000000
-0.000000
-0.000000
0.000000
-0.000000
-0.000000
0.000000
-0.000000
-0.000000
0.000000
0.000000
-0.000000
0.000000
-0.000000
-0.000000
-0.000000
-0.000000
-0.000000
-0.000000
0.000000
0.000000
-0.000000
0.000000
-0.000000
-0.000000
-0.000000
-0.000000
0.000000
-0.000000
-0.000000
-0.000000
-0.000000
-0.000000
-0.000000
-0.000000
-0.000000
-0.000000
0.000000
-0.000000
0.000000
0.000000
-0.000000
-0.000000
0.000000
0.000000
-0.000000
-0.000000
-0.000000
-0.000000
-0.000000
-0.000000
-0.000000
-0.000000
-0.000000
-0.000000
-0.000000
-0.000000
-0.000000
-0.000000
-0.000000
-0.000000
0.000000
0.000000
-0.000000
-0.000000
-0.000000
-0.000000
-0.000000
-0.000000
-0.000000
-0.000000
0.000000
-0.000000
-0.000000
-0.000000
-0.000000
0.000000
-0.000000
-0.000000
-0.000000
-0.000000
0.000000
-0.000000
-0.000000
-0.000000
-0.000000
-0.000000
0.000000
-0.000000
-0.000000
0.000000
-0.000000
-0.000000
-0.000000
-0.000000
-0.000000
-0.000000
-0.000000
-0.000000
-0.000000
-0.000000
-0.000000
-0.000000
-0.000000
0.000000
-0.000000
-0.000000
-0.000000
-0.000000
-0.000000
0.000000
0.000000
-0.000000
-0.000000
-0.000000
-0.000000
-0.000000
-0.000000
0.000000
-0.000000
0.000000
0.000000
-0.000000
-0.000000
-0.000000
-0.000000
-0.000000
-0.000000
-0.000000
-0.000000
-0.000000
-0.000000
-0.000000
-0.000000
-0.000000
-0.000000
-0.000000
-0.000000
0.000000
-0.000000
-0.000000
0.000000
-0.000000
-0.000000
-0.000000
0.000000
0.000000
0.000000
-0.000000
-0.000000
0.000000
-0.000000
-0.000000
-0.000000
-0.000000
-0.000000
-0.000000
-0.000000
0.000000
-0.000000
0.000000
-0.000000
-0.000000
0.000000
-0.000000
-0.000000
-0.000000
0.000000
-0.000000
-0.000000
0.000000
-0.000000
-0.000000
-0.000000
-0.000000
0.000000
-0.000000
-0.000000
-0.000000
-0.000000
0.000000
-0.000000
-0.000000
-0.000000
0.000000
0.000000
-0.000000
-0.000000
-0.000000
-0.000000
-0.000000
-0.000000
-0.000000
-0.000000
-0.000000
0.000000
-0.000000
-0.000000
0.000000
-0.000000
-0.000000
0.000000
0.000000
-0.000000
0.000000
-0.000000
-0.000000
-0.000000
-0.000000
-0.000000
-0.000000
0.000000
0.000000
-0.000000
0.000000
-0.000000
-0.000000
-0.000000
-0.000000
0.000000
-0.000000
-0.000000
-0.000000
-0.000000
-0.000000
-0.000000
-0.000000
-0.000000
-0.000000
0.000000
-0.000000
0.000000
0.000000
-0.000000
-0.000000
0.000000
0.000000
-0.000000
-0.000000
-0.000000
-0.000000
-0.000000
-0.000000
-0.000000
-0.000000
-0.000000
-0.000000
-0.000000
-0.000000
-0.000000
-0.000000
-0.000000
-0.000000
0.000000
0.000000
-0.000000
-0.000000
-0.000000
-0.000000
-0.000000
-0.000000
-0.000000
-0.000000
0.000000
-0.000000
-0.000000
-0.000000
-0.000000
0.000000
-0.000000
-0.000000
-0.000000
-0.000000
0.000000
-0.000000
-0.000000
-0.000000
-0.000000
-0.000000
0.000000
-0.000000
-0.000000
0.000000
-0.000000
-0.000000
-0.000000
-0.000000
-0.000000
-0.000000
-0.000000
-0.000000
-0.000000
-0.000000
-0.000000
-0.000000
-0.000000
0.000000
-0.000000
-0.000000
-0.000000
-0.000000
-0.000000
0.000000
0.000000
-0.000000
-0.000000
-0.000000
-0.000000
-0.000000
-0.000000
0.000000
-0.000000
0.000000
0.000000
-0.000000
-0.000000
-0.000000
-0.000000
-0.000000
-0.000000
-0.000000
-0.000000
-0.000000
-0.000000
-0.000000
-0.000000
-0.000000
-0.000000
-0.000000
-0.000000
0.000000
-0.000000
-0.000000
0.000000
-0.000000
-0.000000
-0.000000
0.000000
0.000000
0.000000
-0.000000
-0.000000
0.000000
-0.000000
-0.000000
-0.000000
-0.000000
-0.000000
-0.000000
-0.000000
0.000000
-0.000000
0.000000
-0.000000
-0.000000
0.000000
-0.000000
-0.000000
-0.000000
0.000000
-0.000000
-0.000000
0.000000
-0.000000
-0.000000
-0.000000
-0.000000
0.000000
-0.000000
-0.000000
-0.000000
-0.000000
0.000000
-0.000000
-0.000000
-0.000000
0.000000
0.000000
-0.000000
-0.000000
-0.000000
-0.000000
-0.000000
-0.000000
-0.000000
-0.000000
-0.000000
0.000000
-0.000000
-0.000000
0.000000
-0.000000
-0.000000
0.000000
0.000000
-0.000000
0.000000
-0.000000
-0.000000
-0.000000
-0.000000
-0.000000
-0.000000
0.000000
0.000000
-0.000000
0.000000
-0.000000
-0.000000
-0.000000
-0.000000
0.000000
-0.000000
-0.000000
-0.000000
-0.000000
-0.000000
-0.000000
-0.000000
-0.000000
-0.000000
0.000000
-0.000000
0.000000
0.000000
-0.000000
-0.000000
0.000000
0.000000
-0.000000
-0.000000
-0.000000
-0.000000
-0.000000
-0.000000
-0.000000
-0.000000
-0.000000
-0.000000
-0.000000
-0.000000
-0.000000
-0.000000
-0.000000
-0.000000
0.000000
0.000000
-0.000000
-0.000000
-0.000000
-0.000000
-0.000000
-0.000000
-0.000000
-0.000000
0.000000
-0.000000
-0.000000
-0.000000
-0.000000
0.000000
-0.000000
-0.000000
-0.000000
-0.000000
0.000000
-0.000000
-0.000000
-0.000000
-0.000000
-0.000000
0.000000
-0.000000
-0.000000
0.000000
-0.000000
-0.000000
-0.000000
-0.000000
-0.000000
-0.000000
-0.000000
-0.000000
-0.000000
-0.000000
-0.000000
-0.000000
-0.000000
0.000000
-0.000000
-0.000000
-0.000000
-0.000000
-0.000000
0.000000
0.000000
-0.000000
-0.000000
-0.000000
-0.000000
-0.000000
-0.000000
0.000000
-0.000000
0.000000
0.000000
-0.000000
-0.000000
-0.000000
-0.000000
-0.000000
-0.000000
-0.000000
-0.000000
-0.000000
-0.000000
-0.000000
-0.000000
-0.000000
-0.000000
-0.000000
-0.000000
0.000000
-0.000000
-0.000000
0.000000
-0.000000
-0.000000
-0.000000
0.000000
0.000000
0.000000
-0.000000
-0.000000
0.000000
-0.000000
-0.000000
-0.000000
-0.000000
-0.000000
-0.000000
-0.000000
0.000000
-0.000000
0.000000
-0.000000
-0.000000
0.000000
-0.000000
-0.000000
-0.000000
0.000000
-0.000000
-0.000000
0.000000
-0.000000
-0.000000
-0.000000
-0.000000
0.000000
-0.000000
-0.000000
-0.000000
-0.000000
0.000000
-0.000000
-0.000000
-0.000000
0.000000
0.000000
-0.000000
-0.000000
-0.000000
-0.000000
-0.000000
-0.000000
-0.000000
-0.000000
-0.000000
0.000000
-0.000000
-0.000000
0.000000
-0.000000
-0.000000
0.000000
0.000000
-0.000000
0.000000
-0.000000
-0.000000
-0.000000
-0.000000
-0.000000
-0.000000
0.000000
0.000000
-0.000000
0.000000
-0.000000
-0.000000
-0.000000
-0.000000
0.000000
-0.000000
-0.000000
-0.000000
-0.000000
-0.000000
-0.000000
-0.000000
-0.000000
-0.000000
0.000000
-0.000000
0.000000
0.000000
-0.000000
-0.000000
0.000000
0.000000
-0.000000
-0.000000
-0.000000
-0.000000
-0.000000
-0.000000
-0.000000
-0.000000
-0.000000
-0.000000
-0.000000
-0.000000
-0.000000
-0.000000
-0.000000
-0.000000
0.000000
0.000000
-0.000000
-0.000000
-0.000000
-0.000000
-0.000000
-0.000000
-0.000000
-0.000000
0.000000
-0.000000
-0.000000
-0.000000
-0.000000
0.000000
-0.000000
-0.000000
-0.000000
-0.000000
0.000000
-0.000000
-0.000000
-0.000000
-0.000000
-0.000000
0.000000
-0.000000
-0.000000
0.000000
-0.000000
-0.000000
-0.000000
-0.000000
-0.000000
-0.000000
-0.000000
-0.000000
-0.000000
-0.000000
-0.000000
-0.000000
-0.000000
0.000000
-0.000000
-0.000000
-0.000000
-0.000000
-0.000000
0.000000
0.000000
-0.000000
-0.000000
-0.000000
-0.000000
-0.000000
-0.000000
0.000000
-0.000000
0.000000
0.000000
-0.000000
-0.000000
-0.000000
-0.000000
-0.000000
-0.000000
-0.000000
-0.000000
-0.000000
-0.000000
-0.000000
-0.000000
-0.000000
-0.000000
-0.000000
-0.000000
0.000000
-0.000000
-0.000000
0.000000
-0.000000
-0.000000
-0.000000
0.000000
0.000000
0.000000
-0.000000
-0.000000
0.000000
-0.000000
-0.000000
-0.000000
-0.000000
-0.000000
-0.000000
-0.000000
0.000000
-0.000000
0.000000
-0.000000
-0.000000
0.000000
-0.000000
-0.000000
-0.000000
0.000000
-0.000000
-0.000000
0.000000
-0.000000
-0.000000
-0.000000
-0.000000
0.000000
-0.000000
-0.000000
-0.000000
-0.000000
0.000000
-0.000000
-0.000000
-0.000000
0.000000
0.000000
-0.000000
-0.000000
-0.000000
-0.000000
-0.000000
-0.000000
-0.000000
-0.000000
-0.000000
0.000000
-0.000000
-0.000000
0.000000
-0.000000
-0.000000
0.000000
0.000000
-0.000000
0.000000
-0.000000
-0.000000
-0.000000
-0.000000
-0.000000
-0.000000
0.000000
0.000000
-0.000000
0.000000
-0.000000
-0.000000
-0.000000
-0.000000
0.000000
-0.000000
-0.000000
-0.000000
-0.000000
-0.000000
-0.000000
-0.000000
-0.000000
-0.000000
0.000000
-0.000000
0.000000
0.000000
-0.000000
-0.000000
0.000000
0.000000
-0.000000
-0.000000
-0.000000
-0.000000
-0.000000
-0.000000
-0.000000
-0.000000
-0.000000
-0.000000
-0.000000
-0.000000
-0.000000
-0.000000
-0.000000
-0.000000
0.000000
0.000000
-0.000000
-0.000000
-0.000000
-0.000000
-0.000000
-0.000000
-0.000000
-0.000000
0.000000
-0.000000
-0.000000
-0.000000
-0.000000
0.000000
-0.000000
-0.000000
-0.000000
-0.000000
0.000000
-0.000000
-0.000000
-0.000000
-0.000000
-0.000000
0.000000
-0.000000
-0.000000
0.000000
-0.000000
-0.000000
-0.000000
-0.000000
-0.000000
-0.000000
-0.000000
-0.000000
-0.000000
-0.000000
-0.000000
-0.000000
-0.000000
0.000000
-0.000000
-0.000000
-0.000000
-0.000000
-0.000000
0.000000
0.000000
-0.000000
-0.000000
-0.000000
-0.000000
-0.000000
-0.000000
0.000000
-0.000000
0.000000
0.000000
-0.000000
-0.000000
-0.000000
-0.000000
-0.000000
-0.000000
-0.000000
-0.000000
-0.000000
-0.000000
-0.000000
-0.000000
-0.000000
-0.000000
-0.000000
-0.000000
0.000000
-0.000000
-0.000000
0.000000
-0.000000
-0.000000
-0.000000
0.000000
0.000000
0.000000
-0.000000
-0.000000
0.000000
-0.000000
-0.000000
-0.000000
-0.000000
-0.000000
-0.000000
-0.000000
0.000000
-0.000000
0.000000
-0.000000
-0.000000
0.000000
-0.000000
-0.000000
-0.000000
0.000000
-0.000000
-0.000000
0.000000
-0.000000
-0.000000
-0.000000
-0.000000
0.000000
-0.000000
-0.000000
-0.000000
-0.000000
0.000000
-0.000000
-0.000000
-0.000000
0.000000
0.000000
-0.000000
-0.000000
-0.000000
-0.000000
-0.000000
-0.000000
-0.000000
-0.000000
-0.000000
0.000000
-0.000000
-0.000000
0.000000
-0.000000
-0.000000
