-0.359381
0.061427
0.016759
0.190097
-0.113961
-0.157540
-0.126882
-0.197001
-0.039661
0.388511
-0.166895
-0.076154
0.115843
0.013138
0.067008
0.271961
0.248252
-0.399513
0.008552
0.129747
0.057847
-0.010394
-0.008647
-0.141830
0.022568
-0.056659
-0.156470
-0.081558
0.216497
-0.384083
-0.162475
0.298095
0.219545
0.127930
0.130964
-0.038631
-0.124321
-0.016671
-0.256228
-0.197401
-0.109927
-0.308448
0.199086
-0.172361
0.057079
-0.041699
-0.226680
0.000830
-0.045171
-0.293254
0.040385
-0.061069
0.112834
-0.411488
-0.011302
-0.079357
-0.094757
-0.105371
0.081920
-0.389461
0.069748
-0.192275
0.041512
-0.287166
0.198170
-0.202674
0.309011
0.040170
-0.236167
-0.279104
0.137266
0.180789
0.574142
0.246486
-0.089081
-0.191607
0.606855
0.315534
0.022106
0.125505
0.000204
-0.106365
-0.062641
0.211466
-0.103139
0.115724
0.046904
0.230360
-0.056351
-0.122654
0.203405
-0.030325
0.088478
-0.124831
-0.064148
-0.074649
0.286751
0.300884
0.234522
0.012386
0.146031
-0.087995
-0.306552
0.036447
-0.093021
-0.060810
0.023079
-0.150995
-0.012272
0.002028
-0.194966
-0.061220
-0.320524
-0.109064
-0.095778
-0.144387
0.176677
-3.901244
0.226392
-0.093119
0.089552
0.001645
0.094621
0.023434
0.126059
-0.215650
-0.158145
-0.007852
-0.037773
-0.058590
-0.066441
0.253534
-0.027623
-0.156234
-0.085354
-0.090468
-0.011328
-0.120634
-0.280574
-0.215280
0.017843
0.020715
-0.124328
0.109917
-0.043795
0.162716
-0.083692
0.053021
-0.027047
-0.010736
-0.237241
-0.179383
0.228882
0.176174
0.771729
0.000387
-0.403225
-0.230136
0.102470
-0.023247
-0.154567
-0.077020
0.003841
0.160397
-0.129478
0.050912
-0.119091
-0.180321
0.166307
-0.014325
0.459430
0.152720
-0.039539
0.295576
0.137432
-0.322144
0.008289
-0.229310
-0.087983
0.195764
0.091662
-0.097595
0.170126
-0.027723
0.024367
0.035580
-0.043307
0.025475
-0.084869
0.130219
-0.019011
-0.011936
-0.260077
0.115291
0.028319
0.170311
-0.097990
-0.214533
-0.183388
-0.190084
-0.149929
0.447737
-0.115534
-0.054196
0.118616
0.059443
-0.002087
0.351103
0.313560
-0.414848
0.052646
0.159485
0.013875
0.031390
0.075352
-0.075250
0.015080
-0.100964
-0.193383
-0.033300
0.171228
-0.412564
-0.180885
0.288017
0.160322
0.057807
0.074052
-0.023754
-0.070417
-0.005130
-0.272769
-0.314494
-0.209721
-0.403635
0.223592
-0.162729
0.076539
0.022469
-0.241524
0.037268
0.014866
-0.218842
0.019794
-0.021698
0.053063
-0.420271
-0.094638
0.040190
-0.072606
-0.190793
0.127740
-0.441015
0.153159
-0.156044
0.024812
-0.418643
0.192800
-0.192260
0.319309
0.072882
-0.301187
-0.274635
0.081322
0.096644
0.477486
0.261743
-0.153515
-0.194104
0.562777
0.291327
0.130539
0.114510
-0.024207
-0.148691
-0.027916
0.304373
-0.024504
0.021128
-0.020724
0.228222
0.026732
-0.200203
0.217544
-0.001921
0.142427
0.032136
-0.105588
-0.217579
0.331888
0.367817
0.148807
0.051391
0.093054
0.035664
-0.138430
0.071363
0.003389
-0.003101
-0.114381
-0.159401
-0.004531
0.086188
-0.118881
-0.001708
-0.302471
0.017025
-0.113513
-0.047353
0.343292
-1.668730
0.261824
-0.244221
0.239486
0.066552
0.161053
0.093071
-0.050523
-0.293739
-0.234441
-0.065882
0.049353
0.028412
-0.175094
0.225157
-0.139338
-0.102001
-0.057202
-0.211184
0.000292
-0.300140
-0.352107
-0.340840
0.024917
-0.135781
-0.157241
0.149629
-0.093163
0.423325
-0.091947
0.150333
-0.046880
0.064777
-0.203974
-0.248612
0.386170
0.200924
0.909503
-0.097133
-0.432644
-0.119495
0.170734
-0.056262
-0.262984
-0.113130
-0.075993
0.087076
-0.110816
-0.052914
-0.088244
-0.141093
0.193338
-0.038619
0.442928
0.043507
-0.047392
0.320952
0.245612
-0.355345
0.051550
-0.173596
0.002457
0.248938
0.068266
0.093433
0.256028
0.004267
0.049536
-0.086127
0.006435
0.042513
-0.074927
0.065507
-0.035179
-0.021274
-0.353369
0.489934
0.029333
-0.259387
-0.009347
-0.032558
-0.144457
-0.277774
-0.170159
0.322172
0.035991
-0.096006
0.060187
0.001567
-0.030684
0.145837
0.270331
-0.241885
-0.022369
0.233898
0.005024
0.144963
0.088089
-0.265518
0.082972
-0.112587
-0.455617
0.183442
0.331343
-0.005570
0.112902
0.359642
0.045602
0.295995
0.427747
0.018011
-0.045687
0.196311
-0.103155
-0.307343
0.047803
-0.282888
0.118185
-0.106466
0.283067
-0.141762
-0.132252
0.170118
-0.162342
0.000542
0.175963
0.108629
-0.147971
-0.563236
0.190577
0.015791
-0.057400
0.013984
-0.046944
-0.382757
0.012661
-0.364594
-0.364944
0.001147
0.277325
-0.391072
0.251966
-0.083651
-0.174504
-0.122664
0.240877
0.188753
0.509336
0.220118
0.062279
-0.068489
0.615950
0.450194
-0.105435
0.167696
-0.168024
-0.101616
0.267605
0.344963
0.021510
-0.047373
0.069782
0.346839
0.669700
-0.055015
0.360218
0.260339
-0.109214
0.457369
-0.266326
-0.298081
0.337860
0.329763
-0.128779
0.101457
-0.116549
0.560383
1.064795
0.003476
-0.017102
-0.073571
-0.327564
1.244783
-0.133183
0.224589
0.558523
0.209547
-0.348338
0.446744
-0.020229
0.192219
0.227706
-1.307118
0.255434
-0.227049
0.254103
0.130749
0.246680
0.260029
-0.175614
-0.176023
0.190251
-0.115935
0.234921
0.633322
-0.218330
0.146411
-0.396985
0.576956
0.036101
-0.312892
0.118956
-0.184982
0.474172
-0.243156
0.151123
0.056641
0.122280
-0.105187
-0.066649
0.129635
0.528931
-0.009856
0.004225
0.396771
-0.284942
0.054699
0.090962
0.101005
-0.309282
-0.269753
-0.361659
-0.156976
0.044270
-0.033055
-0.100519
0.117429
-0.110446
-0.154854
0.116628
-0.407857
0.348333
-0.126438
-0.097727
-0.063323
0.323034
-0.285366
0.327892
0.335895
0.265319
-0.083555
0.165105
0.382382
0.142656
0.098518
-0.250095
0.678350
0.031840
0.033982
-0.000429
-0.207904
0.129311
-0.076959
0.035929
-0.488239
-0.011531
-0.082444
-0.168437
0.344611
0.048370
-0.231048
0.032437
-0.096112
-0.287253
-0.139405
-0.253072
0.398880
0.045992
-0.103329
0.045123
-0.012122
-0.057936
0.366532
0.269205
-0.193873
0.246411
0.202470
-0.083106
0.093029
0.170025
-0.141603
-0.010416
-0.100752
-0.389663
0.100474
0.163541
-0.043123
-0.042005
0.313894
-0.011768
0.208198
0.248062
-0.057475
-0.002794
0.019662
-0.179294
-0.429089
-0.135721
-0.379207
0.174918
-0.083800
0.207015
0.061809
-0.164116
0.172400
0.043344
-0.002660
0.104662
0.163856
-0.144029
-0.440510
0.017097
0.064923
0.094506
-0.156318
0.003951
-0.234094
0.192642
-0.226517
-0.324018
-0.148846
0.169399
-0.283442
0.187098
0.044305
-0.160838
-0.197193
0.000921
0.108724
0.183859
0.247464
-0.082950
-0.210997
0.510792
0.323740
0.013373
0.026178
-0.149431
-0.252019
0.195764
0.385254
0.078477
-0.088486
-0.188820
0.123840
0.645380
0.122574
0.262241
0.266760
0.035198
0.489882
-0.228723
-0.332756
0.364253
0.373046
-0.101492
0.185574
-0.225283
0.766189
0.858294
0.106276
0.005906
0.000466
-0.345926
0.315011
-0.128604
0.278974
0.639482
0.136153
-0.306377
0.416963
-0.104004
0.199791
0.439273
3.061976
0.249940
-0.511006
0.301377
0.131032
0.186614
0.371785
-0.198549
-0.273748
0.008509
-0.188978
0.093788
0.641272
-0.285209
0.151884
-0.344288
0.482558
0.049109
-0.336409
0.135737
-0.253635
0.225718
-0.199073
0.080754
0.007265
0.137102
-0.126900
-0.171021
0.123581
0.481455
0.080431
-0.158953
0.367536
-0.248574
-0.048960
-0.084679
0.231414
-0.351963
-0.386472
-0.367554
-0.198165
0.032861
-0.064325
-0.268287
0.079089
-0.216364
-0.125588
0.083715
-0.383842
0.319784
-0.088602
-0.072736
-0.149438
0.328180
-0.297551
0.088305
0.345390
0.307935
-0.098683
0.095277
0.441605
0.170868
0.212407
-0.295295
0.772916
-0.002279
0.038280
0.215474
-0.257417
0.059928
-0.158978
0.076767
-0.426531
-0.066227
-0.050983
-0.144528
0.257677
0.034602
-0.060060
-0.031623
-0.179853
-0.307683
-0.162041
-0.196465
0.479732
0.076451
-0.085881
0.112625
0.020507
-0.085880
0.550158
0.298966
-0.230946
0.294471
0.155167
-0.098254
0.095693
0.177091
-0.062888
-0.014672
-0.121704
-0.295124
0.019457
0.157887
-0.146547
-0.155973
0.289837
0.071490
0.062479
0.049428
-0.063782
0.055525
-0.002861
-0.241241
-0.424466
-0.185034
-0.458802
0.181327
-0.097109
0.148953
0.071854
-0.197560
0.114674
0.008377
-0.124194
0.042921
0.099339
-0.049780
-0.392727
-0.091609
0.053599
0.102025
-0.223623
0.001574
-0.259523
0.224463
-0.166359
-0.240652
-0.306213
0.163376
-0.194682
0.223967
0.107584
-0.328077
-0.258169
-0.038359
0.075162
0.271650
0.300758
-0.235008
-0.179352
0.493667
0.258693
0.146857
0.016689
-0.107865
-0.223008
0.169967
0.329443
0.050387
-0.062405
-0.165343
0.096627
0.424687
-0.014756
0.252569
0.174214
0.093618
0.299632
-0.143993
-0.288066
0.380328
0.419236
-0.027726
0.136799
-0.124204
0.478540
0.447592
0.118204
0.067511
-0.014003
-0.321600
-0.416293
-0.138644
0.216212
0.296158
0.166343
-0.339525
0.246551
-0.104082
0.135188
0.376593
3.122435
0.339595
-0.530982
0.294899
0.161061
0.187742
0.199199
-0.105936
-0.319513
-0.100495
-0.186262
0.157601
0.406488
-0.256269
0.176374
-0.322636
0.246015
-0.106419
-0.259558
0.055654
-0.409064
0.103013
-0.273932
0.006096
0.034002
0.018395
0.041293
-0.084105
0.378691
0.226535
0.147994
-0.124649
0.292042
-0.215950
-0.145920
0.089355
0.303966
0.093831
-0.278852
-0.453748
-0.074824
0.102874
-0.087211
-0.345109
0.005370
-0.147922
-0.089282
0.051483
-0.293143
0.126310
-0.076798
0.034002
-0.102018
0.396935
-0.176159
-0.111862
0.371346
0.356971
-0.216751
0.082839
0.222382
0.148987
0.223026
-0.159739
0.429231
0.053989
0.037743
0.138771
-0.217458
0.149049
-0.086985
-0.053538
-0.215228
-0.026925
-0.056207
-0.171989
0.229481
-0.000848
0.190006
-0.086156
-0.399296
-0.462486
-0.295805
-0.072260
0.617943
0.196389
-0.021790
0.335696
0.143575
-0.079347
0.834007
0.338285
-0.304383
0.229619
0.051971
-0.095992
0.213774
0.194166
0.140218
0.015667
-0.148085
-0.118092
-0.112177
-0.008877
-0.210424
-0.248637
0.243935
0.135077
-0.207437
-0.306172
0.006517
0.087273
-0.021364
-0.309764
-0.361657
-0.130324
-0.604010
0.132934
-0.072345
0.059152
-0.126219
-0.198359
0.053526
-0.087350
-0.324862
0.018972
-0.040565
0.046874
-0.316972
-0.137849
0.061303
0.113400
-0.180721
-0.040207
-0.249450
0.253402
-0.104786
-0.001884
-0.521644
0.093682
-0.090229
0.333426
0.189147
-0.692150
-0.343745
-0.102177
0.086261
0.505183
0.308920
-0.438335
0.016938
0.427868
0.158918
0.294024
0.010678
-0.002437
-0.121705
0.204331
0.249054
0.024705
-0.119255
-0.030516
0.133148
0.103131
-0.224641
0.353802
0.262130
0.106252
-0.096225
-0.032315
-0.096674
0.301158
0.462302
-0.141682
0.013653
0.011316
-0.226654
-0.119473
0.050709
0.162244
-0.072737
-0.326641
-1.645886
-0.177368
0.169313
-0.304741
0.281082
-0.449299
-0.227235
0.008245
0.057585
-0.080746
1.158010
0.558527
-0.344556
0.239617
0.244999
0.187543
-0.242686
0.045065
-0.299473
-0.139836
-0.039888
0.394538
0.018151
-0.131034
0.185834
-0.066731
-0.131548
-0.354652
-0.007342
-0.159477
-0.584006
0.036991
-0.420089
0.025595
0.321434
-0.187454
0.209684
0.123616
0.759069
-0.248341
0.187187
0.077780
0.185242
-0.193410
-0.277309
0.483896
0.231612
1.155316
-0.133105
-0.607049
0.355259
0.203632
-0.106900
-0.278092
-0.052480
0.034417
-0.018278
-0.048318
-0.088783
-0.133440
0.013886
0.075925
0.051404
0.455857
0.070557
-0.243283
0.456158
0.389411
-0.306798
0.220696
-0.218256
0.107701
0.252949
0.090035
-0.261594
0.314097
0.124913
-0.171935
-0.187486
0.313058
-0.011038
-0.157748
0.086820
0.024397
-0.076533
-0.190692
0.259181
0.005982
0.298446
-0.084096
-0.537563
-0.611969
-0.414005
0.029952
0.733373
0.299690
-0.002659
0.506385
0.238288
-0.081928
1.075866
0.374210
-0.313150
0.235805
-0.028920
-0.137233
0.326858
0.222923
0.288749
0.044026
-0.201377
-0.007208
-0.208635
-0.103460
-0.144600
-0.337906
0.226739
0.134352
-0.426874
-0.544426
0.051074
0.184256
-0.039939
-0.356281
-0.373444
-0.094862
-0.715776
0.063634
-0.063547
-0.027377
-0.233327
-0.189682
0.018059
-0.154553
-0.466659
0.016884
-0.130468
0.135377
-0.242995
-0.142319
0.068610
0.151101
-0.207361
-0.128346
-0.218905
0.307366
-0.118601
0.069625
-0.616146
0.048899
-0.066032
0.376902
0.247402
-0.980750
-0.400944
-0.179923
0.108120
0.658186
0.338561
-0.639268
0.161040
0.364488
0.085472
0.399251
-0.000181
0.019419
-0.089892
0.184404
0.208084
0.024049
-0.114393
0.013807
0.152537
0.037475
-0.272205
0.409148
0.419104
0.110107
-0.266938
0.060259
0.006305
0.270212
0.518819
-0.249607
-0.014916
0.002688
-0.527044
-0.338976
0.043132
0.256420
-0.103737
-0.350878
-2.581491
-0.222836
0.193293
-0.593113
0.413432
-0.535437
-0.521779
0.068814
0.066535
-0.346591
-0.595423
0.709098
-0.435345
0.215911
0.317613
0.186232
-0.535177
0.102103
-0.329221
-0.174935
0.044477
0.507506
-0.115464
-0.051321
0.176749
0.007171
-0.269589
-0.546769
0.190147
-0.249212
-0.732511
0.082584
-0.471196
0.013364
0.654866
-0.294127
0.256797
0.241845
0.954257
-0.435101
0.225793
0.145214
0.175084
-0.183463
-0.327660
0.663871
0.182202
1.714703
-0.128651
-0.725414
0.646885
0.238917
-0.126840
-0.351386
-0.065899
0.102701
-0.011145
-0.073183
-0.012453
-0.268825
0.096390
0.081565
0.121414
0.516966
0.169467
-0.370086
0.540573
0.449931
-0.336361
0.249902
-0.376691
0.151612
0.214847
0.139500
-0.653772
0.406464
0.196518
-0.290066
-0.202388
0.459706
-0.043335
-0.268576
0.216385
0.062011
-0.084997
-0.272826
0.230541
0.024825
0.197704
-0.085117
-0.300038
-0.346625
-0.349821
-0.006472
0.537376
0.083462
-0.040795
0.323867
0.160629
-0.055820
0.629969
0.346806
-0.318180
0.105261
0.059975
-0.029268
0.169831
0.119708
0.053720
0.042822
-0.154821
-0.112925
-0.115732
0.083284
-0.203212
-0.198117
0.261237
0.158090
-0.140495
-0.136572
0.012032
0.092283
0.014351
-0.256685
-0.287193
-0.067668
-0.494970
0.103955
-0.133776
0.034210
-0.128341
-0.199708
0.029926
-0.123285
-0.344796
0.055229
-0.062434
0.100019
-0.336249
-0.060380
-0.003939
0.011275
-0.152233
-0.038606
-0.324675
0.159511
-0.188635
-0.040886
-0.413340
0.130585
-0.206281
0.328018
0.104729
-0.607842
-0.305205
0.023803
0.134884
0.613839
0.298501
-0.396802
-0.003001
0.501206
0.231104
0.228113
0.063378
-0.079042
-0.096457
0.051877
0.203951
-0.015754
0.030890
0.033798
0.212336
0.116196
-0.203052
0.328977
0.264138
0.061394
-0.044218
0.015250
-0.079839
0.270564
0.406725
-0.033135
-0.019532
0.025073
-0.184744
-0.057277
0.040416
0.115854
-0.068893
-0.229425
-1.076199
-0.108902
0.161791
-0.303663
0.217848
-0.406725
-0.293196
-0.010996
0.014035
-0.042857
-3.458863
0.459105
-0.402370
0.204988
0.186361
0.198460
-0.261359
0.055726
-0.272079
-0.099726
0.004218
0.284955
-0.008846
-0.071345
0.164741
-0.074893
-0.046467
-0.314682
0.026741
-0.077363
-0.434163
0.007396
-0.354541
0.053064
0.410189
-0.212554
0.130722
0.071507
0.562054
-0.126258
0.158762
0.069533
0.150792
-0.182530
-0.246871
0.458435
0.176426
1.201921
-0.120039
-0.529685
0.255033
0.170235
-0.066997
-0.287827
-0.065716
0.032198
0.021573
-0.045273
-0.047156
-0.118684
-0.063936
0.103790
0.010401
0.437910
0.120390
-0.183904
0.404726
0.307763
-0.314271
0.115158
-0.186120
0.090650
0.192573
0.060157
-0.247740
0.287745
0.069415
-0.116886
-0.126863
0.258209
-0.013418
-0.193569
0.104322
0.057034
-0.037640
-0.152273
0.240617
0.017954
0.190531
-0.036453
-0.376120
-0.495225
-0.271872
-0.137543
0.560420
0.105409
0.027860
0.411072
0.181017
-0.073573
0.677056
0.333978
-0.317628
0.160335
0.109983
-0.030917
0.171249
0.194859
0.137531
0.009174
-0.095629
-0.131027
-0.091643
-0.156171
-0.260348
-0.151956
0.230843
0.077420
-0.116953
-0.169011
0.012124
0.023101
-0.060457
-0.294958
-0.325867
-0.124223
-0.571305
0.192629
-0.113799
0.082588
-0.114097
-0.203338
0.115718
0.031687
-0.281435
0.095670
0.028589
-0.047908
-0.357145
-0.113913
0.092982
0.137138
-0.109114
0.134975
-0.261610
0.270989
-0.062799
0.075612
-0.557361
-0.005317
-0.211659
0.348149
0.155033
-0.544186
-0.332757
-0.083318
0.094445
0.380321
0.257006
-0.350672
-0.079249
0.477121
0.213161
0.258251
-0.027175
-0.055085
-0.168861
0.086980
0.294946
0.077474
-0.164616
-0.067822
0.115762
0.112833
-0.181542
0.389745
0.424135
0.091850
-0.031807
-0.037046
-0.072237
0.224108
0.399233
-0.130306
-0.036994
-0.032101
-0.109186
0.046281
-0.000539
0.103402
-0.039757
-0.306567
-1.083752
-0.048466
0.189738
-0.197417
0.172247
-0.400709
-0.246394
0.017103
0.050476
-0.049096
0.719833
0.461584
-0.323613
0.318590
0.185666
0.245617
-0.217495
-0.019523
-0.264157
-0.069161
0.013556
0.370837
0.090049
-0.187873
0.118238
0.085510
-0.024869
-0.208076
0.000602
-0.089052
-0.357762
-0.236786
-0.444470
0.197984
0.246118
-0.218839
-0.013514
-0.039636
0.546780
-0.192002
0.201057
0.087124
0.133318
-0.209327
-0.305913
0.510929
0.109770
1.443600
-0.210738
-0.528728
0.305073
0.119585
-0.072381
-0.249709
-0.027186
-0.014990
0.031368
-0.062876
-0.079736
-0.026119
-0.032640
-0.019874
-0.004657
0.374817
0.082417
-0.110450
0.444272
0.292404
-0.279950
0.165234
-0.190977
0.095689
0.332700
0.037831
-0.084299
0.510399
0.129876
-0.092590
-0.226785
0.142052
-0.012448
-0.008080
0.136961
-0.017605
0.011276
-0.166789
0.289406
0.016959
0.016783
-0.002599
-0.160179
-0.293494
-0.175647
-0.216495
0.385854
-0.051566
0.009446
0.217100
0.045414
-0.095591
0.301978
0.323338
-0.254352
0.111152
0.244590
0.078929
0.012796
0.141680
-0.084311
-0.010384
-0.052425
-0.370458
0.086069
-0.050404
-0.339934
0.068186
0.278057
0.053366
0.221555
0.249116
-0.017419
-0.151549
-0.011574
-0.264114
-0.266088
-0.049788
-0.438098
0.249311
-0.141412
0.230905
-0.030313
-0.204707
0.179788
0.094027
-0.123749
0.167298
0.172828
-0.190180
-0.483026
-0.072767
0.073872
0.036236
0.005930
0.297570
-0.330171
0.140269
-0.070873
-0.065548
-0.360295
0.032181
-0.313782
0.321222
0.027470
-0.153374
-0.218382
0.072509
0.126745
0.242082
0.197043
-0.028752
-0.274978
0.592684
0.409422
0.073602
0.030106
-0.122181
-0.163074
0.171821
0.290283
0.073651
-0.124761
-0.050250
0.160049
0.308876
-0.097416
0.410714
0.306207
-0.000420
0.294947
-0.131470
-0.177559
0.221689
0.307643
-0.041222
-0.102601
-0.024238
0.320336
0.545494
-0.054287
-0.056903
-0.039154
-0.338411
0.337213
0.010322
0.145011
0.271231
-0.011863
-0.307472
0.168002
-0.021858
0.033997
0.232877
2.119329
0.279278
-0.162249
0.408557
0.102838
0.328801
0.123405
-0.034855
-0.176922
0.159361
-0.171986
0.404920
0.348577
-0.355573
0.081928
0.059704
0.321364
0.034031
-0.247319
0.029251
-0.009624
-0.289153
-0.426208
0.342324
-0.238580
-0.064931
-0.181351
-0.257813
0.217563
0.137699
0.150538
0.060149
0.182239
-0.230773
-0.290296
0.308730
0.177063
0.729611
-0.228655
-0.356602
-0.071844
0.012801
-0.045775
-0.080118
0.017127
-0.039729
0.001129
0.021505
-0.240185
0.261123
-0.196368
-0.177501
-0.119710
0.233754
-0.040143
0.094577
0.370555
0.177446
-0.235074
0.173435
0.089978
0.020243
0.481577
-0.046308
0.579943
0.529958
0.022239
0.007225
-0.213618
-0.076318
0.063933
0.229625
0.013037
-0.065343
0.047202
-0.152292
0.167640
0.000803
0.026009
0.004238
-0.007287
-0.098391
-0.048005
-0.288051
0.239031
-0.305854
0.002500
0.045908
-0.085825
-0.116109
0.000007
0.310347
-0.258146
0.072708
0.341816
0.220309
-0.215353
0.061369
-0.240000
-0.053246
0.000222
-0.516562
0.172855
-0.006028
-0.601985
0.202939
0.292915
0.089607
0.473206
0.551625
-0.079385
-0.358499
-0.042478
-0.322921
-0.197848
-0.080859
-0.322356
0.358951
-0.192678
0.282900
0.141229
-0.274476
0.178503
0.239534
-0.061300
0.166941
0.260087
-0.226408
-0.535904
-0.149418
0.015264
-0.074253
0.020872
0.546295
-0.427784
0.055851
0.020949
-0.038531
-0.343685
0.035567
-0.348672
0.317904
-0.070887
0.201199
-0.149244
0.178365
0.119413
0.103124
0.145782
0.239858
-0.546667
0.695073
0.556992
-0.049748
0.064691
-0.132263
-0.195337
0.157227
0.254159
0.030132
-0.026398
-0.082857
0.181907
0.212368
-0.047277
0.378086
0.040969
0.001198
0.425000
-0.179005
-0.248018
0.219308
0.222716
0.212821
-0.196263
0.084103
0.554659
0.562716
-0.079882
-0.216199
-0.021883
-0.284099
1.259243
0.130759
0.040675
0.461013
-0.296758
-0.182980
0.447956
-0.099001
-0.068468
0.590297
2.041507
0.083471
0.002578
0.500759
-0.019484
0.381106
0.424998
0.003109
-0.123796
0.211073
-0.341053
0.343641
0.348491
-0.532290
0.076715
0.094106
0.397105
0.256948
-0.473926
0.115569
0.285946
-0.665915
-0.427891
0.457165
-0.845311
-0.007550
-0.265157
-0.497109
-0.024505
0.192864
0.165912
0.010089
0.064866
-0.219441
-0.377605
0.180213
0.307496
0.386289
-0.151281
-0.197244
-0.465790
-0.060980
-0.028328
0.023990
-0.019833
-0.054345
0.064809
0.038803
-0.237699
0.402279
-0.378648
-0.214044
-0.238732
0.136515
-0.009108
0.144298
0.274629
0.036135
-0.288021
0.100968
0.161838
-0.118060
0.678668
-0.006794
1.013575
0.604027
-0.100628
0.163049
-0.157276
-0.355486
0.202767
0.413500
0.111557
-0.120544
0.129820
-0.167815
0.079815
-0.006147
0.062210
-0.017312
0.022905
-0.025316
-0.019152
-0.272280
0.216007
-0.372341
-0.027125
-0.040754
-0.120868
-0.099888
-0.044730
0.307550
-0.274368
0.071811
0.322235
0.234716
-0.271073
0.020351
-0.264222
-0.076056
0.000008
-0.497988
0.147976
0.050779
-0.666442
0.171675
0.290829
0.123257
0.487330
0.557457
-0.103778
-0.382593
-0.062796
-0.328935
-0.177785
-0.109663
-0.274272
0.356891
-0.196033
0.241117
0.196140
-0.290838
0.131818
0.252974
-0.071997
0.122217
0.226315
-0.161127
-0.500892
-0.178071
-0.027683
-0.130189
-0.022515
0.528527
-0.438745
0.027384
0.025492
-0.015550
-0.329588
0.071404
-0.298155
0.302298
-0.078627
0.246321
-0.144644
0.187705
0.115828
0.110618
0.144673
0.252506
-0.583920
0.689337
0.549003
-0.061859
0.077647
-0.106873
-0.191429
0.124003
0.223681
-0.015652
0.050504
-0.093953
0.180149
0.119773
-0.025203
0.315614
-0.110079
0.035847
0.396586
-0.169949
-0.256969
0.238382
0.207977
0.304888
-0.185340
0.139941
0.494743
0.337854
-0.053649
-0.234013
-0.013938
-0.218218
1.158761
0.145927
0.012077
0.382804
-0.366426
-0.148922
0.415453
-0.137558
-0.115525
0.667665
0.898218
0.046212
0.033245
0.463429
-0.047933
0.332456
0.479778
0.033564
-0.126934
0.127798
-0.342362
0.246838
0.218959
-0.505847
0.113423
0.099888
0.280969
0.274390
-0.504562
0.107563
0.280586
-0.743603
-0.390592
0.391183
-0.929180
-0.014062
-0.197528
-0.495935
-0.025061
0.117912
0.165634
-0.021868
-0.003205
-0.202340
-0.401848
0.142250
0.360349
0.358603
-0.092074
-0.168443
-0.539317
-0.031808
-0.028865
0.030720
-0.062897
-0.052980
0.104653
0.002777
-0.157090
0.346411
-0.397224
-0.138278
-0.249420
0.160469
0.042442
0.088492
0.230772
0.013304
-0.319759
0.081113
0.091628
-0.165167
0.688600
0.058673
0.956805
0.542289
-0.135374
0.193998
-0.110697
-0.387399
0.226664
0.392826
0.152217
-0.120313
0.134111
-0.232926
0.105998
0.006172
0.123828
-0.025809
-0.095557
-0.120154
-0.150332
-0.160348
0.334635
-0.256704
-0.055682
0.031499
-0.048481
-0.065865
0.187103
0.326012
-0.309221
0.062944
0.213197
0.145233
-0.122450
0.033799
-0.150012
-0.041065
-0.090710
-0.369451
0.044095
0.089312
-0.517015
0.020528
0.290278
0.132712
0.245200
0.309213
-0.066153
-0.247472
-0.047979
-0.326338
-0.232687
-0.108092
-0.351686
0.244445
-0.163390
0.120963
0.097446
-0.269268
0.057436
0.129040
-0.188639
0.072154
0.088161
-0.012399
-0.412193
-0.133318
-0.030533
-0.134344
-0.113244
0.300445
-0.418304
0.059483
-0.073208
-0.017555
-0.344187
0.120416
-0.240768
0.313516
-0.017318
-0.074720
-0.193100
0.116415
0.142653
0.339108
0.191247
0.029656
-0.392954
0.605756
0.441855
0.016895
0.097284
-0.069891
-0.161356
0.088271
0.210866
-0.043729
0.099651
-0.055108
0.237223
0.103367
-0.049681
0.292087
-0.046336
0.061752
0.241431
-0.113252
-0.214365
0.273286
0.292052
0.189797
-0.099630
0.110806
0.225302
0.079695
0.009530
-0.111830
-0.023024
-0.188689
0.233723
0.046024
0.073172
0.125421
-0.196176
-0.233966
0.138010
-0.120071
-0.088751
0.469489
-2.049713
0.183740
-0.130490
0.356546
0.034343
0.244246
0.262792
0.035756
-0.197950
-0.023547
-0.224708
0.204044
0.071587
-0.339082
0.165456
0.026542
0.098166
0.078130
-0.340040
0.030357
0.009911
-0.517182
-0.364900
0.227933
-0.490412
-0.080986
-0.028810
-0.302565
0.203093
0.001043
0.169020
-0.019387
0.032319
-0.190207
-0.382517
0.253593
0.317510
0.631541
-0.101652
-0.297594
-0.280638
0.075588
-0.050948
-0.086652
-0.101557
-0.032361
0.093868
-0.058962
-0.071335
0.145100
-0.270341
-0.005169
-0.161667
0.287725
0.089877
-0.025741
0.287563
0.124107
-0.337587
0.114654
-0.034313
-0.093169
0.538161
0.088507
0.535620
0.431882
-0.067989
0.091536
-0.099683
-0.178882
0.128431
0.191936
0.132308
-0.075665
0.062661
-0.281357
0.018671
-0.021714
0.258547
-0.103954
-0.112745
-0.082043
-0.173863
-0.061816
0.340978
-0.237574
-0.047805
0.100700
-0.015779
-0.053183
0.241723
0.309787
-0.333085
0.046572
0.158851
0.161280
-0.130810
-0.013493
-0.145038
-0.031355
-0.051783
-0.252372
-0.043974
0.124631
-0.565833
-0.037341
0.269260
0.243516
0.195113
0.200720
-0.071870
-0.201409
-0.043674
-0.313680
-0.133216
-0.071050
-0.316020
0.235118
-0.183631
0.087852
0.038430
-0.272168
0.000682
0.034042
-0.294588
0.041760
0.020800
0.074954
-0.385529
-0.150309
-0.119343
-0.140234
-0.075661
0.247697
-0.407500
0.012882
-0.053194
0.061618
-0.377252
0.127638
-0.193249
0.329931
-0.007778
-0.149614
-0.233789
0.166629
0.148326
0.462376
0.213551
-0.054658
-0.318313
0.630321
0.397489
0.062298
0.094296
-0.042497
-0.096954
0.048718
0.117121
-0.107928
0.156897
0.030849
0.209637
-0.129964
-0.157806
0.282027
-0.117388
0.060248
-0.003194
-0.016538
-0.087107
0.239483
0.259368
0.312740
-0.178723
0.229519
-0.048086
-0.273785
-0.017911
-0.124573
-0.068492
-0.105614
-0.048440
0.044825
-0.014755
-0.178930
-0.200953
-0.239643
-0.057454
-0.098465
-0.178307
0.314475
-3.643573
0.207118
-0.037431
0.253067
0.006800
0.226924
0.101645
0.196273
-0.154452
-0.012123
-0.173387
0.205378
-0.156437
-0.229004
0.176144
0.104835
-0.069230
-0.037887
-0.225729
-0.019389
0.004011
-0.482486
-0.327536
0.192137
-0.355969
-0.154128
0.061428
-0.185306
0.218681
-0.159624
0.141261
0.052272
-0.067057
-0.165373
-0.374082
0.279134
0.361623
0.855245
0.063347
-0.304854
-0.249410
0.088059
-0.037518
-0.033205
-0.120079
0.069778
0.152797
-0.066963
0.058203
0.024632
-0.308376
0.067229
-0.124815
0.309338
0.250844
-0.153738
0.249724
0.065523
-0.384888
0.073373
-0.199638
-0.158188
0.481377
0.222460
0.168189
0.390419
-0.108816
0.012959
-0.004432
-0.117666
0.198606
0.056599
0.282801
-0.004391
0.068784
-0.275077
-0.120708
-0.129615
0.380845
-0.246157
0.000675
0.094400
-0.078443
-0.028117
0.237100
-0.267485
-0.014952
0.116737
-0.079411
-0.115271
0.156420
0.240678
-0.295835
0.046005
0.160991
0.278184
-0.287634
-0.093572
-0.268322
-0.050138
0.116096
-0.219091
-0.069935
0.207643
-0.760419
0.086907
0.211594
0.468078
0.356375
0.249190
-0.143195
-0.234935
-0.000781
-0.271202
0.095082
0.003787
-0.144471
0.339509
-0.212087
0.186887
0.045275
-0.305301
-0.022240
-0.051499
-0.310171
0.011314
0.064394
0.069011
-0.413308
-0.214921
-0.324431
-0.107720
0.075924
0.325689
-0.381765
-0.128865
0.103341
0.121906
-0.415257
0.124295
-0.151354
0.326828
-0.083539
0.027264
-0.220379
0.335759
0.102598
0.448937
0.226949
0.046488
-0.346091
0.737445
0.423239
0.039461
0.045213
-0.030137
-0.019396
0.170688
-0.030827
-0.199180
0.179748
0.133479
0.107197
-0.487087
-0.387491
0.306911
-0.381790
0.003256
-0.274864
0.025659
0.053820
0.172978
0.132344
0.649683
-0.396589
0.490819
-0.222528
-0.565911
-0.134524
-0.228157
-0.156137
-0.054553
0.522346
0.140990
-0.220126
-0.452064
-0.325653
-0.155476
0.025658
-0.055733
-0.300404
0.259195
-2.471283
0.136121
0.333903
0.208424
-0.110127
0.310018
0.092033
0.426019
0.005673
0.171680
-0.232562
0.324360
-0.376040
-0.257170
0.131049
0.214186
-0.143689
-0.040725
-0.267768
-0.024319
0.141570
-0.530941
-0.320811
0.299345
-0.691540
-0.193842
0.090819
-0.120993
0.148190
-0.362336
0.101681
0.193799
-0.254885
-0.138206
-0.330162
0.228729
0.530246
0.817830
0.412265
-0.197742
-0.440926
0.021965
-0.002823
0.191223
-0.073905
0.207920
0.191037
0.044702
0.159481
0.061766
-0.482269
0.082501
-0.150021
0.212629
0.435604
-0.255047
0.114597
-0.123433
-0.420832
-0.024876
-0.334759
-0.319864
0.490037
0.439477
-0.034596
0.367702
-0.241574
-0.037272
0.101506
-0.158754
0.477306
-0.013267
0.502949
0.081896
0.150592
-0.232875
-0.168903
-0.211327
0.471940
-0.323994
0.001923
0.111680
-0.031413
-0.027975
0.209467
-0.226941
0.040486
0.220278
-0.099637
-0.173970
0.201211
0.195608
-0.265785
0.057127
0.166184
0.345399
-0.345706
-0.107167
-0.278785
-0.053995
0.232376
-0.203435
-0.077456
0.163926
-0.881861
0.190726
0.164594
0.589729
0.409124
0.206894
-0.172832
-0.256067
0.020108
-0.284734
0.225478
0.055155
-0.094813
0.420019
-0.219547
0.269048
0.004989
-0.328148
-0.008232
-0.098398
-0.328930
0.007806
0.102049
0.021791
-0.430110
-0.269445
-0.427144
-0.023852
0.193800
0.409786
-0.342763
-0.168191
0.245709
0.209021
-0.518134
0.075528
-0.118236
0.354498
-0.118326
0.068057
-0.222659
0.400623
0.057793
0.430593
0.225668
0.094341
-0.328460
0.785697
0.427748
0.047738
-0.004758
-0.006275
0.021186
0.320055
-0.105557
-0.225972
0.106303
0.193110
0.043739
-0.721064
-0.570027
0.388591
-0.459191
-0.041469
-0.497595
0.034455
0.163895
0.111318
0.067400
0.790957
-0.569344
0.657304
-0.400343
-0.744096
-0.250154
-0.261557
-0.237411
-0.094137
0.629723
0.201023
-0.350217
-0.675323
-0.350525
-0.138140
0.087226
0.024014
-0.344683
0.118595
-0.461137
0.156704
0.629638
0.232140
-0.153612
0.409082
0.018989
0.562074
0.118494
0.327441
-0.265488
0.535239
-0.492856
-0.326201
0.074690
0.320003
-0.201349
-0.066201
-0.265214
-0.070193
0.196936
-0.588734
-0.392451
0.435836
-0.933069
-0.241100
0.073870
-0.063835
0.190547
-0.591569
0.098926
0.345700
-0.377412
-0.137489
-0.316804
0.272073
0.614275
0.967873
0.636324
-0.177286
-0.451077
-0.037716
0.004405
0.344973
-0.007904
0.321988
0.190530
0.137045
0.204085
0.108122
-0.557418
0.016988
-0.135186
0.141812
0.549778
-0.320224
0.077644
-0.219340
-0.425743
-0.038645
-0.460151
-0.407271
0.532056
0.580197
-0.215403
0.463529
-0.273911
-0.124157
0.112834
-0.155498
0.680684
-0.027039
0.677133
0.124199
0.212238
-0.188565
-0.078339
-0.170568
0.485933
-0.217683
-0.217643
-0.162410
-0.104817
-0.085562
0.328791
-0.171800
0.097663
0.382923
-0.004654
-0.152970
0.395758
0.224320
-0.324782
0.026158
0.168780
0.279823
-0.205400
-0.009225
-0.072595
-0.027024
0.165444
-0.181904
-0.086507
-0.101533
-0.826449
0.134578
0.168389
0.420864
0.206511
0.040990
-0.104275
-0.278553
-0.042687
-0.395505
0.077255
-0.022053
-0.285544
0.408082
-0.196037
0.203273
-0.061364
-0.336296
0.043326
0.013865
-0.365648
0.045300
0.070843
-0.022798
-0.394537
-0.270200
-0.260229
0.051075
0.120026
0.478110
-0.340329
0.019821
0.253172
0.353313
-0.689277
-0.031327
-0.137295
0.421669
-0.046656
-0.150993
-0.265160
0.219811
0.057715
0.420095
0.190791
0.008319
-0.275140
0.685939
0.373385
0.106423
-0.019962
0.040441
-0.060539
0.279999
0.023922
-0.124753
-0.049236
0.117421
0.114958
-0.633665
-0.484085
0.461739
-0.157245
0.009179
-0.506329
-0.011423
0.129848
0.103832
0.158481
0.544667
-0.481744
0.530639
-0.484606
-0.757416
-0.241075
-0.166785
-0.208126
-0.174216
-0.185961
0.205089
-0.249806
-0.693082
-0.247375
-0.230534
-0.026355
0.073451
-0.249386
-0.011595
-0.117940
0.275744
0.545783
0.329258
-0.076127
0.392577
-0.093976
0.417690
0.035744
0.197129
-0.155103
0.587075
-0.422070
-0.386986
0.072440
0.364832
-0.300224
-0.062238
-0.155832
-0.136790
0.094717
-0.784230
-0.503151
0.467942
-0.820475
-0.280544
-0.014000
-0.104621
0.324601
-0.755731
0.170809
0.340992
-0.359042
-0.191198
-0.377663
0.456624
0.444359
1.408585
0.457685
-0.320529
-0.184449
-0.029675
-0.026572
0.223693
0.012827
0.261026
0.187118
0.054565
0.202546
0.067472
-0.381013
-0.081821
-0.058423
0.211237
0.497412
-0.272165
0.229323
-0.104208
-0.385142
0.043254
-0.546801
-0.324533
0.588643
0.482820
-0.287999
0.681735
-0.097136
-0.141363
-0.021514
-0.163457
0.559932
0.089297
0.693071
0.027326
0.213445
-0.245649
0.086561
-0.157470
0.280572
-0.230284
-0.088159
-0.083287
-0.135083
-0.066814
0.284905
-0.055639
0.053792
0.322142
-0.025397
-0.160296
0.307026
0.207346
-0.239558
0.032051
0.182858
0.238006
-0.140206
-0.005211
-0.198802
0.006607
0.156676
-0.253798
-0.009253
0.093772
-0.594620
0.207190
0.202026
0.417374
0.315129
0.173324
-0.091886
-0.172114
0.080415
-0.251183
0.089629
0.097775
-0.210124
0.341090
-0.173827
0.304101
-0.131147
-0.260951
0.086221
-0.141629
-0.260152
0.097799
0.113650
-0.087197
-0.475054
-0.129392
-0.280878
0.058867
0.209178
0.301212
-0.309440
-0.071250
0.109065
0.096941
-0.443586
0.065722
-0.210213
0.359942
-0.090861
-0.102033
-0.212707
0.323062
0.090745
0.463686
0.225146
0.046390
-0.170704
0.722652
0.409159
0.037795
0.005968
-0.043191
-0.003602
0.380077
0.032742
-0.121915
-0.049219
0.186910
0.117779
-0.335271
-0.488884
0.476429
-0.093429
-0.094733
-0.322233
-0.054952
0.089362
0.131115
0.145977
0.451673
-0.429453
0.442657
-0.249317
-0.207183
-0.240817
-0.161595
-0.231946
-0.234746
0.549156
0.106399
-0.193638
-0.415595
-0.112989
-0.246939
0.142719
0.090301
-0.156393
-0.055979
0.638629
0.267635
0.494781
0.264766
-0.038271
0.409564
-0.045295
0.380260
0.069353
0.373052
-0.176470
0.613731
-0.157312
-0.320491
0.058355
0.187532
0.014470
-0.088353
-0.190097
-0.071434
0.075403
-0.248042
-0.416104
0.433271
-0.594379
-0.162224
-0.033872
-0.013920
0.231308
-0.385972
0.070609
0.340616
-0.160735
-0.205203
-0.195005
0.307304
0.421560
0.792048
0.401716
-0.286310
-0.218691
-0.046382
-0.011548
0.262024
0.092764
0.254067
0.067321
0.164930
0.018421
0.199922
-0.388314
-0.116248
-0.065069
0.183097
0.333598
-0.141538
0.203797
-0.074734
-0.291481
0.062098
-0.276358
-0.241037
0.414506
0.353799
-0.100641
0.449485
-0.124405
-0.178947
-0.028715
-0.025131
0.489313
0.014339
0.398509
0.087889
0.141694
-0.293534
0.245208
-0.097148
0.033654
-0.240476
0.094368
0.037344
-0.133961
-0.038876
0.227886
0.057327
-0.022086
0.203630
-0.041872
-0.135685
0.163609
0.202365
-0.144904
0.098672
0.205205
0.158503
-0.079895
0.000045
-0.369823
0.032694
0.130278
-0.302514
0.063639
0.345349
-0.311777
0.197676
0.255653
0.397651
0.462095
0.355431
-0.083990
-0.019102
0.183335
-0.060454
0.069413
0.195481
-0.137392
0.257034
-0.165860
0.401940
-0.155862
-0.161358
0.130953
-0.289774
-0.147768
0.157618
0.178774
-0.147087
-0.579060
0.017324
-0.262518
0.053441
0.274416
0.093854
-0.275830
-0.165446
-0.092636
-0.239675
-0.115177
0.179267
-0.303232
0.256698
-0.089129
0.005280
-0.186133
0.418047
0.135521
0.445022
0.285214
0.048759
-0.109121
0.767942
0.436301
-0.015816
0.031681
-0.166256
0.054456
0.370306
0.045340
-0.103351
-0.005997
0.223370
0.048204
0.052929
-0.428633
0.417268
-0.012478
-0.178103
-0.029205
-0.045369
0.041698
0.174023
0.138397
0.344975
-0.313519
0.260718
0.166429
0.515451
-0.175664
-0.177470
-0.205972
-0.248583
1.521955
-0.033446
-0.102441
0.033686
0.011173
-0.250621
0.306145
0.039524
-0.082287
0.013167
2.208357
0.207119
0.240089
0.155189
-0.009234
0.390627
0.037700
0.322939
0.055473
0.527794
-0.239602
0.500742
0.216235
-0.189328
0.059755
-0.027298
0.436206
-0.126255
-0.234985
0.059595
0.080012
0.362994
-0.246650
0.329481
-0.189731
-0.013871
-0.047208
0.046767
0.034964
0.232874
-0.043532
0.239388
0.134529
-0.197963
-0.002523
0.060694
0.382032
0.021583
0.236706
-0.217639
-0.330795
-0.056509
0.016568
0.215691
0.129898
0.190242
-0.042027
0.257737
-0.223814
0.310498
-0.422346
-0.090210
-0.116547
0.151771
0.104443
-0.000771
0.160909
-0.029270
-0.213855
0.027798
0.121482
-0.114942
0.187281
0.139015
0.222964
0.118181
-0.197510
-0.143981
0.007865
0.107710
0.321146
-0.102776
0.022604
0.157433
0.036675
-0.284121
0.288693
-0.037109
-0.016787
-0.250368
0.074992
-0.008737
-0.164760
0.006506
0.317066
0.184479
-0.072854
0.206832
0.009229
-0.109019
0.324765
0.220786
-0.134975
0.220108
0.154855
0.018827
0.027457
0.049173
-0.335979
0.048039
0.058518
-0.217615
0.012223
0.461730
-0.119562
0.003827
0.274888
0.380962
0.326617
0.219511
-0.074896
0.180715
0.189954
-0.009890
-0.046586
0.135025
-0.208439
0.184582
-0.164269
0.352886
-0.134300
-0.120887
0.110484
-0.366964
-0.175327
0.122324
0.135557
-0.084653
-0.555675
0.036793
-0.201267
0.103005
0.157844
-0.105305
-0.240649
-0.093004
-0.210035
-0.388842
-0.059839
0.244280
-0.281065
0.202158
0.004775
-0.153560
-0.244963
0.342727
0.126000
0.481266
0.373617
-0.161772
-0.019781
0.717931
0.335756
0.084577
0.026950
-0.205221
0.040434
0.262367
0.079970
-0.080540
0.023284
0.178562
-0.015844
0.219742
-0.399250
0.323887
0.061397
-0.128226
0.026218
0.009315
-0.000513
0.255131
0.219454
0.263405
-0.155585
0.119933
0.285401
0.658978
-0.061728
-0.085550
-0.168618
-0.231000
1.140970
-0.153639
-0.026906
0.102369
0.174905
-0.309374
0.247032
-0.014636
-0.024139
0.036541
2.843338
0.264048
-0.124944
0.064569
0.057591
0.307749
-0.034504
0.273946
-0.063229
0.403759
-0.218938
0.349969
0.342450
-0.055726
0.109009
-0.235777
0.490701
-0.279473
-0.158102
0.091224
-0.146514
0.675087
-0.150287
0.117977
0.251384
0.012273
0.067818
0.155155
0.121719
0.456730
-0.053614
0.115018
0.298136
-0.188588
0.079792
-0.014805
0.365303
-0.169590
0.105216
-0.298662
-0.253728
0.000435
0.002785
-0.015277
0.102740
0.121056
-0.094173
0.258487
-0.320919
0.185376
-0.348719
0.036870
-0.090056
0.253402
-0.018853
-0.065465
0.199776
0.116464
-0.219474
-0.032792
0.242406
0.021776
-0.021251
0.002926
0.137783
-0.135935
-0.180437
-0.097826
0.020037
0.291515
0.145639
-0.311042
-0.136141
0.204792
-0.054626
-0.356421
0.161208
-0.108083
0.087899
-0.443894
0.219072
0.234432
-0.126939
0.125819
0.242374
0.233079
-0.093799
0.179536
0.007751
-0.127938
0.254156
0.179812
-0.113914
0.230924
0.100243
0.059778
-0.053584
-0.048721
-0.494130
0.050980
0.171135
-0.086359
-0.065169
0.722239
-0.175500
-0.014133
0.241087
0.637062
0.427846
0.206543
-0.120043
0.296415
0.281659
0.137133
0.167814
0.235119
-0.023995
0.194377
-0.193603
0.407696
-0.176376
-0.101729
0.037368
-0.594710
-0.221672
0.069506
0.105305
0.000705
-0.586415
0.024180
-0.406348
0.080350
0.281953
-0.240719
-0.226825
-0.280413
-0.198480
-0.438771
0.025099
0.338157
-0.227195
0.164008
-0.029544
-0.082492
-0.262846
0.553318
0.103214
0.600359
0.445207
-0.208635
0.073030
0.821385
0.305193
0.118976
0.019334
-0.230808
0.184972
0.282446
-0.087281
-0.201804
0.137607
0.346287
-0.133412
-0.073429
-0.655826
0.267492
-0.214369
-0.175777
-0.237661
0.128452
0.151458
0.224640
0.118286
0.550975
-0.291383
0.331059
0.052275
0.408024
-0.104603
-0.142403
-0.240796
-0.119913
1.642857
-0.168533
-0.185502
-0.210969
0.159091
-0.254647
0.159346
-0.007077
-0.152770
-0.084396
2.097371
0.218389
0.047298
-0.127910
-0.017535
0.314355
-0.149525
0.524520
0.054738
0.544339
-0.217875
0.342485
0.091546
0.125341
0.111789
-0.224855
0.426922
-0.425049
-0.122714
0.091787
-0.148790
0.999440
-0.034591
0.051857
0.371616
-0.032755
0.246854
0.374773
0.094433
0.432264
-0.150703
0.217275
0.221619
-0.119702
0.200971
-0.092919
0.510408
-0.268883
0.423536
-0.206151
-0.368939
0.018663
0.044017
0.142685
0.098236
0.273527
-0.070291
0.347220
-0.220506
0.099635
-0.498636
0.201415
-0.094209
0.220229
0.152138
-0.209444
0.037957
-0.018002
-0.272696
-0.138554
0.148217
-0.077352
-0.199868
0.210773
-0.235366
-0.390266
-0.342935
-0.203421
0.198994
0.426998
0.315797
-0.593012
-0.048248
0.374359
-0.063554
-0.393014
0.097759
-0.155156
0.110113
-0.490903
0.328890
0.357635
-0.091609
0.147571
0.136817
0.167506
-0.087846
0.165168
-0.006211
-0.139246
0.073892
0.146914
-0.089971
0.167192
0.104975
0.154726
-0.150948
-0.123242
-0.594991
0.038253
0.267201
-0.078371
-0.071123
0.757264
-0.245844
0.102365
0.212534
0.721133
0.576966
0.340217
-0.150797
0.257242
0.306522
0.213178
0.322368
0.318149
0.133852
0.227651
-0.217573
0.455188
-0.186655
-0.103325
0.031383
-0.623157
-0.200017
0.086745
0.138435
-0.014882
-0.606740
0.044380
-0.535778
0.055103
0.403455
-0.204161
-0.211498
-0.402549
-0.157488
-0.414462
0.087669
0.330214
-0.268584
0.147533
-0.116405
0.090400
-0.227911
0.686901
0.110189
0.572429
0.418133
-0.108134
0.045776
0.896731
0.355278
0.053029
0.000064
-0.266593
0.222675
0.291554
-0.165251
-0.248938
0.189911
0.404615
-0.171056
-0.202415
-0.700538
0.276480
-0.291854
-0.234181
-0.298882
0.153063
0.242142
0.155272
0.009735
0.728074
-0.418929
0.433810
0.012082
0.384380
-0.171987
-0.227977
-0.279082
-0.067021
2.283491
-0.085992
-0.256644
-0.279249
0.053823
-0.179980
0.141909
0.011050
-0.219622
-0.121598
0.592144
0.123987
0.213227
-0.169635
-0.101537
0.358979
-0.138619
0.621540
0.172635
0.693213
-0.196357
0.344116
-0.004344
0.153344
0.060963
-0.107966
0.464676
-0.371486
-0.134695
0.133048
0.030970
1.001019
0.018106
0.159527
0.294284
-0.045530
0.169520
0.370577
-0.092718
0.427963
-0.200655
0.290901
0.118027
-0.100791
0.249250
-0.185712
0.540662
-0.282739
0.569907
-0.085234
-0.491272
-0.037192
0.087762
0.302142
0.127936
0.329241
-0.035540
0.399118
-0.142988
0.178029
-0.616895
0.191085
-0.146086
0.124785
0.262860
-0.191184
-0.070321
-0.174788
-0.254487
-0.208207
0.128461
-0.162313
-0.202311
0.303354
-0.273773
-0.401428
-0.431924
-0.203076
0.259036
0.368109
0.432310
-0.599668
0.015361
0.429009
0.003552
-0.353745
0.105505
-0.139137
0.138257
-0.379976
0.172728
0.138606
-0.124276
0.101960
0.208764
0.139346
-0.055766
0.258108
0.025381
-0.111351
0.203689
0.151724
-0.126303
0.146851
0.084837
0.140943
-0.095048
-0.077214
-0.425659
0.024206
0.228656
-0.065678
-0.106905
0.494910
-0.239929
0.091004
0.197487
0.590242
0.441771
0.228871
-0.131224
0.173729
0.202989
0.103948
0.233854
0.253925
0.023882
0.227389
-0.190275
0.357445
-0.197576
-0.129612
0.044283
-0.465203
-0.235710
0.101795
0.112333
-0.017512
-0.523121
0.037254
-0.459363
0.106556
0.333111
-0.126615
-0.164808
-0.267181
-0.108507
-0.258225
-0.044548
0.217559
-0.264513
0.188184
-0.080570
-0.022955
-0.249544
0.510389
0.128979
0.515377
0.360449
-0.134483
0.019492
0.802127
0.320761
0.051387
-0.042595
-0.215486
0.123254
0.260231
-0.086747
-0.194703
0.111478
0.291887
-0.128818
-0.189431
-0.539569
0.320303
-0.097088
-0.182265
-0.327326
0.108383
0.246919
0.125841
0.057042
0.574422
-0.383868
0.353903
-0.097081
0.207773
-0.166247
-0.181988
-0.251149
-0.090726
1.452681
-0.042613
-0.178790
-0.336187
0.042201
-0.220467
-0.029080
0.036492
-0.185550
-0.207048
-0.391217
0.191480
0.175771
-0.089568
-0.073113
0.326524
-0.199571
0.529266
0.125686
0.565137
-0.097463
0.350462
-0.047448
0.095217
0.050035
0.052406
0.315060
-0.326292
-0.052899
0.077965
0.017919
0.691027
-0.054668
0.232737
0.316157
-0.093864
0.063760
0.289110
-0.037933
0.211966
-0.131088
0.281957
0.047802
-0.138145
0.139255
-0.085830
0.426491
0.207951
0.448106
-0.162573
-0.309357
-0.039880
0.065490
0.242470
0.125057
0.276486
0.005535
0.296164
-0.050515
0.153640
-0.494836
0.115553
-0.121184
0.155563
0.292840
-0.174183
0.028252
-0.139156
-0.223537
-0.149621
0.001805
-0.139446
-0.076099
0.280171
-0.343636
-0.171046
-0.304417
-0.181974
0.157974
0.283534
0.350744
-0.447325
0.099779
0.332987
0.044351
-0.277496
0.118980
-0.046030
0.238976
-0.168318
-0.171458
-0.253484
-0.227849
0.007672
0.410115
0.059654
-0.005440
0.387079
0.137293
-0.047548
0.469917
0.243299
-0.268366
0.108294
0.068149
0.064115
0.045717
0.045254
-0.068990
0.013169
0.053612
-0.036751
-0.163979
0.058894
-0.271534
-0.073845
0.206596
0.298838
0.083432
-0.025056
-0.053195
0.058158
0.006028
-0.143583
-0.053995
0.033819
-0.294377
0.203798
-0.162806
0.129886
-0.164986
-0.185459
0.052056
-0.150002
-0.328293
0.094679
0.017644
0.024220
-0.382914
-0.036613
-0.181756
0.113702
0.072298
0.031821
-0.206993
0.047541
-0.077888
0.029712
-0.362621
0.054836
-0.245903
0.292350
0.051564
-0.339693
-0.317505
0.152780
0.139657
0.475649
0.279414
-0.277854
-0.043400
0.612946
0.244039
0.151520
-0.044601
-0.106270
-0.063296
0.061285
0.111688
-0.061695
0.002567
0.078909
0.024039
-0.119626
-0.275431
0.344210
0.230633
-0.007594
-0.271024
0.059255
0.134608
0.148168
0.230318
0.224500
-0.197590
0.146095
-0.221521
-0.097109
-0.072856
-0.042678
-0.133217
-0.129520
-0.224666
-0.006198
0.020470
-0.373823
0.064918
-0.317806
-0.319476
0.024993
-0.100124
-0.180858
-2.410195
0.327380
-0.109022
0.095680
0.038423
0.237981
-0.275639
0.259342
-0.084535
0.158025
0.047060
0.270463
-0.082536
-0.009438
0.095174
0.174785
0.010578
-0.258154
0.061936
-0.022914
-0.131773
0.042862
-0.230333
0.225183
0.379152
-0.200891
-0.019465
0.095102
0.195432
-0.103736
0.051713
0.165323
0.004497
-0.186373
-0.127131
0.227205
0.204455
1.134335
0.095513
-0.366600
0.042159
0.031238
0.002538
-0.036804
0.031846
0.117909
0.085020
0.039761
0.051510
-0.001452
-0.226878
0.054614
-0.053580
0.300018
0.269794
-0.153583
0.258353
0.051963
-0.251382
-0.015837
-0.204635
-0.043190
0.156665
0.163125
-0.362329
0.238738
-0.049835
-0.102221
-0.027717
0.149601
0.121113
-0.199062
0.211360
0.127976
0.058476
-0.145109
0.145867
0.005830
0.253946
-0.054613
-0.371608
-0.516675
-0.213577
-0.132168
0.533337
0.073573
0.052172
0.482687
0.213333
-0.040592
0.637839
0.292742
-0.328372
0.164766
0.093802
-0.009554
0.128038
0.168542
0.143673
-0.010774
-0.003096
-0.031772
-0.163113
-0.251240
-0.300805
-0.160283
0.195944
0.107630
-0.074586
-0.182848
-0.008895
0.013883
-0.116581
-0.264427
-0.245298
-0.123750
-0.507563
0.239352
-0.136637
0.068822
-0.122485
-0.200405
0.115526
0.075392
-0.307393
0.109756
0.038221
-0.055919
-0.343270
-0.115456
0.040960
0.203451
-0.044602
0.183000
-0.193830
0.275785
-0.006416
0.191873
-0.588912
-0.082376
-0.225734
0.338641
0.166329
-0.458356
-0.372070
-0.086780
0.097299
0.287534
0.240863
-0.354945
-0.101790
0.497076
0.176526
0.255352
-0.095476
-0.054457
-0.186195
-0.014787
0.278592
0.071277
-0.181082
-0.085853
0.007732
-0.044159
-0.164536
0.372258
0.477322
0.108686
-0.183306
0.008528
0.049825
0.153058
0.326936
-0.031660
-0.092680
-0.009145
-0.183319
-0.104780
-0.034720
0.042018
-0.046566
-0.220087
-1.010057
0.021252
0.143204
-0.294526
0.085223
-0.365805
-0.388172
0.023228
-0.015241
-0.139311
0.386296
0.404306
-0.248280
0.258782
0.111959
0.225138
-0.273983
0.059210
-0.206325
-0.029826
0.096849
0.286792
0.006677
-0.128506
0.094650
0.276956
-0.085772
-0.183392
0.080251
-0.072523
-0.217352
-0.344692
-0.374328
0.269200
0.333737
-0.247673
-0.107765
-0.047526
0.358899
-0.241999
0.168115
0.102617
0.027104
-0.212891
-0.279759
0.426350
0.070493
1.670657
-0.154714
-0.474460
0.253594
0.056142
-0.038226
-0.185680
-0.003540
0.003324
0.104560
-0.081454
0.028895
-0.027725
-0.072484
-0.025979
-0.028088
0.340125
0.187918
-0.117517
0.394887
0.174655
-0.252624
0.083576
-0.264578
0.039676
0.321279
0.081767
-0.232354
0.530712
0.104719
-0.052065
-0.185416
0.060771
-0.002443
-0.003869
0.236534
-0.003315
0.069975
-0.180929
0.198136
0.004135
0.064664
-0.017889
-0.152415
-0.298377
-0.119192
-0.226513
0.351352
-0.116230
0.026507
0.273148
0.059336
-0.048981
0.236016
0.263354
-0.288365
0.079254
0.237909
0.106434
-0.036595
0.104898
-0.096610
-0.014899
0.039542
-0.288869
0.026105
-0.106134
-0.382827
0.073738
0.253957
0.084158
0.270044
0.270340
-0.042787
-0.178241
-0.053933
-0.246445
-0.202799
-0.077384
-0.352449
0.313026
-0.173182
0.214514
-0.022114
-0.218973
0.179337
0.141666
-0.136311
0.175962
0.170035
-0.186287
-0.479066
-0.052637
0.010803
0.092410
0.039484
0.347563
-0.293059
0.156418
-0.027861
0.043477
-0.389583
-0.016680
-0.345445
0.312493
0.011130
-0.051449
-0.244806
0.084313
0.126257
0.185064
0.180851
0.013378
-0.308225
0.625447
0.386328
0.031435
-0.014333
-0.114783
-0.207233
0.059589
0.300581
0.060367
-0.132192
-0.078042
0.099680
0.161831
-0.073403
0.377342
0.324654
0.021356
0.130238
-0.130439
-0.094167
0.170616
0.244615
0.102411
-0.121334
0.005907
0.275833
0.345665
-0.081469
-0.117288
-0.046553
-0.223735
0.476637
0.109083
0.088640
0.169178
-0.089877
-0.272410
0.097560
-0.017809
-0.017073
0.180857
1.229949
0.205276
-0.089389
0.348496
0.004303
0.300905
0.100357
0.005162
-0.134139
0.143369
-0.067043
0.257783
0.286477
-0.316843
0.067125
0.172679
0.232169
0.092844
-0.175086
0.066964
0.112758
-0.447603
-0.349822
0.390813
-0.215313
-0.089655
-0.288125
-0.272231
0.010779
0.056274
0.116377
0.052477
0.046387
-0.258469
-0.219122
0.202917
0.118317
0.892937
-0.162203
-0.318596
-0.175132
-0.061881
-0.011163
-0.061970
0.062373
-0.057660
0.074062
0.008225
-0.129715
0.249563
-0.222376
-0.164491
-0.131613
0.233824
0.039663
0.118068
0.326767
0.068106
-0.195707
0.040819
0.010370
-0.029631
0.421562
-0.043346
0.411032
0.512191
0.014144
0.097977
-0.174322
-0.178008
0.074505
0.217662
0.104141
-0.070155
0.114490
-0.191372
0.173266
-0.003991
-0.000510
0.015873
-0.011037
-0.153235
-0.039534
-0.287616
0.210939
-0.309496
0.019525
0.140469
-0.061221
-0.060084
-0.047133
0.238295
-0.268452
0.014682
0.336192
0.222997
-0.197584
0.043840
-0.243154
-0.031420
0.077244
-0.458035
0.137548
-0.066042
-0.523302
0.242366
0.280759
0.079025
0.506939
0.581524
-0.079379
-0.360161
-0.051117
-0.281388
-0.150767
-0.060044
-0.246303
0.386237
-0.207933
0.286496
0.080674
-0.259600
0.208329
0.242646
-0.055673
0.212069
0.257789
-0.254751
-0.545378
-0.051432
-0.031526
0.006336
0.087825
0.538257
-0.365462
0.076745
0.009668
0.014862
-0.308981
-0.009365
-0.419904
0.307123
-0.098951
0.254541
-0.160813
0.186839
0.145995
0.089390
0.124136
0.283823
-0.509029
0.714673
0.539452
-0.126294
0.027175
-0.139223
-0.233652
0.086571
0.288548
0.036861
-0.072332
-0.090692
0.159145
0.198498
0.005811
0.383351
0.180694
-0.022756
0.299174
-0.206483
-0.163095
0.165869
0.170235
0.255973
-0.183719
0.055022
0.543667
0.533296
-0.118453
-0.251039
-0.045173
-0.202956
1.413987
0.202300
0.022209
0.431827
-0.290426
-0.187341
0.398770
-0.058797
-0.060546
0.438311
1.105285
0.044473
0.067333
0.432290
-0.089785
0.355150
0.365484
0.002778
-0.074334
0.241675
-0.197208
0.235249
0.394793
-0.480502
0.048647
0.166726
0.386455
0.302247
-0.358635
0.153644
0.390565
-0.681762
-0.347440
0.513443
-0.700257
-0.001240
-0.422207
-0.477845
-0.245855
0.175529
0.106867
0.018220
-0.009003
-0.278463
-0.241952
0.061430
0.180212
0.450136
-0.137136
-0.191619
-0.501184
-0.154422
0.006850
0.036308
0.078015
-0.083595
0.094083
0.048722
-0.181051
0.429736
-0.352988
-0.258964
-0.220255
0.145547
0.005196
0.242066
0.268005
-0.041001
-0.188908
-0.005212
0.141061
-0.121617
0.560662
-0.080634
0.847572
0.569745
-0.063141
0.221483
-0.154983
-0.410833
0.161540
0.409062
0.112292
-0.130722
0.179022
-0.235685
0.166214
-0.028683
-0.022095
0.002531
0.067086
-0.063303
-0.036117
-0.254193
0.142789
-0.356202
0.002341
0.085272
-0.117823
-0.067747
-0.144568
0.219814
-0.234525
-0.020133
0.345679
0.279007
-0.258140
-0.009499
-0.323503
-0.030745
0.100481
-0.516362
0.168947
0.006968
-0.552366
0.329807
0.290349
0.121207
0.602379
0.692701
-0.096122
-0.415919
-0.023919
-0.275383
-0.075632
0.009369
-0.164731
0.383077
-0.214714
0.315137
0.076363
-0.266816
0.195238
0.205730
-0.051577
0.219728
0.266081
-0.247983
-0.555737
-0.028679
-0.114359
-0.043728
0.140760
0.540534
-0.370776
-0.009736
0.009423
-0.024081
-0.223430
0.020345
-0.431325
0.301241
-0.169060
0.347430
-0.115679
0.267608
0.174394
0.131025
0.106859
0.382338
-0.532443
0.753640
0.604720
-0.207709
0.055041
-0.146389
-0.200778
0.155647
0.223316
-0.014871
-0.007655
-0.044239
0.195439
0.188856
0.016707
0.400629
0.081811
-0.080343
0.307382
-0.216871
-0.144578
0.152848
0.120184
0.350049
-0.246138
0.118862
0.556757
0.540827
-0.153757
-0.309493
-0.086875
-0.190385
1.723408
0.213386
-0.031437
0.461325
-0.348850
-0.159528
0.482423
-0.050316
-0.089836
0.448305
-0.022402
0.002077
0.188508
0.413143
-0.126779
0.370786
0.422472
0.080460
-0.008121
0.339148
-0.247325
0.268986
0.374572
-0.503857
0.041490
0.169836
0.430253
0.331205
-0.399799
0.165677
0.495829
-0.635567
-0.313332
0.553763
-0.836424
0.042865
-0.449274
-0.487807
-0.353361
0.194056
0.071809
0.047931
-0.049394
-0.280748
-0.216447
-0.039910
0.246759
0.189903
-0.044796
-0.133999
-0.619001
-0.197956
0.015362
0.135839
0.109506
-0.039378
0.090655
0.098135
-0.170096
0.503692
-0.419597
-0.300571
-0.244925
0.107135
0.036979
0.253551
0.224202
-0.110023
-0.169979
-0.016362
0.169819
-0.182815
0.582883
-0.052274
0.904407
0.528154
-0.112126
0.220082
-0.116508
-0.447415
0.230025
0.436724
0.126226
-0.116393
0.202930
-0.235731
0.184551
-0.018830
-0.051730
0.018153
0.064337
-0.068625
-0.055616
-0.249914
0.168371
-0.343840
-0.022426
0.054977
-0.128552
-0.076311
-0.097848
0.231828
-0.224829
0.008519
0.333260
0.250622
-0.238759
0.000575
-0.315196
-0.028694
0.058783
-0.536927
0.172286
0.052094
-0.509229
0.300786
0.301389
0.106405
0.562339
0.674386
-0.101427
-0.384560
-0.016899
-0.291662
-0.127419
-0.015230
-0.184331
0.355828
-0.207596
0.294455
0.104976
-0.270696
0.181490
0.196985
-0.050037
0.197748
0.253592
-0.215571
-0.532933
-0.030719
-0.108733
-0.054545
0.073511
0.487267
-0.378071
0.008732
-0.020576
-0.084496
-0.206074
0.053085
-0.422479
0.289148
-0.164158
0.296080
-0.108957
0.243868
0.172801
0.156791
0.124818
0.342198
-0.526882
0.732886
0.597059
-0.199563
0.067835
-0.157755
-0.220674
0.164481
0.234255
-0.014464
0.024970
-0.072522
0.219342
0.266052
0.050542
0.381760
0.065104
-0.068666
0.367773
-0.223512
-0.197112
0.198189
0.159763
0.332433
-0.195223
0.081360
0.633344
0.578116
-0.113964
-0.271762
-0.079756
-0.213273
1.551148
0.183997
0.000080
0.503035
-0.305573
-0.171184
0.526879
-0.070563
-0.051352
0.513855
-0.321160
0.022466
0.072142
0.426058
-0.101234
0.358768
0.454112
0.038491
-0.054081
0.285975
-0.271697
0.245038
0.416718
-0.514583
0.056290
0.057918
0.453937
0.308653
-0.420926
0.179111
0.404744
-0.572697
-0.303999
0.493340
-0.813036
0.063019
-0.415263
-0.478718
-0.291797
0.231092
0.090911
0.002927
-0.008161
-0.280900
-0.208188
-0.067646
0.277982
0.059879
-0.081509
-0.161917
-0.611630
-0.178758
-0.001209
0.052537
0.102191
-0.076698
0.055307
0.113964
-0.205756
0.495480
-0.392689
-0.273127
-0.250956
0.144047
-0.012396
0.225124
0.244227
-0.051924
-0.170141
-0.031003
0.229767
-0.140623
0.553403
-0.100539
0.938349
0.455045
-0.101015
0.256386
-0.138008
-0.400917
0.195535
0.393217
0.066317
-0.120221
0.184354
-0.187953
0.242862
0.045391
-0.065815
0.035480
-0.025172
-0.156232
-0.099131
-0.280843
0.273455
-0.248613
-0.029485
0.072507
-0.038405
-0.073789
0.034208
0.296125
-0.262464
0.060598
0.313720
0.134527
-0.114029
0.084559
-0.217417
-0.019659
-0.037594
-0.472264
0.152696
0.048567
-0.409269
0.137066
0.307177
0.026896
0.393411
0.525200
-0.060350
-0.238869
-0.018344
-0.270564
-0.277520
-0.114690
-0.313202
0.305188
-0.195407
0.241361
0.120395
-0.242673
0.185600
0.200310
-0.040595
0.173357
0.219405
-0.199737
-0.519412
-0.051154
0.044837
-0.038630
-0.050175
0.399427
-0.408873
0.111737
-0.096243
-0.127889
-0.266006
0.076573
-0.403670
0.280304
-0.063267
0.114356
-0.153486
0.143972
0.131232
0.153260
0.171867
0.155071
-0.453350
0.656227
0.503923
-0.057284
0.070807
-0.171872
-0.241438
0.058715
0.326884
0.057127
-0.020878
-0.122538
0.208867
0.392097
0.030337
0.329962
0.180861
0.012490
0.481019
-0.201758
-0.296714
0.258226
0.262128
0.148021
-0.049936
-0.050161
0.676526
0.691223
-0.015816
-0.143806
0.002535
-0.249762
1.153038
0.107973
0.123617
0.533631
-0.159162
-0.215243
0.433405
-0.109357
0.022974
0.563507
0.647104
0.093764
-0.225796
0.443927
-0.003421
0.320026
0.385965
-0.122192
-0.191119
0.108969
-0.229089
0.174824
0.488115
-0.447217
0.085613
-0.065264
0.445816
0.227159
-0.394013
0.172048
0.157643
-0.488366
-0.340203
0.349862
-0.527592
0.014002
-0.301360
-0.437123
-0.059443
0.325286
0.142849
-0.075235
0.138360
-0.253734
-0.231191
0.090382
0.193120
0.291795
-0.265865
-0.252230
-0.413529
-0.065702
-0.024167
-0.155925
0.023977
-0.160437
0.019977
0.046672
-0.286193
0.365247
-0.281077
-0.158634
-0.214467
0.220812
-0.124238
0.204984
0.301815
0.116455
-0.213934
0.007092
0.257344
-0.000495
0.463956
-0.179765
0.922724
0.425174
-0.039956
0.251115
-0.193502
-0.267722
0.052126
0.290008
-0.052724
-0.117512
0.101790
-0.159984
0.287630
0.083915
-0.062670
0.011327
-0.109308
-0.237196
-0.141450
-0.277464
0.380105
-0.100530
-0.034341
0.132818
0.056774
-0.065122
0.209690
0.327580
-0.294917
0.125406
0.271982
0.013195
0.017242
0.154008
-0.133510
0.001731
-0.089908
-0.360067
0.102514
0.076329
-0.281965
-0.028366
0.304760
0.006925
0.229208
0.334309
-0.025316
-0.064876
-0.003592
-0.222163
-0.380753
-0.182085
-0.412675
0.258240
-0.181804
0.204357
0.093191
-0.209144
0.184912
0.138016
-0.053965
0.146402
0.174556
-0.171792
-0.510963
-0.052744
0.140688
0.019818
-0.127498
0.260658
-0.400702
0.196525
-0.164847
-0.167635
-0.314588
0.105523
-0.369374
0.267529
0.037579
-0.085785
-0.219512
0.065720
0.094701
0.188933
0.238325
-0.054515
-0.326982
0.598009
0.386281
0.081271
0.057802
-0.182752
-0.238076
-0.021832
0.391705
0.104256
-0.076414
-0.138535
0.157564
0.451221
-0.034087
0.282460
0.287565
0.073031
0.466764
-0.162902
-0.327124
0.303338
0.344526
-0.001487
0.065199
-0.146565
0.621656
0.726884
0.055737
-0.023763
0.041705
-0.272045
0.697264
0.023629
0.210029
0.463107
0.011441
-0.276651
0.300751
-0.118022
0.088339
0.495195
1.632959
0.191223
-0.458639
0.403954
0.081536
0.273616
0.255515
-0.211844
-0.291479
-0.017863
-0.160378
0.126138
0.515115
-0.337763
0.114078
-0.172910
0.408435
0.094159
-0.313757
0.151815
-0.101025
-0.281391
-0.342955
0.203642
-0.154271
-0.029997
-0.175141
-0.313670
0.154681
0.369213
0.160145
-0.114240
0.259997
-0.231355
-0.200762
0.213570
0.122732
0.497045
-0.372599
-0.347314
-0.201168
0.030145
-0.039222
-0.316693
-0.015684
-0.198212
-0.019631
0.009085
-0.329477
0.229663
-0.175833
-0.042583
-0.157462
0.300940
-0.193471
0.152162
0.350825
0.253006
-0.234309
0.027762
0.242659
0.122876
0.317112
-0.219776
0.745297
0.334534
0.015643
0.202958
-0.226966
-0.084857
-0.065793
0.129506
-0.153928
-0.081064
0.023197
-0.172367
0.323396
0.077874
-0.035818
-0.038663
-0.142020
-0.263050
-0.193228
-0.213674
0.433124
0.029398
-0.035287
0.202786
0.114386
-0.070329
0.329730
0.333139
-0.284865
0.150675
0.218025
-0.033274
0.101808
0.173588
-0.097020
0.022324
-0.099013
-0.273315
0.055674
0.118756
-0.185993
-0.093855
0.290058
0.049948
0.136242
0.198660
-0.005982
0.054585
0.037125
-0.167475
-0.362896
-0.138623
-0.441092
0.209628
-0.165094
0.202352
0.007604
-0.173495
0.167717
0.017468
-0.096631
0.135381
0.134092
-0.142720
-0.501166
-0.033051
0.135377
0.055603
-0.102018
0.130014
-0.364317
0.184173
-0.201464
-0.197846
-0.312456
0.125942
-0.342924
0.263727
0.080624
-0.237034
-0.254580
0.071404
0.090483
0.279509
0.281945
-0.184086
-0.189167
0.576287
0.321017
0.152462
0.046833
-0.183615
-0.178276
0.002896
0.360567
0.100057
-0.095925
-0.076308
0.123607
0.432911
-0.135731
0.293197
0.339795
0.056764
0.364152
-0.108246
-0.258563
0.295645
0.368976
-0.065102
0.058787
-0.147169
0.469938
0.739572
0.055942
0.041105
0.020614
-0.293820
0.474672
-0.051035
0.223731
0.321596
0.146914
-0.323420
0.172069
-0.083183
0.104898
0.315973
1.851926
0.277160
-0.512035
0.331578
0.136005
0.273321
0.078326
-0.171230
-0.293075
0.010981
-0.115521
0.191644
0.479298
-0.229847
0.109492
-0.197302
0.395718
-0.059301
-0.220118
0.111312
-0.246969
-0.014687
-0.340187
0.150331
0.145680
-0.073548
-0.077505
-0.156058
0.299770
0.372291
0.138098
-0.059544
0.327521
-0.209053
-0.153556
0.287579
0.101726
0.626980
-0.344814
-0.398724
-0.030921
0.081356
-0.038962
-0.328245
-0.015752
-0.145147
-0.053401
0.028729
-0.342782
0.147444
-0.142577
0.012739
-0.106724
0.319175
-0.179293
0.104731
0.361459
0.299267
-0.242609
0.049362
0.207385
0.171467
0.196555
-0.187177
0.503116
0.264648
0.023905
0.087215
-0.212138
0.092653
-0.081076
-0.025668
-0.175515
-0.007840
-0.027467
-0.205713
0.373616
0.051479
-0.020993
-0.068041
-0.194064
-0.320297
-0.271644
-0.127321
0.497049
0.159761
-0.043338
0.269796
0.130050
-0.081427
0.514791
0.330414
-0.251738
0.179696
0.152559
-0.070917
0.185976
0.182927
-0.049785
0.045487
-0.126613
-0.235338
0.014281
0.149905
-0.080859
-0.120734
0.285815
0.093270
0.028102
0.046138
0.007949
0.130294
0.072233
-0.166384
-0.348423
-0.066249
-0.482915
0.144333
-0.127158
0.188287
-0.096220
-0.150836
0.141758
-0.112273
-0.167478
0.121647
0.080621
-0.088185
-0.464164
-0.007837
0.085843
0.088389
-0.086659
-0.014037
-0.308636
0.171684
-0.228748
-0.240116
-0.294248
0.147157
-0.295632
0.273373
0.101784
-0.430434
-0.273243
0.053531
0.112718
0.424766
0.317746
-0.290495
-0.047707
0.541870
0.279322
0.185552
0.043407
-0.163350
-0.124864
0.120146
0.308090
0.072591
-0.096532
-0.012943
0.135243
0.432339
-0.190511
0.341351
0.371001
0.016280
0.237051
-0.076190
-0.189747
0.301157
0.405094
-0.132625
0.042795
-0.124028
0.267793
0.642621
0.042258
0.102598
-0.039397
-0.330888
-0.084091
-0.137966
0.218513
0.155974
0.281666
-0.395954
0.064901
-0.026596
0.126722
0.096026
1.496178
0.401985
-0.495782
0.271775
0.195038
0.266635
-0.088524
-0.090733
-0.280737
0.048820
-0.087725
0.316697
0.413959
-0.160558
0.118610
-0.222919
0.334798
-0.220673
-0.116085
0.035858
-0.392958
0.237566
-0.347106
0.105206
0.359127
-0.087158
0.013661
0.006702
0.455159
0.279023
0.123473
0.008867
0.357097
-0.213613
-0.122105
0.323894
0.129556
0.664290
-0.275960
-0.485662
0.135955
0.108449
-0.058208
-0.313892
0.014895
-0.068783
-0.095489
0.063708
-0.322616
0.083275
-0.088200
0.012464
-0.043192
0.364897
-0.141612
0.024669
0.405079
0.350505
-0.231659
0.102397
0.143153
0.191038
0.126813
-0.142987
0.226721
0.208713
0.057326
-0.041851
-0.208234
0.258394
-0.077152
-0.136112
-0.162921
0.041821
-0.067296
-0.232124
0.446371
0.041190
0.011671
-0.070175
-0.310936
-0.453532
-0.387476
-0.029253
0.599586
0.329854
-0.042777
0.385159
0.185352
-0.085497
0.774807
0.344789
-0.228194
0.204874
0.061898
-0.137866
0.328249
0.218368
0.070219
0.071117
-0.184785
-0.161372
-0.048821
0.110592
0.065638
-0.188309
0.276138
0.094780
-0.166477
-0.192960
0.047286
0.227351
0.091913
-0.175558
-0.362537
0.003683
-0.580787
0.046086
-0.076153
0.135818
-0.238233
-0.116835
0.112738
-0.236961
-0.264201
0.110998
-0.003868
-0.024534
-0.394977
0.021084
0.081656
0.132394
-0.085428
-0.187944
-0.233910
0.196902
-0.268121
-0.243842
-0.310916
0.142912
-0.233004
0.296747
0.156611
-0.723703
-0.309480
-0.020188
0.140577
0.587340
0.344967
-0.469034
0.143535
0.459458
0.199530
0.256444
0.033230
-0.130191
-0.071645
0.220452
0.266827
0.062857
-0.124068
0.043163
0.158069
0.447891
-0.228811
0.404481
0.493630
-0.011070
0.099521
-0.028198
-0.106639
0.299208
0.468675
-0.308606
0.041017
-0.138857
-0.013452
0.533549
0.040812
0.208948
-0.091156
-0.403365
-1.021563
-0.258645
0.258330
-0.054231
0.462975
-0.498146
-0.161039
0.044895
0.171585
-0.203570
0.775424
0.585383
-0.524835
0.213162
0.304418
0.241960
-0.328754
-0.026905
-0.289434
0.058838
-0.025282
0.475841
0.324530
-0.061190
0.131791
-0.207930
0.237874
-0.430037
0.041024
-0.083205
-0.602517
0.525114
-0.373958
0.048696
0.715939
-0.122441
0.122039
0.196524
0.697872
0.151624
0.121833
0.092578
0.415876
-0.211085
-0.125385
0.430734
0.115778
0.878949
-0.262076
-0.608867
0.445297
0.165914
-0.088699
-0.320842
0.026972
0.014880
-0.142033
0.063658
-0.292086
-0.015580
0.021556
0.008100
0.047236
0.419923
-0.096173
-0.077376
0.483083
0.443826
-0.216662
0.214460
0.046774
0.245232
0.067010
-0.091960
-0.116935
0.198756
0.132649
-0.222973
-0.232452
0.476302
-0.119955
-0.248082
-0.161417
0.089432
-0.126432
-0.272728
0.440141
0.020195
0.084204
-0.101632
-0.395676
-0.493778
-0.461584
0.058958
0.674867
0.405533
-0.056746
0.417973
0.199594
-0.081856
0.953201
0.358642
-0.241631
0.208763
-0.010743
-0.173886
0.398658
0.213987
0.138793
0.087558
-0.228911
-0.101939
-0.107701
0.142436
0.091986
-0.263521
0.272971
0.140583
-0.309414
-0.378649
0.068418
0.274093
0.108051
-0.209505
-0.363367
0.030044
-0.635042
-0.017631
-0.044120
0.075234
-0.315209
-0.113651
0.049171
-0.339456
-0.359124
0.065187
-0.101117
0.082192
-0.335813
0.014544
0.049519
0.114253
-0.119608
-0.314704
-0.222208
0.190696
-0.289446
-0.211086
-0.341846
0.178765
-0.142108
0.322513
0.190850
-0.935661
-0.334325
-0.049473
0.153117
0.760631
0.369588
-0.580832
0.267841
0.406752
0.143709
0.308495
0.057960
-0.063983
-0.015410
0.294766
0.212847
0.014644
-0.092023
0.110934
0.202134
0.353289
-0.291294
0.420227
0.442013
-0.007347
-0.063436
0.006163
-0.055818
0.316867
0.517221
-0.356678
0.045295
-0.079905
-0.291917
0.245184
0.050352
0.268005
-0.129034
-0.404557
-1.729579
-0.338507
0.242625
-0.294898
0.553901
-0.558499
-0.307543
0.078041
0.160402
-0.368077
-0.443815
0.697697
-0.473246
0.146735
0.359010
0.197589
-0.469595
0.049046
-0.302071
-0.005239
0.006720
0.538829
0.158929
0.015063
0.176731
-0.213679
0.054575
-0.575321
0.124605
-0.183885
-0.773661
0.651186
-0.392429
-0.040602
0.855267
-0.163863
0.281139
0.345030
0.903147
-0.033844
0.122035
0.142617
0.401928
-0.202211
-0.140974
0.539137
0.150358
1.049457
-0.181534
-0.699186
0.600665
0.238735
-0.113990
-0.314625
0.002553
0.090479
-0.140934
0.032879
-0.215907
-0.148992
0.085931
0.066619
0.125579
0.496420
-0.019992
-0.185883
0.517781
0.495570
-0.250868
0.285166
-0.103241
0.236767
0.027493
0.006874
-0.433511
0.161531
0.165196
-0.350860
-0.204064
0.607977
-0.111407
-0.352748
-0.106128
0.120146
-0.175084
-0.336555
0.367140
-0.014671
0.127571
-0.177058
-0.313349
-0.315525
-0.434937
0.101584
0.617769
0.331567
-0.086714
0.313217
0.125187
-0.077671
0.846425
0.338956
-0.265321
0.157847
-0.006024
-0.123495
0.315314
0.136447
0.026991
0.097825
-0.203296
-0.123626
-0.091818
0.330741
-0.020150
-0.241840
0.288335
0.259502
-0.226256
-0.308076
0.044153
0.232672
0.161770
-0.209758
-0.284863
0.047021
-0.536024
-0.001109
-0.066626
0.093807
-0.289179
-0.138788
-0.007733
-0.420348
-0.371946
0.017319
-0.139374
0.151464
-0.360303
0.005720
-0.045707
0.018958
-0.109245
-0.331165
-0.296447
0.086293
-0.295205
-0.225995
-0.292566
0.280682
-0.098560
0.326175
0.131237
-0.853556
-0.303381
0.076000
0.149537
0.880769
0.383647
-0.490213
0.254127
0.466405
0.187462
0.255194
0.125761
-0.030978
0.047824
0.336625
0.141411
-0.076977
0.011376
0.200793
0.255175
0.204431
-0.399913
0.377711
0.164731
-0.019628
-0.153450
0.000679
-0.062917
0.349116
0.480416
-0.155460
0.004093
0.079202
-0.358640
0.014211
0.037093
0.208430
-0.166898
-0.334194
-1.390418
-0.325905
0.123948
-0.406401
0.483847
-0.520410
-0.185013
0.058006
0.082963
-0.280195
-1.381113
0.638483
-0.299940
0.090732
0.300582
0.190419
-0.383508
0.148162
-0.260980
-0.005979
-0.061528
0.503182
0.031363
0.017229
0.219279
-0.299771
-0.031026
-0.567608
0.047528
-0.184754
-0.750183
0.655522
-0.362389
-0.099305
0.609610
-0.153617
0.401901
0.387339
0.897062
-0.106487
0.088607
0.161533
0.321981
-0.190592
-0.110891
0.501522
0.269526
0.795717
0.006911
-0.656711
0.411048
0.252582
-0.109196
-0.239541
-0.014598
0.148290
-0.117182
0.059332
-0.170015
-0.182459
0.000906
0.149328
0.131840
0.516434
0.037659
-0.232473
0.446538
0.438895
-0.302821
0.246542
-0.161021
0.142998
-0.002501
0.108969
-0.493612
0.042387
0.081746
-0.362380
-0.104037
0.589836
0.012816
-0.426885
-0.055160
0.148818
-0.182112
-0.386417
0.281023
-0.036164
0.098220
-0.210468
-0.126688
-0.058366
-0.334620
0.070058
0.455949
0.128625
-0.113937
0.113819
-0.003481
-0.073411
0.516142
0.303699
-0.276289
0.083548
0.080092
-0.006288
0.129168
0.034906
-0.185640
0.083067
-0.147677
-0.245697
-0.003245
0.506277
-0.196296
-0.121910
0.319514
0.338171
0.036340
0.001759
-0.008047
0.084437
0.199325
-0.198912
-0.190793
0.057938
-0.366959
0.070751
-0.110795
0.167272
-0.177835
-0.178928
-0.021378
-0.394982
-0.296426
0.008390
-0.084502
0.137965
-0.442442
0.004062
-0.134418
-0.111014
-0.064359
-0.205400
-0.402548
-0.051914
-0.283495
-0.266969
-0.178163
0.364702
-0.129411
0.306221
0.019524
-0.524248
-0.228154
0.250433
0.157236
0.851741
0.350514
-0.234319
0.075696
0.588823
0.320943
0.108411
0.194914
-0.042104
0.071154
0.334017
0.098513
-0.148785
0.127668
0.239051
0.302924
0.133631
-0.401918
0.320364
-0.136259
-0.048229
-0.059466
-0.048713
-0.125093
0.371456
0.389634
0.095418
-0.050090
0.210039
-0.166506
0.069122
0.014537
0.059309
-0.165908
-0.240683
-0.229551
-0.246496
0.011110
-0.242427
0.262296
-0.413700
0.098962
-0.010145
-0.013364
0.017056
-2.176493
0.445291
-0.088948
0.099166
0.179110
0.208979
-0.097963
0.195256
-0.196029
0.056953
-0.189356
0.397324
0.025802
-0.065860
0.242579
-0.359069
0.058276
-0.378013
-0.161157
-0.095352
-0.507770
0.510972
-0.312124
-0.073036
0.132571
-0.075764
0.390819
0.250680
0.657168
0.013804
0.042492
0.127073
0.247405
-0.187416
-0.100752
0.365902
0.378037
0.268009
0.127798
-0.500502
0.012105
0.212680
-0.078328
-0.109495
-0.038257
0.151446
-0.076091
0.082912
-0.179910
-0.077469
-0.169272
0.175002
0.055631
0.456602
0.044218
-0.150723
0.327095
0.310207
-0.340076
0.179291
-0.080291
0.015405
0.063018
0.150829
-0.155184
-0.028360
-0.052659
-0.265363
-0.004830
0.394199
0.138362
-0.336793
-0.059405
0.133954
-0.149597
-0.376913
0.337785
-0.023020
0.015826
-0.176893
-0.086500
-0.041601
-0.324706
0.041539
0.433065
0.123717
-0.124751
0.056142
-0.040980
-0.078990
0.457139
0.308707
-0.249897
0.089896
0.115397
-0.002755
0.123568
0.048135
-0.219471
0.079637
-0.168971
-0.331873
0.060286
0.526687
-0.163355
-0.075631
0.340354
0.293760
0.095660
0.092057
-0.003043
0.047559
0.213509
-0.198773
-0.219100
0.074337
-0.375192
0.062710
-0.098383
0.206095
-0.162487
-0.167388
0.008071
-0.375632
-0.241161
0.029000
-0.044861
0.084973
-0.474973
0.023564
-0.098433
-0.131254
-0.052282
-0.186985
-0.411100
-0.060364
-0.306253
-0.340617
-0.115653
0.377398
-0.151795
0.296719
0.005805
-0.465044
-0.198111
0.255665
0.169496
0.812671
0.337827
-0.167365
0.036475
0.593972
0.365816
0.065502
0.212191
-0.057317
0.066924
0.383044
0.119505
-0.128805
0.114174
0.228142
0.326826
0.272236
-0.353851
0.333218
-0.123487
-0.072971
0.081975
-0.088850
-0.181225
0.390594
0.395764
0.034635
-0.028366
0.164902
-0.002614
0.324953
0.018296
0.038937
-0.156791
-0.282539
0.081391
-0.272711
0.040098
-0.035102
0.255000
-0.411447
0.240718
-0.022365
0.019092
0.100108
-1.169624
0.424477
-0.095860
0.136295
0.192744
0.226216
0.008545
0.151374
-0.196849
0.109478
-0.253366
0.426803
0.162911
-0.119700
0.242173
-0.418082
0.193018
-0.322457
-0.239151
-0.072654
-0.462870
0.570445
-0.317917
-0.055886
0.044416
-0.008492
0.359399
0.193936
0.613002
0.160337
0.032568
0.102989
0.324812
-0.197146
-0.099089
0.318413
0.383248
-0.027205
0.060603
-0.477942
-0.047990
0.200345
-0.082652
-0.088574
-0.027633
0.126009
-0.111389
0.099928
-0.274378
0.010189
-0.179673
0.117259
0.035931
0.427397
-0.045205
-0.065156
0.336186
0.328403
-0.318662
0.225722
0.047226
0.029595
0.104987
0.089335
0.099039
-0.033160
-0.056624
-0.252306
-0.027851
0.364796
0.115698
-0.257467
-0.158965
0.109007
-0.169430
-0.294457
0.411848
0.041804
-0.082345
-0.090838
-0.133155
-0.170440
-0.305119
-0.049454
0.491160
0.163441
-0.124012
0.051311
-0.002768
-0.067606
0.509636
0.352676
-0.238785
0.183833
0.143310
-0.081260
0.186871
0.134646
-0.149583
0.055559
-0.228038
-0.359087
0.086691
0.406508
-0.068129
-0.142864
0.354677
0.144903
0.060769
0.078234
0.013809
0.077338
0.151702
-0.199068
-0.368115
0.001903
-0.494197
0.052741
-0.077710
0.194635
-0.112811
-0.140727
0.067528
-0.251934
-0.178294
0.064537
0.014300
0.006906
-0.480527
0.011773
0.060472
-0.075952
-0.119508
-0.160468
-0.376336
0.057218
-0.334837
-0.386005
-0.128544
0.319914
-0.180753
0.272784
0.091662
-0.477619
-0.225102
0.115497
0.163589
0.634763
0.338344
-0.220882
-0.016009
0.538267
0.340048
0.118759
0.171972
-0.089428
-0.011874
0.312400
0.237667
-0.025313
0.025019
0.097369
0.265888
0.510657
-0.209482
0.317644
0.077411
-0.019625
0.312502
-0.111883
-0.266949
0.410612
0.455345
-0.177160
0.092134
-0.039150
0.242681
0.645806
0.084830
0.079641
-0.073014
-0.346315
-0.048619
-0.310342
0.180193
0.249600
0.293224
-0.432757
0.237498
-0.063894
0.098985
0.201295
1.327860
0.435564
-0.357305
0.205356
0.251627
0.205878
0.064499
-0.007976
-0.292076
0.042775
-0.256933
0.364912
0.387134
-0.144360
0.239032
-0.418684
0.325324
-0.274291
-0.255395
-0.037180
-0.492353
0.539479
-0.331610
-0.065024
0.198107
0.024838
0.279313
0.092489
0.606149
0.365924
0.070195
-0.006419
0.466972
-0.204511
-0.147416
0.315930
0.288168
-0.012040
-0.205616
-0.505979
0.032189
0.214187
-0.097456
-0.218036
-0.050098
0.009629
-0.135983
0.049891
-0.389796
0.046684
-0.104135
0.072586
0.001388
0.428067
-0.193958
0.003003
0.403294
0.422719
-0.294390
0.273268
0.195819
0.141024
0.153505
-0.065045
0.377558
0.027275
0.005014
-0.172687
-0.120887
0.340594
-0.057926
-0.154646
-0.297963
0.047111
-0.199360
-0.209176
0.472609
0.139802
-0.182170
0.067196
-0.216072
-0.354005
-0.304148
-0.174241
0.551339
0.112022
-0.118895
0.051481
0.060591
-0.042972
0.518463
0.415377
-0.259546
0.225318
0.183711
-0.150699
0.240857
0.227716
-0.029000
0.029720
-0.318176
-0.398936
0.113417
0.194000
0.006422
-0.205647
0.373467
-0.091758
-0.012805
0.102705
0.045020
0.059657
0.040570
-0.250163
-0.573357
-0.132373
-0.627101
0.046313
-0.075309
0.122737
-0.012361
-0.138729
0.132938
-0.017273
-0.108173
0.107815
0.062169
-0.062926
-0.449236
0.003423
0.262734
-0.043890
-0.260786
-0.065480
-0.373794
0.234872
-0.365051
-0.372548
-0.182434
0.226516
-0.256122
0.261886
0.152271
-0.481091
-0.234969
-0.075147
0.158863
0.419438
0.296338
-0.266198
-0.127946
0.452834
0.326661
0.154066
0.144821
-0.136137
-0.167022
0.133659
0.405631
0.107911
-0.041941
-0.104340
0.269235
0.795555
0.055957
0.288259
0.359756
0.069738
0.628581
-0.158630
-0.411634
0.425267
0.530190
-0.413027
0.256274
-0.300096
0.557037
0.931907
0.173159
0.132220
0.050662
-0.394662
-0.350503
-0.280859
0.376813
0.581991
0.286532
-0.439906
0.204933
-0.122592
0.203042
0.387301
1.669860
0.418860
-0.720322
0.342233
0.301952
0.173250
0.163763
-0.267961
-0.430497
-0.120970
-0.216073
0.221846
0.622407
-0.223313
0.224421
-0.398556
0.432828
-0.138627
-0.265599
0.026369
-0.475174
0.269910
-0.359772
-0.044036
0.303464
0.040496
0.097517
-0.126527
0.537491
0.535703
0.154377
-0.166885
0.562160
-0.221604
-0.242210
0.331439
0.133797
0.192222
-0.571078
-0.533872
0.116996
0.210396
-0.113727
-0.431054
-0.084782
-0.176931
-0.134424
-0.052971
-0.468420
0.099996
0.008802
-0.000427
-0.052986
0.440885
-0.348310
0.102949
0.498021
0.525408
-0.253761
0.294868
0.341944
0.270188
0.259134
-0.283198
0.742771
0.182085
0.111984
0.005488
-0.262554
0.219261
-0.282432
0.035618
-0.417152
-0.073636
-0.185661
-0.163075
0.468908
0.193662
-0.210261
0.164227
-0.261175
-0.437962
-0.298986
-0.267523
0.564438
0.014950
-0.107128
0.043405
0.106336
-0.026946
0.458971
0.454476
-0.302953
0.201712
0.216925
-0.163389
0.240291
0.264358
0.041217
0.010826
-0.364143
-0.420750
0.128812
0.051139
-0.013515
-0.227815
0.376605
-0.235990
-0.044881
0.155410
0.058759
0.014031
-0.034333
-0.292176
-0.686768
-0.242353
-0.677073
0.060579
-0.093597
0.063391
0.076952
-0.157260
0.163078
0.164889
-0.061353
0.127568
0.085861
-0.096046
-0.423511
-0.015274
0.375530
-0.057652
-0.362746
0.045646
-0.410382
0.338605
-0.365895
-0.313044
-0.249331
0.164419
-0.314789
0.265402
0.164161
-0.442397
-0.230220
-0.172469
0.150544
0.285741
0.251658
-0.261713
-0.232536
0.412457
0.331925
0.163205
0.137120
-0.162172
-0.278477
-0.028861
0.515133
0.184400
-0.062410
-0.234485
0.299020
0.906414
0.218215
0.257775
0.497058
0.140809
0.815820
-0.191973
-0.515847
0.432424
0.558088
-0.502590
0.343115
-0.442109
0.748161
1.040926
0.227326
0.153418
0.134395
-0.398806
-0.437417
-0.214234
0.484453
0.753962
0.231517
-0.415160
0.176597
-0.170379
0.254872
0.550470
0.607532
0.371801
-0.932515
0.448535
0.304493
0.153053
0.251982
-0.447954
-0.508675
-0.253289
-0.172458
0.093235
0.717226
-0.290042
0.210629
-0.373185
0.464451
-0.010223
-0.292242
0.084337
-0.435020
-0.017685
-0.379360
-0.011183
0.286565
0.034391
-0.040555
-0.303572
0.465167
0.589102
0.221553
-0.270738
0.563470
-0.228513
-0.316645
0.345380
0.031852
0.404433
-0.778129
-0.524687
0.135638
0.196700
-0.116411
-0.565280
-0.120359
-0.312189
-0.111497
-0.126486
-0.473234
0.134695
0.063815
-0.028669
-0.104872
0.444400
-0.414770
0.172242
0.536229
0.563017
-0.236767
0.277172
0.401179
0.330981
0.344774
-0.405473
0.972448
0.302212
0.169653
0.155667
-0.349762
0.094305
-0.397261
0.169478
-0.459911
-0.157952
-0.145009
-0.162666
0.376627
0.147672
-0.128772
0.087211
-0.219641
-0.350066
-0.249927
-0.262142
0.521179
-0.017612
-0.090952
0.053153
0.092431
-0.042946
0.411860
0.418712
-0.316931
0.183107
0.214695
-0.117410
0.166864
0.225348
-0.009601
0.003280
-0.282663
-0.374447
0.098713
0.099972
-0.118648
-0.199260
0.346696
-0.125249
0.009540
0.161854
0.023270
0.009719
-0.017533
-0.266198
-0.590383
-0.247262
-0.589002
0.123644
-0.118825
0.091133
0.095122
-0.182111
0.143269
0.134765
-0.071057
0.098055
0.088370
-0.083941
-0.435067
-0.051199
0.285535
-0.047279
-0.319224
0.079298
-0.417403
0.288010
-0.296885
-0.260450
-0.295588
0.171368
-0.295728
0.265243
0.132325
-0.366008
-0.235562
-0.091799
0.114238
0.286274
0.261013
-0.231015
-0.243337
0.462477
0.325591
0.165647
0.117112
-0.151873
-0.257629
-0.025935
0.466766
0.141690
-0.049507
-0.195916
0.255378
0.700426
0.093203
0.241477
0.355794
0.141751
0.656478
-0.175988
-0.462534
0.406687
0.501758
-0.308336
0.259944
-0.313745
0.646444
0.811750
0.188800
0.118947
0.107994
-0.351899
-0.215505
-0.146148
0.390246
0.576515
0.172765
-0.363107
0.191016
-0.162384
0.193564
0.547334
0.705297
0.327519
-0.798126
0.417353
0.238241
0.181260
0.244661
-0.362248
-0.451096
-0.225634
-0.165966
0.090506
0.579624
-0.285180
0.193129
-0.342105
0.377382
-0.007219
-0.303941
0.091780
-0.400523
-0.085803
-0.369399
0.010582
0.141106
-0.010444
-0.009974
-0.265990
0.445478
0.456257
0.212669
-0.219705
0.448579
-0.210912
-0.287554
0.323200
0.100295
0.467073
-0.606596
-0.477936
0.043141
0.180949
-0.097758
-0.498967
-0.107905
-0.267522
-0.081890
-0.089670
-0.398290
0.115349
-0.007200
0.025893
-0.115909
0.417349
-0.321587
0.107587
0.461691
0.478305
-0.261708
0.194259
0.307764
0.260278
0.318701
-0.304577
0.814218
0.271211
0.108733
0.162158
-0.296895
0.075737
-0.268098
0.102275
-0.345811
-0.114868
-0.101698
-0.166688
0.208397
0.046095
0.031632
-0.096759
-0.129077
-0.180921
-0.138770
-0.211632
0.441996
-0.010551
-0.060547
0.104482
0.048943
-0.069525
0.370546
0.323096
-0.314996
0.194390
0.199658
-0.035138
0.039474
0.144935
-0.122561
-0.002615
-0.095176
-0.260175
0.031673
0.218999
-0.296665
-0.155036
0.287589
0.139623
0.132610
0.137733
-0.048738
0.029921
0.026164
-0.203825
-0.360507
-0.203150
-0.424885
0.238797
-0.155094
0.178507
0.080526
-0.209208
0.108325
0.005580
-0.120463
0.050831
0.098100
-0.064737
-0.476512
-0.109683
0.085189
0.019855
-0.169302
0.112496
-0.387382
0.169032
-0.159270
-0.176493
-0.355462
0.186543
-0.234184
0.258534
0.097193
-0.227596
-0.267658
0.074175
0.055413
0.306607
0.309723
-0.181631
-0.227696
0.575286
0.296101
0.172888
0.058466
-0.122216
-0.168047
0.038873
0.333861
0.040048
-0.047616
-0.079343
0.109101
0.266054
-0.200708
0.226838
0.078384
0.113253
0.257285
-0.115530
-0.285747
0.349280
0.381894
0.061837
0.070963
-0.030994
0.370829
0.396486
0.090111
0.029504
0.022156
-0.232800
0.272477
-0.064169
0.152926
0.190769
0.078652
-0.298414
0.215005
-0.129365
0.041928
0.434491
2.376165
0.264468
-0.420410
0.299002
0.112597
0.225498
0.163861
-0.115147
-0.311612
-0.106154
-0.169972
0.131787
0.312468
-0.230442
0.175906
-0.243777
0.206390
-0.067843
-0.293077
0.073526
-0.332873
-0.096347
-0.337596
0.047266
-0.066843
-0.080024
0.097313
-0.118972
0.414931
0.223019
0.152414
-0.088566
0.253141
-0.188090
-0.195285
0.289132
0.233826
0.528099
-0.221240
-0.404762
-0.134086
0.143036
-0.057123
-0.317444
-0.073312
-0.123068
-0.020191
-0.003750
-0.266475
0.046989
-0.165509
0.133128
-0.097244
0.371697
-0.122056
-0.006270
0.321475
0.300296
-0.318885
0.049934
0.095414
0.103001
0.221802
-0.065372
0.416842
0.182579
-0.020604
0.091418
-0.152371
0.079631
-0.008118
-0.078454
-0.105810
-0.007184
-0.049333
-0.216968
0.037613
-0.049125
0.215064
-0.283409
-0.030858
0.026092
-0.064522
-0.110674
0.349128
-0.025236
-0.036217
0.143576
0.011354
-0.078617
0.286700
0.239464
-0.323436
0.158088
0.174378
0.066099
-0.088537
0.035405
-0.251759
0.002791
0.073034
-0.136905
-0.044136
0.363347
-0.482637
-0.111653
0.238388
0.409117
0.255149
0.128343
-0.101871
0.037557
0.083465
-0.136008
-0.097896
-0.113835
-0.246927
0.320369
-0.197434
0.248706
0.029809
-0.225877
0.051100
-0.157248
-0.200991
0.014520
0.076165
-0.011155
-0.516568
-0.146355
-0.130343
0.028666
0.000368
0.126395
-0.382040
0.003553
-0.058352
-0.080025
-0.371232
0.218775
-0.174641
0.262751
0.048844
-0.105105
-0.293053
0.277121
0.029866
0.405131
0.347135
-0.126337
-0.187693
0.698511
0.284698
0.166555
0.037809
-0.082819
-0.036598
0.080250
0.161148
-0.086992
0.011499
0.091861
0.005379
-0.193676
-0.495476
0.213498
-0.207729
0.067351
-0.156893
-0.021945
-0.075872
0.278689
0.251891
0.428455
-0.138596
0.269928
0.031043
-0.044505
-0.016518
-0.076331
-0.077189
-0.101795
0.767622
0.001346
-0.096001
-0.230421
-0.019038
-0.241225
0.171369
-0.089595
-0.135712
0.278305
2.665739
0.201917
-0.030886
0.147991
-0.011099
0.265814
0.041013
0.182160
-0.153674
0.040849
-0.167956
0.178227
0.000392
-0.137428
0.168168
-0.137698
0.034126
-0.155326
-0.245843
0.042753
-0.221468
-0.063861
-0.287741
0.076266
-0.205456
-0.156096
0.217189
0.040429
0.345769
0.001589
0.071271
0.064010
0.054669
-0.156991
-0.112735
0.265215
0.358136
0.598810
0.180753
-0.320577
-0.303417
0.109642
-0.012138
-0.100896
-0.055046
0.062487
0.058495
0.067959
-0.114387
-0.038972
-0.338741
0.234539
-0.071514
0.326100
0.116844
-0.139072
0.178072
0.108444
-0.386478
-0.075348
-0.130015
-0.072435
0.123906
0.197220
-0.020878
0.087370
-0.166118
-0.016594
0.033621
0.096735
0.249960
-0.267791
0.147739
0.115884
-0.004329
-0.308707
-0.036292
-0.090600
0.280310
-0.285943
0.008486
0.106492
-0.086441
-0.041483
0.275171
-0.147117
-0.042291
0.114520
-0.030406
-0.054201
0.158968
0.216182
-0.336491
0.038740
0.155903
0.173167
-0.168619
-0.059553
-0.300404
0.001477
0.107884
-0.148833
-0.067993
0.359483
-0.576894
-0.014240
0.235828
0.461674
0.328102
0.217640
-0.111915
-0.088458
0.077363
-0.156602
0.027152
-0.024765
-0.140053
0.313688
-0.208417
0.217042
-0.009978
-0.248859
0.001541
-0.168070
-0.252124
0.016114
0.035606
0.053993
-0.485974
-0.112475
-0.257652
-0.063003
0.068967
0.160567
-0.395919
-0.101344
-0.037793
0.013026
-0.325720
0.219485
-0.181276
0.289537
-0.037782
-0.030013
-0.254818
0.360144
0.089123
0.507141
0.289520
-0.014156
-0.214721
0.738669
0.351888
0.058659
0.069761
-0.049846
-0.001729
0.096634
0.068262
-0.169947
0.120643
0.160776
0.083635
-0.353848
-0.465420
0.238874
-0.311541
0.020480
-0.274539
-0.010188
0.017201
0.223785
0.172140
0.554809
-0.243848
0.393576
-0.153333
-0.304202
-0.077288
-0.158211
-0.128511
-0.038571
0.874614
0.066679
-0.165290
-0.382205
-0.148171
-0.199987
0.071776
-0.068139
-0.220511
0.207058
-1.260961
0.151353
0.190013
0.107947
-0.078841
0.259251
0.044447
0.301970
-0.057034
0.106864
-0.132040
0.179393
-0.203499
-0.119722
0.165300
0.004097
-0.064196
-0.102802
-0.230118
0.018975
-0.055344
-0.168650
-0.250814
0.157255
-0.329037
-0.168955
0.172766
0.026553
0.208278
-0.154269
0.035510
0.139903
-0.101121
-0.158283
-0.138579
0.228287
0.393147
0.666367
0.329188
-0.247974
-0.384896
0.076041
0.010167
0.071895
-0.049380
0.141160
0.126910
0.051093
0.050189
-0.013129
-0.404150
0.207120
-0.089025
0.290997
0.282014
-0.148128
0.117720
-0.029110
-0.378505
-0.071115
-0.246943
-0.195925
0.199976
0.326327
-0.132176
0.133198
-0.209798
-0.048244
0.098989
0.002226
0.345803
-0.209269
0.262621
0.123090
0.055177
-0.344775
-0.015642
-0.050480
0.265473
-0.196330
-0.065786
0.013551
-0.142323
-0.045725
0.299472
-0.204013
-0.047363
0.112662
-0.003114
-0.005356
0.157679
0.241481
-0.374777
-0.018043
0.152607
0.160256
-0.125644
-0.058141
-0.229903
0.002558
0.040624
-0.165756
-0.069230
0.252150
-0.547001
-0.042674
0.261472
0.342612
0.260617
0.217180
-0.075251
-0.154106
0.025808
-0.215805
-0.046891
-0.049105
-0.196295
0.267353
-0.198681
0.135905
-0.025237
-0.250168
-0.003833
-0.083273
-0.272599
0.035474
-0.006480
0.080365
-0.445063
-0.079059
-0.190886
-0.113162
0.006779
0.173136
-0.410611
-0.044192
-0.084619
0.079704
-0.325034
0.188338
-0.198853
0.314325
-0.030779
-0.090673
-0.250786
0.279624
0.136537
0.530699
0.236413
-0.015996
-0.231072
0.688290
0.361763
0.027427
0.103142
-0.029513
-0.048077
0.019799
0.117308
-0.147567
0.136368
0.116122
0.176653
-0.264458
-0.291923
0.241084
-0.189553
0.044881
-0.196186
-0.028057
-0.015919
0.227955
0.207567
0.425752
-0.174873
0.311627
-0.162309
-0.347711
-0.049090
-0.151080
-0.102958
-0.021554
0.450907
0.059170
-0.093302
-0.319995
-0.163341
-0.230874
-0.045409
-0.073878
-0.203689
0.199727
-3.730993
0.169197
0.115698
0.127472
-0.053839
0.203126
0.054373
0.238946
-0.098389
0.016244
-0.078467
0.109098
-0.200160
-0.117314
0.190644
0.055442
-0.118800
-0.054015
-0.181577
-0.001531
-0.017702
-0.293909
-0.246940
0.147693
-0.247464
-0.157560
0.108611
-0.045278
0.152806
-0.174987
0.050377
0.097302
-0.108128
-0.181921
-0.198561
0.243417
0.310114
0.785212
0.200855
-0.282506
-0.314361
0.080150
-0.001676
0.032421
-0.072177
0.102273
0.162378
-0.039929
0.094026
-0.024289
-0.325316
0.158829
-0.074728
0.332951
0.276586
-0.109615
0.180306
0.004002
-0.355983
-0.008597
-0.264262
-0.180014
0.274746
0.266187
-0.083305
0.215035
-0.137657
-0.024653
0.067224
-0.062930
0.236437
-0.096509
0.238172
0.056019
0.054481
-0.353245
0.025177
-0.042575
0.256339
-0.188809
-0.118633
-0.068729
-0.166896
-0.030380
0.340968
-0.140678
-0.039633
0.187273
0.022848
0.019532
0.245472
0.219520
-0.379748
-0.009004
0.133344
0.117870
-0.059857
-0.035619
-0.187450
0.023124
0.043696
-0.123793
-0.094490
0.219714
-0.464666
-0.075769
0.262563
0.328942
0.201890
0.142111
-0.059248
-0.112858
0.024062
-0.212238
-0.069315
-0.046679
-0.229398
0.255158
-0.189735
0.126199
-0.081311
-0.233536
0.010773
-0.110329
-0.297112
0.048931
-0.029233
0.079145
-0.441740
-0.034243
-0.176101
-0.050561
0.013094
0.121951
-0.372025
0.001430
-0.108627
0.087494
-0.329368
0.173467
-0.205139
0.318590
-0.001195
-0.173153
-0.277392
0.236622
0.149123
0.565452
0.250887
-0.063297
-0.162779
0.668206
0.321395
0.033077
0.086556
-0.017884
-0.056778
0.009743
0.143230
-0.132051
0.084932
0.115176
0.167055
-0.237363
-0.284310
0.255385
-0.083087
0.042315
-0.274283
-0.033078
0.017948
0.227412
0.228741
0.364769
-0.136919
0.272082
-0.212755
-0.364809
-0.050435
-0.127187
-0.118623
-0.006585
0.196307
0.037926
-0.084671
-0.356706
-0.090755
-0.280773
-0.101290
-0.044824
-0.178717
0.074366
-3.359167
0.216739
0.104368
0.088517
-0.039939
0.175870
-0.032476
0.236017
-0.110331
0.000833
-0.014931
0.099097
-0.159750
-0.075618
0.199647
0.056670
-0.147569
-0.103617
-0.092076
-0.021579
-0.059414
-0.229277
-0.234080
0.125034
-0.082054
-0.157565
0.088091
0.011624
0.154410
-0.191813
0.032843
0.099561
-0.091293
-0.218109
-0.147556
0.238109
0.241081
0.860181
0.177504
-0.343295
-0.242326
0.063824
-0.002410
-0.006522
-0.032962
0.093407
0.155874
-0.044286
0.093746
-0.060159
-0.267725
0.145221
-0.029283
0.378171
0.258346
-0.086874
0.226854
0.032156
-0.322269
-0.019033
-0.290410
-0.148562
0.200517
0.218589
-0.222032
0.196738
-0.084883
-0.044494
0.057387
-0.021444
0.180384
-0.129318
0.222993
0.049004
0.041421
-0.282467
-0.111995
-0.125467
0.437463
-0.338127
-0.174077
-0.092875
-0.077240
-0.005638
0.376949
-0.015020
0.024253
0.360715
0.061363
-0.007608
0.425007
0.145006
-0.384641
0.084164
0.085826
0.112264
-0.082278
-0.029289
-0.144025
0.013315
0.209123
0.068361
-0.212885
0.169983
-0.572254
-0.125975
0.181424
0.513848
0.165313
-0.097051
-0.100869
-0.020202
0.010170
-0.181038
0.067795
-0.058782
-0.197983
0.352382
-0.195282
0.173060
-0.131315
-0.240397
0.003167
-0.195062
-0.370062
0.005030
-0.031345
0.072141
-0.436131
-0.124506
-0.280652
0.127412
0.112045
0.128468
-0.266310
0.019196
0.056549
0.243969
-0.510594
0.108522
-0.099417
0.325087
0.059574
-0.213537
-0.372886
0.248362
0.062711
0.523091
0.307046
-0.170935
-0.075754
0.696782
0.191386
0.151243
-0.030312
0.038608
-0.010429
0.057447
0.072550
-0.161060
-0.032717
0.160944
-0.041477
-0.645257
-0.553863
0.263558
-0.155378
0.069475
-0.718059
0.046420
0.212237
0.161045
0.170258
0.567596
-0.270034
0.455290
-0.544624
-0.818496
-0.130057
-0.133733
-0.182043
0.045287
-0.045792
0.085939
-0.245646
-0.793924
-0.080407
-0.274675
-0.217642
0.018154
-0.267331
-0.154529
0.376772
0.255845
0.350068
-0.000956
-0.100294
0.206996
-0.227202
0.425373
-0.028338
0.047730
0.045007
0.178751
-0.399346
-0.012528
0.175106
0.201595
-0.382261
-0.229576
0.022557
-0.090111
-0.118471
-0.256006
-0.245184
0.148553
-0.080297
-0.268646
0.178106
0.188981
0.250666
-0.510597
0.015162
0.226956
-0.249620
-0.201928
-0.087092
0.297580
0.310944
1.243322
0.452844
-0.364013
-0.202942
0.044775
0.016725
0.082316
0.008541
0.209111
0.206693
0.004098
0.220376
-0.181767
-0.313841
0.219320
0.027227
0.367593
0.435267
-0.263060
0.168873
-0.059672
-0.360467
-0.111912
-0.540585
-0.230482
0.107958
0.422819
-0.738924
0.184663
-0.122195
-0.136984
0.126111
0.049300
0.352977
-0.307216
0.460915
0.134150
0.082220
-0.272499
-0.172641
-0.185000
0.418353
-0.419515
-0.037612
0.050890
0.004640
0.026108
0.304126
0.005358
-0.003862
0.276627
-0.034619
-0.054508
0.393802
0.101230
-0.299235
0.172600
0.074222
0.147551
-0.183083
-0.076337
-0.271178
-0.018151
0.284718
0.041900
-0.205664
0.320427
-0.598798
-0.061692
0.164097
0.651832
0.306540
-0.040642
-0.173244
-0.006077
0.050606
-0.124926
0.186565
0.007206
-0.079139
0.381030
-0.185798
0.247728
-0.094066
-0.243164
-0.023176
-0.283736
-0.349440
-0.026162
0.015037
0.079353
-0.445774
-0.158912
-0.427630
0.146994
0.183648
0.080160
-0.203846
-0.096024
0.109006
0.136736
-0.419102
0.153413
-0.047719
0.271551
0.020331
-0.077725
-0.348694
0.345739
0.047786
0.480151
0.341568
-0.111780
-0.100667
0.747435
0.215345
0.116430
-0.063141
0.026679
0.042632
0.211022
-0.038082
-0.233189
0.023774
0.200365
-0.144523
-0.720344
-0.628305
0.251517
-0.377785
0.015493
-0.773160
0.059799
0.266233
0.160478
0.104688
0.762970
-0.363713
0.569437
-0.503046
-0.827112
-0.156858
-0.198182
-0.230361
0.059908
0.370748
0.070149
-0.349822
-0.802682
-0.134915
-0.218970
-0.077945
0.008269
-0.323453
-0.113799
2.119571
0.203233
0.491680
-0.060395
-0.151670
0.233161
-0.159980
0.576412
0.053917
0.183661
-0.062439
0.227825
-0.438936
-0.012335
0.165097
0.189593
-0.327213
-0.262766
-0.059951
-0.064813
-0.081023
-0.082381
-0.182002
0.149064
-0.235573
-0.222379
0.245011
0.253401
0.194623
-0.462130
-0.032393
0.253358
-0.272809
-0.174980
-0.026239
0.128977
0.483651
0.821080
0.634704
-0.282799
-0.383615
0.015815
0.026924
0.196780
0.036017
0.277154
0.182682
0.109747
0.206274
-0.127752
-0.431006
0.249714
-0.019945
0.306600
0.469229
-0.337313
0.068102
-0.145810
-0.366792
-0.170138
-0.487336
-0.301415
0.077730
0.506748
-0.735017
0.027044
-0.238782
-0.140548
0.202016
0.077279
0.480310
-0.384801
0.487579
0.205146
0.087637
-0.246987
-0.209223
-0.183118
0.322115
-0.457918
0.159352
0.258000
0.108723
-0.006235
0.193085
-0.059764
-0.052726
0.085603
-0.130375
-0.098120
0.211050
0.102246
-0.225983
0.259467
0.129550
0.173999
-0.316436
-0.110123
-0.451493
-0.052678
0.308864
-0.061626
-0.129252
0.518022
-0.640168
-0.018030
0.184564
0.705934
0.510313
0.174429
-0.236555
-0.008419
0.086191
-0.064602
0.213584
0.012768
0.028700
0.414311
-0.206336
0.332658
0.050853
-0.247218
-0.020498
-0.289401
-0.253241
-0.043661
0.109411
0.046520
-0.500467
-0.205185
-0.478375
0.095403
0.183274
0.099002
-0.226222
-0.193888
0.103367
-0.047401
-0.279196
0.230736
-0.058830
0.197342
-0.026825
0.174338
-0.296373
0.453718
0.019485
0.348307
0.364114
-0.005891
-0.232235
0.817610
0.287675
0.074683
-0.048186
-0.040472
0.054799
0.245506
-0.083330
-0.263623
0.121300
0.179920
-0.214953
-0.625544
-0.610764
0.176816
-0.601143
-0.004737
-0.555488
0.057336
0.177972
0.207076
0.055461
0.919968
-0.367664
0.581433
-0.149848
-0.527225
-0.122053
-0.278681
-0.210959
0.041933
1.226307
0.055415
-0.382962
-0.512061
-0.232379
-0.126754
0.209999
-0.075941
-0.341137
0.191988
3.941916
0.073713
0.429270
-0.056108
-0.194829
0.257279
0.093590
0.612032
0.074946
0.275297
-0.249644
0.162055
-0.304588
-0.066782
0.166121
0.037799
-0.097793
-0.183736
-0.257384
0.040680
0.015194
0.062077
-0.094819
0.112461
-0.467650
-0.105641
0.266550
0.175168
0.035004
-0.165780
-0.062240
0.168124
-0.199758
-0.128468
0.012143
-0.103648
0.655371
0.067950
0.653312
-0.145654
-0.682787
-0.008877
0.036145
0.230103
0.022779
0.256588
0.138516
0.204226
0.078939
0.002371
-0.567128
0.271807
-0.128984
0.228338
0.380922
-0.364103
-0.040654
-0.186585
-0.381161
-0.232277
-0.235461
-0.324974
0.088508
0.463358
-0.332118
-0.176699
-0.378978
-0.019420
0.256436
0.035938
0.526834
-0.385471
0.368953
0.239294
0.078768
-0.257503
-0.197916
-0.208926
0.378265
-0.472781
0.089577
0.224646
0.058008
0.013238
0.231545
-0.032077
-0.040277
0.139884
-0.118330
-0.116959
0.307165
0.101449
-0.254177
0.215104
0.107140
0.174745
-0.277678
-0.106365
-0.398906
-0.026275
0.291995
-0.049832
-0.141756
0.515344
-0.664121
-0.020083
0.175781
0.732341
0.413296
0.082942
-0.223863
0.001848
0.113023
-0.112597
0.203828
0.000504
-0.000664
0.406529
-0.199735
0.308768
0.016615
-0.270928
-0.042974
-0.331888
-0.296083
-0.072070
0.058932
0.088800
-0.474682
-0.215635
-0.494147
0.092801
0.152883
0.080781
-0.259026
-0.178086
0.119633
0.000962
-0.360331
0.248966
-0.032367
0.233325
-0.037734
0.045817
-0.294984
0.448438
0.002873
0.461352
0.371540
-0.041024
-0.164611
0.793086
0.268615
0.096034
-0.027389
-0.007603
0.065183
0.302249
-0.087805
-0.277893
0.108247
0.213547
-0.143449
-0.708854
-0.689979
0.208240
-0.629985
-0.001707
-0.662567
0.042915
0.174222
0.227840
0.089756
0.925445
-0.387545
0.641982
-0.309070
-0.696816
-0.134995
-0.219484
-0.242311
0.014914
0.905570
0.055546
-0.402083
-0.694904
-0.171440
-0.156160
0.204043
-0.039826
-0.319811
0.128189
3.078983
0.141430
0.480498
-0.030574
-0.169269
0.274042
0.024045
0.599347
0.064214
0.225606
-0.233106
0.247686
-0.400994
-0.091445
0.169119
-0.022671
-0.211392
-0.241139
-0.241711
-0.009197
-0.113205
0.042171
-0.161924
0.100281
-0.531286
-0.152029
0.335707
0.239400
0.220741
-0.355919
-0.026542
0.222782
-0.244949
-0.134151
0.000672
0.017604
0.674993
0.223060
0.728749
-0.211320
-0.579706
0.023435
0.016805
0.207290
0.023054
0.280618
0.115998
0.214536
0.115736
-0.051060
-0.529997
0.300078
-0.079862
0.269531
0.416909
-0.416355
-0.009057
-0.143450
-0.403132
-0.218423
-0.346911
-0.319965
0.067390
0.522435
-0.512107
-0.145901
-0.341473
-0.079297
0.229555
0.102712
0.586202
-0.445763
0.422975
0.246154
0.079948
-0.260827
-0.039063
-0.178905
0.351913
-0.376870
-0.107577
-0.059787
-0.114000
0.077265
0.389054
0.147979
-0.026584
0.317376
-0.018984
-0.110055
0.627523
0.136675
-0.229257
0.227592
0.022202
0.079149
-0.065144
-0.018345
-0.181454
0.007702
0.177563
-0.004252
-0.194918
0.336687
-0.429647
-0.078387
0.172348
0.604501
0.134769
-0.171638
-0.148576
0.086930
0.087220
-0.165559
0.091318
0.038818
-0.186810
0.281909
-0.138729
0.219184
-0.135331
-0.232489
-0.031104
-0.364865
-0.382669
-0.042515
-0.015762
0.115152
-0.379572
-0.150179
-0.408557
0.170201
0.102574
-0.067373
-0.167244
-0.055334
0.056760
0.000035
-0.404757
0.182667
-0.029156
0.270934
0.033046
-0.326440
-0.329382
0.266457
0.052662
0.588675
0.374380
-0.247489
0.021027
0.655350
0.186446
0.163387
-0.051472
0.005874
0.039964
0.357804
-0.048568
-0.215184
0.023883
0.189891
-0.071288
-0.510609
-0.591637
0.310506
-0.284533
-0.020757
-0.682477
0.053211
0.208593
0.218878
0.203308
0.579399
-0.316898
0.485613
-0.515954
-0.679817
-0.117792
-0.062915
-0.259807
-0.090727
-0.418244
-0.053801
-0.259814
-0.794331
0.067371
-0.305227
-0.079847
0.048741
-0.201351
-0.210832
1.581838
0.371613
0.300142
-0.018661
-0.017773
0.241086
-0.261880
0.530628
-0.002753
0.170968
-0.105357
0.401283
-0.365338
-0.033786
0.160242
0.020453
-0.270820
-0.419278
-0.021055
-0.123035
-0.335950
0.204127
-0.228780
0.083842
-0.049950
-0.195943
0.317868
0.352380
0.459322
-0.465423
0.016166
0.266640
-0.147322
-0.170657
-0.034024
0.168551
0.529888
0.689690
0.561573
-0.396319
-0.139911
0.059408
-0.022967
0.084459
0.055159
0.282214
0.058458
0.169447
0.115879
-0.130480
-0.320677
0.214662
0.022658
0.350976
0.389886
-0.424429
0.166181
0.018883
-0.340687
-0.085177
-0.415744
-0.187149
0.039149
0.439657
-0.788641
-0.024482
-0.160344
-0.215460
0.111134
0.286257
0.422690
-0.459024
0.392817
0.224433
0.033677
-0.222621
0.126609
-0.082517
0.367017
-0.245565
-0.398677
-0.439476
-0.299320
0.077585
0.610910
0.326854
0.016231
0.551201
0.206307
-0.084931
0.961386
0.252378
-0.281708
0.237675
-0.046207
-0.075959
0.217931
0.132257
0.132563
0.039374
0.013238
0.113341
-0.270046
0.028230
-0.209822
-0.264591
0.171629
0.364505
-0.239777
-0.499332
-0.021125
0.232045
0.016653
-0.216336
-0.130103
-0.014456
-0.482039
0.153957
-0.100426
0.075440
-0.271070
-0.179225
0.007692
-0.299318
-0.461490
0.005656
-0.099309
0.120744
-0.294253
-0.122829
-0.155605
0.244097
-0.016660
-0.156946
-0.132721
0.170651
-0.034335
0.097935
-0.562799
0.062627
-0.055493
0.331895
0.191072
-0.774246
-0.417506
0.004870
0.073723
0.635269
0.370075
-0.574553
0.204821
0.484750
0.055007
0.356814
-0.078673
0.003294
-0.016710
0.216060
0.093266
-0.066445
-0.112415
0.115159
-0.020923
-0.285217
-0.476320
0.383261
0.238097
0.050753
-0.597799
0.109305
0.195868
0.199490
0.360719
0.087093
-0.167937
0.212031
-0.684377
-0.573460
-0.055375
0.146931
-0.189540
-0.223473
-1.842702
-0.147298
-0.006129
-0.847583
0.328720
-0.456792
-0.516677
0.103379
-0.049695
-0.493281
0.310318
0.606404
-0.097513
0.049648
0.175801
0.202731
-0.583696
0.330102
-0.158834
0.004582
0.095707
0.470395
-0.288105
0.059700
0.147611
0.109020
-0.326464
-0.568543
0.231752
-0.221639
-0.596238
0.237900
-0.341670
0.052657
0.618316
-0.305784
0.270745
0.393440
0.746383
-0.514526
0.107421
0.259622
0.017497
-0.175582
-0.145510
0.489686
0.263004
1.577026
0.202319
-0.602801
0.441462
0.156338
-0.063374
-0.144127
0.015293
0.215656
0.033291
0.030952
0.098504
-0.262765
-0.052716
0.151743
0.113938
0.447851
0.325803
-0.421882
0.373068
0.239160
-0.312968
0.087407
-0.477695
0.023061
0.050102
0.305245
-0.985903
0.213173
0.065821
-0.322702
-0.062490
0.461406
0.144856
-0.435868
0.322853
0.180999
-0.028072
-0.205892
0.193324
-0.025360
0.390003
-0.201659
-0.509452
-0.574911
-0.386374
0.087083
0.704211
0.398490
0.030593
0.638399
0.323847
-0.068124
1.071609
0.320986
-0.313727
0.236388
-0.076838
-0.144344
0.340067
0.197846
0.263362
0.053608
-0.070327
0.186405
-0.309301
-0.083100
-0.115787
-0.372137
0.170245
0.264029
-0.408181
-0.635340
0.038616
0.320650
-0.011603
-0.211071
-0.224869
-0.041499
-0.610639
0.087112
-0.089661
0.005219
-0.321658
-0.147717
0.017366
-0.278217
-0.497272
0.025353
-0.139788
0.130651
-0.261759
-0.113576
-0.026874
0.249908
-0.073356
-0.203710
-0.138289
0.252106
-0.093318
0.129876
-0.622096
0.021661
-0.074054
0.351710
0.269542
-0.966970
-0.459446
-0.094312
0.079464
0.657294
0.375529
-0.740711
0.284864
0.412654
-0.007886
0.466545
-0.081323
-0.009249
-0.024531
0.098222
0.148211
0.002589
-0.151533
0.094749
-0.007899
-0.191438
-0.449569
0.388250
0.461049
0.089440
-0.533976
0.161977
0.186302
0.189191
0.425373
-0.126351
-0.092017
0.078621
-0.733279
-0.495361
-0.009362
0.237291
-0.138063
-0.262930
-2.335117
-0.194674
0.120710
-0.856894
0.437339
-0.508628
-0.740909
0.109666
0.004272
-0.584605
-0.351064
0.687318
-0.332887
0.065135
0.262560
0.178494
-0.730436
0.232550
-0.239184
-0.079040
0.180185
0.462346
-0.260497
0.134750
0.144651
0.132600
-0.332610
-0.642079
0.340614
-0.246654
-0.705241
0.267930
-0.376323
0.017774
0.969545
-0.365687
0.270990
0.407483
0.862679
-0.474910
0.148668
0.235204
0.112038
-0.157934
-0.201385
0.645371
0.136458
1.973059
0.025072
-0.675980
0.691678
0.216467
-0.075599
-0.264606
-0.031515
0.178612
0.030545
-0.042090
0.087627
-0.342402
0.053193
0.162381
0.145071
0.485857
0.296048
-0.428577
0.446737
0.337592
-0.318447
0.149430
-0.489641
0.125165
0.030944
0.242569
-1.054922
0.295473
0.141979
-0.362383
-0.119842
0.547549
0.005873
-0.455489
0.276600
0.174590
-0.064981
-0.234930
0.077006
-0.080470
0.394501
-0.312091
-0.307167
-0.301524
-0.263438
0.073745
0.557592
0.295274
0.008575
0.494160
0.233543
-0.089205
0.813693
0.269760
-0.300231
0.220930
-0.031549
-0.051476
0.165493
0.101829
0.047616
0.028395
0.046027
0.154402
-0.275414
0.131237
-0.263773
-0.279006
0.163797
0.428800
-0.156053
-0.422022
-0.032993
0.278313
0.047926
-0.118205
-0.069034
-0.010373
-0.402562
0.168120
-0.131792
0.102958
-0.237965
-0.166615
-0.002687
-0.332966
-0.425503
-0.005525
-0.081442
0.118534
-0.338435
-0.136987
-0.172117
0.191811
0.020004
-0.160072
-0.180197
0.091627
-0.049341
0.072389
-0.526103
0.102423
-0.071653
0.309899
0.177150
-0.667299
-0.415640
0.107160
0.048175
0.610605
0.385849
-0.579070
0.186958
0.543037
0.061527
0.389829
-0.070503
-0.042859
0.029786
0.123066
0.068708
-0.080304
-0.062804
0.157435
-0.073323
-0.359151
-0.570654
0.322790
0.142867
0.058549
-0.564396
0.162063
0.194947
0.189309
0.307033
0.192394
-0.191657
0.249873
-0.627629
-0.531991
-0.048228
0.109210
-0.165228
-0.176888
-1.230806
-0.127198
-0.021804
-0.839792
0.271550
-0.387951
-0.532064
0.063025
-0.099075
-0.395811
0.232387
0.518408
-0.131627
0.012246
0.138189
0.216548
-0.540083
0.351071
-0.136927
0.044994
0.080182
0.392806
-0.334056
0.128514
0.142227
0.097832
-0.267206
-0.546783
0.181312
-0.166223
-0.533994
0.300758
-0.291140
0.033010
0.640569
-0.325709
0.306250
0.391058
0.674370
-0.392792
0.083005
0.252043
0.024262
-0.123365
-0.128103
0.471109
0.295615
1.525946
0.245515
-0.507730
0.345658
0.180552
-0.036832
-0.103024
-0.027058
0.224574
0.054798
0.042702
0.105634
-0.259422
-0.143205
0.239562
0.064929
0.403407
0.353527
-0.438692
0.276701
0.177794
-0.350853
0.042035
-0.437416
0.000372
0.012518
0.354082
-0.930486
0.130085
-0.028627
-0.304360
-0.001668
0.463555
0.182434
-0.508757
0.292955
0.238158
-0.028786
-0.291648
-0.022272
-0.168802
0.253773
-0.457453
0.128771
0.205828
-0.063624
0.059169
0.255697
0.133834
-0.066159
0.161003
0.010416
-0.142538
0.304715
0.182133
-0.186735
0.213540
0.062263
0.113705
-0.132928
-0.066133
-0.395218
-0.012455
0.217376
-0.023195
-0.138045
0.570948
-0.399015
-0.021474
0.175307
0.670817
0.367141
0.076348
-0.162473
0.190304
0.192334
0.070658
0.190929
0.126849
-0.012362
0.265965
-0.169664
0.323475
-0.097394
-0.170518
-0.018206
-0.461654
-0.237848
-0.019002
0.067517
0.060523
-0.484096
-0.110743
-0.441003
0.072175
0.214919
-0.138812
-0.217195
-0.247992
-0.029765
-0.194190
-0.197764
0.274339
-0.108509
0.193424
-0.026908
-0.080671
-0.275011
0.481852
0.030377
0.505451
0.395185
-0.207835
0.007230
0.759468
0.250275
0.168962
-0.031774
-0.137680
0.132353
0.294325
-0.090127
-0.225227
0.117880
0.271657
-0.156728
-0.408578
-0.688475
0.240792
-0.388049
-0.077646
-0.419162
0.107684
0.171485
0.200839
0.099047
0.663570
-0.352003
0.471210
-0.226919
-0.193362
-0.108134
-0.129990
-0.219968
-0.086904
1.060079
-0.067592
-0.221796
-0.539787
0.017406
-0.182287
-0.004432
-0.012329
-0.216875
-0.034086
1.597313
0.212610
0.190444
-0.068258
-0.051215
0.298675
-0.124225
0.527173
0.063122
0.375418
-0.172899
0.329540
-0.258499
0.080029
0.117077
-0.034951
0.068765
-0.360020
-0.164961
0.014040
-0.204690
0.568379
-0.112635
0.096130
0.064918
-0.155645
0.314068
0.339089
0.264842
-0.013346
-0.063269
0.259912
-0.010494
-0.077694
0.048108
0.044370
0.580513
0.302013
0.549885
-0.189498
-0.309492
0.084202
0.027372
0.202469
0.023649
0.280981
0.019390
0.254415
0.005728
0.012030
-0.490457
0.291287
-0.102951
0.210445
0.334411
-0.354673
-0.011982
-0.080060
-0.340344
-0.111720
-0.146557
-0.169945
-0.028232
0.442318
-0.447759
-0.222384
-0.335103
-0.191496
0.176751
0.333204
0.447106
-0.540900
0.170697
0.343984
0.008846
-0.305641
-0.006560
-0.197505
0.127346
-0.464469
0.293186
0.345755
0.004243
0.027842
0.135627
0.074514
-0.093988
0.053086
-0.091298
-0.170933
0.120015
0.135608
-0.112295
0.216678
0.113141
0.163820
-0.231682
-0.111923
-0.555304
-0.020597
0.274350
-0.142429
-0.053778
0.702793
-0.385981
0.117932
0.187548
0.709614
0.573224
0.309902
-0.212172
0.146261
0.247553
0.119126
0.253061
0.177139
0.135648
0.300955
-0.182631
0.415012
-0.037574
-0.173601
0.004685
-0.478105
-0.138801
0.000472
0.149712
0.004830
-0.533192
-0.068404
-0.538387
0.061526
0.274227
-0.118570
-0.208439
-0.339021
-0.032653
-0.332214
-0.047072
0.322000
-0.165052
0.140294
-0.126064
0.155137
-0.198905
0.594688
0.036543
0.431653
0.383874
-0.034159
-0.073965
0.828570
0.340504
0.041255
-0.028464
-0.195293
0.125307
0.389832
-0.116102
-0.256411
0.162304
0.272815
-0.164634
-0.303280
-0.644148
0.235220
-0.506135
-0.147876
-0.289791
0.040808
0.125772
0.212187
0.030391
0.811546
-0.378896
0.494538
0.055500
0.083309
-0.133466
-0.219880
-0.246157
-0.082689
1.972514
-0.031318
-0.269235
-0.290402
-0.058879
-0.114916
0.305916
-0.029973
-0.204512
0.117608
2.014304
0.093061
0.285241
-0.066850
-0.128838
0.331378
0.085331
0.542605
0.137776
0.517441
-0.259937
0.299359
-0.099850
0.001775
0.090117
-0.129195
0.278072
-0.238429
-0.308351
0.113333
-0.052781
0.681731
-0.035651
0.152090
-0.191193
-0.033253
0.224203
0.279712
0.033520
0.184781
-0.121213
0.232710
-0.003543
-0.097833
0.164235
-0.204265
0.662227
-0.364494
0.612343
-0.080017
-0.585513
-0.005419
0.050015
0.288217
0.101595
0.254732
-0.028525
0.367918
-0.080363
0.196639
-0.591196
0.230139
-0.178099
0.138252
0.254551
-0.252859
-0.094392
-0.164884
-0.270266
-0.189799
0.052157
-0.207256
-0.052128
0.370675
-0.154325
-0.371063
-0.414390
-0.086923
0.192697
0.251428
0.509746
-0.492524
0.063018
0.350211
0.042647
-0.359795
0.078783
-0.174009
0.081230
-0.457057
0.312951
0.333244
-0.058278
0.056000
0.113744
0.113910
-0.081204
0.136983
-0.026777
-0.152125
0.051255
0.125705
-0.111100
0.136009
0.116902
0.159478
-0.170774
-0.115257
-0.572193
0.021171
0.279941
-0.112669
-0.047944
0.712547
-0.269594
0.150893
0.194296
0.686190
0.578510
0.367836
-0.174982
0.211493
0.297853
0.194959
0.282040
0.238767
0.170348
0.269008
-0.209021
0.437431
-0.124094
-0.137585
0.037274
-0.540372
-0.131026
0.061212
0.147938
-0.030562
-0.575025
0.034375
-0.532955
0.071497
0.344290
-0.162442
-0.216039
-0.358713
-0.114353
-0.373957
0.027245
0.320761
-0.267548
0.140026
-0.156060
0.136568
-0.192231
0.653512
0.067459
0.497924
0.381173
-0.055271
0.004331
0.860039
0.349782
0.019781
-0.017134
-0.262051
0.143885
0.313332
-0.097761
-0.235081
0.148585
0.323957
-0.135979
-0.202516
-0.652876
0.261229
-0.329380
-0.201841
-0.263463
0.057191
0.157619
0.178573
0.011438
0.748934
-0.382607
0.434611
0.064074
0.310758
-0.159477
-0.198367
-0.253148
-0.074111
2.272931
-0.018982
-0.232689
-0.265022
0.016812
-0.139691
0.231800
0.003328
-0.168337
-0.017345
0.154171
0.097576
0.239104
-0.098537
-0.122957
0.348977
-0.023995
0.507886
0.158702
0.594612
-0.162233
0.296695
-0.015489
0.074104
0.050235
-0.126497
0.399881
-0.259664
-0.215794
0.149898
-0.013495
0.834985
-0.009815
0.182599
0.077123
-0.043295
0.137728
0.316740
-0.053626
0.312938
-0.162319
0.264731
0.052748
-0.116547
0.250473
-0.187346
0.532821
-0.249577
0.560686
-0.077401
-0.509795
-0.033434
0.079564
0.271631
0.142419
0.251890
-0.049004
0.387730
-0.113114
0.220393
-0.576468
0.201300
-0.157196
0.126349
0.227602
-0.148023
-0.084590
-0.168717
-0.216502
-0.221220
0.099500
-0.153461
-0.168597
0.291577
-0.212729
-0.375811
-0.393660
-0.120681
0.181853
0.302667
0.454193
-0.536495
-0.005761
0.384360
0.043967
-0.391511
0.194601
-0.115940
0.053522
-0.409760
0.237751
0.218509
-0.159096
0.080942
0.178508
0.182480
-0.069199
0.251722
0.074078
-0.115152
0.097823
0.156397
-0.139655
0.082531
0.104675
0.107438
-0.039743
-0.069830
-0.493180
0.071082
0.218855
-0.061955
-0.063372
0.648929
-0.123956
0.096290
0.211360
0.595398
0.463338
0.315994
-0.107523
0.297688
0.309002
0.218093
0.213168
0.251599
0.088488
0.205826
-0.218534
0.403653
-0.214031
-0.098182
0.068598
-0.564483
-0.157374
0.115400
0.113008
-0.039737
-0.586264
0.122028
-0.435387
0.090571
0.334486
-0.218256
-0.233413
-0.297184
-0.217592
-0.385441
0.037373
0.303305
-0.348616
0.160055
-0.119029
-0.014916
-0.219042
0.608814
0.103822
0.579576
0.392036
-0.157008
0.103843
0.834061
0.321471
0.055270
-0.001339
-0.295755
0.139805
0.191978
-0.034436
-0.174143
0.113314
0.335917
-0.088018
-0.055884
-0.629745
0.285699
-0.063439
-0.207117
-0.216431
0.086200
0.165695
0.163308
0.058976
0.569152
-0.310781
0.297640
0.063126
0.516201
-0.142421
-0.124012
-0.230649
-0.094434
2.132380
-0.043345
-0.133801
-0.238146
0.153246
-0.204784
0.094156
0.028478
-0.098392
-0.149015
-1.246489
0.155519
0.048702
-0.102511
-0.064973
0.344489
-0.181490
0.398859
0.101619
0.567023
-0.050483
0.276136
0.099665
0.147666
0.033352
-0.163376
0.474961
-0.317920
-0.085778
0.163387
-0.083394
0.932957
-0.020690
0.171140
0.452690
-0.078360
0.069509
0.341127
-0.022480
0.415483
-0.158754
0.256521
0.153986
-0.137209
0.285548
-0.079638
0.355534
0.027559
0.401919
-0.147904
-0.316657
-0.024603
0.084607
0.149785
0.151981
0.206035
-0.070942
0.357116
-0.159691
0.179144
-0.485056
0.186843
-0.113562
0.170559
0.164530
-0.060086
-0.006606
-0.090527
-0.183914
-0.221909
0.135749
-0.042364
-0.278026
0.171164
-0.291048
-0.334693
-0.313210
-0.148661
0.131330
0.384658
0.314963
-0.584270
-0.089889
0.381091
0.015527
-0.326943
0.223221
-0.067367
0.091139
-0.338784
0.059984
0.039986
-0.185186
0.013458
0.311884
0.206018
-0.049449
0.284769
0.111514
-0.086133
0.280064
0.204192
-0.219508
0.110283
0.108308
0.028105
0.058610
0.019897
-0.328315
0.070275
0.123496
-0.056079
-0.069266
0.498658
-0.140515
-0.034108
0.226665
0.469621
0.279936
0.143898
-0.064989
0.271529
0.237251
0.100561
0.033600
0.114515
-0.114344
0.204351
-0.189835
0.331141
-0.198000
-0.112935
0.081587
-0.447255
-0.182426
0.093001
0.071377
-0.040746
-0.559087
0.061227
-0.250954
0.106590
0.196837
-0.166084
-0.272596
-0.130027
-0.211952
-0.282160
-0.131038
0.263194
-0.293076
0.211007
-0.008564
-0.198786
-0.275689
0.428426
0.084778
0.562539
0.388047
-0.238271
0.096842
0.738840
0.261189
0.142808
0.010550
-0.212622
0.074524
0.146125
0.087887
-0.100047
0.008141
0.246392
-0.037412
-0.013066
-0.588439
0.285557
0.038057
-0.102266
-0.192823
0.046494
0.077239
0.217683
0.180308
0.360725
-0.183676
0.202393
0.015493
0.407205
-0.076869
-0.035943
-0.165222
-0.140778
1.342431
-0.083560
-0.049500
-0.231552
0.216790
-0.276416
0.045237
0.009824
-0.046318
-0.101153
0.655125
0.252341
-0.089431
-0.016006
0.018105
0.302527
-0.197756
0.251564
-0.036274
0.344748
-0.033517
0.265941
0.133170
0.092602
0.087556
-0.194766
0.321337
-0.324449
-0.075626
0.091642
-0.259030
0.701424
-0.139644
0.099524
0.450480
-0.121665
0.138191
0.294346
0.222932
0.293472
-0.069270
0.188282
0.203531
-0.157028
0.165301
0.118751
0.271287
0.369321
0.228904
-0.285492
-0.139357
0.058510
0.038024
-0.008340
0.088671
0.131335
-0.060450
0.233781
-0.185759
0.060320
-0.343585
0.203168
-0.052165
0.268178
0.088366
-0.055939
0.120067
0.065736
-0.237344
-0.119426
0.050739
0.027592
-0.194245
0.120590
-0.271301
-0.177982
-0.189701
-0.152718
0.046370
0.379837
0.204832
-0.509631
-0.084311
0.287095
-0.034826
-0.293242
0.191902
-0.053730
0.121470
-0.347644
0.031338
0.059051
-0.146051
-0.024784
0.338619
0.175766
-0.047539
0.224470
0.084634
-0.082280
0.288807
0.228347
-0.263651
0.137656
0.140398
0.019867
0.035579
0.035554
-0.322491
0.059491
0.097467
-0.085415
-0.041974
0.507706
-0.244472
-0.085268
0.242957
0.465007
0.277199
0.125722
-0.059670
0.220352
0.217799
0.042411
-0.020057
0.048790
-0.185353
0.235434
-0.187219
0.333491
-0.148034
-0.132828
0.076587
-0.399053
-0.179389
0.069521
0.072215
-0.044415
-0.584464
-0.004714
-0.175599
0.071350
0.151375
-0.095015
-0.331636
-0.097055
-0.185950
-0.248889
-0.196227
0.279393
-0.236834
0.232640
0.036349
-0.188227
-0.291973
0.396386
0.063375
0.538502
0.396607
-0.214565
0.032621
0.735972
0.265651
0.176197
0.041143
-0.165691
0.077628
0.145187
0.116762
-0.091430
-0.012301
0.237875
-0.028985
-0.052889
-0.625398
0.263064
-0.059450
-0.050778
-0.169923
0.027421
0.014279
0.254901
0.219605
0.339744
-0.158080
0.226824
0.003603
0.336446
-0.056192
-0.042306
-0.134941
-0.143062
1.257972
-0.101620
-0.073075
-0.216168
0.180096
-0.286763
0.109090
-0.022154
-0.079553
0.008802
2.515446
0.257489
-0.053821
0.024461
0.033556
0.295648
-0.138044
0.234090
-0.086966
0.263926
-0.104085
0.274149
0.124194
0.039306
0.131778
-0.206089
0.253308
-0.308559
-0.143064
0.061342
-0.288382
0.547312
-0.206567
0.057362
0.272849
-0.129453
0.230760
0.251937
0.334314
0.253498
-0.036703
0.160151
0.216879
-0.152402
0.077635
0.225525
0.293226
0.430575
0.207280
-0.316339
-0.172225
0.105163
0.016959
-0.031495
0.024218
0.128913
-0.036306
0.179403
-0.215793
0.001063
-0.341759
0.235132
-0.034167
0.296377
0.060718
-0.060492
0.150151
0.111303
-0.310916
-0.065407
-0.004505
0.009295
-0.114256
0.154568
-0.177127
-0.104648
-0.188075
-0.168980
0.058496
0.335307
0.215666
-0.457959
-0.044974
0.246289
-0.067457
-0.302265
0.126414
-0.062244
0.168544
-0.366829
0.078136
0.131804
-0.113010
-0.004742
0.296996
0.098206
-0.045423
0.190265
0.046156
-0.088693
0.217464
0.224290
-0.259277
0.134658
0.159542
0.073349
-0.047336
-0.001563
-0.369588
0.046447
0.120737
-0.102491
-0.040137
0.525987
-0.349193
-0.060716
0.247002
0.507070
0.344014
0.189875
-0.080756
0.160836
0.200296
0.012246
0.034321
0.061930
-0.151513
0.265209
-0.211844
0.340708
-0.108484
-0.155158
0.059367
-0.379387
-0.204739
0.066133
0.085404
-0.031943
-0.592475
-0.044322
-0.217289
0.031635
0.170914
-0.018016
-0.356030
-0.137909
-0.148290
-0.221332
-0.195526
0.276761
-0.230915
0.240168
0.012850
-0.097168
-0.285178
0.441386
0.069012
0.530142
0.387928
-0.158855
-0.044114
0.779081
0.306470
0.152868
0.053994
-0.160231
0.092818
0.130383
0.062603
-0.126220
0.046966
0.257068
-0.035632
-0.145191
-0.630748
0.254939
-0.160261
-0.054447
-0.194042
0.056958
0.038600
0.240223
0.184606
0.451591
-0.220356
0.300510
-0.010581
0.231397
-0.076136
-0.101418
-0.146304
-0.107964
1.393725
-0.064172
-0.138123
-0.247543
0.082218
-0.258084
0.130783
-0.037648
-0.148764
0.067723
2.198395
0.209655
0.035396
0.025527
-0.007668
0.308625
-0.098127
0.317735
-0.057649
0.293543
-0.157229
0.273230
0.050030
0.006874
0.135809
-0.155255
0.229944
-0.279365
-0.171130
0.063576
-0.174670
0.419785
-0.205183
0.082450
0.111607
-0.132573
0.229063
0.201143
0.255487
0.219384
-0.038182
0.166945
0.152491
-0.142043
0.033528
0.202147
0.356548
0.386910
0.277868
-0.272176
-0.288385
0.082340
0.025523
0.022816
0.004981
0.172837
0.007772
0.177797
-0.179662
0.004926
-0.414769
0.224483
-0.058042
0.273139
0.125989
-0.103300
0.119572
0.051640
-0.349763
-0.088688
-0.034927
-0.063752
-0.047155
0.208977
-0.139659
-0.071386
-0.239498
-0.153908
0.112717
0.257267
0.282970
-0.421724
0.057035
0.244683
-0.038794
-0.313736
0.099653
-0.087926
0.185997
-0.325984
0.075725
0.131553
-0.127234
0.005970
0.274469
0.013254
-0.050925
0.153387
-0.012036
-0.107590
0.208634
0.224972
-0.243791
0.105051
0.155831
0.131823
-0.102732
-0.032553
-0.361847
0.030199
0.101734
-0.172966
-0.026191
0.484194
-0.416098
0.012279
0.248069
0.500064
0.353523
0.230098
-0.099091
0.056418
0.173574
-0.065458
0.051320
0.078074
-0.139885
0.261965
-0.203437
0.310021
-0.080527
-0.194586
0.034771
-0.327266
-0.228007
0.052933
0.077828
0.001658
-0.543572
-0.064629
-0.272588
-0.018163
0.146872
0.035659
-0.361892
-0.158077
-0.105032
-0.187147
-0.208046
0.262750
-0.218621
0.258746
-0.039491
-0.080688
-0.244299
0.429939
0.093014
0.554490
0.347000
-0.084769
-0.105423
0.768727
0.360702
0.089987
0.066678
-0.135030
0.071946
0.204870
0.025989
-0.158694
0.103377
0.236997
0.039616
-0.175655
-0.554748
0.287696
-0.234018
-0.069030
-0.183665
0.027451
0.027692
0.238745
0.178741
0.491319
-0.268879
0.350396
-0.040981
0.106622
-0.094405
-0.121665
-0.169451
-0.122113
1.200176
-0.032721
-0.153422
-0.268866
0.005438
-0.243425
0.159814
-0.031852
-0.162909
0.109573
0.400298
0.207667
0.116265
0.078359
-0.021121
0.317984
-0.035860
0.345328
-0.031661
0.292407
-0.197257
0.327465
-0.030385
-0.076599
0.131774
-0.118950
0.183824
-0.229315
-0.215583
0.044105
-0.119433
0.273114
-0.232952
0.140322
-0.108616
-0.119213
0.197164
0.135246
0.244851
0.096971
-0.007629
0.182814
0.071169
-0.149134
-0.037906
0.184062
0.423765
0.352141
0.325330
-0.257611
-0.327850
0.061846
0.012661
0.071265
0.004217
0.187084
0.018884
0.177180
-0.118017
0.053860
-0.429696
0.170997
-0.081760
0.260478
0.186861
-0.135285
0.123694
0.023071
-0.349538
-0.059956
-0.070629
-0.122858
0.077475
0.252600
-0.081694
0.004224
-0.239262
-0.135802
0.096623
0.182894
0.340107
-0.325269
0.129913
0.208761
0.001853
-0.372420
0.152174
-0.086898
0.179055
-0.256641
-0.004327
0.057097
-0.223589
0.058398
0.311644
-0.003057
-0.067008
0.150047
-0.041413
-0.091851
0.294947
0.241462
-0.250284
0.044834
0.127696
0.135311
-0.052111
-0.041497
-0.295216
0.050695
0.016320
-0.233703
-0.014214
0.443826
-0.379954
0.029356
0.277213
0.438330
0.256107
0.186043
-0.068320
-0.018510
0.169186
-0.164027
0.006886
0.112353
-0.201954
0.191660
-0.171465
0.242949
-0.137074
-0.209533
0.001737
-0.334175
-0.288205
0.049704
0.006947
0.068228
-0.484424
-0.028810
-0.272733
-0.081013
0.097425
-0.005358
-0.376626
-0.144281
-0.148045
-0.163353
-0.194884
0.276164
-0.195275
0.300476
-0.063496
-0.224704
-0.215604
0.377737
0.151380
0.704806
0.310297
-0.074808
-0.064710
0.712411
0.391333
0.032603
0.128048
-0.081047
0.071474
0.289582
0.013671
-0.185564
0.146863
0.253996
0.194611
-0.107964
-0.452554
0.337637
-0.209789
-0.092344
-0.179674
-0.009102
0.009810
0.261987
0.228564
0.381248
-0.248348
0.344697
-0.149198
0.003246
-0.091834
-0.094850
-0.205425
-0.161255
0.586806
-0.083155
-0.126003
-0.290707
0.041251
-0.304434
0.128554
-0.001310
-0.134258
0.033606
-2.181911
0.288581
0.156910
0.096579
0.030095
0.284666
-0.049700
0.349875
-0.045686
0.253611
-0.200692
0.402770
-0.069112
-0.111353
0.165523
-0.135468
0.106693
-0.254105
-0.186766
-0.028054
-0.161769
0.271862
-0.266018
0.127872
-0.132344
-0.091030
0.211872
0.144152
0.320474
-0.019669
0.006023
0.200089
0.062347
-0.181352
-0.089142
0.214376
0.429447
0.309196
0.306843
-0.331453
-0.236360
0.077477
-0.020633
0.080226
0.010277
0.213572
0.006321
0.145704
-0.084790
0.047356
-0.355685
0.105016
-0.037440
0.312248
0.200840
-0.145271
0.200849
0.075528
-0.329977
0.044061
-0.114871
-0.132179
0.149332
0.247891
-0.115658
0.055302
-0.170199
-0.192607
0.067996
0.195566
0.310864
-0.253342
0.130391
0.160233
-0.015529
-0.393586
0.235058
-0.077039
0.134471
-0.209463
-0.077674
-0.029927
-0.302654
0.083164
0.380281
0.054506
-0.090822
0.149054
-0.050242
-0.087511
0.433503
0.261868
-0.240919
0.050958
0.094314
0.084871
0.038229
-0.013821
-0.225924
0.067197
-0.070635
-0.274028
-0.003512
0.442134
-0.276287
0.001086
0.298593
0.382150
0.140864
0.099630
-0.041759
-0.008437
0.179541
-0.215568
-0.077012
0.117672
-0.283558
0.119928
-0.129260
0.196747
-0.181242
-0.203926
-0.015235
-0.362007
-0.313760
0.036666
-0.044995
0.113651
-0.439523
0.003170
-0.238137
-0.094689
0.027260
-0.103201
-0.368283
-0.105346
-0.202803
-0.208931
-0.177536
0.302521
-0.165917
0.313691
-0.045182
-0.395305
-0.203199
0.302133
0.181203
0.810143
0.313878
-0.124228
0.006743
0.638764
0.380472
0.029366
0.160571
-0.048249
0.066054
0.376192
0.033873
-0.181843
0.144608
0.248963
0.285045
0.025349
-0.388126
0.368153
-0.161240
-0.101373
-0.140059
-0.046675
-0.038535
0.308885
0.306563
0.235449
-0.175663
0.286815
-0.182265
0.005310
-0.059632
-0.026920
-0.214224
-0.213022
0.036116
-0.162822
-0.068455
-0.271778
0.146387
-0.370072
0.124767
0.017342
-0.066167
-0.022259
-2.922470
0.384314
0.086633
0.109115
0.103484
0.251057
-0.081084
0.298308
-0.097293
0.187219
-0.199134
0.453163
-0.027462
-0.119786
0.195958
-0.224629
0.074726
-0.314826
-0.162306
-0.077980
-0.307289
0.376171
-0.295450
0.069011
-0.050350
-0.065598
0.261206
0.192323
0.468023
-0.055255
0.026188
0.184735
0.126812
-0.204569
-0.101083
0.257303
0.417818
0.247162
0.240565
-0.427751
-0.105385
0.112971
-0.056364
0.014077
0.016081
0.196148
-0.042741
0.132939
-0.114578
0.020386
-0.255081
0.084677
0.012161
0.380520
0.140213
-0.140477
0.282916
0.178424
-0.310020
0.124038
-0.107336
-0.078366
0.141068
0.196504
-0.149129
0.041822
-0.094448
-0.235782
0.017382
0.279205
0.240919
-0.254719
0.063063
0.131707
-0.061536
-0.416881
0.316369
-0.065270
0.091908
-0.200405
-0.126235
-0.069867
-0.365904
0.108308
0.436017
0.136487
-0.106447
0.151805
-0.046370
-0.081999
0.533112
0.275740
-0.242727
0.048536
0.075904
0.026046
0.129863
0.014461
-0.190254
0.098378
-0.134413
-0.287975
0.014043
0.495380
-0.178462
-0.042039
0.321280
0.356153
0.050731
0.019290
-0.007018
0.043294
0.220911
-0.228368
-0.141320
0.126745
-0.346799
0.061641
-0.102203
0.186372
-0.234611
-0.182559
-0.021232
-0.435636
-0.321746
0.027480
-0.091192
0.137058
-0.435507
0.041318
-0.195509
-0.103864
-0.011162
-0.206279
-0.380150
-0.083300
-0.274458
-0.267804
-0.149879
0.355530
-0.138298
0.322440
-0.023752
-0.540239
-0.201334
0.275358
0.189261
0.923976
0.333686
-0.179481
0.103249
0.596644
0.356735
0.045559
0.202177
-0.025573
0.090450
0.438259
0.054058
-0.179591
0.129196
0.282479
0.353296
0.127312
-0.404860
0.381255
-0.130165
-0.107330
-0.122064
-0.069992
-0.081761
0.359288
0.371223
0.114204
-0.106301
0.256847
-0.221691
0.050173
-0.035187
0.038038
-0.224813
-0.252964
-0.267115
-0.246781
-0.035726
-0.271988
0.267694
-0.435077
0.152967
0.036042
-0.010478
-0.082130
-2.822367
0.467414
0.060956
0.095037
0.171800
0.225951
-0.115530
0.259924
-0.139069
0.142194
-0.198880
0.497287
0.020701
-0.101285
0.232341
-0.347989
0.061223
-0.385200
-0.142115
-0.122641
-0.458167
0.549578
-0.319737
-0.019779
0.047790
-0.044886
0.352744
0.276628
0.619946
-0.050799
0.021754
0.185165
0.212541
-0.222085
-0.072194
0.325673
0.400042
0.142096
0.205331
-0.511568
-0.000970
0.163257
-0.081323
-0.036760
0.019306
0.199860
-0.091854
0.127105
-0.170039
-0.027042
-0.175941
0.095558
0.078560
0.447053
0.069677
-0.133974
0.341450
0.280706
-0.304640
0.196332
-0.096936
-0.024950
0.077923
0.161222
-0.202418
-0.012846
-0.040201
-0.308936
-0.006125
0.387723
0.190345
-0.305342
-0.025546
0.128567
-0.128312
-0.415658
0.333823
-0.049658
0.050999
-0.229814
-0.096290
-0.020022
-0.342257
0.085517
0.443782
0.172524
-0.125513
0.090799
-0.041051
-0.067991
0.505187
0.283669
-0.259942
0.072514
0.086200
-0.011233
0.151744
0.027137
-0.231668
0.100170
-0.144658
-0.281002
0.030501
0.588650
-0.144763
-0.092580
0.335632
0.366371
0.075476
0.028991
-0.002675
0.088733
0.251661
-0.172500
-0.172140
0.105532
-0.347397
0.055810
-0.095134
0.212248
-0.226179
-0.158907
-0.016273
-0.472946
-0.278047
0.015541
-0.086266
0.124374
-0.480807
0.051017
-0.152935
-0.116184
-0.017294
-0.260161
-0.402534
-0.093023
-0.321148
-0.331174
-0.108350
0.410393
-0.125609
0.301490
0.007869
-0.523332
-0.213532
0.294088
0.175297
0.914084
0.363708
-0.191626
0.121929
0.605100
0.338218
0.070108
0.217097
-0.030942
0.113174
0.421033
0.089401
-0.169275
0.112130
0.294049
0.323634
0.177027
-0.452018
0.337565
-0.173456
-0.090204
-0.068762
-0.079218
-0.122845
0.392171
0.387396
0.076108
-0.046358
0.230379
-0.162030
0.179519
0.001329
0.048594
-0.194647
-0.250028
0.029420
-0.295479
-0.012116
-0.192488
0.301056
-0.431554
0.196423
0.003865
0.000394
-0.020471
-1.482668
0.454292
0.005568
0.064416
0.186588
0.207377
-0.074403
0.213128
-0.171424
0.117112
-0.210859
0.439361
0.078991
-0.051138
0.260367
-0.425480
0.107091
-0.393843
-0.189439
-0.104974
-0.529097
0.691718
-0.300775
-0.093277
0.121415
-0.028337
0.434501
0.312474
0.670881
0.078195
-0.001717
0.150850
0.298557
-0.206441
-0.039167
0.344240
0.387682
0.016048
0.165658
-0.504581
-0.016702
0.215337
-0.078517
-0.054514
-0.011797
0.176319
-0.111660
0.114921
-0.230755
-0.054094
-0.173917
0.170665
0.082246
0.460720
0.001547
-0.092051
0.321284
0.317077
-0.323090
0.214799
-0.043717
0.010027
0.011303
0.151222
-0.132063
-0.104844
-0.061344
-0.323936
0.010926
0.438204
0.151581
-0.360845
-0.136658
0.148564
-0.185474
-0.349731
0.287374
-0.032920
0.042070
-0.274629
-0.050477
0.015173
-0.244738
0.017905
0.428576
0.200726
-0.113009
0.074558
-0.007567
-0.057941
0.438752
0.275273
-0.271743
0.139602
0.113452
-0.041433
0.130058
0.055677
-0.265837
0.074773
-0.083715
-0.218001
0.020091
0.593848
-0.160903
-0.147144
0.314305
0.379701
0.145145
0.040229
-0.018318
0.145982
0.234803
-0.084976
-0.171894
0.050123
-0.328624
0.112863
-0.105584
0.261300
-0.176121
-0.132486
0.021625
-0.437640
-0.208020
0.016766
-0.025613
0.050463
-0.533708
0.018183
-0.098130
-0.056960
0.013419
-0.228146
-0.378797
-0.073778
-0.295918
-0.335810
-0.123900
0.391798
-0.126586
0.262995
0.064235
-0.404302
-0.254756
0.298017
0.120769
0.741838
0.388707
-0.210434
0.083288
0.630473
0.288352
0.133375
0.161030
-0.059878
0.103999
0.325565
0.135201
-0.124215
0.039524
0.255946
0.173364
0.148260
-0.510792
0.273376
-0.162677
-0.042936
-0.044683
-0.057856
-0.120933
0.378256
0.358946
0.096267
-0.020132
0.197346
-0.054592
0.295720
0.020965
0.026892
-0.138847
-0.216474
0.475971
-0.278783
-0.002546
-0.114064
0.271889
-0.387898
0.199649
-0.036436
-0.020863
0.057259
1.689006
0.390304
-0.048219
0.040718
0.160767
0.208197
-0.038011
0.177983
-0.182387
0.114840
-0.202344
0.341990
0.139868
-0.003779
0.250963
-0.390406
0.159659
-0.358130
-0.219762
-0.058617
-0.504714
0.694210
-0.269099
-0.108351
0.186674
-0.041495
0.440735
0.298266
0.614687
0.213403
-0.017029
0.111676
0.341285
-0.177130
-0.012735
0.322729
0.352941
0.051867
0.119909
-0.449133
-0.073713
0.230322
-0.054579
-0.062570
-0.035413
0.136999
-0.090834
0.097493
-0.272565
-0.065366
-0.207262
0.235419
0.053013
0.421582
-0.041622
-0.061269
0.266384
0.294336
-0.339861
0.172960
0.003579
0.033201
-0.030989
0.146262
-0.052080
-0.141675
-0.104295
-0.283005
0.029102
0.416974
0.127146
-0.388558
-0.182304
0.169419
-0.199104
-0.287845
0.181930
-0.022763
0.101973
-0.289060
-0.028703
0.025682
-0.144843
-0.050780
0.395051
0.124043
-0.080276
0.098947
0.023224
-0.044782
0.344989
0.261618
-0.305401
0.165287
0.143379
-0.014549
0.049435
0.055698
-0.272138
0.038984
-0.007218
-0.152691
-0.014520
0.498331
-0.274557
-0.168634
0.281799
0.385857
0.215904
0.082464
-0.047905
0.123203
0.165189
-0.063330
-0.144972
-0.024702
-0.296781
0.204039
-0.147872
0.266849
-0.093842
-0.149912
0.044918
-0.315941
-0.184715
0.027324
0.030885
0.000533
-0.552931
-0.045284
-0.078565
-0.008690
0.030534
-0.084321
-0.369791
-0.035582
-0.213214
-0.234285
-0.210483
0.314703
-0.154938
0.250169
0.090069
-0.246918
-0.292998
0.286732
0.082476
0.555583
0.380868
-0.190992
-0.032791
0.668402
0.270491
0.166974
0.094506
-0.082696
0.052173
0.170854
0.169663
-0.092014
0.005413
0.182768
0.048382
0.022381
-0.512507
0.224723
-0.148216
0.017928
-0.075213
-0.027047
-0.087285
0.328290
0.305262
0.201582
-0.046455
0.192890
-0.000801
0.240382
0.017096
-0.024861
-0.089383
-0.151925
0.775525
-0.173171
-0.023301
-0.116916
0.149369
-0.323462
0.143391
-0.074866
-0.078478
0.141653
2.758473
0.294068
-0.070304
0.054939
0.086492
0.213574
-0.013201
0.169243
-0.175916
0.088710
-0.158574
0.220283
0.113593
-0.008327
0.220964
-0.247398
0.138932
-0.269069
-0.220994
-0.002796
-0.374322
0.430114
-0.249734
-0.042108
0.141633
-0.086883
0.350256
0.198874
0.469025
0.213767
-0.003840
0.074720
0.261552
-0.161143
-0.037842
0.297943
0.307010
0.321668
0.100571
-0.378169
-0.168101
0.192538
-0.024561
-0.074697
-0.058057
0.094698
-0.015318
0.061888
-0.219161
-0.067161
-0.264165
0.257708
-0.003281
0.371601
0.005841
-0.045625
0.215685
0.210713
-0.357516
0.073338
-0.033288
0.003580
0.005609
0.157779
-0.017474
-0.062859
-0.138971
-0.177412
0.043383
0.284677
0.134044
-0.345919
-0.085190
0.157589
-0.137617
-0.311827
0.187998
-0.018749
0.059548
-0.229844
0.013300
0.042060
-0.144817
-0.091724
0.319328
0.002066
-0.068919
0.089226
0.015175
-0.038480
0.172637
0.249793
-0.309633
0.064045
0.186354
0.055674
-0.007687
0.025586
-0.309276
0.042053
0.016099
-0.217837
0.022665
0.436410
-0.305519
-0.050423
0.287169
0.328917
0.305249
0.258874
-0.050251
0.026045
0.155842
-0.071457
-0.122826
-0.013294
-0.220730
0.235110
-0.175393
0.274347
-0.067671
-0.170436
0.074709
-0.228261
-0.137043
0.069985
0.067574
-0.040381
-0.563834
-0.001155
-0.100322
-0.041507
0.053316
0.021590
-0.401467
-0.050520
-0.206910
-0.203066
-0.182279
0.281465
-0.253669
0.256169
0.000660
-0.110398
-0.240640
0.328347
0.104957
0.506087
0.317740
-0.060210
-0.115564
0.702241
0.347011
0.066280
0.106383
-0.120741
-0.004312
0.121020
0.195337
-0.080464
0.028122
0.149920
0.117647
0.074741
-0.406192
0.245384
-0.091993
-0.010257
0.020016
-0.077861
-0.113079
0.291354
0.255001
0.248404
-0.067109
0.166486
0.140291
0.368336
-0.014079
-0.071814
-0.083156
-0.146014
1.210033
-0.069047
0.000946
0.009032
0.066122
-0.275804
0.217488
-0.069834
-0.056327
0.212229
0.512080
0.208579
-0.052546
0.116425
0.030362
0.243638
0.083385
0.105262
-0.136773
0.135016
-0.124470
0.173543
0.180119
-0.082749
0.174736
-0.221132
0.235832
-0.117419
-0.258708
0.066359
-0.200254
0.271148
-0.233185
0.075855
0.001567
-0.060209
0.160877
0.065660
0.255431
0.249658
-0.003938
0.067873
0.196520
-0.186450
-0.016019
0.212603
0.254823
0.266301
0.063712
-0.306719
-0.268627
0.114216
-0.001643
-0.042513
-0.008018
0.043894
-0.004785
0.077638
-0.203217
0.067368
-0.292900
0.167338
-0.056604
0.316913
0.004798
0.059606
0.194236
0.134774
-0.291946
0.018914
0.037592
-0.015575
0.056433
0.086180
0.162527
0.002957
-0.134002
-0.070351
0.002811
0.147101
0.139862
-0.220308
-0.101136
0.116007
-0.061881
-0.392972
0.367524
-0.017243
-0.104240
-0.128428
0.029185
-0.016792
-0.227554
-0.098404
0.266960
-0.008459
-0.065866
0.110503
-0.016630
-0.017846
0.061860
0.223896
-0.272336
-0.070008
0.227426
0.096830
0.046760
0.014362
-0.342657
0.088343
-0.004409
-0.370230
0.128539
0.393395
-0.168513
0.137272
0.330228
0.219483
0.385276
0.445206
-0.008307
-0.081430
0.212806
-0.078062
-0.124389
0.104998
-0.191760
0.192650
-0.153315
0.325857
-0.181873
-0.151117
0.135534
-0.238309
-0.080279
0.170199
0.096405
-0.123107
-0.610232
0.159063
-0.103991
-0.065373
0.146607
0.026022
-0.403175
-0.086036
-0.288332
-0.268332
-0.037429
0.272244
-0.378634
0.278750
-0.103437
-0.076084
-0.157628
0.370291
0.193924
0.578997
0.245869
0.115054
-0.084311
0.715997
0.463372
-0.112717
0.158019
-0.146212
-0.016517
0.240806
0.235292
-0.059928
-0.011112
0.188915
0.277592
0.340826
-0.264847
0.361049
0.097073
-0.135731
0.163211
-0.193033
-0.135634
0.268060
0.240140
0.105265
-0.064686
0.080923
0.286248
0.766133
-0.076277
-0.104841
-0.131429
-0.209736
1.624552
-0.071600
0.046780
0.270400
0.109200
-0.317948
0.365953
-0.000051
0.036843
0.102293
-1.384774
0.209462
0.041551
0.159662
0.038116
0.277292
0.132261
0.033963
-0.073393
0.297136
-0.099731
0.272090
0.415032
-0.157054
0.138076
-0.242584
0.448051
-0.020197
-0.258217
0.093465
-0.053859
0.390111
-0.234666
0.211525
-0.017578
0.045483
-0.048114
0.009341
0.069999
0.388680
-0.056222
0.108246
0.253905
-0.269323
0.069258
0.123341
0.138209
-0.041492
-0.020568
-0.309205
-0.269364
0.014693
0.005337
0.041965
0.112057
0.020892
-0.068962
0.132444
-0.294999
0.265364
-0.257236
-0.037101
-0.046712
0.282358
-0.099335
0.297051
0.255779
0.118263
-0.153805
0.079276
0.185715
0.008213
0.068923
-0.067283
0.386121
0.062381
-0.061662
-0.085355
-0.070702
0.093921
0.089120
-0.055190
-0.252384
0.058326
-0.041905
-0.390662
0.477553
0.005932
-0.213685
-0.046449
0.008807
-0.093025
-0.262262
-0.132763
0.272609
0.005410
-0.065832
0.108596
-0.028788
-0.014975
0.058365
0.231269
-0.245044
-0.086206
0.255697
0.078488
0.095504
0.048546
-0.320161
0.099530
-0.050131
-0.460551
0.191936
0.336983
-0.074099
0.192173
0.358013
0.111490
0.386350
0.503078
0.018691
-0.119640
0.216570
-0.103381
-0.195032
0.121512
-0.235740
0.162281
-0.132456
0.338304
-0.203317
-0.137649
0.178898
-0.199560
-0.033589
0.215999
0.122957
-0.181605
-0.620049
0.213689
-0.043092
-0.061878
0.137929
0.033045
-0.394926
-0.049403
-0.333423
-0.321316
0.014532
0.255828
-0.427697
0.282638
-0.120319
-0.089326
-0.124261
0.325686
0.222928
0.558582
0.212792
0.165180
-0.086875
0.685947
0.502580
-0.166891
0.176397
-0.161041
-0.052413
0.292624
0.292969
-0.015856
-0.056124
0.154637
0.345590
0.557282
-0.146708
0.406595
0.233841
-0.166473
0.323225
-0.260153
-0.197962
0.281751
0.270479
-0.045474
-0.010387
-0.025209
0.439234
1.035616
-0.073496
-0.087510
-0.124721
-0.279841
1.627385
-0.097599
0.119422
0.485847
0.154049
-0.352021
0.461169
0.016499
0.119961
0.107120
-1.285798
0.232645
-0.006552
0.217830
0.077747
0.281167
0.189549
-0.060574
-0.090699
0.323116
-0.111124
0.313650
0.593925
-0.224280
0.129043
-0.288448
0.573347
0.034493
-0.276860
0.103041
-0.034931
0.433786
-0.254380
0.248307
-0.016958
0.112802
-0.143832
-0.049617
0.027622
0.496573
-0.053276
0.084839
0.335858
-0.308073
0.081354
0.096172
0.075157
-0.226459
-0.152005
-0.333785
-0.230538
-0.015463
-0.007270
0.017699
0.155141
-0.026467
-0.120358
0.139715
-0.386207
0.363603
-0.197453
-0.150135
-0.043663
0.278590
-0.210872
0.398961
0.318709
0.171876
-0.086463
0.141615
0.305259
0.062014
0.103178
-0.190953
0.597656
0.104525
0.003481
-0.067161
-0.149029
0.072309
0.011065
0.058742
-0.369642
0.003949
-0.051605
-0.378781
0.492719
0.017615
-0.231814
-0.005643
-0.010852
-0.130197
-0.278037
-0.139176
0.290232
-0.008445
-0.075013
0.085897
-0.041094
-0.021066
0.091095
0.250728
-0.232824
-0.066933
0.254081
0.073032
0.103835
0.060984
-0.289234
0.088174
-0.091481
-0.498478
0.204048
0.298712
-0.061797
0.188324
0.366328
0.066000
0.359241
0.498429
0.020816
-0.144319
0.192037
-0.140834
-0.236689
0.115099
-0.277896
0.140830
-0.117233
0.312932
-0.185165
-0.141669
0.176128
-0.159031
-0.038754
0.215930
0.122823
-0.174516
-0.591842
0.202429
-0.015887
-0.077317
0.099580
0.040998
-0.390007
-0.026771
-0.335065
-0.332138
0.013718
0.244034
-0.416926
0.284984
-0.110314
-0.118068
-0.114268
0.275404
0.236598
0.546431
0.200077
0.160126
-0.114393
0.654889
0.513986
-0.169827
0.180617
-0.153212
-0.073292
0.310712
0.299468
-0.004743
-0.043719
0.119842
0.372043
0.623639
-0.071317
0.418581
0.255275
-0.158777
0.398224
-0.268330
-0.231036
0.293770
0.296615
-0.103643
0.009352
-0.062978
0.481964
1.066494
-0.055167
-0.077526
-0.113556
-0.309895
1.416762
-0.114559
0.157546
0.552516
0.149561
-0.360781
0.466731
0.006151
0.138553
0.146814
-1.492101
0.249786
-0.056412
0.253527
0.103196
0.275709
0.224584
-0.086084
-0.115031
0.298036
-0.139549
0.329603
0.617737
-0.258956
0.133597
-0.287748
0.586433
0.046338
-0.297367
0.093501
-0.041447
0.395305
-0.271934
0.250703
-0.047146
0.130380
-0.155351
-0.091969
0.050658
0.503740
-0.030188
0.059087
0.356700
-0.309777
0.030383
0.092898
0.089117
-0.273285
-0.210461
-0.349673
-0.207114
-0.007927
-0.023247
-0.002693
0.141800
-0.044787
-0.128097
0.124281
-0.396176
0.381172
-0.175158
-0.182111
-0.055815
0.283346
-0.231175
0.396004
0.347982
0.202853
-0.085503
0.182811
0.337115
0.073959
0.169702
-0.215632
0.691215
0.143769
0.021246
-0.053407
-0.177379
0.057201
-0.021134
0.116015
-0.384436
-0.024446
-0.055821
-0.375435
0.518599
0.029677
-0.282366
0.023389
0.009039
-0.114068
-0.288352
-0.155511
0.279856
-0.026286
-0.094154
0.031448
-0.054294
-0.032644
0.059127
0.273333
-0.217578
-0.064306
0.264998
0.066931
0.102453
0.064306
-0.301572
0.081222
-0.128077
-0.549625
0.237102
0.322883
-0.040093
0.201547
0.379366
0.025516
0.369206
0.545746
0.024036
-0.147753
0.198465
-0.143836
-0.275464
0.107632
-0.279101
0.118236
-0.111960
0.307680
-0.151607
-0.139644
0.178657
-0.138971
-0.005056
0.214649
0.132458
-0.177375
-0.585659
0.206565
0.003577
-0.113979
0.062148
0.029182
-0.407639
-0.032081
-0.362631
-0.386590
0.052230
0.264294
-0.426660
0.272850
-0.128069
-0.103430
-0.084893
0.270836
0.236913
0.530511
0.189879
0.174165
-0.135668
0.640691
0.538031
-0.181961
0.199420
-0.172327
-0.089790
0.320579
0.314512
0.004959
-0.016111
0.096279
0.407438
0.724608
-0.016232
0.409341
0.249659
-0.160218
0.528846
-0.288618
-0.298047
0.316642
0.309970
-0.144599
0.043082
-0.103543
0.593731
1.171748
-0.031893
-0.066192
-0.095777
-0.343491
1.450268
-0.127241
0.200637
0.663647
0.152667
-0.351282
0.519742
-0.011093
0.172136
0.228881
-1.887152
0.240489
-0.129327
0.286135
0.121378
0.274577
0.297191
-0.137238
-0.134553
0.286083
-0.171988
0.319110
0.675806
-0.286059
0.133671
-0.345185
0.652383
0.079711
-0.346808
0.113177
-0.047651
0.417502
-0.271516
0.234239
-0.082566
0.158655
-0.166849
-0.133937
0.046394
0.576881
-0.017737
0.028753
0.398992
-0.301629
0.016947
0.067881
0.102301
-0.413891
-0.270971
-0.337633
-0.219400
0.000669
-0.031597
-0.025609
0.133220
-0.076585
-0.151435
0.127636
-0.436813
0.424312
-0.165899
-0.198932
-0.078856
0.280962
-0.282815
0.402237
0.350562
0.232526
-0.075913
0.210131
0.417233
0.101009
0.198401
-0.258941
0.841367
0.127033
0.022726
-0.022490
-0.204194
0.054649
-0.049764
0.154387
-0.457345
-0.038237
-0.065167
-0.355091
0.479556
0.034519
-0.276527
0.026045
0.000436
-0.120612
-0.275085
-0.159729
0.302752
-0.033058
-0.115629
-0.002739
-0.059663
-0.040999
0.119088
0.280067
-0.212244
-0.009976
0.240591
0.035867
0.094537
0.072580
-0.280007
0.064286
-0.148181
-0.529049
0.209068
0.338703
-0.032231
0.143924
0.373729
0.024428
0.321751
0.493537
0.001582
-0.111299
0.173814
-0.156092
-0.317135
0.052880
-0.285849
0.108547
-0.106957
0.263719
-0.087148
-0.153063
0.154131
-0.115249
-0.009906
0.172512
0.117621
-0.129399
-0.536390
0.171294
-0.003376
-0.108803
-0.023120
-0.011136
-0.391094
0.000008
-0.357212
-0.401115
0.033753
0.279540
-0.390263
0.249606
-0.107018
-0.132817
-0.092898
0.223453
0.214937
0.504601
0.205198
0.113757
-0.149127
0.607590
0.500232
-0.152765
0.185864
-0.167957
-0.122349
0.294606
0.317299
0.000378
0.021248
0.038043
0.384402
0.721374
0.032522
0.359177
0.199362
-0.116039
0.544664
-0.278795
-0.333310
0.353583
0.331556
-0.113952
0.093751
-0.122258
0.642034
1.068360
0.017884
-0.040223
-0.078286
-0.337471
1.152197
-0.136678
0.221252
0.651085
0.153762
-0.337429
0.511224
-0.043149
0.184924
0.313393
-2.010559
0.240556
-0.242546
0.283885
0.125558
0.239917
0.338507
-0.154916
-0.176163
0.192656
-0.185454
0.241396
0.645998
-0.281578
0.152875
-0.406646
0.603970
0.066799
-0.362898
0.123645
-0.127434
0.407539
-0.239323
0.160206
-0.076142
0.164936
-0.129969
-0.132992
0.082407
0.551157
0.006503
-0.031661
0.388808
-0.287943
0.008327
0.011457
0.160980
-0.496920
-0.284292
-0.345072
-0.232192
0.020297
-0.043044
-0.102924
0.111110
-0.116474
-0.155668
0.122346
-0.415782
0.392772
-0.143750
-0.142654
-0.096844
0.313459
-0.288609
0.310460
0.342354
0.263350
-0.084541
0.176058
0.432499
0.116218
0.184997
-0.271323
0.820853
0.040729
0.020476
0.046014
-0.208847
0.072280
-0.074452
0.110713
-0.472640
-0.041135
-0.068010
-0.223579
0.388812
0.059106
-0.211042
0.022425
-0.082757
-0.219768
-0.197091
-0.228074
0.394639
0.008197
-0.104161
0.024791
-0.013964
-0.057887
0.291610
0.303668
-0.230578
0.152450
0.222204
-0.046811
0.097860
0.147268
-0.171513
0.017676
-0.150202
-0.432493
0.141092
0.239511
-0.082885
-0.016421
0.341227
-0.000482
0.207920
0.307684
-0.024786
-0.024959
0.075011
-0.193417
-0.422052
-0.107678
-0.387009
0.151981
-0.105960
0.213183
0.033174
-0.168603
0.157987
-0.003512
-0.016691
0.112918
0.132183
-0.125610
-0.479766
0.038206
0.084884
-0.006966
-0.156111
0.019399
-0.344187
0.145048
-0.276525
-0.341319
-0.134203
0.222724
-0.309625
0.225529
0.013949
-0.191000
-0.171546
0.070537
0.131774
0.322887
0.249728
-0.048686
-0.198436
0.543881
0.380929
0.002255
0.101672
-0.152699
-0.202851
0.184229
0.376314
0.061641
-0.042943
-0.108839
0.235872
0.651003
0.035993
0.283212
0.216578
0.014131
0.529957
-0.232668
-0.372072
0.384996
0.387503
-0.122774
0.172195
-0.186552
0.698622
0.900968
0.095474
0.019158
-0.005957
-0.349259
0.531490
-0.137667
0.265699
0.607274
0.156460
-0.326137
0.433475
-0.101254
0.189891
0.446643
1.370855
0.261949
-0.468777
0.321720
0.149401
0.207578
0.344764
-0.210180
-0.282389
0.011686
-0.200983
0.141297
0.621507
-0.290871
0.171206
-0.410332
0.492691
0.035414
-0.356690
0.122189
-0.268125
0.237994
-0.253002
0.068605
-0.029963
0.113268
-0.068643
-0.169452
0.208362
0.492109
0.084106
-0.129565
0.391544
-0.250772
-0.069622
0.043324
0.201846
-0.272653
-0.373441
-0.384008
-0.177171
0.067072
-0.066613
-0.269104
0.043555
-0.187909
-0.132250
0.069482
-0.410473
0.288099
-0.097845
-0.051329
-0.119139
0.355868
-0.303490
0.141875
0.359470
0.339330
-0.146160
0.135278
0.408295
0.171188
0.207684
-0.278593
0.790764
0.038680
0.036295
0.145077
-0.239610
0.084093
-0.135311
0.062839
-0.427991
-0.057680
-0.074998
-0.162808
0.344415
0.072747
-0.198978
0.021481
-0.123278
-0.284239
-0.168616
-0.225575
0.454169
0.064901
-0.121726
0.029757
-0.002212
-0.069057
0.454877
0.311282
-0.204469
0.289306
0.185649
-0.121919
0.114824
0.184943
-0.113225
-0.007925
-0.163640
-0.375161
0.083862
0.220013
-0.042020
-0.129503
0.326182
-0.004604
0.119605
0.171094
-0.052749
0.059255
0.021603
-0.210879
-0.484608
-0.176313
-0.439980
0.143624
-0.092070
0.165092
0.094374
-0.172494
0.141710
0.021779
-0.043921
0.069054
0.126441
-0.083599
-0.418172
-0.025538
0.097377
0.067908
-0.247493
-0.040826
-0.273268
0.222386
-0.253256
-0.361489
-0.178665
0.204781
-0.248941
0.190818
0.086311
-0.264552
-0.216334
-0.030908
0.099836
0.244273
0.290817
-0.182174
-0.196997
0.487536
0.299358
0.086942
0.048980
-0.149742
-0.243122
0.161611
0.377430
0.074677
-0.042032
-0.193185
0.139257
0.658442
0.090383
0.233483
0.220280
0.072642
0.516727
-0.195480
-0.381911
0.416210
0.427269
-0.111822
0.229495
-0.236782
0.748962
0.785167
0.153697
0.058464
0.013524
-0.352704
-0.038382
-0.176599
0.288331
0.588500
0.189452
-0.332463
0.386454
-0.132423
0.202983
0.495002
2.962762
0.295385
-0.649581
0.309149
0.173807
0.170998
0.333695
-0.204153
-0.343486
-0.082406
-0.222786
0.083020
0.619374
-0.272482
0.188469
-0.445539
0.436053
-0.035108
-0.326715
0.119466
-0.382531
0.247068
-0.215198
-0.018356
0.069206
0.113361
-0.024923
-0.144664
0.265793
0.478004
0.120061
-0.202965
0.403747
-0.235003
-0.089504
-0.029352
0.273957
-0.309565
-0.409394
-0.422986
-0.150836
0.081235
-0.087924
-0.386563
0.027106
-0.225047
-0.140275
0.073888
-0.409122
0.231489
-0.062978
-0.003653
-0.135471
0.395017
-0.319909
-0.000659
0.374425
0.390635
-0.158386
0.090067
0.428001
0.210134
0.187733
-0.303790
0.718291
-0.051746
0.042904
0.215550
-0.249185
0.132911
-0.186189
-0.006511
-0.416783
-0.053321
-0.083921
-0.157020
0.305684
0.071365
-0.137204
-0.020482
-0.123495
-0.260072
-0.168692
-0.190782
0.467791
0.096839
-0.119572
0.046132
0.028639
-0.075184
0.487888
0.324871
-0.210976
0.315447
0.162687
-0.130115
0.117898
0.183230
-0.106224
-0.013703
-0.156926
-0.306600
0.044026
0.243028
-0.060829
-0.188527
0.312631
0.041439
0.088014
0.106026
-0.052722
0.111808
0.020433
-0.180195
-0.458145
-0.174435
-0.448186
0.135147
-0.098593
0.155485
0.089051
-0.165394
0.118850
-0.018860
-0.080308
0.050613
0.111497
-0.056666
-0.414462
-0.056938
0.091823
0.066467
-0.240071
-0.070801
-0.268947
0.199850
-0.249711
-0.347482
-0.201550
0.209927
-0.219735
0.187437
0.117342
-0.302407
-0.248015
-0.018289
0.085182
0.258735
0.316462
-0.258202
-0.167421
0.491960
0.262901
0.152127
0.038009
-0.151074
-0.207338
0.123842
0.341747
0.063552
-0.025403
-0.164887
0.088931
0.569767
0.022303
0.211056
0.194625
0.088810
0.455710
-0.131260
-0.337148
0.404376
0.423427
-0.084589
0.203013
-0.203777
0.648327
0.694269
0.161603
0.066932
0.015172
-0.337164
-0.128449
-0.198280
0.273500
0.477555
0.195432
-0.327847
0.277068
-0.140930
0.163260
0.457947
3.111136
0.308674
-0.676441
0.262952
0.182914
0.163026
0.258787
-0.147247
-0.345636
-0.085801
-0.219073
0.082678
0.524722
-0.203435
0.192717
-0.412434
0.386482
-0.105858
-0.293365
0.100667
-0.416780
0.302593
-0.205927
-0.055241
0.182188
0.072082
0.052895
-0.088900
0.321566
0.463297
0.117176
-0.184382
0.407027
-0.195600
-0.110198
0.018157
0.296880
-0.185750
-0.368849
-0.416050
-0.104603
0.122545
-0.081865
-0.378329
-0.012886
-0.183580
-0.121179
0.060931
-0.377477
0.159616
-0.086396
0.060832
-0.131524
0.390313
-0.263087
-0.082738
0.349230
0.385231
-0.203472
0.091716
0.374986
0.203754
0.165705
-0.231418
0.597810
-0.073244
0.009153
0.167098
-0.204400
0.192163
-0.169417
-0.087017
-0.371360
-0.008322
-0.100642
-0.153824
0.237944
0.074434
0.001328
-0.098754
-0.141609
-0.219469
-0.160977
-0.164024
0.490317
0.103164
-0.087719
0.105409
0.088898
-0.066810
0.485608
0.347304
-0.270859
0.299329
0.156608
-0.115409
0.108656
0.178306
-0.097319
-0.009144
-0.134662
-0.198965
-0.010290
0.246456
-0.166350
-0.262237
0.291936
0.118114
0.061929
0.033158
-0.037116
0.155727
0.021940
-0.152138
-0.403899
-0.185023
-0.472601
0.164468
-0.133787
0.154113
0.061671
-0.162813
0.100001
-0.052681
-0.142530
0.044330
0.087716
-0.036264
-0.448313
-0.109942
0.111092
0.054491
-0.201173
-0.026145
-0.321462
0.183367
-0.221967
-0.257907
-0.294434
0.197827
-0.201740
0.217566
0.168615
-0.331398
-0.305025
0.021937
0.063957
0.297458
0.349494
-0.327836
-0.148785
0.535235
0.230381
0.249515
0.035638
-0.140620
-0.146502
0.019018
0.313122
0.057124
-0.029399
-0.093869
0.031117
0.365215
-0.158460
0.194509
0.159088
0.123250
0.309007
-0.042117
-0.260324
0.371452
0.411725
-0.025850
0.139479
-0.123799
0.434318
0.519798
0.142274
0.066862
0.029691
-0.271744
-0.044135
-0.174332
0.212017
0.251624
0.180508
-0.329628
0.113799
-0.144749
0.071030
0.391015
3.456549
0.313827
-0.635660
0.230355
0.170655
0.186489
0.102535
-0.084180
-0.349031
-0.101086
-0.180066
0.095712
0.377752
-0.125603
0.195326
-0.315517
0.276503
-0.182801
-0.230261
0.073286
-0.430162
0.199560
-0.257358
-0.062526
0.273289
-0.045587
0.147907
-0.036504
0.420964
0.383608
0.128823
-0.135294
0.373654
-0.162091
-0.161393
0.208323
0.257511
0.323407
-0.299575
-0.423933
-0.049758
0.170834
-0.065140
-0.377752
-0.084165
-0.122296
-0.055593
0.013209
-0.320980
0.015947
-0.127851
0.161679
-0.102471
0.396810
-0.166382
-0.119062
0.330720
0.363761
-0.305051
0.069765
0.206420
0.172892
0.140608
-0.117063
0.378827
0.020104
-0.026841
0.081407
-0.135575
0.216315
-0.112980
-0.182347
-0.217991
0.040379
-0.107445
-0.162083
0.176467
0.064397
0.046506
-0.107634
-0.139139
-0.210961
-0.150630
-0.142261
0.483257
0.060828
-0.092987
0.097466
0.084170
-0.052986
0.479373
0.339503
-0.279159
0.292926
0.136656
-0.092813
0.074858
0.152713
-0.091479
-0.022144
-0.118858
-0.167319
-0.049287
0.225111
-0.204030
-0.265360
0.276355
0.144655
0.062290
0.015281
-0.054777
0.130032
-0.010661
-0.159957
-0.367841
-0.183589
-0.448672
0.176408
-0.132138
0.123180
0.072885
-0.172940
0.075374
-0.033237
-0.169856
0.028999
0.070436
-0.001507
-0.416999
-0.120609
0.070656
0.045999
-0.199710
-0.018320
-0.300857
0.169161
-0.193746
-0.212384
-0.305837
0.184430
-0.182676
0.217107
0.163901
-0.311085
-0.313818
0.017048
0.070663
0.292585
0.339110
-0.323926
-0.171528
0.535411
0.222369
0.240596
0.023307
-0.121775
-0.149841
-0.005153
0.283671
0.031333
0.005050
-0.101652
0.014275
0.276362
-0.140359
0.180246
0.121449
0.132352
0.233838
-0.025111
-0.218221
0.348730
0.387388
0.034879
0.111448
-0.085079
0.349002
0.353972
0.140298
0.042964
0.028304
-0.225048
-0.176694
-0.145390
0.193408
0.156696
0.126705
-0.311357
0.019473
-0.147581
0.024641
0.371707
2.575915
0.298336
-0.609277
0.198706
0.143069
0.166621
0.080138
-0.035915
-0.333849
-0.119883
-0.154570
0.054094
0.274273
-0.095073
0.196300
-0.235148
0.193402
-0.183152
-0.201515
0.066592
-0.389997
0.114695
-0.235315
-0.048809
0.275793
-0.071970
0.147975
-0.040457
0.382242
0.305669
0.126562
-0.130658
0.300569
-0.152176
-0.189947
0.186588
0.274763
0.442560
-0.252737
-0.404087
-0.070101
0.169783
-0.057369
-0.350713
-0.096802
-0.104881
-0.013770
-0.012931
-0.234530
-0.016681
-0.145890
0.186425
-0.112959
0.394195
-0.088894
-0.164232
0.306604
0.318282
-0.316980
0.046681
0.138175
0.133790
0.161557
-0.061579
0.283724
0.033981
-0.045459
0.091291
-0.101308
0.184907
-0.093859
-0.180811
-0.139695
0.044474
-0.084257
-0.270500
0.195345
0.044495
0.091139
-0.066353
-0.166871
-0.258264
-0.261558
-0.053287
0.455071
0.003995
-0.079809
0.210526
0.117496
-0.028785
0.448591
0.316703
-0.287859
0.139995
0.090973
-0.020625
0.089053
0.091373
-0.057001
0.010115
-0.114331
-0.145590
-0.092884
0.149595
-0.164256
-0.170843
0.270640
0.140873
0.022966
0.046089
-0.034164
0.075431
-0.004806
-0.181057
-0.279463
-0.084792
-0.384189
0.132263
-0.153025
0.058591
-0.033975
-0.186969
0.047310
-0.060114
-0.254730
0.068493
0.003824
0.061201
-0.362073
-0.027632
-0.033946
0.010048
-0.144890
-0.030937
-0.293360
0.129244
-0.215951
-0.132469
-0.281193
0.143848
-0.260272
0.257966
0.073071
-0.378806
-0.282594
0.056616
0.145826
0.458986
0.288135
-0.305585
-0.114220
0.543255
0.265163
0.147461
0.039684
-0.142019
-0.148570
-0.033037
0.231108
-0.012589
0.079977
-0.043593
0.137014
0.229185
-0.072867
0.252034
0.235103
0.064609
0.107636
-0.011243
-0.117030
0.274111
0.349000
0.052154
0.029479
-0.051782
0.130627
0.188731
0.075756
0.038212
-0.029017
-0.173391
-0.391455
-0.075831
0.187747
-0.025949
0.119861
-0.331104
-0.175052
-0.080043
0.012398
0.142708
-3.394717
0.318009
-0.509021
0.171895
0.113916
0.169950
-0.074914
0.017761
-0.257336
-0.066721
-0.017158
0.088348
0.138267
-0.059598
0.156781
-0.095209
0.128809
-0.189586
-0.057418
0.043179
-0.288163
0.052977
-0.220434
0.060198
0.409369
-0.122012
0.020329
-0.023938
0.270115
0.148524
0.109006
-0.038374
0.178852
-0.184996
-0.167954
0.199515
0.182837
0.787040
-0.188827
-0.411888
0.021581
0.110788
-0.035584
-0.289267
-0.043062
-0.054002
0.025454
-0.022435
-0.088579
-0.004234
-0.132166
0.112416
-0.088471
0.389056
0.049569
-0.101467
0.325306
0.236798
-0.256647
0.019438
0.012699
0.091713
0.157136
-0.043680
0.033228
0.136084
-0.001250
0.050283
-0.104943
0.153531
-0.077458
-0.156890
-0.029533
0.049865
-0.015764
-0.223015
0.210937
-0.019019
0.205119
-0.142408
-0.261992
-0.379499
-0.251597
-0.028034
0.493728
0.170313
0.016106
0.469946
0.182676
-0.056631
0.613669
0.256529
-0.270539
0.158405
0.077067
-0.012324
0.145026
0.126718
0.014706
0.030199
0.019653
-0.027255
-0.152249
-0.004731
-0.187714
-0.122774
0.210560
0.237832
-0.012804
-0.135804
-0.017036
0.127096
0.006219
-0.160906
-0.149662
-0.006087
-0.411843
0.195780
-0.148504
0.141054
-0.197823
-0.165119
0.098482
-0.147698
-0.317266
0.112844
0.027049
-0.028452
-0.398141
-0.033668
-0.075341
0.196324
0.042962
0.014053
-0.191912
0.146599
-0.092267
0.007292
-0.425403
0.028844
-0.246354
0.304921
0.116188
-0.465253
-0.351164
0.063704
0.118583
0.454812
0.305852
-0.363693
0.015839
0.567797
0.196962
0.221266
-0.061775
-0.102947
-0.083327
0.075579
0.186960
0.005533
-0.111323
0.046663
0.010144
-0.006439
-0.306098
0.377806
0.388916
0.010717
-0.239489
0.039789
0.095236
0.167962
0.298322
0.052855
-0.134989
0.054805
-0.199288
0.050774
-0.061344
0.036254
-0.115641
-0.210837
-0.549060
-0.054965
0.079940
-0.332728
0.193608
-0.387210
-0.310522
0.052774
-0.021743
-0.249770
-0.003829
0.420632
-0.209349
0.142783
0.110353
0.252549
-0.350084
0.170831
-0.149577
0.124021
0.062380
0.346004
0.046546
-0.029967
0.091223
0.118254
0.047670
-0.311048
0.106182
-0.049506
-0.259512
0.099847
-0.300185
0.204865
0.506912
-0.212048
-0.016858
0.121396
0.342516
-0.083420
0.080788
0.162327
0.106089
-0.206910
-0.128985
0.342713
0.128023
1.271059
-0.021345
-0.458464
0.201246
0.051898
-0.019433
-0.137764
0.046252
0.086176
0.036208
0.035165
-0.044262
-0.025579
-0.138805
0.023285
-0.005752
0.338911
0.172989
-0.137546
0.346275
0.163398
-0.240908
0.040501
-0.180101
0.051157
0.122540
0.087917
-0.358410
0.298606
0.032048
-0.144655
-0.101340
0.229243
0.046938
-0.202951
0.150891
0.106506
0.019023
-0.322655
0.198260
-0.104915
0.123318
-0.342713
0.100315
0.036927
-0.157399
0.056857
0.265755
0.192769
-0.018887
0.333657
0.084626
-0.105165
0.243809
0.187014
-0.152485
0.135074
0.116615
0.111638
-0.015634
-0.012101
-0.357277
0.038402
0.193783
-0.075797
-0.079216
0.393711
-0.203146
0.079785
0.208360
0.508795
0.392535
0.197965
-0.082210
0.179032
0.198577
0.094137
0.163835
0.242570
-0.088236
0.226417
-0.184693
0.377656
-0.248740
-0.106253
0.099775
-0.432708
-0.221856
0.148838
0.135233
-0.094608
-0.570130
0.049506
-0.330931
0.136036
0.348942
-0.075338
-0.190621
-0.203207
-0.124979
-0.238752
-0.106055
0.168377
-0.305502
0.224532
-0.029648
-0.095892
-0.274139
0.455728
0.129833
0.494571
0.355279
-0.163144
0.040629
0.790043
0.320890
0.098553
-0.043862
-0.216933
0.114924
0.233158
-0.009930
-0.119457
0.004839
0.289378
-0.113631
-0.087191
-0.565647
0.372759
0.082946
-0.176948
-0.259218
0.095474
0.222362
0.116789
0.099780
0.392995
-0.346709
0.260135
-0.068901
0.418362
-0.175649
-0.142227
-0.217647
-0.143256
1.467309
-0.062472
-0.113535
-0.243898
0.110882
-0.269243
-0.054038
0.058022
-0.137904
-0.257169
1.078323
0.240457
0.114631
-0.029207
-0.018300
0.354839
-0.261997
0.433064
0.082237
0.571396
-0.075482
0.418992
0.078412
0.079093
0.038687
0.074521
0.383976
-0.321301
-0.023976
0.062272
-0.000811
0.660396
-0.134255
0.271173
0.419193
-0.118758
0.021440
0.256457
0.028747
0.282294
-0.109848
0.291057
0.142434
-0.156926
0.103015
0.072293
0.304083
0.456458
0.307574
-0.214941
-0.179641
-0.028273
0.059041
0.199864
0.122299
0.249510
-0.008048
0.258167
-0.133189
0.155315
-0.441253
0.058764
-0.090441
0.160746
0.217444
-0.070674
0.104111
-0.074721
-0.224639
-0.071837
0.020386
-0.079303
-0.047337
0.211133
-0.249029
-0.023993
-0.237555
-0.232908
0.096342
0.289614
0.279415
-0.377582
0.058215
0.299926
0.018032
-0.415035
0.147740
-0.162973
0.106547
-0.488646
0.289796
0.340528
-0.124794
0.140916
0.157454
0.200147
-0.083982
0.161567
0.004088
-0.121609
0.079832
0.158214
-0.120600
0.109446
0.095885
0.151853
-0.094034
-0.116933
-0.570267
0.046607
0.246006
-0.088278
-0.054325
0.746001
-0.222708
0.117692
0.217046
0.706257
0.554343
0.309248
-0.119810
0.231991
0.336365
0.225215
0.316416
0.348156
0.107142
0.204009
-0.184749
0.456557
-0.262073
-0.083829
0.026762
-0.657230
-0.187238
0.092860
0.109044
-0.020331
-0.619368
0.082068
-0.497461
0.026677
0.439596
-0.237361
-0.228387
-0.422762
-0.181859
-0.387672
0.084768
0.343234
-0.247407
0.172979
-0.109411
0.028301
-0.219565
0.684810
0.122487
0.636135
0.399610
-0.091097
0.107326
0.870906
0.356955
0.045121
0.025189
-0.229073
0.260568
0.355350
-0.144654
-0.248144
0.144575
0.457043
-0.116755
-0.198322
-0.749288
0.311049
-0.278699
-0.248573
-0.316459
0.116115
0.247206
0.147666
0.024460
0.605903
-0.414370
0.443427
-0.125649
0.394081
-0.187358
-0.206027
-0.279823
-0.084120
2.298903
-0.125705
-0.230490
-0.317159
0.095154
-0.206467
0.090720
0.041399
-0.209284
-0.219767
0.379425
0.168890
0.319765
-0.175639
-0.063230
0.351994
-0.177307
0.589439
0.182304
0.699497
-0.160497
0.410379
-0.037079
0.187815
0.075025
-0.058158
0.422230
-0.378135
-0.140303
0.077937
-0.022678
1.071825
-0.030173
0.175666
0.334345
-0.067239
0.229016
0.424642
0.023264
0.386305
-0.217424
0.349471
0.151986
-0.104599
0.232808
-0.048788
0.476709
-0.115045
0.559537
-0.111397
-0.377954
0.020902
0.081448
0.377359
0.112654
0.357791
-0.042898
0.351140
-0.133604
0.157206
-0.576338
0.199001
-0.097261
0.126087
0.259622
-0.107680
-0.053715
-0.156666
-0.252169
-0.089614
0.058012
-0.158684
-0.185400
0.360401
-0.311338
-0.333802
-0.397894
-0.323558
0.240945
0.407391
0.428487
-0.573131
-0.027380
0.426886
-0.037319
-0.440386
0.142951
-0.180718
0.068852
-0.486813
0.304946
0.386147
-0.120065
0.134986
0.143070
0.187066
-0.112376
0.063730
-0.058551
-0.117707
0.064927
0.152233
-0.123108
0.098243
0.090398
0.151449
-0.100103
-0.136098
-0.600436
0.040447
0.220505
-0.140015
-0.023368
0.813320
-0.230460
0.129512
0.231609
0.712286
0.574321
0.322602
-0.125766
0.185628
0.358193
0.212528
0.305955
0.352064
0.124972
0.182281
-0.151481
0.453140
-0.256838
-0.085283
0.001085
-0.676411
-0.158545
0.061325
0.084591
0.007066
-0.609061
0.088840
-0.514442
-0.028064
0.418630
-0.282155
-0.239040
-0.453932
-0.202389
-0.409531
0.133361
0.403036
-0.189708
0.168726
-0.123976
0.034204
-0.190724
0.692399
0.130473
0.678198
0.388163
-0.038483
0.108761
0.851540
0.368425
0.002133
0.057610
-0.186132
0.279952
0.450597
-0.146813
-0.281925
0.165299
0.469597
-0.068285
-0.186226
-0.731748
0.295705
-0.403841
-0.249638
-0.292729
0.066013
0.199563
0.193651
0.038793
0.587771
-0.384748
0.485870
-0.149841
0.331383
-0.168904
-0.207441
-0.287221
-0.093700
2.264678
-0.167498
-0.237055
-0.295217
0.073625
-0.202258
0.167109
0.025180
-0.203072
-0.162055
0.289371
0.172800
0.423570
-0.184026
-0.051134
0.316833
-0.070689
0.584262
0.184343
0.661024
-0.196834
0.410810
-0.080030
0.172125
0.120991
-0.112468
0.367394
-0.352573
-0.223522
0.043411
-0.074593
1.131882
-0.030048
0.120415
0.191748
-0.019418
0.322557
0.447107
0.099094
0.344493
-0.227465
0.343657
0.155754
-0.107361
0.224869
-0.062502
0.532423
-0.361072
0.594480
-0.112862
-0.411719
0.065319
0.063551
0.436723
0.092041
0.363638
-0.053545
0.334619
-0.123254
0.158103
-0.561054
0.223484
-0.081945
0.147139
0.243389
-0.099645
-0.065320
-0.137101
-0.257822
-0.012625
0.048801
-0.184498
-0.152468
0.412959
-0.251726
-0.394826
-0.402661
-0.358621
0.245654
0.410933
0.446022
-0.546927
-0.091744
0.410147
-0.071011
-0.433138
0.157354
-0.166294
0.093840
-0.415763
0.180936
0.246219
-0.154506
0.122069
0.206096
0.164892
-0.097543
0.103792
-0.062684
-0.086204
0.170768
0.158968
-0.160947
0.075886
0.082483
0.135479
-0.055132
-0.109165
-0.489448
0.044651
0.174477
-0.155076
-0.033022
0.669273
-0.244556
0.106324
0.241975
0.624132
0.470343
0.234742
-0.100583
0.105552
0.298738
0.102182
0.229075
0.308849
0.021407
0.173990
-0.129026
0.389503
-0.277564
-0.107194
0.002317
-0.591729
-0.203534
0.063348
0.044669
0.022987
-0.566616
0.082324
-0.450964
-0.020141
0.357775
-0.235974
-0.236397
-0.362341
-0.188007
-0.303953
0.050899
0.354022
-0.163920
0.212723
-0.094960
-0.072972
-0.205941
0.576226
0.154115
0.700670
0.354125
-0.035460
0.102487
0.789261
0.356819
-0.010099
0.069664
-0.116100
0.230962
0.458497
-0.096548
-0.259953
0.118143
0.423156
0.002099
-0.178870
-0.634361
0.326207
-0.316229
-0.215904
-0.334453
0.022270
0.189989
0.202210
0.093979
0.470715
-0.342282
0.454071
-0.249578
0.164686
-0.164992
-0.182639
-0.283210
-0.105378
1.607414
-0.165435
-0.210903
-0.335659
0.079929
-0.258310
0.099850
0.045710
-0.185392
-0.218354
0.022969
0.241141
0.446301
-0.136040
-0.020627
0.284879
-0.100739
0.541067
0.139292
0.557207
-0.160476
0.431781
-0.101319
0.118917
0.147829
-0.055407
0.231728
-0.337168
-0.173411
-0.024876
-0.094652
0.921595
-0.096263
0.128007
0.144785
-0.032689
0.294091
0.403054
0.165123
0.173918
-0.186480
0.334209
0.116863
-0.149489
0.145047
0.022954
0.468314
-0.123480
0.525481
-0.200454
-0.312046
0.071623
0.037052
0.398014
0.087642
0.347508
-0.024886
0.255549
-0.081282
0.115236
-0.465686
0.161429
-0.031410
0.207023
0.249313
-0.091207
0.031215
-0.084891
-0.252954
0.059267
-0.055733
-0.187129
-0.058915
0.396852
-0.299871
-0.247693
-0.304480
-0.371003
0.197408
0.357521
0.393683
-0.431286
-0.029260
0.327089
-0.068231
-0.357320
0.110342
-0.115522
0.213142
-0.274074
-0.026142
0.013582
-0.190263
0.051750
0.308646
0.028241
-0.046857
0.194072
-0.025545
-0.071152
0.309478
0.211666
-0.247167
0.051326
0.097967
0.138797
-0.043662
-0.046946
-0.268036
0.024059
0.079795
-0.159342
-0.067038
0.346829
-0.378703
0.037317
0.239862
0.457689
0.273464
0.118569
-0.076545
-0.026455
0.139662
-0.115019
0.071050
0.146282
-0.174025
0.206404
-0.141419
0.240437
-0.192342
-0.184621
0.003482
-0.320970
-0.287285
0.055944
0.010482
0.050745
-0.466074
-0.016759
-0.301687
-0.019317
0.177583
-0.014640
-0.289266
-0.157045
-0.101032
-0.072746
-0.213726
0.214994
-0.165041
0.294807
-0.031965
-0.205413
-0.241182
0.351659
0.153241
0.635789
0.292028
-0.077721
-0.033085
0.695938
0.344737
0.042975
0.057186
-0.048020
0.083911
0.309306
0.003878
-0.187301
0.079593
0.260473
0.099876
-0.222061
-0.461693
0.348025
-0.162122
-0.094415
-0.310025
0.001268
0.117614
0.203464
0.179865
0.364695
-0.284689
0.372448
-0.299843
-0.143241
-0.125355
-0.130602
-0.210459
-0.111513
0.551211
-0.069079
-0.137957
-0.388419
-0.002378
-0.290059
-0.042346
0.023567
-0.178427
-0.115742
-1.421179
0.286033
0.308895
0.036290
0.008905
0.258181
-0.113096
0.405900
0.015298
0.294360
-0.115557
0.395276
-0.173075
-0.032451
0.159148
0.071576
0.013916
-0.247932
-0.126972
-0.071002
-0.094433
0.265256
-0.240798
0.179401
-0.035141
-0.121750
0.194197
0.190198
0.262537
-0.108370
-0.029901
0.254140
0.004426
-0.180663
-0.091457
0.219292
0.382993
0.531230
0.347165
-0.302415
-0.182164
0.078126
-0.001887
0.211016
0.018273
0.253992
0.059325
0.099834
0.018750
0.035055
-0.347886
0.099606
-0.024465
0.278421
0.284586
-0.129758
0.170393
-0.005452
-0.306215
0.089322
-0.220217
-0.178768
0.174600
0.343304
-0.264075
0.105112
-0.168487
-0.258879
0.088250
0.169086
0.317354
-0.217642
0.177245
0.170260
-0.002029
-0.307795
-0.012850
-0.065324
0.320908
-0.177895
-0.122124
-0.068877
-0.168090
-0.028837
0.331954
-0.172642
-0.019540
0.187006
0.017815
-0.040817
0.260029
0.261725
-0.348026
0.008248
0.126557
0.170795
-0.110070
-0.035265
-0.154173
-0.013520
0.033033
-0.150209
-0.098131
0.132025
-0.563133
-0.029901
0.234797
0.333965
0.197821
0.125719
-0.072200
-0.158708
-0.007310
-0.247883
-0.033073
-0.023532
-0.253747
0.257174
-0.180556
0.116175
-0.053773
-0.253132
-0.005945
-0.060075
-0.318147
0.040219
-0.004469
0.077445
-0.401184
-0.119468
-0.190548
-0.081374
0.025324
0.201423
-0.367959
-0.029864
-0.029268
0.133860
-0.398323
0.118252
-0.179185
0.335633
-0.008207
-0.171592
-0.261216
0.224838
0.136522
0.514364
0.225260
-0.071700
-0.216218
0.655460
0.348353
0.073606
0.061998
-0.018205
-0.044480
0.070398
0.082093
-0.135120
0.109167
0.112246
0.153021
-0.312068
-0.293451
0.296993
-0.121712
0.036662
-0.239591
0.007122
0.037720
0.191732
0.208983
0.375877
-0.236873
0.319465
-0.268945
-0.429716
-0.072728
-0.136763
-0.115519
-0.058639
0.063969
0.057328
-0.082049
-0.398910
-0.164666
-0.245038
-0.162306
-0.043632
-0.214697
0.104206
-3.549187
0.223126
0.143996
0.159395
-0.024929
0.225424
-0.031812
0.288778
-0.079103
0.052847
-0.080381
0.226656
-0.273244
-0.131463
0.162872
0.181970
-0.163260
-0.097644
-0.138269
-0.055424
-0.004100
-0.357215
-0.299184
0.211061
-0.228529
-0.197808
0.094013
-0.048214
0.211903
-0.277405
0.083704
0.149060
-0.129994
-0.167760
-0.281084
0.309262
0.325290
1.022406
0.205582
-0.299563
-0.200610
0.082030
-0.010262
0.073139
-0.078664
0.147117
0.172985
-0.051113
0.137523
-0.024315
-0.314645
0.101722
-0.073765
0.303110
0.342703
-0.159403
0.207733
-0.004088
-0.365855
0.052306
-0.327030
-0.197374
0.373569
0.320189
-0.146763
0.343275
-0.118380
-0.081441
0.043422
-0.055151
0.261667
-0.045602
0.337553
0.054602
0.072991
-0.261519
-0.090763
-0.098421
0.396768
-0.223661
-0.132851
-0.077700
-0.106077
-0.061067
0.326834
-0.172986
0.015530
0.252169
0.035463
-0.052842
0.276596
0.230357
-0.363365
0.031567
0.127217
0.191204
-0.152860
-0.032433
-0.142813
-0.026611
0.117356
-0.084562
-0.138054
0.071884
-0.649821
-0.024583
0.196831
0.391546
0.215653
0.082276
-0.099259
-0.154345
-0.034410
-0.242102
0.018132
-0.059250
-0.222231
0.331622
-0.195543
0.136615
-0.033638
-0.272757
0.006522
-0.028897
-0.322280
0.026413
0.020424
0.051650
-0.401511
-0.165056
-0.225329
-0.007840
0.055713
0.272160
-0.336710
-0.007978
0.069473
0.225789
-0.499618
0.068841
-0.162415
0.340366
0.001354
-0.120611
-0.292280
0.227364
0.091799
0.434544
0.231019
-0.075929
-0.239082
0.679460
0.311078
0.107719
0.001602
-0.005737
-0.063139
0.044891
0.079671
-0.129910
0.052741
0.090605
0.064957
-0.484455
-0.374352
0.295266
-0.143777
0.062348
-0.386489
0.023588
0.095311
0.155480
0.171180
0.493800
-0.290889
0.383676
-0.339814
-0.602536
-0.107184
-0.158154
-0.120239
-0.028700
0.143182
0.131950
-0.139982
-0.535739
-0.215645
-0.210696
-0.181847
-0.031964
-0.249852
0.086959
-2.258862
0.195979
0.229499
0.159116
-0.079703
0.247805
-0.057939
0.322092
-0.048515
0.054684
-0.049813
0.216358
-0.356262
-0.145577
0.138985
0.264276
-0.245998
-0.075466
-0.122863
-0.049230
0.025630
-0.505135
-0.309436
0.260606
-0.320544
-0.246059
0.065042
-0.047621
0.191690
-0.409620
0.093342
0.180636
-0.229759
-0.164919
-0.270980
0.320063
0.338059
1.219391
0.297513
-0.277782
-0.235240
0.051279
0.003763
0.099832
-0.060095
0.151472
0.209666
-0.037740
0.200583
-0.038508
-0.350048
0.122231
-0.083384
0.278661
0.411379
-0.197873
0.169602
-0.067595
-0.375818
-0.022592
-0.419222
-0.235765
0.369481
0.384115
-0.272840
0.384499
-0.135993
-0.054495
0.052875
-0.099728
0.338398
-0.067595
0.448524
0.066908
0.125483
-0.183382
-0.148491
-0.170371
0.542242
-0.360691
-0.210900
-0.161148
-0.052008
-0.031824
0.380339
0.027705
0.093015
0.498952
0.115219
-0.087096
0.496993
0.155494
-0.349159
0.116953
0.072423
0.161941
-0.109025
0.005148
-0.068951
-0.016599
0.274606
0.115295
-0.247752
-0.007904
-0.669269
-0.058356
0.112880
0.548315
0.145682
-0.186778
-0.111908
-0.008308
-0.021271
-0.186212
0.148132
-0.034797
-0.218068
0.406811
-0.192164
0.204240
-0.147047
-0.253407
0.028468
-0.148404
-0.389895
0.016072
0.022620
0.009563
-0.406968
-0.213882
-0.303678
0.212129
0.195087
0.244044
-0.208370
0.025897
0.209522
0.351994
-0.665375
-0.011889
-0.092934
0.348253
0.069655
-0.224830
-0.387385
0.227157
0.011240
0.404549
0.296888
-0.222016
-0.080269
0.688452
0.168380
0.237347
-0.126271
0.024317
-0.002953
0.116346
0.024457
-0.127021
-0.118423
0.156050
-0.144253
-0.804873
-0.666475
0.348838
-0.082792
0.057637
-0.813995
0.103017
0.307782
0.065107
0.123606
0.596874
-0.432876
0.518908
-0.685436
-0.885607
-0.208850
-0.123293
-0.194317
-0.030258
-0.103159
0.153673
-0.266277
-0.959387
-0.119357
-0.237001
-0.322645
0.068280
-0.291320
-0.255954
1.780622
0.283623
0.446220
0.078187
-0.100134
0.311546
-0.344335
0.478264
0.039299
0.166504
0.043479
0.382968
-0.518255
-0.069880
0.083262
0.410622
-0.400728
-0.249435
0.043253
-0.126397
-0.070702
-0.407925
-0.347745
0.320723
-0.169737
-0.362084
0.115891
0.169475
0.336150
-0.683542
0.069026
0.347682
-0.323952
-0.152474
-0.180372
0.426698
0.340051
1.696468
0.529029
-0.327338
-0.079127
0.024844
0.023708
0.178044
0.010454
0.274869
0.219699
0.039635
0.274203
-0.135272
-0.361569
0.152351
-0.002469
0.252066
0.551017
-0.321718
0.143244
-0.129574
-0.379802
-0.094525
-0.637189
-0.261569
0.230143
0.549887
-0.819616
0.409339
-0.139643
-0.205980
0.080870
0.043768
0.481062
-0.266622
0.642992
0.167673
0.152749
-0.270459
-0.015234
-0.182599
0.490747
-0.368647
-0.245323
-0.193116
-0.169220
0.060784
0.419380
0.153616
0.078205
0.544335
0.126955
-0.087511
0.602719
0.163294
-0.320630
0.074735
0.040392
0.134109
0.000373
0.004014
-0.062055
0.036507
0.222596
0.087838
-0.228387
0.070448
-0.523291
-0.037804
0.142624
0.558218
0.076431
-0.243024
-0.067844
0.035699
0.065927
-0.175942
0.157726
0.085738
-0.252110
0.313496
-0.159973
0.220619
-0.299555
-0.218879
0.018794
-0.317161
-0.434590
0.039026
-0.032472
0.036378
-0.419961
-0.128137
-0.324502
0.192629
0.245868
0.090127
-0.205998
-0.021912
0.112872
0.266801
-0.574872
0.044707
-0.095737
0.374109
0.051778
-0.407039
-0.372681
0.267124
0.065703
0.618979
0.312929
-0.262995
0.087882
0.676828
0.183435
0.214852
-0.069059
0.032921
0.079120
0.261846
-0.013123
-0.155016
-0.115911
0.275882
-0.043669
-0.693964
-0.708647
0.429754
-0.017839
-0.028861
-0.853067
0.098780
0.342826
0.078300
0.161249
0.469724
-0.436220
0.520196
-0.833850
-0.771368
-0.236204
-0.074132
-0.269224
-0.096576
-0.338824
0.043439
-0.259729
-1.010669
0.048896
-0.331055
-0.343597
0.140930
-0.240686
-0.494211
0.600148
0.405826
0.507751
0.022477
-0.022761
0.313254
-0.484093
0.534181
0.063923
0.264439
0.059088
0.541939
-0.481104
-0.012326
0.095685
0.327924
-0.360267
-0.388807
0.122822
-0.192479
-0.180268
-0.039125
-0.357986
0.287753
0.045258
-0.333362
0.184971
0.329672
0.453147
-0.669822
0.021455
0.429201
-0.231305
-0.179178
-0.105893
0.471192
0.321720
1.553745
0.565414
-0.412596
0.077568
0.045026
0.007615
0.226497
0.063512
0.361059
0.144635
0.089977
0.225482
-0.143382
-0.304637
0.101647
0.078181
0.295284
0.527556
-0.299563
0.201545
-0.068250
-0.341000
0.001752
-0.632112
-0.230996
0.138313
0.537808
-0.982592
0.341692
-0.094051
-0.371391
0.078310
0.218566
0.463945
-0.341835
0.563164
0.209155
0.088892
-0.318811
0.052504
-0.195158
0.218772
-0.448417
0.151738
0.210022
-0.081146
0.070699
0.216737
0.149514
-0.040915
0.179860
-0.026811
-0.149514
0.241592
0.169596
-0.155174
0.158905
0.092417
0.171222
-0.135986
-0.077526
-0.425143
-0.003728
0.233494
-0.108393
-0.072630
0.529476
-0.401138
0.099643
0.186614
0.665023
0.454573
0.162020
-0.144106
0.093176
0.225878
0.061006
0.259192
0.243188
-0.009611
0.259219
-0.151032
0.396253
-0.194868
-0.150061
0.016239
-0.490216
-0.229183
0.039314
0.100969
-0.020701
-0.534937
-0.065859
-0.450124
0.049554
0.354405
-0.078946
-0.210110
-0.308470
-0.018002
-0.191248
-0.143887
0.250248
-0.134232
0.229582
-0.063835
-0.037683
-0.241068
0.535076
0.079321
0.540881
0.354877
-0.087578
0.013227
0.796956
0.328504
0.092004
-0.015150
-0.123653
0.193387
0.431714
-0.122557
-0.230396
0.065297
0.351959
-0.112055
-0.368636
-0.704024
0.345375
-0.341203
-0.164034
-0.411842
0.083089
0.225669
0.146202
0.068484
0.587912
-0.448597
0.512405
-0.299486
-0.019631
-0.194839
-0.183507
-0.267913
-0.136093
1.434643
-0.078624
-0.248061
-0.470228
-0.009499
-0.203937
0.054623
0.042933
-0.230603
-0.164663
2.003092
0.226472
0.447268
-0.058158
-0.045195
0.353768
-0.132087
0.587227
0.154784
0.555312
-0.194146
0.509108
-0.221722
0.033830
0.092028
0.083618
0.155970
-0.327317
-0.182083
-0.030268
-0.063533
0.629460
-0.173386
0.224314
-0.042650
-0.118890
0.266153
0.334959
0.223524
-0.000691
-0.109212
0.360587
0.014807
-0.104958
0.034837
0.090688
0.551338
0.211060
0.590971
-0.172112
-0.301374
0.055483
0.038073
0.393192
0.062827
0.363483
0.011193
0.267383
-0.021394
0.110890
-0.522068
0.151522
-0.081359
0.141116
0.345694
-0.212673
0.001775
-0.133163
-0.305767
0.008222
-0.143402
-0.227820
0.065055
0.485980
-0.341703
-0.083397
-0.336337
-0.327627
0.174839
0.292231
0.503872
-0.402775
0.181469
0.331883
0.005712
-0.228808
0.017824
-0.127104
0.181680
-0.370524
0.125017
0.200959
-0.026099
-0.058616
0.257610
0.026578
-0.069871
0.024970
-0.059632
-0.150893
0.220847
0.237032
-0.210854
0.220389
0.148444
0.122657
-0.168027
-0.022648
-0.389477
-0.039528
0.126380
-0.187686
-0.019252
0.515569
-0.487003
-0.006525
0.216064
0.543630
0.413358
0.201955
-0.156300
0.053729
0.155739
-0.029060
0.053777
0.035423
-0.113446
0.289286
-0.160520
0.333929
0.014609
-0.197138
0.016644
-0.292948
-0.158374
-0.013637
0.125336
-0.012032
-0.518429
-0.169418
-0.287219
-0.010899
0.122858
0.028235
-0.313180
-0.186284
-0.021899
-0.210641
-0.232130
0.275438
-0.112571
0.215713
-0.009644
0.006258
-0.236693
0.413923
0.027589
0.390245
0.356087
-0.078592
-0.161946
0.742411
0.332427
0.143046
0.015423
-0.112631
0.075412
0.311604
0.008253
-0.166731
0.084135
0.182888
-0.075671
-0.238851
-0.581855
0.239083
-0.428188
-0.029023
-0.132064
0.017206
-0.008884
0.256615
0.163188
0.541183
-0.273355
0.393885
0.026732
0.054028
-0.063206
-0.142086
-0.138139
-0.157251
1.321813
-0.064298
-0.148342
-0.210059
-0.069315
-0.167798
0.227387
-0.080175
-0.182288
0.270714
3.464147
0.168696
0.140522
0.085404
-0.020333
0.313595
0.115819
0.359088
-0.020480
0.282795
-0.294189
0.325682
-0.091384
-0.093007
0.146111
-0.095916
0.156637
-0.193847
-0.360422
0.035709
-0.169870
0.306020
-0.225210
0.113241
-0.296941
-0.097503
0.309148
0.135134
0.324958
0.095992
0.002702
0.159682
0.078432
-0.086079
-0.092334
0.127214
0.574695
0.111698
0.369591
-0.185720
-0.395027
0.126806
-0.000712
0.155674
-0.048503
0.185043
0.010400
0.181812
-0.115397
0.083353
-0.474032
0.235979
-0.141212
0.199049
0.186442
-0.217876
0.037424
-0.000535
-0.382840
-0.000615
-0.037119
-0.154729
0.168609
0.360669
0.059622
-0.063121
-0.311941
-0.124238
0.103213
0.182834
0.401822
-0.307131
0.092886
0.228615
-0.018015
-0.079184
-0.077187
-0.053423
0.276541
-0.249759
-0.110988
-0.056764
0.024206
-0.235518
0.393501
-0.080264
-0.019530
0.109063
0.013565
-0.114547
0.398930
0.263274
-0.356786
0.258573
0.175731
0.036990
-0.139245
0.090516
-0.141853
-0.061817
0.067973
-0.123280
-0.066278
0.219417
-0.613008
-0.186012
0.197657
0.360392
0.176512
0.018692
-0.147162
0.003134
-0.021462
-0.221210
-0.206614
-0.300451
-0.315450
0.389947
-0.184526
0.183865
0.198698
-0.286277
0.045045
0.032018
-0.169751
-0.060426
0.098643
-0.010984
-0.434635
-0.311760
-0.061518
0.075770
-0.159138
0.243022
-0.366903
0.141176
0.078304
0.034474
-0.583311
0.153322
-0.091365
0.256825
0.105402
-0.099436
-0.316858
0.129895
-0.066443
0.190581
0.332538
-0.178754
-0.310140
0.619478
0.218671
0.260216
-0.029904
-0.045644
-0.156314
0.052606
0.234485
-0.039809
-0.045425
-0.086119
-0.063431
-0.289997
-0.439504
0.158088
-0.287379
0.199969
-0.127719
-0.054324
-0.173938
0.313751
0.295196
0.468784
-0.085969
0.255249
0.096251
-0.292875
0.046312
-0.030581
0.000878
-0.138512
0.253349
0.070377
-0.055045
-0.258156
-0.102013
-0.179462
0.197747
-0.149179
-0.113011
0.520112
4.767219
0.185226
-0.160242
0.270116
-0.014374
0.252608
0.175106
0.066548
-0.239627
-0.175313
-0.201965
0.106327
-0.078514
-0.253895
0.171883
-0.124547
-0.132975
-0.067114
-0.347720
0.040008
-0.342450
-0.443716
-0.356683
0.055680
-0.488884
-0.203230
0.245015
-0.069118
0.510465
-0.200845
0.188840
-0.022661
-0.030202
-0.120551
-0.241609
0.313307
0.433936
0.814253
0.129386
-0.328597
-0.294032
0.156662
-0.044040
-0.221472
-0.121404
-0.044431
0.081130
0.013959
-0.063522
-0.072590
-0.294799
0.297632
-0.121043
0.328492
0.107920
-0.249422
0.173132
0.151145
-0.435257
-0.094263
-0.197688
-0.060469
0.261449
0.230139
0.062162
0.178016
-0.139305
0.122486
-0.051259
0.009984
0.269759
-0.198902
0.223551
0.054863
0.041173
-0.084396
-0.099410
-0.064448
0.334425
-0.244737
-0.184917
-0.126356
-0.002333
-0.227131
0.424157
-0.067875
-0.000026
0.182949
0.055368
-0.102055
0.456479
0.255083
-0.389352
0.222283
0.144275
0.035735
-0.105507
0.091243
-0.072017
-0.053817
0.075976
-0.060066
-0.114811
0.132869
-0.622145
-0.204811
0.176473
0.351884
0.100478
-0.070440
-0.131157
0.006713
-0.042237
-0.236114
-0.200893
-0.310326
-0.329995
0.384708
-0.175463
0.140879
0.156756
-0.290312
0.033768
0.043475
-0.203959
-0.067568
0.058930
0.015072
-0.396446
-0.302765
-0.066188
0.101678
-0.162506
0.238239
-0.348407
0.170744
0.098190
0.132523
-0.653338
0.117892
-0.078344
0.278939
0.118366
-0.179925
-0.337207
0.089559
-0.066688
0.220481
0.319193
-0.224623
-0.262901
0.587521
0.176772
0.281345
-0.049403
-0.019789
-0.165538
0.021711
0.244919
-0.036849
-0.075428
-0.088357
-0.056087
-0.384583
-0.446350
0.170854
-0.221765
0.217772
-0.237244
-0.046947
-0.128270
0.292171
0.299269
0.439033
-0.102075
0.270814
-0.080526
-0.466841
0.032996
0.006675
-0.007002
-0.119663
-0.099304
0.093071
-0.048898
-0.430991
-0.085970
-0.198914
0.045805
-0.119158
-0.113984
0.403953
3.521906
0.227002
-0.120668
0.267804
-0.007248
0.238220
0.072102
0.056719
-0.236763
-0.221160
-0.111276
0.119098
-0.192786
-0.223234
0.165163
-0.038882
-0.256214
-0.095043
-0.275236
0.000627
-0.387602
-0.514525
-0.379569
0.074702
-0.403038
-0.261719
0.241341
-0.032910
0.575663
-0.358125
0.207348
0.019991
-0.095096
-0.127022
-0.260888
0.402141
0.379453
1.162426
0.150060
-0.362670
-0.169753
0.170420
-0.044795
-0.219206
-0.126824
-0.033091
0.106849
-0.024253
0.028486
-0.127023
-0.252162
0.314682
-0.088284
0.349556
0.180542
-0.278849
0.192899
0.149411
-0.433180
-0.084247
-0.325741
-0.058677
0.256175
0.288503
-0.138800
0.246811
-0.096725
0.081927
-0.072497
0.026398
0.270356
-0.217361
0.286163
0.053989
0.060350
-0.141595
0.076312
-0.048344
0.330326
-0.214133
-0.328272
-0.306870
-0.211025
-0.081513
0.567713
0.159948
-0.004481
0.327759
0.160125
-0.113794
0.753239
0.327903
-0.338300
0.234547
0.041412
-0.045714
0.109944
0.150074
0.076675
-0.008046
-0.047067
-0.007979
-0.168099
0.074954
-0.385664
-0.271021
0.187628
0.297320
-0.146030
-0.319664
-0.043255
0.136134
-0.005366
-0.234342
-0.243413
-0.171421
-0.496196
0.213573
-0.115055
0.082795
-0.060665
-0.222825
0.013077
-0.123738
-0.326863
-0.037915
-0.032194
0.075542
-0.332739
-0.237242
-0.025427
0.108832
-0.147185
0.006490
-0.282960
0.178182
-0.008806
0.069892
-0.615398
0.108474
-0.052978
0.317729
0.180536
-0.583620
-0.368159
0.009044
0.005562
0.456920
0.346948
-0.459413
-0.006717
0.488626
0.121879
0.375282
-0.027889
-0.013256
-0.078076
0.139857
0.189080
-0.019846
-0.086593
0.010975
0.015283
-0.218476
-0.452366
0.287960
0.039977
0.145602
-0.267491
0.037938
-0.035461
0.271890
0.393754
0.115707
-0.095677
0.171898
-0.361903
-0.385580
0.030418
0.140798
-0.062013
-0.256604
-1.186030
-0.096556
0.062633
-0.563919
0.189777
-0.351767
-0.268633
-0.017623
-0.033883
-0.006614
1.671454
0.476745
-0.262876
0.212622
0.168824
0.228468
-0.271414
0.120094
-0.256324
-0.142217
-0.043642
0.364826
-0.201597
-0.090403
0.164621
-0.016197
-0.246429
-0.373308
-0.053129
-0.134001
-0.603180
-0.064417
-0.419084
0.032509
0.189029
-0.292627
0.317699
0.171235
0.831629
-0.371310
0.202515
0.122684
0.066492
-0.118874
-0.280690
0.555104
0.318759
1.435691
0.066461
-0.518401
0.275465
0.234998
-0.081417
-0.235484
-0.108881
0.075644
0.030228
-0.019434
0.002431
-0.207657
-0.106678
0.240293
0.011749
0.403183
0.202834
-0.347639
0.325187
0.289769
-0.402237
0.103561
-0.358792
0.043207
0.204300
0.275498
-0.450919
0.281726
0.009531
-0.166100
-0.113563
0.320762
0.154512
-0.315461
0.240812
0.112209
-0.030146
-0.170873
0.234759
-0.010977
0.342356
-0.161595
-0.507812
-0.570644
-0.411794
0.047723
0.726661
0.392016
0.008883
0.555013
0.317178
-0.112906
1.087652
0.386432
-0.297028
0.264164
-0.067581
-0.154605
0.348132
0.229977
0.280199
0.033481
-0.154951
0.104548
-0.262217
-0.068779
-0.112036
-0.372233
0.181552
0.207221
-0.437998
-0.612576
0.042828
0.319384
-0.007544
-0.231263
-0.307410
-0.071432
-0.667245
0.053751
-0.068009
-0.009273
-0.261994
-0.155177
0.012731
-0.238648
-0.456433
0.003861
-0.120851
0.131464
-0.242956
-0.160170
0.034055
0.189331
-0.154547
-0.207134
-0.179357
0.255373
-0.107558
0.052915
-0.626842
0.044985
-0.062217
0.347438
0.268892
-1.002781
-0.428547
-0.126358
0.065105
0.628151
0.373479
-0.759947
0.248866
0.375084
0.020520
0.499395
-0.055987
-0.030620
-0.042520
0.147656
0.171323
0.028685
-0.127585
0.049742
0.039444
-0.056269
-0.406586
0.390503
0.432096
0.106644
-0.323167
0.140416
0.073098
0.233586
0.481466
-0.217571
-0.059973
0.018020
-0.610316
-0.316149
0.039221
0.290922
-0.097934
-0.355839
-2.400805
-0.238028
0.203844
-0.714898
0.461505
-0.498657
-0.668982
0.075977
0.061844
-0.432102
-0.366432
0.711809
-0.495681
0.159054
0.326933
0.206911
-0.653276
0.131631
-0.298603
-0.114423
0.094422
0.525109
-0.195068
0.065302
0.140764
0.048202
-0.251501
-0.633016
0.233055
-0.238061
-0.805927
0.283117
-0.438310
0.003721
0.895680
-0.354789
0.313378
0.348931
1.014488
-0.394042
0.210522
0.196020
0.200790
-0.121897
-0.285102
0.696888
0.186653
1.908282
-0.076878
-0.678799
0.748961
0.275411
-0.104734
-0.325833
-0.082132
0.134492
-0.024744
-0.038094
0.009097
-0.302895
0.066560
0.169001
0.103528
0.469265
0.221346
-0.430250
0.463902
0.420261
-0.350668
0.223314
-0.395200
0.179977
0.118377
0.213854
-0.822175
0.333611
0.144522
-0.346480
-0.185315
0.583314
-0.014934
-0.416974
0.202968
0.162432
-0.088384
-0.194474
0.275635
0.016094
0.265159
-0.138269
-0.434094
-0.510615
-0.402912
0.024399
0.678149
0.336794
-0.006740
0.496482
0.295058
-0.098446
0.943678
0.388899
-0.294206
0.230587
-0.021173
-0.136708
0.320761
0.215581
0.207622
0.040472
-0.161799
0.039054
-0.205975
-0.015392
-0.090507
-0.327344
0.209486
0.174299
-0.343448
-0.459094
0.045097
0.289592
0.011461
-0.204423
-0.317312
-0.062089
-0.630917
0.058271
-0.091309
0.024708
-0.235401
-0.147975
0.039884
-0.217939
-0.401913
0.038146
-0.084019
0.089223
-0.296052
-0.115026
0.055153
0.146982
-0.139138
-0.175596
-0.220443
0.231789
-0.158364
-0.020887
-0.538342
0.069586
-0.130900
0.334468
0.232736
-0.889117
-0.398169
-0.077761
0.087604
0.605673
0.362146
-0.676188
0.188950
0.420690
0.082180
0.438505
-0.024946
-0.077468
-0.054441
0.100858
0.200949
0.042307
-0.101210
0.046251
0.072105
0.073613
-0.354596
0.375771
0.446763
0.083512
-0.177504
0.112480
0.015341
0.244858
0.467211
-0.214806
-0.031084
-0.032234
-0.415547
-0.082910
0.044899
0.251068
-0.078556
-0.345439
-1.900430
-0.218643
0.226259
-0.519492
0.430846
-0.482731
-0.560731
0.049891
0.071580
-0.328016
-0.582405
0.644609
-0.549880
0.175026
0.305143
0.217159
-0.553745
0.083665
-0.302519
-0.077949
0.071674
0.461396
-0.060338
0.044618
0.135966
-0.007965
-0.104471
-0.554189
0.181726
-0.170181
-0.703852
0.291493
-0.407863
0.018343
0.862219
-0.306581
0.241427
0.271338
0.876524
-0.208833
0.189390
0.150579
0.251087
-0.137429
-0.256061
0.622321
0.155548
1.692996
-0.145409
-0.634767
0.634927
0.245086
-0.089989
-0.339125
-0.070437
0.088248
-0.034751
-0.027077
-0.062115
-0.230392
0.032226
0.140247
0.068617
0.451209
0.145529
-0.327835
0.455586
0.409282
-0.329021
0.196551
-0.267601
0.193167
0.114072
0.121921
-0.598032
0.307393
0.124829
-0.282512
-0.183130
0.523023
-0.051806
-0.364203
0.112945
0.142594
-0.088982
-0.219663
0.300377
0.028151
0.090212
-0.139282
-0.230170
-0.287063
-0.296788
-0.074847
0.530190
0.208304
-0.047811
0.277565
0.181719
-0.087234
0.593759
0.355743
-0.287041
0.180268
0.091284
-0.087418
0.206598
0.165552
-0.016562
0.034179
-0.124979
-0.126014
-0.061831
0.189276
-0.121588
-0.205188
0.258576
0.173766
-0.056806
-0.103975
0.011659
0.200741
0.082082
-0.125985
-0.307280
-0.066680
-0.480021
0.112169
-0.118376
0.141990
-0.129010
-0.143909
0.081566
-0.193531
-0.221993
0.063625
0.011619
-0.004743
-0.423931
-0.054718
0.051548
0.058719
-0.095826
-0.109067
-0.309679
0.134615
-0.218182
-0.179232
-0.350742
0.174310
-0.206318
0.281887
0.136026
-0.543938
-0.309622
0.071705
0.085722
0.505981
0.341072
-0.419982
0.041659
0.523454
0.207935
0.284695
0.039997
-0.134120
-0.061552
0.107802
0.252788
0.032827
-0.061053
0.043031
0.104639
0.239623
-0.314448
0.312172
0.271861
0.049530
0.092516
-0.001608
-0.133514
0.301603
0.406378
-0.104525
0.014396
-0.039440
0.010332
0.343900
0.057279
0.142370
-0.044293
-0.312819
-0.448456
-0.177963
0.202654
-0.114649
0.304953
-0.388981
-0.153439
-0.026822
0.078099
0.016450
0.586387
0.451348
-0.486298
0.205115
0.222648
0.240286
-0.199923
-0.015838
-0.278836
-0.006188
-0.049537
0.324466
0.175279
-0.040498
0.146347
-0.182120
0.160468
-0.332428
-0.069301
-0.030977
-0.526449
0.326008
-0.342847
0.024882
0.506488
-0.171192
0.184523
0.129879
0.633272
0.131135
0.128225
0.062602
0.318825
-0.153640
-0.163807
0.440423
0.184934
0.962667
-0.176517
-0.490039
0.262240
0.205459
-0.061806
-0.280417
-0.058136
0.000946
-0.066171
0.023702
-0.212791
-0.051831
-0.087577
0.143982
-0.016627
0.387760
-0.021171
-0.122821
0.360985
0.351959
-0.302314
0.146320
-0.010292
0.170108
0.104064
0.022762
-0.058232
0.163534
0.025897
-0.146232
-0.156825
0.373456
-0.031432
-0.270728
-0.105201
0.114232
-0.097432
-0.223630
0.317450
0.062353
-0.009233
-0.104872
-0.101130
-0.160325
-0.227465
-0.129146
0.443370
0.084147
-0.074452
0.121747
0.096291
-0.074200
0.360041
0.363566
-0.273914
0.171438
0.176357
-0.042378
0.114382
0.140872
-0.145897
0.021072
-0.138561
-0.260346
0.041279
0.273080
-0.174323
-0.141626
0.302966
0.134105
0.127607
0.144585
-0.002758
0.100401
0.089914
-0.122863
-0.320314
-0.069105
-0.435324
0.141662
-0.137958
0.201662
-0.037150
-0.146841
0.108190
-0.120973
-0.135635
0.095945
0.084817
-0.068630
-0.502066
-0.041136
0.090821
-0.026674
-0.082618
-0.006271
-0.378882
0.080882
-0.255079
-0.271226
-0.231045
0.214678
-0.263877
0.258078
0.095670
-0.309058
-0.257792
0.132534
0.109633
0.412458
0.320423
-0.241293
-0.113117
0.583013
0.317520
0.188011
0.090525
-0.164128
-0.069795
0.080336
0.274745
0.036504
-0.013559
0.025497
0.128441
0.386392
-0.232282
0.275147
0.184667
0.033714
0.335048
-0.050157
-0.228164
0.329217
0.375067
-0.065044
0.039283
-0.073190
0.324538
0.670824
0.076248
0.042906
-0.005548
-0.290558
0.426896
-0.168867
0.194103
0.234408
0.179027
-0.337680
0.095774
-0.097066
0.054732
0.278464
1.528667
0.317452
-0.477637
0.242764
0.178708
0.248114
0.036411
-0.057431
-0.279135
0.048541
-0.175269
0.243496
0.358080
-0.123012
0.163505
-0.238012
0.359171
-0.183573
-0.233942
0.055823
-0.337978
0.266481
-0.311314
0.049354
0.259012
-0.069034
0.123632
-0.028478
0.427718
0.412470
0.100583
-0.024894
0.383941
-0.161915
-0.174404
0.315957
0.203240
0.471174
-0.254773
-0.395151
-0.006082
0.167550
-0.049411
-0.248005
-0.076881
-0.048067
-0.063292
0.029958
-0.328343
0.069838
-0.177793
0.104312
-0.086507
0.336148
-0.127843
0.013088
0.325572
0.319353
-0.307270
0.137645
0.179049
0.143898
0.175360
-0.063834
0.409511
0.139585
-0.042559
-0.046666
-0.125559
0.224773
-0.049688
-0.136954
-0.207561
0.066599
-0.105894
-0.258002
0.331949
0.044570
-0.018461
-0.126646
-0.095519
-0.160151
-0.255994
-0.067469
0.454601
0.140519
-0.090752
0.145516
0.081849
-0.078257
0.434181
0.340489
-0.238977
0.194979
0.144918
-0.058214
0.137411
0.126734
-0.158737
0.039673
-0.135642
-0.244868
0.020238
0.337074
-0.107024
-0.149189
0.308449
0.176313
0.101388
0.101677
-0.009338
0.147776
0.115770
-0.120260
-0.297810
-0.023491
-0.418324
0.110969
-0.132372
0.202181
-0.075681
-0.140398
0.090692
-0.206341
-0.175034
0.085247
0.060918
-0.026424
-0.486387
-0.013321
0.025574
-0.002680
-0.076416
-0.094395
-0.344593
0.061945
-0.280156
-0.324039
-0.183034
0.243511
-0.254030
0.248084
0.088052
-0.374236
-0.260873
0.148415
0.127031
0.498235
0.346507
-0.277604
-0.048870
0.584075
0.303010
0.174612
0.091407
-0.167408
-0.047720
0.135797
0.231679
0.003660
0.018013
0.059209
0.129521
0.393308
-0.239685
0.285612
0.172648
0.000539
0.257281
-0.032727
-0.188924
0.339620
0.382073
-0.038966
0.032733
-0.052654
0.281097
0.635747
0.068673
0.056421
-0.052078
-0.288776
0.244683
-0.204940
0.169550
0.172467
0.240959
-0.367631
0.099774
-0.072661
0.065432
0.186245
0.972909
0.358156
-0.464600
0.191403
0.185917
0.238490
-0.017688
0.006601
-0.261413
0.084984
-0.175800
0.271009
0.348547
-0.090129
0.168061
-0.297252
0.360187
-0.259232
-0.184415
0.041720
-0.390704
0.440011
-0.272621
0.011418
0.352832
-0.045119
0.151128
0.058743
0.433681
0.399107
0.074956
-0.005374
0.389874
-0.173076
-0.108521
0.250634
0.248254
0.298757
-0.191204
-0.424716
0.007149
0.150853
-0.053042
-0.246630
-0.036488
-0.012076
-0.091900
0.079072
-0.327252
0.059810
-0.170367
0.103496
-0.063511
0.363784
-0.114519
-0.039122
0.330769
0.326287
-0.284252
0.115057
0.190984
0.144031
0.095588
-0.067785
0.273225
0.034457
-0.042443
-0.074997
-0.106714
0.302408
-0.041019
-0.222130
-0.215508
0.098663
-0.117026
-0.261687
0.401906
0.023466
-0.038841
-0.120052
-0.150789
-0.287974
-0.327791
0.000298
0.510043
0.288609
-0.084379
0.283815
0.119583
-0.095775
0.636690
0.311363
-0.170537
0.241883
0.074685
-0.102907
0.229047
0.157630
-0.083422
0.058994
-0.128975
-0.190145
-0.034602
0.284150
0.063607
-0.141549
0.284491
0.183743
-0.006986
-0.042281
-0.004656
0.243685
0.127581
-0.102844
-0.280011
0.048074
-0.442340
0.061992
-0.100829
0.191311
-0.176920
-0.115340
0.097217
-0.295263
-0.230174
0.102999
0.040371
-0.013464
-0.429293
0.035272
-0.035314
0.110302
-0.045732
-0.227324
-0.222120
0.090555
-0.283767
-0.368324
-0.167897
0.204140
-0.255741
0.238056
0.097382
-0.544657
-0.280110
0.096969
0.147486
0.559181
0.369547
-0.394754
0.090525
0.537489
0.245893
0.192917
0.036233
-0.183071
-0.049488
0.228991
0.195827
0.008281
-0.022128
0.064542
0.099588
0.454424
-0.224172
0.351992
0.339414
-0.053372
0.140766
-0.010487
-0.096280
0.311974
0.403071
-0.112419
0.014502
-0.096930
0.171269
0.640873
0.043527
0.127001
-0.112277
-0.345276
-0.374772
-0.251725
0.194841
0.054494
0.397970
-0.437044
-0.018377
0.005618
0.130133
-0.084564
0.703433
0.478721
-0.524926
0.144084
0.232009
0.244060
-0.216704
0.061287
-0.237101
0.155423
-0.099826
0.385194
0.369689
-0.038495
0.129637
-0.291487
0.369508
-0.405231
-0.023936
0.005372
-0.496869
0.680763
-0.251831
0.023243
0.659418
-0.051021
0.110745
0.196336
0.488054
0.338197
0.060434
0.052561
0.410972
-0.197436
-0.027457
0.199782
0.226031
0.371017
-0.171097
-0.506600
0.198596
0.112105
-0.061711
-0.278816
0.055565
0.022451
-0.152578
0.151735
-0.323362
0.058168
-0.094807
0.041421
-0.020909
0.381998
-0.100218
-0.101612
0.386669
0.361749
-0.203168
0.097813
0.186823
0.203844
-0.011368
-0.111642
-0.011345
-0.013100
0.021212
-0.134119
-0.148285
0.455449
-0.075142
-0.320969
-0.210301
0.141403
-0.113114
-0.248625
0.457342
0.022074
0.006886
-0.089920
-0.286212
-0.469873
-0.418272
0.051093
0.601671
0.399802
-0.055023
0.445931
0.190367
-0.107302
0.863229
0.325789
-0.154951
0.261349
0.014830
-0.145353
0.335885
0.204070
0.062881
0.073984
-0.161736
-0.127728
-0.094859
0.138339
0.152953
-0.173848
0.260917
0.146103
-0.180833
-0.236743
0.028644
0.301536
0.101333
-0.147112
-0.305977
0.078373
-0.546310
0.012264
-0.075439
0.137161
-0.276007
-0.103012
0.098257
-0.318933
-0.315024
0.117150
-0.004939
0.010367
-0.359051
0.041262
-0.018790
0.186074
-0.051822
-0.283135
-0.151971
0.163127
-0.268720
-0.310833
-0.252407
0.130979
-0.238231
0.270906
0.143578
-0.773350
-0.316018
-0.005310
0.162335
0.625071
0.371787
-0.539664
0.204393
0.465194
0.182871
0.258192
-0.001671
-0.166851
-0.053746
0.269878
0.186648
0.032180
-0.078844
0.063306
0.107930
0.457795
-0.214624
0.429915
0.535219
-0.063783
0.029996
0.027249
-0.021594
0.275090
0.450556
-0.264929
-0.004184
-0.142317
-0.039947
0.530112
0.022860
0.210927
-0.140608
-0.405150
-1.248220
-0.287630
0.239672
-0.117172
0.519943
-0.517311
-0.231148
0.077166
0.170976
-0.341616
0.066966
0.621915
-0.567264
0.151458
0.303644
0.248329
-0.441237
0.081561
-0.248947
0.150399
-0.018032
0.519884
0.318649
-0.008514
0.103932
-0.194078
0.283452
-0.533944
0.135112
-0.079464
-0.604926
0.713678
-0.310277
0.052996
0.913321
-0.113415
0.094079
0.276119
0.635136
0.176096
0.094433
0.118695
0.416215
-0.210837
-0.062766
0.316800
0.161662
0.809576
-0.204697
-0.613664
0.471686
0.119578
-0.081050
-0.318815
0.079789
0.062677
-0.165209
0.135060
-0.281497
-0.003534
0.006431
-0.018566
0.040025
0.412895
-0.049899
-0.159304
0.478449
0.417894
-0.181123
0.157096
0.080938
0.251136
-0.006999
-0.107227
-0.280963
0.106393
0.116134
-0.232985
-0.206084
0.558286
-0.118587
-0.337827
-0.132774
0.147238
-0.113057
-0.240076
0.425313
0.029354
0.105615
-0.083587
-0.401777
-0.568806
-0.451464
0.058526
0.664801
0.406336
-0.025693
0.536208
0.247397
-0.084854
0.969911
0.336955
-0.214450
0.234519
-0.013951
-0.166159
0.384723
0.224271
0.172893
0.081691
-0.177047
-0.045979
-0.150900
0.028487
0.117491
-0.245302
0.244445
0.126284
-0.309470
-0.381512
0.053678
0.308394
0.060816
-0.196638
-0.332699
0.029542
-0.618501
0.011744
-0.076882
0.070154
-0.309263
-0.115433
0.083028
-0.289206
-0.382202
0.103565
-0.064080
0.047163
-0.319584
0.015019
0.025497
0.206041
-0.091594
-0.261638
-0.159280
0.234423
-0.245122
-0.174235
-0.379657
0.087145
-0.209472
0.312507
0.189179
-0.902995
-0.359487
-0.074952
0.150951
0.667278
0.365872
-0.619921
0.247066
0.422252
0.125074
0.323685
-0.012131
-0.117767
-0.067160
0.202937
0.210829
0.045653
-0.117214
0.056581
0.124035
0.338539
-0.245195
0.435874
0.599766
-0.013042
-0.105806
0.049504
0.015812
0.258903
0.478211
-0.309794
0.008403
-0.128140
-0.241799
0.259613
0.025855
0.254886
-0.130922
-0.382270
-1.802066
-0.268676
0.243043
-0.313979
0.539123
-0.548547
-0.404046
0.096255
0.159737
-0.441603
-0.576929
0.677915
-0.554828
0.153883
0.323263
0.221852
-0.559923
0.068307
-0.281300
0.039673
0.066856
0.512972
0.191557
0.019978
0.120750
-0.116325
0.096924
-0.571589
0.228698
-0.142769
-0.676727
0.546829
-0.361188
0.039272
0.986007
-0.196104
0.125031
0.302996
0.748228
-0.028195
0.131768
0.140701
0.351552
-0.214728
-0.117132
0.464368
0.096033
1.254678
-0.208243
-0.681378
0.613060
0.152256
-0.091534
-0.366211
0.050695
0.071980
-0.115722
0.059832
-0.191067
-0.118449
0.076212
0.010032
0.095698
0.466485
0.018275
-0.210046
0.521852
0.444707
-0.212185
0.177974
-0.091287
0.251296
0.005325
-0.057158
-0.510942
0.215034
0.177981
-0.272849
-0.221947
0.564800
-0.133621
-0.348239
-0.027591
0.125432
-0.108430
-0.244444
0.270920
0.007032
0.144744
-0.150663
-0.278509
-0.347227
-0.309010
-0.012957
0.564020
0.232563
-0.044763
0.349922
0.160346
-0.065133
0.719561
0.310991
-0.280783
0.202257
0.047206
-0.096182
0.220022
0.151193
0.022706
0.048593
-0.106054
-0.074142
-0.118681
0.168109
-0.105010
-0.231907
0.251004
0.219079
-0.119486
-0.210760
-0.001190
0.203587
0.061374
-0.178504
-0.277783
-0.050695
-0.488610
0.112189
-0.111404
0.107441
-0.170773
-0.158059
0.053352
-0.230938
-0.309157
0.049502
-0.036758
0.053655
-0.380703
-0.042508
-0.015096
0.114981
-0.097338
-0.147496
-0.255946
0.158623
-0.197740
-0.129810
-0.375779
0.160024
-0.172856
0.292664
0.149774
-0.626184
-0.338574
0.034741
0.107119
0.585659
0.356740
-0.451173
0.085352
0.508116
0.172745
0.267831
0.021953
-0.089079
-0.061020
0.136323
0.214119
-0.007857
-0.054210
0.055182
0.097880
0.145288
-0.312971
0.324786
0.268814
0.044238
-0.108765
0.011678
-0.047787
0.294240
0.410978
-0.054122
-0.001166
0.012033
-0.156074
0.092317
0.039859
0.142240
-0.093785
-0.259748
-0.933423
-0.183322
0.135425
-0.286975
0.322475
-0.435107
-0.217440
0.004739
0.047566
-0.130485
0.037990
0.499988
-0.381079
0.143475
0.206755
0.199249
-0.301468
0.080773
-0.262873
-0.029857
-0.008586
0.328694
0.088355
-0.016931
0.170656
-0.138906
0.024287
-0.406584
0.033123
-0.080781
-0.552550
0.314190
-0.322972
0.003792
0.555999
-0.178546
0.204010
0.208385
0.638699
-0.025596
0.112427
0.082675
0.244141
-0.190334
-0.130112
0.409967
0.191485
1.022858
-0.085034
-0.555560
0.277145
0.172591
-0.068818
-0.287048
-0.019450
0.047103
-0.042185
0.025297
-0.138721
-0.122959
-0.056874
0.141205
0.038755
0.446847
0.048396
-0.183266
0.393957
0.341816
-0.290067
0.104430
-0.124876
0.134817
0.049134
0.049898
-0.325496
0.140460
0.057392
-0.172332
-0.125683
0.391213
-0.019848
-0.326413
0.002725
0.110969
-0.089457
-0.218452
0.110267
-0.007256
0.162545
-0.208076
-0.123682
-0.103370
-0.140717
-0.115516
0.432416
0.030970
-0.060812
0.142318
0.063151
-0.059404
0.417125
0.286383
-0.331004
0.180202
0.133218
-0.015824
0.024252
0.084658
-0.144891
0.004672
-0.028895
-0.129816
-0.060860
0.301544
-0.344676
-0.196522
0.252683
0.291492
0.107552
0.020181
-0.066721
0.087701
0.057103
-0.153012
-0.229544
-0.150839
-0.347012
0.235003
-0.157515
0.163626
0.013720
-0.204702
0.041970
-0.130202
-0.203136
0.004080
0.027897
0.026733
-0.451659
-0.123883
-0.039560
0.021637
-0.110068
0.020100
-0.359636
0.086259
-0.132280
-0.108492
-0.370862
0.218510
-0.162375
0.262207
0.097811
-0.279230
-0.303033
0.152710
0.047282
0.430543
0.340664
-0.245610
-0.125840
0.602522
0.238908
0.208167
0.048285
-0.081244
-0.082174
0.056181
0.225121
-0.043572
0.004605
0.023908
0.057262
-0.012631
-0.364401
0.204111
-0.067085
0.101471
-0.040105
-0.034830
-0.140217
0.323067
0.332989
0.226078
-0.011603
0.129094
0.055534
0.019880
0.057667
0.017388
-0.036269
-0.148726
0.129985
-0.068477
0.036626
-0.167169
0.088167
-0.293144
0.049333
-0.099725
-0.050262
0.262102
1.559325
0.284063
-0.265582
0.164709
0.075447
0.203782
0.008961
0.064772
-0.245743
-0.083964
-0.116252
0.134054
0.055911
-0.097415
0.195223
-0.188283
0.018287
-0.196757
-0.200718
0.016931
-0.388566
0.023045
-0.287079
-0.006446
0.044429
-0.149643
0.240828
0.059103
0.475812
0.037245
0.105448
0.000595
0.146172
-0.157098
-0.141503
0.309004
0.295382
0.701987
0.008871
-0.400926
-0.115110
0.170915
-0.041947
-0.229441
-0.079933
-0.008587
0.022972
0.012438
-0.133780
-0.083204
-0.209047
0.249372
-0.049242
0.390760
0.040031
-0.141000
0.249741
0.231489
-0.360838
-0.000442
-0.090196
0.030332
0.110297
0.109267
-0.019386
0.071438
-0.077580
-0.011011
-0.044098
0.182622
0.100810
-0.270391
0.026651
0.087965
-0.050527
-0.181927
0.065542
-0.002908
0.168976
-0.219416
-0.132431
-0.095068
-0.074144
-0.193417
0.430488
0.000680
-0.048759
0.120615
0.072084
-0.040613
0.367957
0.275200
-0.383434
0.177485
0.158324
-0.027866
0.007746
0.098506
-0.146470
-0.005093
0.003112
-0.106519
-0.056950
0.284358
-0.402236
-0.228371
0.243812
0.283543
0.134766
0.028279
-0.073861
0.073909
0.042631
-0.142447
-0.259257
-0.232944
-0.336813
0.292094
-0.164495
0.172305
0.061813
-0.214205
0.056302
-0.068803
-0.149812
-0.010946
0.043219
-0.002564
-0.476031
-0.147851
0.005801
0.045386
-0.130496
0.075990
-0.382171
0.127706
-0.104436
-0.048183
-0.431845
0.214078
-0.152638
0.255884
0.120667
-0.209659
-0.317675
0.139249
0.004393
0.337896
0.339325
-0.215379
-0.164559
0.602305
0.211327
0.224108
0.032352
-0.063434
-0.115129
-0.003978
0.294637
-0.019834
-0.054126
-0.016589
0.017794
-0.072458
-0.393553
0.159776
-0.099911
0.159996
-0.050216
-0.073852
-0.179111
0.333162
0.330044
0.256227
0.031150
0.129374
0.095249
-0.012474
0.074373
0.010995
0.002286
-0.117978
0.369274
-0.027362
0.034700
-0.151788
0.048476
-0.260946
0.102154
-0.127662
-0.051384
0.357132
2.879654
0.232979
-0.248745
0.180195
0.044008
0.189337
0.081945
-0.012979
-0.269275
-0.164269
-0.086302
0.035665
0.067379
-0.110827
0.206018
-0.192475
-0.033564
-0.120806
-0.253078
0.042548
-0.403152
-0.103229
-0.294256
-0.016188
-0.054428
-0.160885
0.245877
0.027030
0.480275
0.015287
0.113293
-0.036345
0.121397
-0.160605
-0.130062
0.334506
0.256258
0.770690
-0.007879
-0.385346
-0.166300
0.188102
-0.035732
-0.249697
-0.098544
-0.065148
0.044794
-0.022959
-0.126634
-0.100438
-0.203524
0.305101
-0.054131
0.397942
0.008803
-0.091653
0.226916
0.223271
-0.369785
-0.031490
-0.117552
0.033895
0.095649
0.115369
0.020353
0.073410
-0.075297
0.041899
-0.055397
0.123971
0.098432
-0.260376
0.007555
0.063377
-0.045352
-0.210552
0.151825
0.005588
0.076260
-0.207863
-0.102775
-0.085036
-0.106062
-0.215058
0.404686
0.036467
-0.051311
0.131095
0.099786
-0.035753
0.297083
0.266466
-0.378099
0.117419
0.172379
-0.042221
0.058500
0.107408
-0.180346
0.024856
0.005113
-0.125080
-0.017889
0.327827
-0.293417
-0.178643
0.253305
0.251312
0.162943
0.100871
-0.051228
0.114963
0.101356
-0.070681
-0.270117
-0.206930
-0.293749
0.274577
-0.164164
0.209550
0.017304
-0.186109
0.090916
-0.115425
-0.083098
0.020954
0.056742
-0.047938
-0.517000
-0.063018
0.018558
0.049025
-0.096693
0.022047
-0.392204
0.112768
-0.172761
-0.117741
-0.357108
0.244223
-0.225255
0.241416
0.080400
-0.196197
-0.287846
0.187679
0.007949
0.359045
0.334143
-0.190783
-0.103526
0.614474
0.223675
0.185086
0.047182
-0.110510
-0.118272
-0.003432
0.344438
0.005422
-0.086116
0.002779
0.054733
0.064416
-0.397555
0.170510
-0.009141
0.118079
0.031006
-0.119736
-0.213063
0.334124
0.323135
0.194356
0.075769
0.068819
0.200049
0.251440
0.071646
0.036129
0.004145
-0.146425
0.794924
-0.024574
0.093084
-0.039601
0.124558
-0.262355
0.171063
-0.106123
0.025509
0.328743
2.189268
0.220704
-0.292128
0.174756
0.051004
0.201243
0.099244
-0.108450
-0.257719
-0.120918
-0.029018
0.013382
0.197767
-0.087342
0.181621
-0.286854
0.097738
-0.083027
-0.260819
0.090096
-0.423330
0.078702
-0.267196
-0.002709
0.057404
-0.126834
0.186400
0.051247
0.428578
0.146202
0.078354
-0.029961
0.188337
-0.178702
-0.019428
0.307311
0.177564
0.624428
-0.062022
-0.370258
-0.142017
0.175523
-0.019152
-0.256933
-0.044567
-0.109993
-0.010567
0.013716
-0.192350
-0.029365
-0.175210
0.288425
-0.049615
0.382553
-0.074751
0.027313
0.217768
0.235601
-0.297286
-0.040001
-0.016070
0.093717
-0.008323
0.028281
0.087527
-0.000396
-0.051942
0.052158
-0.099047
0.169454
0.056414
-0.284159
-0.147937
0.077463
-0.054690
-0.329835
0.347119
0.035487
-0.135786
-0.165171
-0.014755
-0.043938
-0.208729
-0.174070
0.356881
0.100500
-0.100881
0.083304
0.100052
-0.004221
0.174127
0.256186
-0.332911
0.020940
0.178785
-0.070361
0.157549
0.090845
-0.277880
0.083185
-0.049217
-0.213248
0.062557
0.488451
-0.027083
-0.095346
0.307144
0.191606
0.226380
0.269434
-0.008073
0.168211
0.221501
0.040312
-0.285364
-0.081450
-0.222617
0.167634
-0.149294
0.253360
-0.090853
-0.121169
0.119050
-0.251059
-0.005664
0.088358
0.051948
-0.073023
-0.573537
0.135671
0.008485
-0.005350
-0.034954
-0.159909
-0.401486
0.030958
-0.369575
-0.336897
-0.092316
0.342854
-0.337336
0.206254
0.000964
-0.203329
-0.215036
0.282926
0.086665
0.501563
0.326317
-0.133261
0.014181
0.631852
0.287870
0.059626
0.120222
-0.191143
-0.081293
0.047111
0.370723
0.005084
-0.047213
0.078943
0.177580
0.413927
-0.305598
0.197435
0.124841
0.004767
0.236162
-0.183419
-0.268846
0.358388
0.324551
0.044286
0.159434
-0.056571
0.396907
0.764266
0.077996
0.052376
-0.018221
-0.177696
1.384845
-0.109530
0.186161
0.243549
0.265147
-0.301047
0.282963
-0.080691
0.138758
0.247526
-0.512573
0.219188
-0.379448
0.111972
0.087224
0.187174
0.129059
-0.197009
-0.234108
0.004568
0.014670
-0.006389
0.452394
-0.012527
0.173913
-0.464412
0.381558
-0.079480
-0.256212
0.155801
-0.422135
0.551764
-0.172191
-0.027885
0.343288
-0.009514
0.111562
0.115787
0.292825
0.485928
-0.018079
-0.040712
0.365602
-0.220186
0.159050
0.173888
0.072815
0.105777
-0.169861
-0.361793
-0.134046
0.152979
-0.002920
-0.247231
0.041941
-0.149069
-0.115040
0.081176
-0.327136
0.098503
-0.135747
0.228639
-0.037581
0.386112
-0.236147
0.238402
0.232086
0.273775
-0.168501
-0.008882
0.223640
0.186627
-0.180255
-0.149761
0.252832
-0.187861
-0.029608
0.023270
-0.126414
0.271776
-0.067224
-0.313916
-0.455363
0.101257
-0.113837
-0.357642
0.403495
0.027665
-0.204918
-0.148319
0.020269
-0.027817
-0.225412
-0.171193
0.323057
0.102472
-0.108385
0.067247
0.071630
-0.002910
0.119163
0.239090
-0.305298
-0.013567
0.196834
-0.052981
0.161229
0.078983
-0.319470
0.094658
-0.044939
-0.274962
0.105504
0.515705
0.022435
-0.019564
0.320185
0.178825
0.281019
0.352738
-0.001476
0.137284
0.252553
0.052125
-0.268083
-0.030082
-0.188241
0.156481
-0.141484
0.287774
-0.123013
-0.110844
0.138724
-0.275751
0.025493
0.116766
0.067959
-0.105094
-0.596892
0.190637
-0.013125
-0.016341
0.010185
-0.172531
-0.395399
-0.002964
-0.395440
-0.389863
-0.015789
0.356122
-0.373424
0.203031
-0.045514
-0.163352
-0.178447
0.322637
0.112737
0.524421
0.307102
-0.058715
0.022506
0.645905
0.333045
-0.007640
0.136630
-0.204549
-0.072950
0.113566
0.366739
0.001252
-0.050372
0.103871
0.220483
0.509876
-0.274700
0.231670
0.147859
-0.049950
0.289286
-0.223082
-0.276947
0.352321
0.311188
0.022856
0.147645
-0.067018
0.453917
0.906991
0.052566
0.033598
-0.042523
-0.200426
1.608772
-0.114175
0.187573
0.338528
0.277222
-0.306781
0.369217
-0.056806
0.166784
0.218019
-0.801501
0.211767
-0.323139
0.114453
0.083724
0.206721
0.162922
-0.202491
-0.198948
0.084166
0.006097
0.038283
0.536587
-0.038072
0.158273
-0.488287
0.469273
-0.050745
-0.272115
0.169491
-0.368962
0.634060
-0.164025
0.013217
0.305936
0.036272
0.056029
0.110307
0.226036
0.546882
-0.044470
-0.019992
0.386658
-0.243340
0.204749
0.114178
0.061023
-0.090832
-0.171015
-0.350770
-0.166007
0.117424
0.000606
-0.200117
0.089694
-0.147346
-0.145387
0.118936
-0.369688
0.176957
-0.142516
0.161483
-0.036805
0.363167
-0.277481
0.313329
0.235908
0.258884
-0.122441
0.005917
0.290326
0.189519
-0.186761
-0.190154
0.339613
-0.198421
-0.023410
0.015030
-0.140637
0.262642
-0.064036
-0.272914
-0.511000
0.094229
-0.110445
-0.346966
0.307648
-0.027476
-0.094433
-0.188456
0.066266
0.044243
-0.173813
-0.141148
0.256434
0.012075
-0.073880
0.091383
0.007223
-0.046057
0.060578
0.213383
-0.277670
-0.021205
0.217052
0.058069
0.026484
0.024659
-0.367203
0.073937
0.034813
-0.298789
0.099020
0.476385
-0.170532
0.084660
0.296695
0.278898
0.382432
0.411009
-0.041374
0.034092
0.230252
-0.004561
-0.131404
0.023195
-0.128255
0.225708
-0.173160
0.325906
-0.099557
-0.154769
0.125458
-0.252603
-0.027661
0.119764
0.103506
-0.108740
-0.596515
0.121655
-0.125409
-0.023862
0.093304
-0.022363
-0.396595
-0.074949
-0.268514
-0.303322
-0.073370
0.304345
-0.355583
0.230521
-0.096435
-0.039659
-0.164987
0.390412
0.112655
0.506747
0.285545
0.040977
-0.071680
0.713339
0.395672
-0.045603
0.117359
-0.184596
-0.041999
0.176136
0.256880
-0.055901
-0.009922
0.147239
0.194664
0.279985
-0.345773
0.279178
0.008892
-0.084426
0.154321
-0.184259
-0.186604
0.294607
0.230749
0.225778
-0.029743
0.096773
0.350272
0.667001
-0.035986
-0.061800
-0.099403
-0.174992
1.745768
-0.028327
0.046534
0.195417
0.125847
-0.261102
0.402251
-0.033428
0.056975
0.211995
-0.672237
0.165060
-0.062181
0.146568
0.008407
0.271915
0.169638
-0.024909
-0.099456
0.206503
-0.077619
0.159720
0.378482
-0.128193
0.126006
-0.334463
0.413616
-0.021784
-0.296712
0.149527
-0.170835
0.397062
-0.199862
0.138367
-0.027752
0.009398
0.008815
0.047516
0.127834
0.373347
-0.033603
0.066168
0.230933
-0.237290
0.130300
0.095057
0.180866
-0.018209
0.020792
-0.282856
-0.306754
0.042558
0.013119
-0.051217
0.100815
-0.044091
-0.086552
0.162234
-0.282832
0.223779
-0.267809
0.091884
-0.071273
0.291590
-0.121386
0.228035
0.189859
0.125941
-0.165322
-0.028478
0.189039
0.044828
-0.042931
-0.058875
0.308469
-0.071256
-0.097315
0.001029
-0.078016
0.139827
0.118212
-0.194590
-0.275537
0.101625
-0.027277
-0.360084
0.180552
-0.098594
0.056801
-0.260559
0.127393
0.145398
-0.142112
-0.058939
0.186561
-0.059280
-0.048360
0.129428
-0.037949
-0.091027
0.012841
0.189484
-0.238313
-0.032298
0.200711
0.179484
-0.109437
-0.055514
-0.418883
0.048780
0.128561
-0.273290
0.053592
0.461848
-0.356195
0.178010
0.258943
0.424789
0.466629
0.432079
-0.087039
-0.030404
0.214357
-0.028589
0.064826
0.116157
-0.030985
0.271262
-0.203397
0.347911
-0.104451
-0.190954
0.082181
-0.283692
-0.117591
0.111440
0.112289
-0.071238
-0.572571
0.055183
-0.294056
-0.038779
0.202107
0.071549
-0.374279
-0.190736
-0.143347
-0.209748
-0.109313
0.260938
-0.326165
0.250303
-0.155854
0.056797
-0.156628
0.492075
0.120770
0.532276
0.273856
0.099017
-0.123037
0.784082
0.441838
-0.060980
0.086973
-0.166873
0.025168
0.234204
0.088437
-0.141798
0.076244
0.229887
0.146600
-0.020244
-0.451395
0.323949
-0.153039
-0.135486
-0.055153
-0.095418
-0.031225
0.208585
0.127772
0.478020
-0.251156
0.302502
0.142850
0.330321
-0.133716
-0.163745
-0.173529
-0.122919
1.835650
0.047188
-0.112418
-0.058236
-0.025581
-0.204299
0.325483
-0.000035
-0.087339
0.130410
-1.565520
0.122030
0.213110
0.117892
-0.073340
0.336195
0.103357
0.225583
0.032234
0.366387
-0.135128
0.286525
0.122213
-0.145160
0.084741
-0.131635
0.317688
-0.050949
-0.271712
0.117882
0.028184
0.241228
-0.202872
0.259768
-0.249330
-0.048405
-0.005842
0.047530
0.023020
0.172281
-0.046895
0.188443
0.044637
-0.204063
0.067923
0.062470
0.328141
0.108281
0.279316
-0.196147
-0.424146
-0.022344
0.035243
0.140611
0.104685
0.107169
-0.010708
0.215170
-0.140583
0.236681
-0.422273
0.055503
-0.106816
0.207448
0.108331
0.081627
0.105433
-0.046721
-0.220858
-0.079874
0.046292
-0.116555
0.067351
0.139863
0.129469
0.017671
-0.204389
-0.053078
0.028203
0.066474
0.326519
-0.191411
0.000733
0.155210
0.056652
-0.411822
0.146108
-0.164289
0.105861
-0.319477
0.207344
0.247689
-0.130532
0.023191
0.104612
-0.077799
-0.035536
0.142354
-0.096294
-0.118171
-0.061364
0.152307
-0.183956
-0.063398
0.198080
0.281278
-0.194688
-0.130601
-0.508143
0.049931
0.207856
-0.302977
0.058528
0.501691
-0.440225
0.307954
0.247117
0.544104
0.593312
0.507800
-0.109222
-0.104383
0.251653
-0.020248
0.243992
0.267535
0.066167
0.284728
-0.205427
0.413397
-0.174767
-0.193590
0.064307
-0.376232
-0.163953
0.133313
0.130303
-0.070934
-0.594728
0.063596
-0.441586
-0.063481
0.359788
0.100740
-0.346809
-0.332311
-0.084022
-0.191755
-0.047423
0.254154
-0.317248
0.266772
-0.225522
0.149693
-0.127665
0.616671
0.157087
0.600025
0.256701
0.202487
-0.118564
0.857829
0.513110
-0.134837
0.091688
-0.154924
0.120282
0.376639
-0.054930
-0.222755
0.126951
0.353050
0.136171
-0.177528
-0.532426
0.396301
-0.265798
-0.234973
-0.198258
-0.053514
0.108514
0.145662
0.033557
0.617515
-0.432957
0.460636
-0.002166
0.255335
-0.238821
-0.265401
-0.271025
-0.117360
2.182724
0.059563
-0.242869
-0.167078
-0.109722
-0.180940
0.340920
0.052237
-0.177898
-0.005215
-2.040996
0.103457
0.524368
0.072058
-0.126231
0.390720
0.071398
0.445157
0.176612
0.598010
-0.202612
0.453061
0.002314
-0.154777
0.058374
-0.000768
0.342778
-0.074754
-0.271204
0.082961
0.215767
0.326503
-0.186047
0.372433
-0.406104
-0.028590
-0.025250
0.087520
-0.098470
0.104557
-0.106847
0.321025
-0.043101
-0.198176
0.073528
-0.002214
0.436951
-0.056429
0.494893
-0.122150
-0.527637
-0.091996
0.053507
0.379734
0.150316
0.262957
0.008755
0.294045
-0.081203
0.319436
-0.543446
-0.031031
-0.121074
0.123344
0.247678
0.041046
0.044111
-0.188871
-0.217628
-0.064640
-0.002994
-0.248496
0.133750
0.279881
0.058661
0.037687
-0.290083
-0.157957
0.113131
0.041633
0.489288
-0.164713
0.123872
0.208867
0.098151
-0.400874
0.198863
-0.166231
0.028168
-0.337013
0.278509
0.300547
-0.110233
0.020150
0.079456
-0.020925
-0.049561
0.104420
-0.117154
-0.141572
-0.099391
0.150413
-0.128361
-0.019290
0.214136
0.273103
-0.196192
-0.124644
-0.572304
0.045794
0.220211
-0.345354
0.100070
0.577052
-0.379488
0.344737
0.254316
0.559127
0.669513
0.566068
-0.114943
-0.066667
0.292327
0.037171
0.265015
0.319569
0.090455
0.273331
-0.193004
0.480050
-0.183745
-0.161772
0.090245
-0.429002
-0.112332
0.152204
0.177710
-0.121287
-0.635425
0.085624
-0.446159
-0.051721
0.417079
0.057943
-0.319839
-0.377505
-0.105402
-0.304259
0.041976
0.279696
-0.327219
0.236502
-0.230632
0.208449
-0.110065
0.659290
0.154977
0.562865
0.274518
0.221664
-0.106989
0.880592
0.530537
-0.144295
0.085302
-0.192670
0.153895
0.447209
-0.072094
-0.215864
0.112887
0.376556
0.092722
-0.073526
-0.556657
0.407434
-0.269732
-0.276165
-0.106013
-0.054169
0.097664
0.147765
0.021417
0.583878
-0.444559
0.441773
0.107403
0.506265
-0.249417
-0.281963
-0.278804
-0.158198
2.550045
0.008945
-0.234528
-0.031471
-0.080604
-0.176256
0.434789
0.053433
-0.158964
0.004168
-0.390113
0.093120
0.533259
0.059687
-0.108899
0.424076
0.107911
0.459472
0.201560
0.708844
-0.264389
0.510054
0.111730
-0.148099
0.045649
-0.039506
0.495264
-0.087969
-0.314225
0.100645
0.232936
0.533290
-0.166230
0.375168
-0.376668
0.019603
-0.018778
0.106683
-0.123696
0.272775
-0.143464
0.333613
0.049611
-0.187325
0.113874
-0.060786
0.464514
-0.330105
0.482461
-0.087734
-0.560108
-0.095979
0.060403
0.430292
0.164422
0.281117
-0.036697
0.345091
-0.177576
0.385068
-0.580461
-0.055813
-0.137134
0.076268
0.188970
0.079189
0.020771
-0.187165
-0.203468
-0.034067
0.119178
-0.227601
0.111973
0.259117
0.200323
-0.028362
-0.327192
-0.191060
0.122573
0.087146
0.489437
-0.173484
0.023896
0.239371
0.064353
-0.312749
0.342810
-0.047060
-0.112711
-0.148280
0.103260
0.017728
-0.172205
-0.085209
0.238451
0.029032
-0.068842
0.096459
-0.061502
-0.108046
0.112638
0.235561
-0.150144
0.078276
0.224443
0.114673
-0.028272
0.021933
-0.372348
0.037452
0.028254
-0.406049
0.133392
0.386379
-0.191789
0.188060
0.302995
0.272699
0.451338
0.446349
-0.061705
-0.039697
0.192042
-0.069427
-0.062192
0.159404
-0.173387
0.199106
-0.143846
0.371497
-0.117759
-0.147894
0.141097
-0.236908
-0.072614
0.167483
0.175919
-0.152016
-0.578230
0.078473
-0.172210
-0.014172
0.181954
0.041862
-0.311708
-0.128392
-0.198767
-0.353462
-0.016889
0.233340
-0.340831
0.236980
-0.099340
-0.003089
-0.141062
0.368675
0.165729
0.446170
0.264340
0.084576
-0.139139
0.723157
0.474681
-0.071698
0.085736
-0.189164
0.001471
0.356498
0.137604
-0.068021
0.018057
0.160106
0.152104
0.346477
-0.261791
0.387025
0.041800
-0.167198
0.236135
-0.128985
-0.108028
0.241907
0.199338
0.179168
-0.170282
0.111379
0.402520
0.819556
-0.101269
-0.143039
-0.151461
-0.273688
1.603066
-0.085250
0.022564
0.331534
0.054643
-0.271269
0.417778
-0.005017
0.010462
0.158276
1.016337
0.196072
0.052390
0.194121
0.036547
0.344378
0.178509
0.149574
-0.022352
0.441876
-0.247469
0.405349
0.410927
-0.214726
0.090000
-0.167087
0.563396
-0.051719
-0.313483
0.102173
0.024034
0.434015
-0.229777
0.269188
-0.146964
0.066628
-0.069609
-0.026753
0.033763
0.441945
-0.038763
0.132648
0.262618
-0.223737
0.006190
0.010697
0.314859
-0.264105
0.036300
-0.240187
-0.332501
-0.026749
-0.000212
0.113848
0.115819
0.075567
-0.093305
0.220423
-0.328802
0.362361
-0.351980
-0.102467
-0.127528
0.186532
-0.061727
0.152912
0.209824
0.068607
-0.171301
0.083866
0.285655
-0.025790
0.181773
-0.017558
0.528329
0.065495
-0.145624
-0.075526
-0.060157
0.096065
0.174983
-0.023700
-0.193737
0.097497
-0.012956
-0.195241
0.461426
0.108623
-0.265923
0.112233
-0.134102
-0.355915
-0.219460
-0.248695
0.427387
0.019521
-0.084909
0.083486
0.017554
-0.036809
0.326128
0.329523
-0.214070
0.176624
0.241587
-0.070083
0.147524
0.196144
-0.101736
0.012876
-0.189883
-0.462147
0.155557
0.077549
-0.007250
-0.014832
0.354340
-0.120487
0.185924
0.311138
0.004836
-0.060721
0.015437
-0.226480
-0.481556
-0.089499
-0.485239
0.135318
-0.091871
0.200548
0.001853
-0.146428
0.205570
0.086744
-0.016465
0.181418
0.168221
-0.188505
-0.481831
0.066126
0.183413
0.035608
-0.135820
0.079319
-0.298080
0.217602
-0.290636
-0.330740
-0.127454
0.136463
-0.360104
0.238195
0.058575
-0.211746
-0.186630
-0.030256
0.173314
0.237279
0.220114
-0.059639
-0.232183
0.510541
0.394102
0.000187
0.078778
-0.171148
-0.238489
0.151284
0.429088
0.126745
-0.105965
-0.159213
0.224782
0.819823
0.178709
0.332118
0.452221
0.008467
0.644594
-0.236714
-0.362987
0.344338
0.410324
-0.309322
0.189401
-0.312940
0.769341
1.104890
0.088301
0.009787
0.025780
-0.374400
0.353996
-0.147060
0.344343
0.777733
0.150573
-0.366823
0.355816
-0.091071
0.209338
0.388389
1.982367
0.287627
-0.536710
0.373063
0.187417
0.213777
0.307327
-0.265552
-0.307791
0.047073
-0.184689
0.185698
0.753075
-0.316197
0.148734
-0.263059
0.581126
0.067035
-0.299705
0.112878
-0.164198
0.130039
-0.291442
0.156495
0.088091
0.121507
-0.198937
-0.264634
0.139701
0.591961
0.100308
-0.148146
0.456904
-0.276005
-0.147213
0.078449
0.090378
-0.072697
-0.551599
-0.411889
-0.089469
0.036667
-0.068153
-0.287009
0.046190
-0.215312
-0.117266
0.014289
-0.455943
0.331529
-0.055331
-0.176198
-0.125127
0.325991
-0.348794
0.251094
0.442165
0.357433
-0.118334
0.207498
0.454243
0.206217
0.314021
-0.364651
0.952410
0.226881
0.098044
0.137249
-0.291859
0.012084
-0.243426
0.225797
-0.430824
-0.120122
-0.073365
-0.167135
0.504237
0.170501
-0.321871
0.219001
-0.223267
-0.485423
-0.251841
-0.302758
0.501273
-0.011316
-0.102468
0.052552
0.036062
-0.005262
0.396198
0.373804
-0.245740
0.198410
0.244150
-0.133353
0.208676
0.252377
0.000288
0.005562
-0.292936
-0.500795
0.167304
-0.022517
0.050063
-0.093988
0.380005
-0.275810
0.077607
0.274022
0.033729
-0.087184
-0.052339
-0.303700
-0.651010
-0.190482
-0.606410
0.100672
-0.072323
0.117099
0.056599
-0.153321
0.215657
0.215805
-0.005386
0.180195
0.147975
-0.178786
-0.435698
0.063668
0.315418
0.020970
-0.279923
0.088830
-0.314341
0.342928
-0.336990
-0.325387
-0.162241
0.112493
-0.367238
0.243612
0.107764
-0.298688
-0.194262
-0.181746
0.188442
0.189414
0.200717
-0.101219
-0.280378
0.424799
0.379028
0.014188
0.096248
-0.157203
-0.333944
0.069216
0.533171
0.190134
-0.119655
-0.279341
0.287765
1.009839
0.365564
0.306258
0.579831
0.076775
0.819597
-0.282943
-0.479510
0.395242
0.501044
-0.487786
0.335794
-0.477219
0.912830
1.183793
0.172086
0.069886
0.090860
-0.406638
-0.188252
-0.172805
0.467291
0.951575
0.182456
-0.405728
0.342039
-0.130627
0.287183
0.497998
1.529760
0.323583
-0.780641
0.447220
0.244857
0.155266
0.369601
-0.428917
-0.427704
-0.129711
-0.164217
0.089463
0.877467
-0.367366
0.179384
-0.317598
0.572722
0.111870
-0.301625
0.119521
-0.245629
-0.014881
-0.313893
0.101432
0.152485
0.148388
-0.244966
-0.364814
0.185914
0.635217
0.162644
-0.271950
0.521786
-0.303152
-0.215212
0.098694
0.010635
-0.007204
-0.778136
-0.486216
-0.009593
0.061181
-0.101638
-0.461072
0.015399
-0.337527
-0.126345
-0.066433
-0.494842
0.315451
0.064711
-0.199478
-0.126989
0.396203
-0.461145
0.293321
0.539893
0.475858
-0.098573
0.247123
0.515937
0.293851
0.370438
-0.509105
1.117016
0.283532
0.196341
0.237250
-0.381692
-0.028630
-0.408593
0.322199
-0.516785
-0.215228
-0.092759
-0.182806
0.484611
0.163147
-0.268319
0.191198
-0.236701
-0.465798
-0.278013
-0.265738
0.515031
0.003444
-0.104345
0.060780
0.051060
-0.014157
0.432968
0.387786
-0.256042
0.191600
0.221987
-0.133283
0.216942
0.241695
0.010761
0.009409
-0.304975
-0.467781
0.142127
0.008902
0.031154
-0.124813
0.375736
-0.239868
0.034806
0.221808
0.037048
-0.058096
-0.039603
-0.300060
-0.633052
-0.182701
-0.612875
0.082905
-0.074363
0.097933
0.040724
-0.155895
0.187403
0.171967
-0.044073
0.158928
0.114574
-0.135574
-0.421190
0.046855
0.296710
-0.003206
-0.290171
0.053977
-0.330440
0.320605
-0.340592
-0.313731
-0.182125
0.131256
-0.338949
0.254712
0.114334
-0.361130
-0.204775
-0.164277
0.183887
0.256006
0.214641
-0.153412
-0.244538
0.423643
0.362224
0.050472
0.108372
-0.147468
-0.302332
0.066535
0.498642
0.166627
-0.089139
-0.245352
0.299546
0.940433
0.308914
0.302618
0.535614
0.080865
0.762895
-0.246405
-0.462867
0.400805
0.511188
-0.467862
0.314495
-0.433319
0.800347
1.056633
0.178322
0.090591
0.083566
-0.397262
-0.370480
-0.190910
0.451831
0.828060
0.195697
-0.411671
0.262188
-0.130128
0.262745
0.467150
0.849416
0.351629
-0.783449
0.424832
0.258776
0.151653
0.309407
-0.389294
-0.432050
-0.151530
-0.162494
0.110374
0.774005
-0.327858
0.189817
-0.320731
0.504397
0.051042
-0.278258
0.089261
-0.300938
0.007360
-0.326617
0.064469
0.197255
0.108483
-0.165376
-0.314947
0.272335
0.569275
0.172396
-0.247244
0.508192
-0.280345
-0.242674
0.162673
0.038559
0.111165
-0.730514
-0.500924
0.040317
0.102218
-0.106934
-0.460718
-0.018911
-0.301514
-0.114904
-0.078366
-0.457624
0.248674
0.059275
-0.146260
-0.111585
0.414017
-0.409541
0.218266
0.532955
0.488063
-0.139701
0.259074
0.452493
0.284950
0.360237
-0.446788
0.995976
0.276374
0.181859
0.187887
-0.354011
0.024694
-0.381396
0.259469
-0.472447
-0.185229
-0.106700
-0.168533
0.329258
0.107241
-0.137856
0.071636
-0.151649
-0.319045
-0.175612
-0.249302
0.444126
-0.049149
-0.084371
0.058576
0.022634
-0.030521
0.342785
0.339089
-0.269554
0.203256
0.227499
-0.058008
0.085674
0.179625
-0.078270
-0.013944
-0.180735
-0.393430
0.096200
0.077207
-0.150965
-0.104342
0.333469
-0.067131
0.148369
0.248862
-0.021160
-0.071115
-0.038646
-0.259605
-0.479353
-0.181685
-0.497865
0.177110
-0.116536
0.146178
0.084067
-0.185640
0.160537
0.140474
-0.070282
0.123156
0.138427
-0.125761
-0.451813
-0.028167
0.179179
0.009865
-0.205488
0.133303
-0.335290
0.236191
-0.230227
-0.240016
-0.238549
0.129470
-0.302723
0.246403
0.095385
-0.204193
-0.229797
-0.051406
0.139852
0.214384
0.239508
-0.108011
-0.303172
0.514174
0.358353
0.065139
0.067928
-0.142006
-0.254414
0.043314
0.409442
0.104507
-0.059556
-0.193047
0.183086
0.621175
0.129261
0.265631
0.318907
0.087569
0.545525
-0.186552
-0.358475
0.357116
0.418145
-0.182236
0.173769
-0.249133
0.664310
0.778008
0.124842
0.010388
0.054587
-0.302530
0.081310
-0.108102
0.295117
0.601374
0.067563
-0.335171
0.258757
-0.142145
0.130796
0.487811
1.855433
0.266791
-0.587386
0.369816
0.156294
0.189397
0.291578
-0.229656
-0.350749
-0.087368
-0.189303
0.101522
0.579728
-0.305356
0.173264
-0.221163
0.403856
0.043201
-0.303182
0.103707
-0.202554
-0.111567
-0.305549
0.103560
0.009446
0.045699
-0.107524
-0.282420
0.217094
0.447744
0.152419
-0.187173
0.364343
-0.242741
-0.236245
0.137969
0.141583
0.227759
-0.494733
-0.412402
-0.126341
0.080280
-0.074559
-0.354768
-0.035529
-0.222037
-0.048920
-0.039471
-0.359809
0.206578
-0.085954
-0.054886
-0.142101
0.358220
-0.262975
0.132868
0.416962
0.348118
-0.210682
0.140286
0.320490
0.169097
0.348988
-0.276697
0.819730
0.255022
0.063684
0.184949
-0.246066
-0.026477
-0.202634
0.165375
-0.281734
-0.117665
-0.053025
-0.147423
0.133059
0.036578
0.030157
-0.060002
-0.068432
-0.153427
-0.051015
-0.251579
0.351151
-0.134508
-0.044999
0.069724
0.001351
-0.056896
0.216217
0.288037
-0.295546
0.190128
0.243502
0.043204
-0.079042
0.105511
-0.173782
-0.043813
-0.020384
-0.305389
0.047186
0.115307
-0.402767
-0.062098
0.278441
0.122447
0.285755
0.285853
-0.083601
-0.109463
-0.041093
-0.222551
-0.289810
-0.187564
-0.353886
0.305338
-0.170652
0.203952
0.134347
-0.226809
0.132803
0.130279
-0.091029
0.088376
0.167485
-0.124591
-0.484724
-0.128104
0.047592
0.023216
-0.100683
0.267627
-0.350530
0.145620
-0.077012
-0.101795
-0.338011
0.108452
-0.265695
0.250007
0.058982
-0.002535
-0.250522
0.087819
0.075760
0.143813
0.246417
-0.033633
-0.378777
0.618910
0.356370
0.085164
0.021855
-0.123759
-0.206366
0.015926
0.312420
0.037053
-0.041536
-0.131551
0.058164
0.212537
-0.087000
0.232758
0.069992
0.101188
0.282048
-0.124057
-0.238146
0.287627
0.297111
0.161204
-0.005500
-0.010982
0.480188
0.400382
0.044881
-0.092981
0.023645
-0.197119
0.628173
0.021520
0.108257
0.310119
-0.105291
-0.232001
0.260358
-0.144795
-0.023855
0.510830
2.859349
0.155713
-0.293790
0.325573
0.027794
0.242871
0.289352
-0.049838
-0.237479
-0.014872
-0.205165
0.098173
0.319923
-0.301447
0.144901
-0.069014
0.253252
0.075552
-0.340186
0.111653
-0.055688
-0.331323
-0.299681
0.178624
-0.292396
-0.039253
-0.063312
-0.267574
0.138590
0.241162
0.135195
-0.096485
0.155899
-0.199292
-0.235538
0.135396
0.254902
0.419957
-0.206028
-0.297304
-0.320085
0.048094
-0.033183
-0.196520
-0.049566
-0.121879
0.044938
-0.005917
-0.221814
0.168368
-0.252256
0.028769
-0.170200
0.280524
-0.066968
0.033921
0.272755
0.164931
-0.288234
0.016690
0.134267
0.014279
0.368791
-0.056860
0.616767
0.276003
-0.067571
0.180681
-0.129752
-0.121347
0.032089
0.094933
-0.031129
-0.050884
0.028259
-0.145920
-0.034644
-0.025354
0.163337
-0.157707
0.011812
0.000692
0.060463
-0.259849
0.253713
-0.250822
-0.010750
0.056546
-0.040129
-0.065990
0.053083
0.239350
-0.328765
0.145020
0.271153
0.157003
-0.239631
0.027480
-0.268850
-0.066986
0.116098
-0.264647
0.024057
0.135836
-0.645644
0.007837
0.241143
0.269468
0.441076
0.371229
-0.134204
-0.200890
-0.048806
-0.210422
-0.122991
-0.181576
-0.219498
0.418763
-0.216088
0.253208
0.176983
-0.268679
0.111456
0.147078
-0.100299
0.067961
0.195399
-0.130977
-0.521059
-0.199242
-0.068826
0.006867
0.002402
0.420076
-0.378831
0.057005
0.052899
0.037792
-0.408202
0.089002
-0.243150
0.262676
0.007890
0.210738
-0.250853
0.212126
0.039656
0.089027
0.231612
0.091773
-0.473740
0.716265
0.387625
0.057483
-0.001476
-0.096603
-0.168126
-0.001540
0.232959
-0.028281
-0.016644
-0.075102
-0.017781
-0.135348
-0.237177
0.215794
-0.154998
0.105613
0.074420
-0.094041
-0.141228
0.225265
0.182344
0.457824
-0.165559
0.200599
0.328526
0.082526
-0.032520
-0.205989
-0.008555
-0.097318
1.219341
0.149132
-0.059766
0.094920
-0.298486
-0.136291
0.282550
-0.149145
-0.166213
0.553005
3.116850
0.036082
0.010787
0.300266
-0.099037
0.287026
0.327361
0.097587
-0.129658
0.056532
-0.223027
0.085620
0.096512
-0.322425
0.125186
0.086525
0.126437
0.148972
-0.393773
0.121528
0.127069
-0.581508
-0.295837
0.274038
-0.626594
-0.096528
-0.058493
-0.293813
0.020861
0.059623
0.114686
-0.018369
-0.044636
-0.174015
-0.250863
0.131166
0.340207
0.566321
0.040984
-0.181789
-0.528159
0.005243
0.003933
-0.024601
-0.062676
-0.040580
0.139254
0.008449
-0.085998
0.165318
-0.406225
0.075829
-0.205724
0.205460
0.107121
-0.010831
0.150460
-0.016165
-0.349329
-0.076289
-0.030339
-0.146242
0.424157
0.139154
0.505632
0.328335
-0.180251
0.185797
-0.026875
-0.258151
0.239670
0.094819
0.187451
-0.016806
0.109306
-0.159961
-0.081715
-0.040544
0.194354
-0.151151
0.056988
0.066644
0.094493
-0.269835
0.190435
-0.358174
-0.001007
0.008020
-0.086388
-0.062191
-0.085460
0.239495
-0.336829
0.091172
0.304338
0.240301
-0.326755
-0.017471
-0.317678
-0.083081
0.144663
-0.317339
0.053543
0.104494
-0.774500
0.089621
0.245436
0.280515
0.547746
0.488119
-0.143318
-0.324784
-0.067262
-0.239004
-0.057770
-0.150220
-0.174775
0.456028
-0.228115
0.271982
0.194359
-0.290039
0.108349
0.200471
-0.095345
0.084680
0.219751
-0.150976
-0.543720
-0.216952
-0.096906
-0.054944
0.057321
0.536426
-0.412185
-0.002635
0.097992
0.105059
-0.403415
0.068528
-0.254334
0.283698
-0.037715
0.345766
-0.222490
0.263204
0.058073
0.057218
0.187348
0.223987
-0.565766
0.757359
0.459793
-0.006237
0.017683
-0.079436
-0.152138
0.012149
0.199409
-0.054651
0.012665
-0.052480
0.004925
-0.219146
-0.225432
0.234502
-0.235442
0.085550
0.080856
-0.104180
-0.116384
0.189658
0.130018
0.527914
-0.245215
0.271472
0.306430
0.032100
-0.076407
-0.288738
-0.018275
-0.072927
1.554849
0.201699
-0.110594
0.114382
-0.433607
-0.094598
0.309693
-0.153048
-0.232242
0.603850
2.579961
-0.029236
0.178818
0.327992
-0.146532
0.312535
0.397538
0.147124
-0.075242
0.120114
-0.268133
0.112857
0.035077
-0.375909
0.119333
0.205220
0.117020
0.238255
-0.451193
0.120047
0.298325
-0.762805
-0.316301
0.367993
-0.855865
-0.093541
-0.107248
-0.383556
-0.082837
0.022360
0.108758
0.014227
-0.120735
-0.169833
-0.316106
0.131091
0.362315
0.593992
0.094250
-0.113064
-0.636166
-0.023657
0.015570
0.096987
-0.079570
-0.005013
0.190329
-0.010922
-0.041689
0.220476
-0.481492
0.028551
-0.237086
0.145941
0.173910
0.028135
0.115529
-0.105667
-0.371347
-0.053438
-0.070911
-0.234481
0.548802
0.211001
0.625947
0.440743
-0.221865
0.181868
0.006265
-0.385901
0.315155
0.213139
0.271595
-0.041326
0.149570
-0.186781
0.018068
-0.027435
0.124756
-0.066279
0.009541
-0.013417
0.016202
-0.263197
0.221621
-0.360148
-0.015829
-0.013053
-0.109429
-0.059455
-0.042896
0.271156
-0.319024
0.055735
0.299894
0.236968
-0.269381
-0.000934
-0.270263
-0.074569
0.059282
-0.412695
0.096482
0.050383
-0.697363
0.136440
0.273923
0.183766
0.499187
0.499043
-0.112828
-0.385379
-0.067078
-0.295858
-0.124018
-0.109549
-0.241853
0.391372
-0.188666
0.241109
0.151590
-0.284373
0.111623
0.222385
-0.094617
0.106820
0.201157
-0.145251
-0.515431
-0.169204
-0.056993
-0.100498
0.027885
0.511012
-0.415757
0.012840
0.047379
0.069555
-0.359418
0.067210
-0.266395
0.307122
-0.052830
0.254794
-0.184163
0.205827
0.111675
0.121993
0.152109
0.254794
-0.550034
0.705213
0.506192
-0.058196
0.056074
-0.061236
-0.166776
0.101138
0.222344
-0.041479
0.018782
-0.058534
0.122366
-0.040919
-0.104736
0.293627
-0.148315
0.051396
0.205026
-0.159420
-0.166071
0.207756
0.176008
0.362918
-0.202128
0.201130
0.339631
0.150642
-0.069292
-0.266303
-0.024392
-0.140277
1.272071
0.156732
-0.034870
0.243453
-0.391664
-0.140080
0.323519
-0.130275
-0.171377
0.574091
1.324619
0.027824
0.158755
0.377596
-0.090061
0.302054
0.426824
0.088327
-0.094715
0.122231
-0.276230
0.183484
0.113563
-0.422695
0.129744
0.192589
0.162535
0.259936
-0.462036
0.087013
0.286315
-0.732664
-0.353234
0.391081
-0.859345
-0.048339
-0.149214
-0.420723
-0.050364
0.039830
0.122151
0.009900
-0.065817
-0.201389
-0.358358
0.150139
0.330994
0.504280
-0.005292
-0.160242
-0.554518
-0.017157
-0.009958
0.104298
-0.062859
-0.022243
0.156234
-0.032674
-0.073402
0.279276
-0.410766
-0.067300
-0.223859
0.165008
0.117767
0.097154
0.189833
-0.051017
-0.327980
0.059914
-0.021274
-0.209405
0.632874
0.149494
0.759986
0.511059
-0.154133
0.152911
-0.057397
-0.389728
0.250800
0.333819
0.195789
-0.097092
0.130395
-0.247873
0.150488
-0.003558
0.050764
0.003404
-0.064581
-0.114034
-0.126170
-0.196582
0.291806
-0.282268
-0.048069
0.005306
-0.093550
-0.044504
0.090638
0.299904
-0.300861
0.018602
0.247720
0.179475
-0.135985
0.023190
-0.194179
-0.038945
-0.063448
-0.444755
0.101770
0.062814
-0.505199
0.115815
0.306062
0.101308
0.349480
0.415497
-0.064031
-0.343748
-0.035150
-0.323404
-0.208759
-0.057730
-0.320911
0.267436
-0.145428
0.172699
0.058427
-0.258386
0.089307
0.151270
-0.132441
0.115650
0.124658
-0.082580
-0.459382
-0.079905
-0.028878
-0.136774
-0.030077
0.349303
-0.407617
0.034521
-0.071976
-0.015801
-0.283030
0.108821
-0.268995
0.319474
-0.051663
0.024989
-0.161333
0.141628
0.173358
0.303655
0.149202
0.171813
-0.423347
0.624289
0.498904
-0.077962
0.106532
-0.055203
-0.158287
0.168778
0.236632
-0.040386
0.050476
-0.035790
0.262185
0.172788
-0.008362
0.335049
-0.021034
0.016846
0.277666
-0.186007
-0.205564
0.247073
0.258981
0.141115
-0.115165
0.102725
0.288615
0.249451
-0.035236
-0.170548
-0.037287
-0.199580
0.667962
0.057583
0.071686
0.275160
-0.233789
-0.229813
0.249862
-0.097643
-0.075751
0.441360
-1.355427
0.149661
0.034092
0.364990
0.008821
0.256574
0.345776
0.018042
-0.144061
0.077182
-0.230444
0.237397
0.170001
-0.382934
0.155228
0.088280
0.180552
0.174440
-0.390713
0.035118
0.133334
-0.501448
-0.364527
0.321824
-0.605132
-0.019152
-0.112168
-0.341983
0.080375
0.064845
0.123135
0.007803
0.040406
-0.226871
-0.344374
0.200319
0.268421
0.448809
-0.113114
-0.263998
-0.353027
0.029685
-0.039673
0.034041
-0.047300
-0.030535
0.089102
-0.053313
-0.105975
0.256831
-0.284371
-0.102961
-0.162700
0.237864
0.050071
0.123865
0.286222
0.072846
-0.278547
0.167669
0.014574
-0.123839
0.584662
0.068577
0.701988
0.478791
-0.060140
0.074397
-0.118827
-0.259122
0.133128
0.317622
0.069628
-0.111695
0.068360
-0.304970
0.196725
0.012861
0.044018
0.012684
-0.117917
-0.168017
-0.204583
-0.142746
0.331883
-0.229883
-0.059509
0.051728
-0.050155
-0.011986
0.160216
0.300059
-0.317796
-0.019390
0.208827
0.136768
-0.049426
0.025607
-0.153157
-0.007539
-0.102865
-0.398475
0.069017
0.077970
-0.397060
0.065364
0.316703
0.079632
0.254461
0.342255
-0.028801
-0.287924
-0.014732
-0.311283
-0.233199
-0.037421
-0.344093
0.206006
-0.136044
0.128710
-0.017486
-0.235550
0.074128
0.087646
-0.174383
0.118699
0.060514
-0.030560
-0.434699
-0.013782
-0.021165
-0.139786
-0.051714
0.240325
-0.400177
0.050023
-0.146551
-0.027047
-0.249517
0.129572
-0.274983
0.326979
-0.040922
-0.110259
-0.173448
0.121899
0.204313
0.427814
0.159009
0.096724
-0.318571
0.594128
0.465706
-0.073169
0.130856
-0.047738
-0.146348
0.137714
0.242934
-0.043828
0.062909
-0.003664
0.318714
0.222146
0.014470
0.339249
0.068908
0.007910
0.229380
-0.175985
-0.188989
0.255764
0.293174
0.061486
-0.058672
0.065959
0.185859
0.198152
-0.018590
-0.123523
-0.048867
-0.177199
0.302342
0.013169
0.101484
0.197546
-0.133848
-0.285847
0.129354
-0.072545
-0.050417
0.306502
-3.278043
0.212200
-0.024803
0.308256
0.043232
0.213207
0.229133
0.012284
-0.167397
0.028062
-0.144697
0.207529
0.160696
-0.300599
0.175759
0.048072
0.130945
0.098690
-0.282584
0.008044
0.046777
-0.376231
-0.339021
0.252279
-0.354756
-0.031744
-0.087426
-0.259449
0.119263
0.043298
0.104404
0.011666
0.068512
-0.247536
-0.298245
0.228608
0.196174
0.536537
-0.144304
-0.332939
-0.235073
0.051691
-0.043557
-0.019867
-0.036817
-0.026024
0.083409
-0.077325
-0.085219
0.183044
-0.205825
-0.083076
-0.104558
0.307659
0.044979
0.133538
0.329954
0.123484
-0.253705
0.177862
-0.020282
-0.080038
0.488838
0.024377
0.509705
0.427954
-0.005208
0.031255
-0.115060
-0.174633
0.056699
0.249037
0.034933
-0.100535
0.033060
-0.274506
0.154396
-0.012541
0.136848
-0.032355
-0.157355
-0.226916
-0.197495
-0.116977
0.353719
-0.158534
-0.018639
0.194771
0.018420
-0.025266
0.248413
0.278241
-0.310782
0.012503
0.175059
0.137362
-0.035129
0.036122
-0.100902
-0.011626
-0.029780
-0.280952
-0.009132
-0.016004
-0.408832
0.044475
0.271616
0.134329
0.210944
0.224925
-0.036293
-0.219722
-0.038367
-0.278623
-0.162957
-0.019043
-0.341842
0.231931
-0.147613
0.134232
-0.068182
-0.226738
0.084335
0.062750
-0.227796
0.126796
0.065708
-0.045587
-0.419313
-0.039297
-0.059994
-0.044061
0.012955
0.246945
-0.330662
0.067070
-0.078100
0.059591
-0.336457
0.056154
-0.270778
0.332955
-0.007668
-0.157442
-0.228894
0.113985
0.181720
0.396913
0.172847
-0.000194
-0.264791
0.606383
0.399748
-0.000780
0.053990
-0.056513
-0.132720
0.101465
0.207831
-0.032917
0.007876
0.005529
0.209630
0.062112
-0.071978
0.364155
0.161339
0.008967
0.044572
-0.096490
-0.058915
0.191578
0.258241
0.100087
-0.142671
0.097445
0.023993
0.085519
-0.060470
-0.112282
-0.072051
-0.174516
0.118203
0.039735
0.072816
-0.002913
-0.111784
-0.289956
-0.047638
-0.032550
-0.080433
0.131932
-2.685316
0.246444
-0.002007
0.272311
0.032518
0.241377
0.060603
0.097047
-0.123686
0.087983
-0.074518
0.260728
0.058532
-0.235042
0.131097
0.177341
0.077361
0.016887
-0.167314
-0.014813
0.051001
-0.354685
-0.336342
0.305825
-0.167627
-0.105762
-0.111346
-0.189406
0.123986
-0.055158
0.099557
0.086558
0.016412
-0.228676
-0.285672
0.262150
0.179087
0.871058
-0.075057
-0.330945
-0.126117
0.030366
-0.023377
0.010957
-0.018777
0.028862
0.108877
-0.058621
-0.017747
0.143184
-0.223533
-0.079290
-0.095386
0.275957
0.150775
0.053371
0.312157
0.075065
-0.257216
0.135349
-0.110229
-0.086627
0.451338
0.093553
0.251811
0.469925
-0.011588
-0.018877
-0.101297
-0.121623
0.093341
0.166287
0.143032
-0.043599
0.066174
-0.188762
0.096732
-0.077946
0.302223
-0.196360
-0.212584
-0.291291
-0.152249
-0.066063
0.408581
0.072754
0.063330
0.464989
0.124461
-0.078787
0.485101
0.217634
-0.281408
0.131353
0.116413
0.101359
0.005478
0.080001
-0.036380
-0.002455
0.128221
-0.048352
-0.136850
-0.072767
-0.412006
-0.015922
0.176324
0.322150
0.134023
-0.055074
-0.056359
-0.016576
-0.018711
-0.191612
-0.018142
0.014193
-0.342048
0.302663
-0.161845
0.209709
-0.174949
-0.200168
0.107111
-0.086284
-0.310907
0.116859
0.082429
-0.088992
-0.432222
-0.106699
-0.140798
0.188592
0.159997
0.207543
-0.199914
0.090220
0.058109
0.147627
-0.504863
-0.030206
-0.214848
0.331411
0.079332
-0.273290
-0.342604
0.132726
0.094877
0.362295
0.265194
-0.213604
-0.103732
0.636795
0.244698
0.177552
-0.093295
-0.068071
-0.056634
0.131763
0.128534
-0.026689
-0.147604
0.078968
-0.044151
-0.264086
-0.402122
0.407884
0.237477
-0.000149
-0.376921
0.038538
0.172257
0.099289
0.207480
0.209971
-0.296800
0.218444
-0.306598
-0.120963
-0.152455
-0.073399
-0.140968
-0.175866
-0.084321
0.044695
-0.049304
-0.426376
0.006356
-0.320599
-0.242210
0.062457
-0.133115
-0.226425
1.363173
0.340028
0.136317
0.177311
0.020563
0.308500
-0.281307
0.288420
-0.041067
0.231715
0.008258
0.432619
-0.094365
-0.122742
0.067283
0.320426
-0.023618
-0.206742
0.025734
-0.075021
-0.046536
-0.175000
-0.356978
0.349364
0.112661
-0.234775
-0.050345
0.046277
0.255769
-0.249822
0.073108
0.250200
-0.038731
-0.197769
-0.194950
0.367852
0.188316
1.380356
0.147547
-0.368065
0.049786
0.005477
0.004792
0.065265
0.041208
0.167253
0.112151
0.034388
0.037514
0.031266
-0.258028
-0.030976
-0.031087
0.239905
0.296997
-0.096655
0.278695
0.015385
-0.279337
0.044601
-0.302997
-0.097579
0.285100
0.245639
-0.312799
0.466197
-0.036980
-0.177606
-0.051814
0.062930
0.223941
-0.077176
0.340828
0.092873
0.090040
-0.285305
0.184722
-0.125142
0.232304
-0.375485
-0.005649
-0.021083
-0.177654
0.050853
0.324827
0.235726
0.024875
0.427164
0.117269
-0.129533
0.367487
0.195810
-0.200330
0.112387
0.105428
0.107488
0.019709
0.021116
-0.265336
0.057633
0.195113
-0.031482
-0.098669
0.326427
-0.285633
0.048916
0.183324
0.537176
0.278150
0.045409
-0.057282
0.185732
0.205881
0.029496
0.156360
0.201489
-0.165948
0.256920
-0.179172
0.370591
-0.286793
-0.131707
0.093970
-0.438582
-0.271972
0.122987
0.093408
-0.084781
-0.556055
-0.007409
-0.293070
0.160551
0.338252
-0.028477
-0.226770
-0.150642
-0.057875
-0.122539
-0.266178
0.145870
-0.248468
0.276492
0.001103
-0.229608
-0.300525
0.423282
0.085102
0.555280
0.367520
-0.218874
0.096376
0.758107
0.275138
0.176678
-0.040370
-0.159023
0.138255
0.270622
-0.007150
-0.109594
-0.071756
0.327899
-0.086653
-0.241890
-0.718874
0.411964
0.065294
-0.145428
-0.422104
0.098410
0.235201
0.101366
0.132916
0.376631
-0.392283
0.342472
-0.311154
0.201780
-0.206229
-0.089069
-0.230369
-0.174139
1.095163
-0.048218
-0.152085
-0.470952
0.158544
-0.305402
-0.082822
0.102138
-0.142117
-0.356177
1.910999
0.321092
0.242600
0.010306
0.012219
0.382773
-0.377939
0.442458
0.075243
0.519827
-0.048564
0.543217
-0.036586
0.034435
0.037246
0.107615
0.218488
-0.384443
0.008804
-0.019451
-0.107757
0.527154
-0.257497
0.287940
0.317482
-0.196385
0.104101
0.309650
0.255878
0.026965
-0.059897
0.365611
0.093607
-0.151670
0.052012
0.281556
0.290104
0.821467
0.382636
-0.295186
-0.044926
0.012476
0.042387
0.191035
0.108439
0.298840
-0.000671
0.238332
-0.098365
0.064925
-0.395531
0.066731
-0.015301
0.187458
0.263757
-0.090642
0.145841
-0.033923
-0.270429
-0.031365
-0.165050
-0.088973
-0.026593
0.298478
-0.456338
0.116856
-0.190617
-0.329490
0.073179
0.329933
0.356559
-0.400370
0.203045
0.293315
0.017276
-0.358116
0.192468
-0.142464
0.131774
-0.460731
0.199024
0.245610
-0.158126
0.090231
0.224237
0.235991
-0.050268
0.217360
0.052741
-0.150189
0.176438
0.206094
-0.152288
0.116054
0.110967
0.122924
-0.037458
-0.050244
-0.473796
0.051837
0.189649
-0.093054
-0.038355
0.651884
-0.240974
0.080121
0.212217
0.643105
0.447373
0.225048
-0.090864
0.247957
0.323892
0.177902
0.227637
0.285035
-0.014755
0.205936
-0.179326
0.441136
-0.255811
-0.095091
0.052890
-0.600727
-0.189515
0.093146
0.110725
-0.054091
-0.617721
0.030083
-0.385713
0.038235
0.379781
-0.177808
-0.272596
-0.337654
-0.163232
-0.348974
-0.038658
0.310945
-0.243206
0.208891
-0.063804
-0.088987
-0.238193
0.612602
0.090404
0.620157
0.403940
-0.159100
0.112984
0.832475
0.334889
0.129581
0.024309
-0.222160
0.235477
0.343592
-0.081980
-0.186276
0.067802
0.423662
-0.089414
-0.161275
-0.785229
0.341659
-0.187049
-0.206067
-0.264253
0.108250
0.180409
0.161302
0.091357
0.485593
-0.386465
0.396632
-0.149601
0.432440
-0.171538
-0.128435
-0.238398
-0.158612
2.006862
-0.125733
-0.171340
-0.325967
0.148594
-0.237076
0.072188
0.042999
-0.159671
-0.196590
1.448558
0.232008
0.225407
-0.082706
-0.001031
0.383096
-0.224283
0.487311
0.112424
0.617182
-0.153326
0.486119
-0.010868
0.126993
0.064367
-0.076119
0.394914
-0.392895
-0.143879
0.048113
-0.132572
0.943138
-0.148960
0.179397
0.313360
-0.119775
0.257224
0.392525
0.220763
0.315465
-0.142891
0.344029
0.199489
-0.096566
0.146278
0.140378
0.427765
0.177255
0.467655
-0.181976
-0.228310
0.074285
0.058394
0.285594
0.075101
0.324403
-0.058236
0.313786
-0.176363
0.115467
-0.510505
0.191335
-0.073190
0.147693
0.212380
-0.096146
0.015047
-0.062462
-0.289674
-0.030441
0.015523
-0.102040
-0.127718
0.340481
-0.277711
-0.182569
-0.337051
-0.352200
0.163689
0.430400
0.404183
-0.533477
-0.001184
0.393529
-0.050440
-0.310941
0.097592
-0.103807
0.167705
-0.442418
0.179979
0.287565
-0.097346
0.021830
0.248551
0.130883
-0.075665
0.070609
0.026354
-0.132434
0.149198
0.252709
-0.223535
0.156535
0.132744
0.098802
-0.089046
-0.038131
-0.453230
0.015563
0.123539
-0.108793
-0.027901
0.670130
-0.368865
-0.043354
0.229147
0.600685
0.416365
0.217465
-0.104768
0.198172
0.261529
0.111913
0.113038
0.128429
-0.074316
0.227459
-0.186037
0.376094
-0.103294
-0.132528
0.018477
-0.475193
-0.167170
0.021638
0.092071
-0.010485
-0.595593
-0.075514
-0.284881
-0.046813
0.221971
-0.110835
-0.355685
-0.274290
-0.150679
-0.306600
-0.118309
0.348953
-0.171977
0.207816
-0.009312
-0.053911
-0.251750
0.542476
0.047571
0.542456
0.405127
-0.165097
-0.012400
0.798319
0.316308
0.181565
0.058674
-0.182252
0.187090
0.232781
-0.020401
-0.176590
0.109723
0.327322
-0.077710
-0.195950
-0.733805
0.230657
-0.352073
-0.082692
-0.145614
0.096969
0.045816
0.236192
0.146643
0.493413
-0.287279
0.384187
-0.061864
0.287981
-0.071795
-0.114566
-0.152732
-0.133108
1.822090
-0.131168
-0.135716
-0.262959
0.055323
-0.198438
0.113972
-0.060289
-0.183503
0.105351
2.037323
0.187008
0.095509
-0.028285
0.010338
0.327212
-0.053524
0.389133
0.005713
0.390077
-0.223972
0.333401
-0.068232
0.080634
0.134609
-0.149896
0.279246
-0.321451
-0.272617
0.051651
-0.213829
0.699258
-0.176271
0.061932
0.114224
-0.127761
0.381284
0.286950
0.337339
0.299521
-0.074055
0.219945
0.202456
-0.059157
0.018353
0.197315
0.484605
0.173409
0.380883
-0.178070
-0.299002
0.169638
0.033504
0.175289
-0.055534
0.246086
-0.017789
0.206165
-0.168386
0.026645
-0.498486
0.313083
-0.098822
0.195121
0.179395
-0.154528
0.008307
0.008479
-0.386802
-0.005435
-0.000980
-0.099448
-0.032084
0.365303
-0.090306
-0.180668
-0.351152
-0.259943
0.166268
0.354510
0.367443
-0.495996
-0.011262
0.335189
-0.084801
-0.180255
0.033886
-0.014542
0.166144
-0.270332
-0.038877
0.022247
-0.031088
-0.145519
0.391936
0.015128
-0.076280
0.018130
0.005013
-0.052002
0.330089
0.280286
-0.333696
0.252487
0.160023
-0.008508
-0.052152
0.070473
-0.234701
-0.033986
0.004682
-0.135987
-0.038065
0.395305
-0.435409
-0.234375
0.252283
0.358651
0.228173
0.069309
-0.099653
0.062084
0.055747
-0.113387
-0.197294
-0.168579
-0.317998
0.275624
-0.150668
0.216756
0.076885
-0.194116
0.033258
-0.129455
-0.159471
-0.026666
0.071630
0.000535
-0.503395
-0.185769
-0.032273
-0.001458
-0.073847
0.051377
-0.366075
0.033513
-0.100262
-0.133730
-0.342249
0.256149
-0.092879
0.231897
0.139676
-0.133371
-0.315610
0.194008
0.019983
0.327931
0.364077
-0.188401
-0.202049
0.638723
0.239592
0.224342
0.038179
-0.058488
-0.034071
0.076608
0.205313
-0.065502
0.002191
0.037462
-0.049345
-0.096398
-0.435658
0.142653
-0.256574
0.131875
-0.025397
-0.021723
-0.142379
0.335560
0.302869
0.290507
-0.022485
0.188094
0.105569
0.046271
0.072154
-0.054548
-0.009530
-0.113823
0.643283
-0.108068
-0.013901
-0.079967
-0.009166
-0.241520
0.131684
-0.159313
-0.127496
0.401444
4.598283
0.211113
-0.171397
0.120299
0.047019
0.191612
0.128092
0.121451
-0.230266
-0.058504
-0.212141
0.087804
0.038086
-0.075036
0.234083
-0.167165
0.033370
-0.166711
-0.317397
0.023879
-0.337510
0.060893
-0.260594
-0.048194
-0.090009
-0.119235
0.354721
0.052440
0.456545
0.146793
0.069546
-0.026154
0.180868
-0.118912
-0.170614
0.272184
0.375099
0.454750
0.054533
-0.324719
-0.269843
0.216631
-0.033762
-0.132113
-0.146208
0.017978
0.052922
-0.011664
-0.161208
-0.094291
-0.294196
0.323488
-0.082669
0.348864
0.032470
-0.134718
0.174128
0.187989
-0.422649
0.033420
-0.066125
-0.026892
0.151020
0.201129
0.135620
0.008345
-0.174387
-0.033389
0.038798
0.140112
0.141022
-0.259082
0.003530
0.107742
-0.095164
-0.140684
0.017604
0.031144
0.177634
-0.173643
-0.152339
-0.114629
-0.026961
-0.237858
0.440934
-0.075292
-0.053140
0.041958
0.037035
-0.010697
0.353895
0.295722
-0.414513
0.218632
0.188886
-0.031977
-0.031086
0.113634
-0.120769
-0.038917
-0.036835
-0.143116
-0.036241
0.222240
-0.482024
-0.283288
0.261497
0.223507
0.141550
0.043681
-0.077560
-0.021217
-0.032481
-0.211822
-0.328588
-0.308802
-0.411119
0.312264
-0.158362
0.140826
0.140299
-0.233079
0.055352
0.053579
-0.151477
-0.022226
0.056457
-0.014205
-0.473510
-0.211774
0.094625
0.004934
-0.191527
0.173534
-0.404023
0.185420
-0.080457
-0.002626
-0.471608
0.192544
-0.113902
0.264920
0.171243
-0.159239
-0.333999
0.060700
0.008488
0.247409
0.317540
-0.178267
-0.288020
0.581462
0.222636
0.229265
0.042128
-0.021511
-0.153228
-0.053231
0.331981
-0.000273
-0.059493
-0.086787
0.012561
-0.056797
-0.298598
0.122149
-0.140623
0.222157
0.030487
-0.086501
-0.231809
0.352655
0.358420
0.199341
0.078149
0.093948
0.161618
-0.051367
0.117224
-0.022455
0.059688
-0.104391
0.218997
-0.038811
0.057551
-0.021896
-0.047618
-0.252992
0.112961
-0.185522
-0.085340
0.509021
4.023819
0.205996
-0.282573
0.216684
0.051646
0.149178
0.191448
-0.044086
-0.321846
-0.260437
-0.149156
-0.028874
0.076457
-0.159354
0.250615
-0.140579
-0.077160
-0.049987
-0.316295
0.024946
-0.348060
-0.317879
-0.319368
-0.041886
-0.186479
-0.143348
0.266961
-0.086733
0.467187
0.040667
0.143031
-0.113587
0.132001
-0.153727
-0.248115
0.346976
0.260876
0.758946
-0.107245
-0.383311
-0.227816
0.216023
-0.050260
-0.271519
-0.170143
-0.099282
0.095639
-0.118422
-0.131288
-0.125344
-0.195306
0.300849
-0.071194
0.401819
-0.016026
-0.074289
0.252131
0.247402
-0.417071
0.031589
-0.124087
0.009596
0.236402
0.110103
0.227091
0.166327
-0.070946
0.083180
-0.047535
0.007345
0.045523
-0.122276
0.029307
-0.006118
-0.063019
-0.157157
-0.040163
0.010029
0.248874
-0.215294
-0.179433
-0.092383
-0.009598
-0.223756
0.446661
-0.084680
-0.045118
0.046300
0.029576
0.005445
0.365534
0.281273
-0.454611
0.194846
0.176853
-0.021103
-0.042065
0.091823
-0.119494
-0.036704
-0.011255
-0.102945
-0.063961
0.231417
-0.556605
-0.310318
0.255148
0.275194
0.134130
-0.009271
-0.078073
-0.042526
-0.031799
-0.227904
-0.295958
-0.315512
-0.402781
0.331690
-0.157791
0.133401
0.117572
-0.242020
0.028728
0.028880
-0.183450
-0.047705
0.019935
0.018062
-0.474097
-0.228524
0.070926
-0.003423
-0.175403
0.179994
-0.418855
0.171716
-0.055617
0.081603
-0.518295
0.204433
-0.062538
0.285089
0.182814
-0.175099
-0.353940
0.075066
0.001576
0.294944
0.318199
-0.173569
-0.268765
0.588566
0.202030
0.238648
0.050990
0.029381
-0.122699
-0.046516
0.313267
-0.032844
-0.063961
-0.047858
0.008783
-0.214534
-0.371826
0.113830
-0.224272
0.240486
-0.106430
-0.079457
-0.189506
0.351465
0.349770
0.247262
0.047626
0.181787
-0.009461
-0.270510
0.101725
-0.032407
0.039042
-0.071335
0.115483
-0.036674
-0.000030
-0.187673
-0.074321
-0.257101
0.063269
-0.176683
-0.136208
0.459542
4.070415
0.216635
-0.143178
0.184576
0.036069
0.133782
0.164647
0.012207
-0.305167
-0.288916
-0.130480
-0.023164
-0.056876
-0.132462
0.275818
-0.096469
-0.216477
-0.071675
-0.309282
-0.020361
-0.370704
-0.360138
-0.332363
-0.060258
-0.245143
-0.174164
0.344326
-0.034941
0.528839
-0.103403
0.133790
-0.072728
0.067688
-0.153315
-0.261362
0.415113
0.279852
0.886786
-0.011283
-0.392956
-0.223515
0.244893
-0.051837
-0.211403
-0.194442
-0.049908
0.131769
-0.148028
-0.056493
-0.192567
-0.202582
0.349660
-0.037479
0.426083
0.059309
-0.121180
0.236716
0.222936
-0.452321
0.053194
-0.250807
-0.041898
0.238177
0.218211
0.072521
0.174906
-0.081735
0.021597
-0.008018
0.010595
0.101302
-0.153719
0.098346
0.003085
-0.068709
-0.194555
0.003248
0.001537
0.159755
-0.233103
-0.084146
0.008850
-0.034956
-0.187633
0.409097
-0.055290
-0.095897
-0.044168
0.002187
-0.020166
0.317843
0.288601
-0.395777
0.204095
0.158236
-0.032352
-0.040754
0.067095
-0.202060
-0.032366
-0.031069
-0.140912
-0.039397
0.395403
-0.456068
-0.275565
0.264537
0.306068
0.177233
0.062440
-0.092669
0.027687
0.033742
-0.148085
-0.281401
-0.263143
-0.320813
0.276650
-0.150080
0.152556
0.128878
-0.219316
0.009451
-0.069085
-0.137396
-0.063406
0.022893
0.051014
-0.468063
-0.183414
0.002251
-0.045265
-0.183746
0.042817
-0.410476
0.086479
-0.126740
-0.084612
-0.373415
0.290984
-0.073665
0.236065
0.129782
-0.153538
-0.304406
0.149866
0.005866
0.343301
0.338867
-0.175196
-0.219574
0.595731
0.222087
0.204848
0.077577
-0.021095
-0.094362
0.016011
0.272246
-0.067092
0.022176
-0.021177
0.027729
-0.086667
-0.362027
0.088222
-0.300398
0.190135
0.006860
-0.084717
-0.235376
0.391393
0.339789
0.286336
0.073363
0.167641
0.121643
-0.103070
0.129264
-0.017804
0.025799
-0.088274
0.388902
-0.079763
0.023931
-0.097867
-0.023136
-0.233989
0.145373
-0.190830
-0.095712
0.517139
3.052752
0.198183
-0.239902
0.141938
0.044327
0.132171
0.222060
0.009001
-0.294827
-0.239333
-0.166418
-0.049207
0.001659
-0.088192
0.272164
-0.251749
-0.088090
-0.098021
-0.357709
0.029119
-0.427147
-0.077478
-0.255949
-0.123770
-0.172894
-0.118008
0.383847
0.020245
0.507136
0.057405
0.099614
-0.094837
0.135594
-0.134371
-0.178308
0.287571
0.354514
0.478878
0.008066
-0.351665
-0.279417
0.255702
-0.048027
-0.219397
-0.171839
-0.063075
0.063670
-0.074136
-0.113640
-0.143164
-0.230635
0.391030
-0.070906
0.417972
0.004900
-0.145892
0.185355
0.235274
-0.418771
0.025888
-0.106689
-0.007352
0.140722
0.182111
0.139415
-0.029074
-0.129961
0.047074
0.005433
0.106299
0.098975
-0.250367
-0.038493
0.059059
-0.092955
-0.312468
0.175684
0.036493
-0.050848
-0.124561
0.005478
0.002241
-0.160107
-0.137130
0.342832
-0.072888
-0.148264
-0.067130
0.003411
-0.005597
0.184443
0.283884
-0.316607
0.103450
0.151598
-0.026003
0.014295
0.034074
-0.267990
0.004417
-0.095765
-0.248851
0.018837
0.459936
-0.189109
-0.143632
0.310458
0.198130
0.232255
0.272660
-0.067914
0.042894
0.096356
-0.081391
-0.290519
-0.135689
-0.228037
0.160443
-0.150935
0.140423
0.065797
-0.176356
0.031921
-0.116714
-0.081684
0.016738
0.026377
0.049082
-0.453614
0.013757
-0.053064
-0.101407
-0.160489
-0.093046
-0.387043
0.026199
-0.295202
-0.286464
-0.110306
0.326135
-0.231820
0.198543
0.009199
-0.135188
-0.208284
0.201555
0.110205
0.444233
0.295970
-0.120844
-0.172008
0.599824
0.315899
0.043391
0.123048
-0.143399
-0.126138
0.013594
0.280656
-0.064301
0.126876
-0.021577
0.174598
0.303256
-0.117977
0.129391
-0.094866
0.071209
0.272916
-0.134646
-0.289592
0.386844
0.326518
0.154799
0.140893
-0.001637
0.386491
0.370736
0.133148
-0.011257
0.004202
-0.114078
0.696248
-0.100416
0.155590
0.216383
0.057717
-0.251855
0.186904
-0.165230
0.027586
0.458900
-2.352806
0.177800
-0.407402
0.127465
0.061558
0.115893
0.266776
-0.082040
-0.262135
-0.120643
-0.097432
-0.098960
0.240313
-0.061340
0.232164
-0.352538
0.215122
-0.038762
-0.316675
0.121846
-0.325328
0.238512
-0.139492
-0.083057
0.105400
0.003384
0.166143
-0.019608
0.235995
0.366144
0.036284
-0.129580
0.245964
-0.184277
-0.040885
0.063494
0.252186
0.053177
-0.147299
-0.315729
-0.279671
0.168896
-0.027165
-0.241189
-0.065558
-0.133481
-0.021059
-0.006332
-0.188449
0.049521
-0.187400
0.253241
-0.109412
0.402364
-0.106575
0.037858
0.209850
0.238443
-0.252149
0.014399
0.164078
0.077022
0.054643
-0.052815
0.356349
-0.155352
-0.088899
0.119946
-0.058692
0.124280
-0.051440
-0.191833
-0.296594
0.050414
-0.083207
-0.321405
0.201699
0.037077
-0.017238
-0.103316
-0.037616
-0.065981
-0.201876
-0.107147
0.356378
-0.061940
-0.121492
0.024203
0.030219
-0.003493
0.215476
0.283846
-0.311724
0.074134
0.148046
-0.003451
0.035999
0.038177
-0.223474
0.014473
-0.091582
-0.241526
0.002973
0.365380
-0.187174
-0.110897
0.305538
0.177439
0.199413
0.251594
-0.047643
0.021917
0.075942
-0.109278
-0.264337
-0.093494
-0.263391
0.154374
-0.155255
0.132865
0.007140
-0.177019
0.048011
-0.105563
-0.130203
0.055736
0.024197
0.032932
-0.449218
0.029926
-0.051092
-0.083437
-0.115897
-0.054587
-0.370750
0.035550
-0.279674
-0.234717
-0.139034
0.268661
-0.265049
0.227916
0.006549
-0.182624
-0.219220
0.185240
0.139259
0.473809
0.279355
-0.129916
-0.156227
0.602279
0.329291
0.040629
0.110449
-0.143457
-0.123772
0.009157
0.262860
-0.050617
0.106330
-0.000281
0.193124
0.290972
-0.103162
0.189076
0.024144
0.043962
0.222574
-0.109702
-0.228380
0.339721
0.321316
0.124985
0.084131
-0.003835
0.296642
0.324181
0.092374
-0.018144
-0.018862
-0.117310
0.481154
-0.078205
0.148284
0.152718
0.060652
-0.280493
0.088606
-0.126487
0.012114
0.332887
-2.921379
0.210452
-0.377343
0.139415
0.066410
0.145574
0.159317
-0.042505
-0.239899
-0.066207
-0.068086
-0.018307
0.220220
-0.067829
0.201319
-0.250546
0.202978
-0.066334
-0.230857
0.095670
-0.252242
0.152946
-0.174771
-0.010759
0.162700
-0.034139
0.093345
-0.031436
0.205652
0.300083
0.046253
-0.078978
0.214219
-0.197332
-0.077028
0.108323
0.205005
0.292736
-0.148975
-0.341297
-0.205545
0.135824
-0.024433
-0.220582
-0.046064
-0.096363
0.002299
-0.012878
-0.159214
0.050795
-0.184750
0.179936
-0.095525
0.386624
-0.056871
0.040969
0.250964
0.217496
-0.247741
0.021975
0.108340
0.065507
0.099738
-0.051055
0.272173
-0.024106
-0.059542
0.078653
-0.066476
0.104845
-0.045080
-0.147673
-0.201701
0.041558
-0.056713
-0.317581
0.243015
0.033547
0.035419
-0.074480
-0.150877
-0.204206
-0.271208
-0.076644
0.425386
-0.003315
-0.085256
0.160997
0.086370
-0.009178
0.362169
0.297612
-0.316559
0.058780
0.119180
-0.013927
0.107569
0.072611
-0.112736
0.036425
-0.111402
-0.200868
-0.035102
0.228633
-0.159666
-0.119529
0.293671
0.142726
0.074243
0.118682
-0.013138
0.033492
0.055569
-0.164773
-0.278376
-0.069082
-0.347894
0.132060
-0.143097
0.099225
-0.075252
-0.178352
0.056429
-0.106127
-0.200230
0.076920
-0.007801
0.040207
-0.413704
0.033858
-0.026793
-0.034127
-0.111914
-0.047721
-0.344655
0.092515
-0.259206
-0.151336
-0.227592
0.205029
-0.268112
0.270162
0.031957
-0.345363
-0.245591
0.117746
0.153703
0.532851
0.271256
-0.206070
-0.081993
0.561308
0.298945
0.081653
0.093494
-0.116785
-0.123320
0.028743
0.263893
-0.025407
0.054515
0.013539
0.220959
0.265139
-0.112419
0.261628
0.178762
0.037837
0.123643
-0.086685
-0.164603
0.301293
0.350037
0.024908
0.057999
-0.020241
0.121853
0.236157
0.058164
0.032213
-0.044157
-0.167700
-0.078570
-0.081032
0.168834
0.009283
0.140314
-0.343219
-0.052241
-0.062823
0.035314
0.139009
-3.555236
0.310287
-0.361115
0.167958
0.109917
0.163422
-0.008613
-0.029244
-0.242222
-0.061842
-0.004457
0.096816
0.179377
-0.074643
0.179912
-0.167938
0.131240
-0.138643
-0.111544
0.033862
-0.299812
0.108981
-0.239365
0.042557
0.293002
-0.088040
0.050643
0.001705
0.298003
0.144529
0.076980
-0.014394
0.193389
-0.216413
-0.110226
0.234105
0.141574
0.653016
-0.163744
-0.421857
-0.012413
0.124124
-0.036105
-0.236583
-0.021487
-0.058790
0.004187
-0.024013
-0.120786
0.015204
-0.113835
0.109773
-0.043921
0.409026
-0.007116
0.012972
0.326682
0.247935
-0.236584
0.061545
0.006834
0.085595
0.119794
-0.047099
0.076113
0.112763
0.019328
0.005415
-0.110277
0.149704
-0.058583
-0.135587
-0.113065
0.031243
-0.043017
-0.189164
0.323294
0.024401
0.125150
-0.027064
-0.422067
-0.549214
-0.333635
-0.101812
0.615070
0.201928
0.002197
0.423270
0.185816
-0.055750
0.790600
0.328137
-0.310608
0.165945
0.081399
-0.102750
0.271765
0.216059
0.161364
0.043253
-0.141611
-0.135926
-0.086751
-0.092905
-0.121190
-0.192161
0.253313
0.053457
-0.198790
-0.248510
0.038107
0.083835
-0.017679
-0.296395
-0.385380
-0.108200
-0.609851
0.130619
-0.083574
0.072535
-0.183087
-0.176821
0.109886
-0.057976
-0.289412
0.088764
-0.021250
-0.019882
-0.348790
-0.048537
0.107148
0.155203
-0.139230
-0.007757
-0.244569
0.295158
-0.144042
0.005238
-0.500533
0.047870
-0.191898
0.347028
0.168148
-0.686207
-0.332981
-0.112201
0.115031
0.496407
0.278974
-0.406029
0.038363
0.434283
0.181091
0.252110
0.003671
-0.034638
-0.158170
0.151109
0.319741
0.076066
-0.181276
-0.041261
0.172943
0.235928
-0.166603
0.400895
0.476620
0.072801
-0.038949
-0.070614
-0.097606
0.270968
0.456596
-0.248718
0.047468
-0.083007
-0.122971
0.108658
0.020303
0.163518
-0.065136
-0.340261
-1.403766
-0.134858
0.225903
-0.175912
0.314834
-0.471467
-0.216168
0.047857
0.123406
-0.151898
0.605133
0.546318
-0.363909
0.279847
0.242015
0.207227
-0.256743
-0.054381
-0.293273
-0.091872
0.037173
0.388890
0.176435
-0.150889
0.150738
-0.044053
-0.014956
-0.280181
0.043927
-0.118787
-0.503256
0.011243
-0.427512
0.110408
0.411451
-0.173454
0.041637
0.067374
0.634790
-0.162338
0.175720
0.081382
0.217469
-0.242923
-0.221184
0.500573
0.083125
1.268452
-0.244029
-0.613659
0.396517
0.139121
-0.090902
-0.297064
0.015829
-0.020074
-0.032179
-0.048248
-0.134971
-0.047190
0.058438
-0.026346
0.060262
0.447663
0.001518
-0.094140
0.501211
0.380275
-0.233403
0.212050
-0.150943
0.156106
0.225447
-0.028999
-0.170198
0.393350
0.191062
-0.142454
-0.255219
0.261735
-0.084067
-0.073324
0.011033
-0.013313
-0.050952
-0.229579
0.344944
-0.017336
-0.025404
-0.067000
-0.130945
-0.245424
-0.237460
-0.110200
0.404779
0.080093
-0.034813
0.223610
0.011128
-0.117543
0.440241
0.283503
-0.195433
0.149583
0.185888
0.031010
0.072582
0.120453
-0.132593
0.033808
-0.069165
-0.357585
0.070784
0.161679
-0.191871
0.048389
0.289758
0.154445
0.165946
0.168312
-0.030468
-0.025879
0.085498
-0.232413
-0.241102
0.019679
-0.397099
0.179980
-0.124359
0.247504
-0.093792
-0.189255
0.138304
-0.114511
-0.166861
0.127635
0.116267
-0.106905
-0.467346
-0.017704
-0.041769
0.059023
-0.002492
0.078870
-0.296500
0.083345
-0.145541
-0.225639
-0.252116
0.142126
-0.277307
0.291205
0.001911
-0.293580
-0.206274
0.131768
0.139142
0.443230
0.268032
-0.104213
-0.119218
0.590784
0.380343
0.058341
0.057673
-0.127548
-0.102213
0.312409
0.217529
0.003883
-0.060768
0.032383
0.191316
0.352256
-0.173642
0.412650
0.211013
-0.062707
0.187610
-0.124362
-0.157834
0.285388
0.334911
0.013523
-0.079280
0.022770
0.267460
0.533988
-0.044627
-0.002768
-0.120382
-0.353101
0.147027
-0.095136
0.096929
0.170867
0.151659
-0.361411
0.260350
0.012292
0.077500
0.116892
1.488228
0.358898
-0.164375
0.304173
0.133883
0.308335
0.052686
0.052667
-0.162725
0.198009
-0.199176
0.451285
0.357593
-0.289709
0.110890
-0.180126
0.341192
-0.129152
-0.206334
0.010223
-0.201437
0.147899
-0.354974
0.212971
-0.087141
-0.010763
-0.045594
-0.050655
0.318364
0.156111
0.097030
0.085675
0.240777
-0.241935
-0.134730
0.206384
0.276360
0.260040
-0.096406
-0.419411
-0.061130
0.019443
-0.059295
-0.109526
0.082321
0.018799
-0.090539
0.135596
-0.288783
0.225658
-0.179540
-0.123862
-0.063559
0.304520
-0.069183
0.004750
0.368076
0.236950
-0.205421
0.133575
0.142055
0.049981
0.272498
-0.059171
0.346413
0.242926
0.010479
-0.053311
-0.177122
0.134964
0.085540
0.006612
-0.074986
0.015022
-0.011996
-0.322058
0.295590
-0.087796
-0.028123
-0.203406
0.123402
0.068584
-0.187748
0.004917
0.235588
0.033418
-0.070950
0.133917
-0.110418
-0.165278
0.217783
0.219998
-0.099730
0.129204
0.201423
0.146391
-0.088149
-0.009349
-0.393624
0.046428
0.042499
-0.409864
0.105969
0.471098
-0.256791
0.202694
0.293632
0.386594
0.423169
0.398453
-0.097736
-0.012596
0.211929
-0.132254
0.003538
0.190315
-0.153646
0.205358
-0.174081
0.373680
-0.092899
-0.190235
0.097785
-0.321077
-0.169521
0.129047
0.156241
-0.077920
-0.541707
0.015969
-0.293648
-0.004852
0.162732
0.032957
-0.313472
-0.166818
-0.147095
-0.390733
-0.045465
0.253701
-0.305767
0.245482
-0.133505
-0.051472
-0.137390
0.416573
0.158801
0.551867
0.309786
0.042748
-0.131274
0.750376
0.488806
-0.055508
0.094047
-0.189982
0.030689
0.432651
0.016220
-0.136835
0.110740
0.205159
0.159670
0.222557
-0.346625
0.409120
-0.103027
-0.200705
0.104269
-0.068320
-0.064145
0.265756
0.197317
0.366494
-0.265067
0.235853
0.324613
0.594797
-0.128790
-0.139758
-0.227367
-0.287141
1.270813
-0.078822
-0.101446
0.144296
0.057172
-0.278393
0.486541
0.016155
-0.027771
0.148786
0.670477
0.235197
0.100088
0.193887
0.023026
0.380743
0.124136
0.311435
0.003300
0.485463
-0.342354
0.517733
0.304940
-0.268874
0.088534
-0.259502
0.510187
-0.158461
-0.291885
0.080087
-0.004568
0.435787
-0.240860
0.244099
-0.305201
0.059531
-0.009846
0.025654
0.092493
0.301106
-0.013059
0.171236
0.186851
-0.217243
0.001691
-0.032143
0.488258
-0.418658
0.217328
-0.265058
-0.402998
-0.068099
-0.017058
0.093893
0.141998
0.161815
-0.112209
0.319095
-0.311440
0.335379
-0.415027
-0.108108
-0.123548
0.209559
0.016212
-0.047551
0.206945
0.061508
-0.215845
0.002207
0.246641
-0.080992
0.174667
0.038039
0.359495
0.000886
-0.190526
-0.075757
-0.011065
0.151126
0.307029
-0.130944
-0.031203
0.142750
0.020327
-0.408111
0.201211
-0.161895
0.024648
-0.333596
0.296051
0.302715
-0.142653
0.101429
0.102631
-0.008947
-0.087068
0.090840
-0.176209
-0.176940
0.036950
0.152622
-0.061261
0.075874
0.189538
0.248843
-0.215489
-0.132319
-0.580203
0.048297
0.167672
-0.383327
0.089005
0.669438
-0.343433
0.311875
0.275406
0.595966
0.617029
0.532290
-0.146668
-0.019114
0.289609
-0.033671
0.239034
0.324639
0.063015
0.234355
-0.209848
0.451048
-0.130269
-0.187912
0.051319
-0.479661
-0.189901
0.120332
0.160870
-0.038798
-0.584601
0.048182
-0.516979
-0.049710
0.327176
-0.005382
-0.305794
-0.369823
-0.121201
-0.423447
0.080375
0.317732
-0.304116
0.220540
-0.235779
0.130672
-0.104156
0.639161
0.174823
0.644701
0.322422
0.151116
-0.119597
0.876533
0.543546
-0.140762
0.102622
-0.213583
0.143530
0.500089
-0.146256
-0.260733
0.224152
0.355299
0.112739
-0.008363
-0.501780
0.401653
-0.346590
-0.293214
-0.086246
-0.014441
0.072866
0.214614
0.065079
0.659040
-0.436914
0.443950
0.186432
0.438961
-0.213852
-0.256214
-0.317129
-0.177886
2.019168
-0.041478
-0.274036
-0.036463
-0.044250
-0.214744
0.507027
0.035265
-0.156780
0.063784
-0.905442
0.143413
0.397723
0.061931
-0.086790
0.411906
0.103800
0.545713
0.161249
0.685834
-0.365029
0.539712
0.129016
-0.188948
0.070516
-0.192959
0.514701
-0.189849
-0.299594
0.102375
0.163029
0.600296
-0.140911
0.287895
-0.394928
0.063166
0.031013
0.125519
-0.085047
0.287086
-0.111391
0.276918
0.068214
-0.195186
0.102897
-0.175581
0.607779
-0.626644
0.514811
-0.140666
-0.615253
-0.122258
0.031040
0.310404
0.175067
0.296272
-0.076722
0.413251
-0.218456
0.362289
-0.588560
-0.060705
-0.145949
0.138810
0.174396
-0.080087
0.062963
-0.122998
-0.226638
-0.092705
0.190153
-0.221409
0.096586
0.200094
0.176935
-0.144656
-0.339967
-0.138822
0.142073
0.148504
0.491540
-0.247430
0.069512
0.252120
0.059933
-0.421937
0.114183
-0.186032
0.067523
-0.342071
0.343985
0.378472
-0.109526
0.090918
0.033094
-0.117234
-0.083183
0.056683
-0.186954
-0.181063
-0.098866
0.141107
-0.075446
0.016405
0.196814
0.316604
-0.303583
-0.184566
-0.621773
0.029791
0.218491
-0.377935
0.078043
0.655684
-0.448921
0.371371
0.254738
0.626555
0.691102
0.619538
-0.168435
-0.080061
0.273943
-0.022926
0.311294
0.322001
0.163333
0.269900
-0.234000
0.441637
-0.086320
-0.213353
0.033316
-0.431076
-0.175079
0.111625
0.166878
-0.023250
-0.566236
0.035165
-0.585385
-0.089382
0.345302
0.061898
-0.322325
-0.419179
-0.074225
-0.352272
0.072662
0.303524
-0.317054
0.216040
-0.297802
0.256370
-0.074911
0.696397
0.165701
0.605636
0.283966
0.227236
-0.182047
0.904090
0.573304
-0.182237
0.098344
-0.218786
0.131954
0.451561
-0.178777
-0.290295
0.279120
0.351275
0.118905
-0.133179
-0.488315
0.380371
-0.431940
-0.290632
-0.111482
-0.012735
0.088267
0.177226
-0.000830
0.801590
-0.497859
0.512707
0.179697
0.290983
-0.239613
-0.311520
-0.319276
-0.128811
2.271138
0.047326
-0.310750
-0.092556
-0.159334
-0.142206
0.495243
0.026968
-0.202640
0.125260
-2.654642
0.059237
0.477265
0.068047
-0.156896
0.423136
0.166955
0.575913
0.215198
0.700261
-0.352393
0.483938
0.023165
-0.207600
0.044293
-0.114601
0.474648
-0.103929
-0.330952
0.137219
0.287618
0.440277
-0.109477
0.349398
-0.553308
0.045542
-0.034981
0.062227
-0.218996
0.211389
-0.113481
0.293469
-0.052698
-0.179368
0.092798
-0.233305
0.642189
-0.576492
0.593854
-0.055243
-0.723388
-0.158266
0.052334
0.380487
0.174570
0.298993
-0.032011
0.417047
-0.124862
0.405721
-0.652035
-0.058485
-0.195957
0.091141
0.260942
-0.104719
-0.009143
-0.226058
-0.220549
-0.151186
0.151617
-0.286450
0.145005
0.258645
0.181264
-0.127546
-0.388708
-0.072930
0.168240
0.049506
0.566396
-0.210666
0.143982
0.255328
0.126701
-0.405749
0.111004
-0.194273
0.084892
-0.366211
0.336521
0.383882
-0.092703
0.059469
0.029528
-0.101075
-0.061284
0.078523
-0.160185
-0.186720
-0.117859
0.140169
-0.095943
-0.000036
0.207524
0.317691
-0.296991
-0.172744
-0.621283
0.034479
0.246848
-0.352074
0.080036
0.642597
-0.471885
0.373767
0.242327
0.638319
0.698593
0.611206
-0.164440
-0.067393
0.287927
0.004951
0.320173
0.306521
0.171035
0.296551
-0.235769
0.463994
-0.095192
-0.211355
0.048250
-0.432655
-0.151583
0.113117
0.178667
-0.053950
-0.591155
0.027969
-0.566919
-0.071751
0.368187
0.084871
-0.334120
-0.418794
-0.054825
-0.319685
0.031021
0.296732
-0.322999
0.221420
-0.291975
0.268552
-0.083075
0.714939
0.138309
0.577935
0.284568
0.228542
-0.165440
0.913511
0.558951
-0.156383
0.086164
-0.219247
0.137902
0.442077
-0.156138
-0.273225
0.229578
0.362600
0.096540
-0.182601
-0.555138
0.381042
-0.426320
-0.281710
-0.140848
-0.019871
0.093128
0.161909
-0.013254
0.810656
-0.504383
0.527441
0.158852
0.307380
-0.252580
-0.307506
-0.310486
-0.133917
2.484832
0.069918
-0.310584
-0.119558
-0.152991
-0.126599
0.501509
0.035718
-0.197470
0.117024
-1.972167
0.046392
0.511653
0.073462
-0.165218
0.438812
0.159469
0.548305
0.225616
0.707084
-0.327530
0.486340
0.015996
-0.202134
0.032215
-0.103857
0.467588
-0.084554
-0.343063
0.143813
0.277523
0.432458
-0.126555
0.368188
-0.570757
0.023111
-0.033190
0.073585
-0.199810
0.193841
-0.114867
0.316300
-0.059910
-0.170142
0.111661
-0.184054
0.616635
-0.496097
0.609800
-0.043697
-0.706698
-0.149473
0.061321
0.401196
0.177623
0.294841
-0.032518
0.418979
-0.123923
0.407518
-0.653910
-0.040490
-0.192282
0.074318
0.261639
-0.079917
-0.029654
-0.240098
-0.220316
-0.156658
0.126061
-0.283382
0.125290
0.278199
0.160820
-0.112154
-0.390628
-0.085992
0.158427
0.053758
0.590405
-0.221684
0.137168
0.263937
0.130885
-0.369912
0.132663
-0.178493
0.040831
-0.411094
0.353185
0.385284
-0.057204
0.041580
0.061331
0.008136
-0.070163
0.089863
-0.130799
-0.183258
-0.056774
0.126357
-0.082746
0.085506
0.200910
0.236921
-0.246292
-0.130849
-0.633051
0.042660
0.264567
-0.286610
0.064696
0.718336
-0.374024
0.288803
0.237974
0.660368
0.682987
0.544967
-0.172057
0.066352
0.312765
0.083360
0.285075
0.272886
0.161361
0.299251
-0.228599
0.498752
-0.089202
-0.177306
0.072713
-0.492885
-0.116778
0.104219
0.196822
-0.080427
-0.626911
0.035664
-0.534531
0.007695
0.361509
-0.006977
-0.296748
-0.387070
-0.090028
-0.402375
0.053834
0.328166
-0.313812
0.177569
-0.231928
0.247345
-0.124402
0.706004
0.098184
0.528112
0.345620
0.139889
-0.104504
0.916217
0.483319
-0.090323
0.051115
-0.244457
0.141790
0.410462
-0.116703
-0.241877
0.172726
0.345503
-0.009491
-0.132361
-0.620974
0.331023
-0.395335
-0.256433
-0.146304
-0.004034
0.083595
0.186860
0.007746
0.788725
-0.430713
0.473491
0.246470
0.445148
-0.213379
-0.269756
-0.283681
-0.133867
2.620350
0.020322
-0.284780
-0.077846
-0.058564
-0.133679
0.530219
0.015853
-0.161035
0.122781
0.644027
0.052490
0.386878
0.016842
-0.147747
0.424988
0.136824
0.506473
0.186934
0.681409
-0.310946
0.414344
0.114210
-0.128050
0.040755
-0.212011
0.524070
-0.142781
-0.325218
0.172463
0.153749
0.644617
-0.082127
0.273226
-0.366476
0.031976
0.031781
0.161060
-0.156741
0.325934
-0.142175
0.274889
0.037780
-0.156161
0.205739
-0.210105
0.596845
-0.627094
0.573164
-0.059512
-0.688350
-0.118191
0.067278
0.318387
0.181999
0.259090
-0.070335
0.441571
-0.202875
0.362139
-0.629736
0.043141
-0.179534
0.096481
0.179751
-0.094013
-0.046271
-0.188374
-0.216928
-0.204344
0.203123
-0.210466
-0.030565
0.227295
0.113374
-0.266280
-0.399390
-0.075669
0.164193
0.158471
0.530514
-0.358695
0.022003
0.304818
0.077473
-0.243592
0.154138
-0.074455
0.040993
-0.300609
0.133498
0.109317
-0.059918
-0.084833
0.241967
0.060574
-0.054909
0.150825
-0.011478
-0.134126
0.178553
0.194523
-0.179023
0.190277
0.195424
0.077795
-0.101773
0.014750
-0.397698
0.023453
0.144265
-0.207252
0.020214
0.489715
-0.304295
0.043190
0.243259
0.446330
0.425440
0.311744
-0.129294
0.132562
0.182792
-0.001919
-0.003761
0.032591
-0.095636
0.293482
-0.206243
0.374505
-0.006610
-0.177986
0.109816
-0.284813
-0.109525
0.079562
0.173996
-0.097529
-0.569809
-0.043243
-0.252964
0.091619
0.129524
0.026758
-0.298614
-0.101482
-0.106028
-0.306011
-0.154539
0.248121
-0.283237
0.192156
-0.048201
0.035020
-0.224293
0.413884
0.045754
0.365797
0.360082
-0.069867
-0.130509
0.770443
0.344144
0.076231
0.007737
-0.212969
-0.009241
0.199021
0.101597
-0.091732
0.030136
0.130469
-0.049063
0.021634
-0.472506
0.259861
-0.133329
-0.072962
-0.016791
-0.023478
-0.054028
0.252852
0.165084
0.499098
-0.190213
0.221227
0.354138
0.452782
-0.073419
-0.121046
-0.140751
-0.180858
1.595294
-0.012583
-0.092029
0.020445
0.049481
-0.200582
0.379106
-0.048678
-0.056174
0.244627
3.256225
0.142619
-0.064260
0.115797
-0.043976
0.346382
0.105990
0.229907
-0.043642
0.333184
-0.225683
0.245517
0.247908
-0.136323
0.083088
-0.259488
0.410464
-0.144495
-0.270811
0.157314
-0.103888
0.387348
-0.160361
0.148726
-0.107655
-0.030595
0.046851
0.076609
0.076633
0.318563
-0.018805
0.098842
0.150972
-0.162591
0.089514
-0.038297
0.428764
-0.113566
0.219384
-0.212751
-0.430888
-0.017463
0.021851
-0.018409
0.092359
0.068183
-0.061214
0.279649
-0.259093
0.210487
-0.421636
0.114011
-0.150522
0.217481
0.024185
-0.098253
0.100845
0.031048
-0.247328
-0.169369
0.192724
-0.032469
-0.009547
0.062082
0.163692
-0.146133
-0.237992
0.037990
0.023387
0.172318
0.276570
-0.321395
-0.053642
0.198345
0.024266
-0.186396
0.143830
-0.043445
0.089630
-0.278691
-0.002173
-0.038033
-0.084602
-0.094489
0.364867
0.139103
-0.054328
0.199937
0.045741
-0.120531
0.408645
0.224905
-0.217855
0.275394
0.148017
-0.021125
-0.009770
0.086097
-0.254032
0.012649
0.076805
-0.125797
-0.044871
0.407481
-0.254894
-0.120174
0.234572
0.392637
0.228777
0.087523
-0.113034
0.206036
0.125408
-0.052981
-0.131773
-0.072449
-0.238861
0.268854
-0.179222
0.289017
0.010223
-0.181096
0.090660
-0.246016
-0.162256
0.031244
0.121688
-0.050198
-0.503742
-0.100287
-0.153719
0.147145
-0.000508
-0.033181
-0.270660
0.029363
-0.108625
-0.259875
-0.276744
0.224283
-0.210215
0.198530
0.061497
-0.170910
-0.293741
0.256571
0.016068
0.354942
0.395228
-0.247741
-0.084300
0.673833
0.235378
0.198876
-0.020952
-0.171187
-0.054148
0.142129
0.162320
-0.049497
-0.022275
0.052115
-0.079773
0.027365
-0.447411
0.223767
-0.053854
0.019260
-0.060749
-0.004118
-0.078822
0.296226
0.261524
0.371301
-0.082959
0.141382
0.268290
0.310166
0.004476
-0.019930
-0.096451
-0.201206
0.744873
-0.076391
-0.020488
-0.059780
0.141855
-0.257125
0.242912
-0.068460
-0.017056
0.226730
4.271180
0.243392
-0.264572
0.117743
0.032101
0.280073
0.019762
0.162079
-0.155308
0.144277
-0.182376
0.198943
0.218238
-0.097160
0.127525
-0.295846
0.264217
-0.236337
-0.205549
0.103344
-0.322194
0.366758
-0.189908
0.034257
0.089496
-0.072498
0.150902
0.125600
0.288460
0.232532
0.038476
0.034255
0.196063
-0.154955
0.034325
0.059987
0.400273
0.135422
0.113790
-0.325104
-0.248005
0.062850
-0.012250
-0.176987
0.041465
0.022653
-0.062017
0.205444
-0.248616
0.068661
-0.303724
0.189407
-0.102234
0.308121
-0.005783
-0.192726
0.177886
0.159301
-0.280656
-0.131380
0.116044
0.043393
-0.027286
0.042886
0.017044
-0.144335
-0.160507
0.034876
-0.020314
0.261642
0.168826
-0.381369
-0.052427
0.178044
-0.023654
-0.258093
0.080112
-0.140404
0.133093
-0.462498
0.156769
0.184173
-0.060525
0.026283
0.273521
0.248543
-0.074187
0.190977
0.029247
-0.163225
0.352188
0.168414
-0.143423
0.283848
0.079276
0.023476
-0.060853
-0.006606
-0.418562
0.014043
0.207910
-0.025567
-0.101751
0.654187
-0.234175
-0.056161
0.187767
0.646531
0.357275
0.080938
-0.158456
0.336306
0.250399
0.135604
0.119245
0.101691
-0.023647
0.255611
-0.176119
0.379773
-0.089952
-0.135591
0.033962
-0.518899
-0.172950
0.001607
0.109958
0.000221
-0.528288
-0.065321
-0.394980
0.159620
0.194616
-0.221039
-0.195688
-0.196241
-0.098919
-0.354191
-0.137940
0.309975
-0.160781
0.145240
-0.000647
-0.102535
-0.280197
0.478161
0.001462
0.465347
0.453034
-0.269724
0.066048
0.758839
0.211056
0.202193
-0.055660
-0.205849
0.110480
0.289804
-0.021285
-0.174280
0.053248
0.242960
-0.205398
-0.202157
-0.707545
0.221930
-0.281873
-0.086290
-0.307190
0.083089
0.099337
0.244442
0.137618
0.602952
-0.253541
0.353937
0.025476
0.183112
-0.072046
-0.072656
-0.199936
-0.139461
1.364058
-0.109750
-0.165061
-0.337982
0.158754
-0.204645
0.178152
-0.020240
-0.107555
0.006295
3.781439
0.221144
0.016338
-0.073316
-0.024458
0.306647
-0.097232
0.421096
0.018071
0.388815
-0.171708
0.290811
-0.000009
0.084056
0.102143
-0.244791
0.266892
-0.380796
-0.179315
0.086157
-0.319808
0.839849
-0.077049
0.026109
0.221343
-0.087649
0.299194
0.384350
0.267347
0.224302
-0.085268
0.196550
0.143821
-0.097845
0.194976
-0.044688
0.542886
-0.068017
0.450845
-0.220482
-0.312058
0.067910
0.029911
0.074584
0.086159
0.200586
-0.077918
0.334535
-0.166890
0.060797
-0.446463
0.294361
-0.099330
0.230643
0.153658
-0.286096
0.005235
0.006081
-0.279213
-0.176986
0.055017
-0.051689
-0.202610
0.267484
-0.337704
-0.394673
-0.314287
-0.133196
0.122289
0.435299
0.359609
-0.632175
-0.024388
0.365965
-0.032691
-0.342974
0.045758
-0.199494
0.194571
-0.550551
0.252801
0.336551
-0.067899
0.104848
0.175510
0.234184
-0.059744
0.193588
0.019706
-0.166492
0.186117
0.141010
-0.133869
0.174193
0.070550
0.125548
-0.116886
-0.096729
-0.530954
0.026336
0.296434
0.000590
-0.107094
0.732366
-0.307114
0.059092
0.169116
0.775988
0.492320
0.173714
-0.157080
0.299001
0.320575
0.228597
0.322782
0.256109
0.117189
0.256347
-0.186379
0.446248
-0.198260
-0.113021
0.010049
-0.651132
-0.189662
0.024831
0.105239
-0.000488
-0.579759
-0.017392
-0.530368
0.097287
0.387299
-0.230800
-0.203739
-0.381069
-0.089114
-0.317439
-0.052518
0.333877
-0.170673
0.160971
-0.079159
-0.003567
-0.253255
0.661615
0.031584
0.567578
0.431713
-0.176984
0.120320
0.849492
0.264943
0.144867
-0.036602
-0.206928
0.238446
0.357590
-0.144460
-0.252035
0.100388
0.414199
-0.210632
-0.395477
-0.857847
0.266036
-0.385328
-0.182236
-0.458278
0.135051
0.247852
0.168006
0.026096
0.725382
-0.426429
0.527632
-0.214976
0.098896
-0.172225
-0.159359
-0.272724
-0.082169
2.010707
-0.085883
-0.271584
-0.524642
0.084926
-0.167404
0.077733
0.028854
-0.212803
-0.170769
2.054346
0.179156
0.337597
-0.167027
-0.079022
0.351322
-0.177250
0.597702
0.170814
0.596801
-0.145820
0.390761
-0.193120
0.178664
0.075715
-0.089266
0.256789
-0.402344
-0.160028
0.055713
-0.155355
0.980980
-0.051488
0.118135
0.212904
-0.121725
0.327740
0.476379
0.172861
0.174250
-0.171261
0.355489
0.064193
-0.071376
0.228767
-0.015518
0.567093
-0.000636
0.667307
-0.119709
-0.355786
0.061172
0.073616
0.341897
0.093073
0.353440
-0.034955
0.362334
-0.067129
0.080768
-0.570455
0.298399
-0.091404
0.142081
0.318233
-0.265885
-0.097487
-0.150677
-0.291279
-0.144313
-0.051859
-0.172237
-0.209071
0.462260
-0.500035
-0.383868
-0.411193
-0.297562
0.230394
0.446117
0.513654
-0.668782
0.054965
0.454520
-0.013017
-0.328253
-0.000404
-0.172493
0.305933
-0.425175
0.044474
0.151602
-0.123391
0.070565
0.276365
0.100857
-0.035396
0.218292
0.019011
-0.126819
0.313221
0.187137
-0.239967
0.103089
0.065504
0.138326
-0.093854
-0.070679
-0.336777
0.017342
0.189309
-0.028721
-0.131794
0.485566
-0.450588
0.000052
0.182191
0.637608
0.301713
0.047697
-0.119915
0.121487
0.194471
0.002560
0.185196
0.135485
-0.055076
0.253999
-0.170092
0.288923
-0.163511
-0.185365
-0.027666
-0.444910
-0.280425
-0.005298
0.018080
0.075677
-0.477074
-0.086467
-0.412888
0.032727
0.222617
-0.082366
-0.271712
-0.232658
-0.035746
-0.078288
-0.261350
0.258254
-0.113728
0.254533
-0.038485
-0.165125
-0.267477
0.468563
0.058111
0.613538
0.360376
-0.173333
0.038081
0.743566
0.266470
0.149677
0.006074
-0.081898
0.146444
0.301350
-0.073249
-0.229569
0.093832
0.319382
-0.047459
-0.474245
-0.703061
0.290920
-0.339426
-0.078365
-0.492504
0.085207
0.184078
0.184892
0.117693
0.601871
-0.373081
0.515144
-0.409488
-0.329898
-0.141694
-0.119033
-0.234665
-0.084645
0.887886
-0.038517
-0.227672
-0.650606
0.004386
-0.214768
-0.058768
0.021520
-0.222405
-0.118402
-0.219347
0.249496
0.349027
-0.037302
-0.039586
0.294993
-0.169730
0.502672
0.070323
0.336029
-0.116822
0.390761
-0.349662
0.050438
0.127930
0.026570
-0.046075
-0.334474
-0.138847
-0.047279
-0.191099
0.423535
-0.192533
0.135262
-0.024169
-0.190373
0.320654
0.332024
0.343351
-0.185446
-0.047050
0.319519
-0.064039
-0.103451
-0.005238
0.213313
0.509280
0.559837
0.565956
-0.233196
-0.219436
0.108069
0.021322
0.253421
0.009862
0.312168
0.049328
0.187933
0.071445
-0.021584
-0.446301
0.256474
-0.045707
0.233585
0.385274
-0.298662
0.035667
-0.075848
-0.354532
-0.032664
-0.287015
-0.202754
0.029412
0.501495
-0.530693
-0.069893
-0.278842
-0.276694
0.153270
0.293250
0.470353
-0.464711
0.237203
0.300925
0.016322
-0.279493
-0.068011
-0.085586
0.379232
-0.208129
-0.105197
0.005352
-0.149512
-0.036829
0.324779
-0.214283
-0.018085
0.120218
-0.002100
-0.092202
0.254479
0.303499
-0.350373
0.023135
0.134705
0.205890
-0.169392
-0.043955
-0.168466
-0.036470
0.015071
-0.178375
-0.083724
0.170690
-0.690365
-0.027114
0.227994
0.377322
0.202328
0.123919
-0.089593
-0.181500
-0.002620
-0.277670
-0.021031
-0.042704
-0.259182
0.271841
-0.183623
0.115437
0.008764
-0.285112
-0.038777
-0.047984
-0.320694
-0.003760
0.000561
0.104402
-0.387642
-0.213265
-0.199218
-0.145417
-0.009754
0.251764
-0.420534
-0.065912
0.025226
0.145491
-0.459474
0.143158
-0.122184
0.347579
-0.017796
-0.159307
-0.243217
0.254382
0.097304
0.509028
0.227833
-0.071328
-0.264861
0.659447
0.368933
0.120066
0.081441
-0.006730
-0.017900
0.121687
0.038697
-0.159154
0.154383
0.126719
0.166408
-0.402102
-0.365423
0.292435
-0.287179
0.058885
-0.207294
0.024773
-0.008763
0.205533
0.215743
0.441835
-0.288837
0.407962
-0.307857
-0.546876
-0.069860
-0.135250
-0.103196
-0.094085
0.070740
0.064324
-0.104376
-0.466131
-0.226050
-0.203931
-0.124914
-0.066640
-0.251124
0.233485
-3.416612
0.213713
0.185921
0.216086
-0.015355
0.260934
0.028421
0.311200
-0.083171
0.032438
-0.175850
0.296704
-0.393796
-0.188211
0.169053
0.180979
-0.213271
-0.091481
-0.238698
-0.077255
-0.038327
-0.464759
-0.363387
0.207476
-0.462541
-0.232213
0.196527
-0.079211
0.347845
-0.362420
0.131393
0.170054
-0.159563
-0.115986
-0.385089
0.404580
0.444488
1.067503
0.271522
-0.272762
-0.225140
0.140767
-0.026283
0.108907
-0.148481
0.180791
0.181895
-0.055403
0.153369
-0.040925
-0.370796
0.148571
-0.100355
0.273380
0.393350
-0.251495
0.172018
-0.004648
-0.448938
0.095083
-0.374477
-0.239433
0.480087
0.430429
-0.076897
0.398913
-0.171184
-0.107387
0.056080
-0.064128
0.363036
-0.033533
0.410403
0.066874
0.073839
-0.136057
-0.128120
-0.088002
0.485831
-0.163687
-0.248718
-0.145576
-0.097928
-0.146504
0.404576
-0.232327
0.047378
0.174523
0.033779
-0.136104
0.389200
0.359387
-0.389115
0.096559
0.158899
0.205748
-0.181973
0.036389
-0.011454
-0.089635
0.005890
-0.180058
-0.091097
-0.099539
-0.868601
-0.065894
0.192173
0.299748
0.114786
-0.017553
-0.081500
-0.266976
-0.116618
-0.397934
-0.103982
-0.158278
-0.419396
0.340745
-0.161961
0.089957
0.074565
-0.323321
-0.008997
0.146425
-0.325426
-0.021992
0.040509
0.040638
-0.348358
-0.374092
-0.067831
-0.096196
-0.070210
0.453841
-0.416749
0.067132
0.186948
0.335949
-0.717764
0.011083
-0.045363
0.401809
0.070656
-0.208661
-0.288064
0.094243
0.034368
0.321236
0.189380
-0.111875
-0.366822
0.592291
0.332525
0.241123
0.019928
0.060695
-0.081367
0.133625
0.098308
-0.080740
0.021029
0.018678
0.111922
-0.520668
-0.366912
0.336999
-0.230875
0.155102
-0.199631
0.022099
-0.039587
0.183105
0.258959
0.333601
-0.315657
0.396787
-0.378416
-0.706061
-0.073616
-0.106915
-0.048197
-0.195422
-0.511538
0.104553
-0.064161
-0.504277
-0.295273
-0.200953
-0.189128
-0.066831
-0.252829
0.300522
-0.259919
0.267790
0.201483
0.375600
0.026119
0.296909
0.048904
0.257166
-0.129042
-0.055645
-0.211736
0.417364
-0.468906
-0.324626
0.154247
0.361252
-0.343254
-0.032222
-0.288900
-0.151958
-0.055706
-0.864251
-0.524784
0.298762
-0.708008
-0.303596
0.180394
-0.207470
0.528284
-0.584502
0.246233
0.181804
-0.209711
-0.092415
-0.598278
0.609823
0.457572
1.569144
0.189668
-0.306560
-0.092667
0.175287
-0.061370
0.110103
-0.210307
0.164494
0.224275
-0.138746
0.187737
-0.050270
-0.325089
0.083601
-0.113452
0.241792
0.432722
-0.317420
0.230401
0.031121
-0.508583
0.216759
-0.496260
-0.254799
0.744312
0.507340
0.034444
0.708897
-0.111014
-0.115022
-0.035332
-0.163742
0.393298
0.156927
0.554965
-0.012620
0.107475
-0.151049
-0.026531
-0.104365
0.360906
-0.201821
-0.217679
-0.170110
-0.104072
-0.145053
0.401108
-0.064758
0.033224
0.235690
0.051474
-0.131878
0.447492
0.291843
-0.336867
0.126352
0.131840
0.133100
-0.090252
0.059793
-0.044168
-0.057416
0.063483
-0.142563
-0.088857
-0.004245
-0.646757
-0.038919
0.183843
0.330065
0.128385
-0.047290
-0.086819
-0.127764
-0.035419
-0.274325
-0.087167
-0.107455
-0.351870
0.320791
-0.136769
0.157131
-0.010865
-0.268107
0.030147
0.004207
-0.261071
-0.000183
0.054668
-0.007622
-0.376576
-0.264013
-0.115650
0.028972
0.000339
0.274344
-0.318414
0.062861
0.123012
0.202913
-0.606710
0.050785
-0.073813
0.347876
0.057022
-0.236989
-0.288443
0.128216
0.019388
0.332224
0.233034
-0.153775
-0.213690
0.584359
0.274032
0.215695
-0.020365
0.013103
-0.071469
0.216380
0.129798
-0.069954
-0.064958
0.038742
0.048944
-0.392106
-0.416926
0.343747
-0.128268
0.094368
-0.254910
-0.022861
-0.012687
0.193507
0.250446
0.298908
-0.266118
0.345383
-0.317422
-0.498830
-0.085882
-0.057114
-0.087963
-0.212427
-0.322204
0.061388
-0.059289
-0.478807
-0.134625
-0.230563
-0.116991
-0.016682
-0.158098
0.136125
1.388483
0.302565
0.196490
0.291026
0.036962
0.291553
-0.012420
0.225133
-0.102601
0.021890
-0.136111
0.418599
-0.317525
-0.244586
0.133816
0.243114
-0.240753
-0.098347
-0.222504
-0.125773
-0.172668
-0.485919
-0.453091
0.259036
-0.457711
-0.256957
0.160345
-0.046486
0.521738
-0.482487
0.174698
0.203519
-0.129849
-0.129519
-0.385548
0.496348
0.397002
1.322121
0.210638
-0.340165
-0.039674
0.144159
-0.049285
0.088018
-0.094778
0.143653
0.135292
-0.038090
0.103607
-0.015638
-0.274817
0.092878
-0.069107
0.258196
0.327904
-0.259570
0.224550
0.056441
-0.400975
0.155778
-0.405589
-0.171345
0.506837
0.420983
-0.118003
0.506755
-0.081670
-0.138803
-0.066271
-0.010455
0.351974
0.007323
0.384101
0.042868
0.078966
-0.193392
0.037893
-0.118430
0.162262
-0.293478
0.013410
0.006059
-0.023301
-0.136390
0.285508
0.028914
-0.017940
0.184943
-0.001907
-0.123545
0.280523
0.184870
-0.241086
0.180646
0.152804
0.099102
-0.115541
0.023327
-0.276719
-0.026953
0.178397
-0.145302
-0.049082
0.294027
-0.434637
0.028741
0.190517
0.443035
0.350027
0.150405
-0.142091
0.030671
0.094576
-0.065740
0.006390
-0.027463
-0.133927
0.342816
-0.163259
0.306309
-0.013224
-0.208079
0.078464
-0.173241
-0.134588
0.032010
0.134768
-0.075766
-0.487055
-0.121480
-0.247450
0.124909
0.117955
0.103224
-0.245746
-0.044232
0.025403
-0.079153
-0.335956
0.158687
-0.173144
0.229312
-0.010614
-0.014050
-0.257007
0.304031
0.014807
0.290572
0.308826
-0.077258
-0.155230
0.694545
0.281813
0.113093
-0.053060
-0.109111
-0.041934
0.242381
0.120443
-0.095887
-0.051729
0.081628
-0.079328
-0.218629
-0.477230
0.278751
-0.171373
-0.002710
-0.213932
-0.055200
0.005126
0.213174
0.166271
0.476067
-0.231780
0.309961
0.020592
-0.021367
-0.092281
-0.108485
-0.129347
-0.151390
0.950577
0.044551
-0.111373
-0.247874
-0.046974
-0.189718
0.179868
-0.027220
-0.107997
0.151956
3.318038
0.188153
0.156098
0.144091
-0.048610
0.303788
0.065258
0.245319
-0.028766
0.212607
-0.136954
0.280041
-0.025008
-0.151903
0.100721
0.000885
0.085130
-0.106362
-0.255146
0.042824
-0.138850
0.050414
-0.248028
0.210318
-0.268264
-0.122944
0.100815
0.076729
0.239496
-0.065990
0.033445
0.157381
-0.015037
-0.162158
-0.041937
0.127501
0.405781
0.487125
0.286040
-0.246081
-0.306170
0.037816
0.005221
0.079290
0.047806
0.094680
0.031541
0.158119
-0.065007
0.117236
-0.366678
0.135911
-0.109929
0.223077
0.167908
-0.130211
0.110071
-0.005838
-0.280860
-0.066756
-0.106754
-0.112217
0.156433
0.253450
-0.052888
0.073801
-0.182106
-0.031031
-0.008496
0.087655
0.336464
-0.213558
0.133958
0.150023
0.060920
-0.251763
0.049974
-0.133891
0.117089
-0.355481
0.130100
0.128766
-0.010422
-0.091048
0.207271
0.045805
-0.035414
0.172998
-0.014477
-0.116930
0.162444
0.138199
-0.208025
0.153563
0.160787
0.117367
-0.142562
-0.025164
-0.404519
0.000606
0.243070
-0.130250
-0.041483
0.453287
-0.373644
0.074799
0.197039
0.526971
0.463971
0.266267
-0.158695
0.089750
0.171296
0.033815
0.098619
0.041609
-0.000688
0.346292
-0.191919
0.374285
-0.040544
-0.187753
0.082189
-0.299061
-0.113790
0.049075
0.153072
-0.081970
-0.547200
-0.052238
-0.348030
0.132896
0.199138
0.030617
-0.243325
-0.139836
-0.027257
-0.175562
-0.204971
0.221821
-0.233178
0.190884
-0.069178
0.088132
-0.238630
0.445427
0.025661
0.339662
0.334675
-0.029787
-0.108450
0.775899
0.306227
0.054657
-0.039025
-0.161878
0.000434
0.237558
0.072000
-0.136752
-0.004193
0.153645
-0.108443
-0.211993
-0.538427
0.256393
-0.222098
-0.070478
-0.247722
-0.039043
0.055974
0.206778
0.097490
0.615562
-0.254594
0.338063
0.131364
0.170218
-0.113338
-0.157659
-0.172240
-0.115792
1.671097
0.041009
-0.161344
-0.191752
-0.021607
-0.162475
0.287745
-0.021799
-0.110717
0.126753
2.728247
0.116615
0.170996
0.047837
-0.103417
0.314153
0.079715
0.310337
0.037623
0.344870
-0.133454
0.216776
0.052965
-0.084480
0.085378
-0.122894
0.235380
-0.118615
-0.254118
0.122364
-0.078962
0.350478
-0.125232
0.195953
-0.160261
-0.061138
0.070219
0.149400
0.042939
0.118903
-0.057786
0.166641
0.004965
-0.163894
0.138185
-0.063476
0.434900
0.027408
0.377931
-0.173191
-0.451616
-0.022647
0.042838
0.124736
0.119183
0.117449
-0.008209
0.263122
-0.109215
0.184470
-0.441775
0.156754
-0.131886
0.194417
0.154911
-0.107930
0.027026
-0.075066
-0.225746
-0.182989
0.025145
-0.118254
-0.025444
0.206826
-0.074552
-0.161003
-0.256244
0.001487
0.055654
0.143887
0.363348
-0.346028
0.033522
0.226985
0.063069
-0.361172
0.291136
-0.093422
-0.115946
-0.231498
0.144789
0.076759
-0.143963
-0.085627
0.187592
0.072044
-0.070421
0.131747
-0.027542
-0.081155
0.067340
0.150419
-0.176175
0.023497
0.190721
0.097023
-0.018121
-0.016360
-0.435505
0.059900
0.139350
-0.293438
0.078779
0.491137
-0.124683
0.192780
0.272056
0.367343
0.489244
0.439702
-0.090634
0.046721
0.257595
0.056707
0.014578
0.155016
-0.011215
0.232650
-0.155643
0.396247
-0.158620
-0.138487
0.131378
-0.347398
-0.035330
0.139940
0.150636
-0.132594
-0.590773
0.145547
-0.291405
0.057301
0.229647
-0.075260
-0.273272
-0.166994
-0.216022
-0.339485
0.016588
0.278699
-0.355348
0.196712
-0.148688
0.039655
-0.149544
0.466713
0.128447
0.474497
0.282280
0.078536
-0.028801
0.757143
0.407528
-0.102462
0.054939
-0.206403
-0.001334
0.329625
0.146675
-0.104444
-0.004907
0.191553
0.098465
0.218618
-0.351709
0.336121
-0.008266
-0.180884
0.033630
-0.155333
-0.043755
0.239136
0.138957
0.347317
-0.146870
0.168294
0.352127
0.726726
-0.108988
-0.132651
-0.186035
-0.199753
2.010413
-0.038375
-0.024754
0.175400
0.105762
-0.231909
0.428620
0.017535
0.034455
0.070059
0.011110
0.148702
0.103347
0.072805
-0.034320
0.305563
0.156179
0.153926
0.034754
0.436461
-0.104915
0.253738
0.357120
-0.099329
0.083679
-0.271402
0.507281
-0.050913
-0.272405
0.154006
-0.055845
0.662262
-0.104563
0.220459
-0.001681
0.074208
-0.058017
0.126781
-0.058074
0.399392
-0.114826
0.151266
0.185860
-0.235400
0.236363
-0.123774
0.294540
-0.427516
0.180572
-0.203849
-0.388080
-0.047156
0.035842
0.132846
0.202665
0.054699
-0.112565
0.286069
-0.260021
0.350290
-0.349504
0.009300
-0.108385
0.206441
-0.038642
0.151332
0.111528
0.001697
-0.087746
-0.063341
0.260611
-0.021551
-0.073478
-0.007156
0.230219
-0.200331
-0.166913
-0.029134
-0.036019
0.178527
0.209692
-0.228627
-0.277420
0.175264
0.010329
-0.378519
0.450335
-0.054345
-0.290769
-0.108377
0.105865
-0.038169
-0.214961
-0.121305
0.218148
0.106261
-0.097919
0.090657
-0.042571
-0.059393
0.093646
0.169208
-0.144998
0.007219
0.203992
0.043879
0.079608
0.030195
-0.394541
0.075244
0.044326
-0.415134
0.154486
0.445594
0.057266
0.231611
0.317199
0.201841
0.452511
0.490330
-0.051742
0.011038
0.263711
0.029403
-0.117957
0.170463
-0.082676
0.157365
-0.104713
0.381775
-0.190796
-0.111947
0.172845
-0.306529
0.026675
0.184216
0.158798
-0.175364
-0.581529
0.238730
-0.201594
0.041994
0.180379
-0.141445
-0.253182
-0.113346
-0.317314
-0.443174
0.119535
0.285073
-0.401645
0.189999
-0.160770
-0.029495
-0.104586
0.379996
0.180471
0.480253
0.243083
0.116363
-0.005165
0.686226
0.444145
-0.176158
0.090854
-0.215128
-0.057420
0.401906
0.235082
-0.050146
-0.043142
0.132337
0.213090
0.565747
-0.143759
0.376663
0.171352
-0.212974
0.275234
-0.255790
-0.153627
0.280431
0.207892
0.089903
-0.016150
-0.010513
0.559919
1.073312
-0.071440
-0.088249
-0.167757
-0.295848
1.817632
-0.115047
0.118734
0.493378
0.202435
-0.290414
0.525684
0.031448
0.171996
0.076034
-0.445572
0.200464
-0.038721
0.124189
0.041691
0.272677
0.249500
0.003040
-0.012109
0.422535
-0.100954
0.262672
0.603308
-0.150286
0.093592
-0.373985
0.658920
0.008019
-0.290353
0.161089
-0.089698
0.808832
-0.100431
0.212704
0.091990
0.182151
-0.155060
0.075616
-0.090053
0.567390
-0.120163
0.089861
0.325778
-0.286392
0.262841
-0.189741
0.208707
-0.757868
-0.035593
-0.260576
-0.305656
-0.056553
0.009166
0.078250
0.255377
-0.033596
-0.190191
0.276148
-0.375537
0.464074
-0.229005
-0.118449
-0.097905
0.233216
-0.211857
0.283740
0.207442
0.106782
0.018752
0.047756
0.441789
0.074667
-0.047160
-0.193677
0.501951
-0.207305
-0.062518
-0.001743
-0.146766
0.186918
0.048007
-0.089090
-0.504468
0.097881
-0.031154
-0.371562
0.394794
-0.034917
-0.211054
-0.091067
-0.001955
-0.099358
-0.214737
-0.144186
0.290412
0.052513
-0.094618
0.086445
-0.048240
-0.016256
0.177998
0.176820
-0.236945
-0.007957
0.198432
0.018935
0.095747
0.043220
-0.310600
0.081597
-0.001944
-0.389004
0.127913
0.396298
-0.029321
0.127581
0.326946
0.175031
0.339036
0.382417
-0.037939
-0.041692
0.209356
-0.078022
-0.205703
0.053945
-0.173821
0.176413
-0.104873
0.304858
-0.155004
-0.150084
0.143704
-0.230060
-0.023292
0.137439
0.089089
-0.115241
-0.551493
0.196081
-0.127825
0.017336
0.066520
-0.090277
-0.312493
-0.017658
-0.302437
-0.324033
-0.007043
0.289458
-0.343550
0.232086
-0.107205
-0.123185
-0.140851
0.286622
0.169888
0.533064
0.241603
0.094254
-0.036781
0.644264
0.405850
-0.147925
0.122994
-0.130404
-0.098035
0.328090
0.297154
-0.046575
-0.057715
0.092508
0.275059
0.465145
-0.135457
0.337923
0.117304
-0.120069
0.184296
-0.283083
-0.201928
0.327758
0.276775
0.072853
0.056263
0.011080
0.415854
0.743060
-0.029560
-0.052512
-0.137792
-0.236225
1.244382
-0.096277
0.099900
0.351551
0.185749
-0.327779
0.484095
0.004759
0.145366
0.127729
-0.679063
0.234089
-0.028845
0.147862
0.047774
0.214625
0.239856
-0.054508
-0.100830
0.199362
-0.066794
0.182153
0.504288
-0.178843
0.155550
-0.382774
0.422769
0.009426
-0.277155
0.105816
-0.195325
0.513237
-0.169147
0.134294
-0.018147
0.126791
-0.063380
0.055877
0.073603
0.354811
-0.061711
0.038848
0.261448
-0.311398
0.182439
-0.043693
0.165554
-0.422670
-0.054757
-0.357569
-0.272003
-0.001400
-0.016395
-0.034175
0.189896
-0.072322
-0.134251
0.166433
-0.307031
0.309128
-0.155924
-0.044763
-0.035728
0.342209
-0.199698
0.277744
0.274424
0.179233
-0.050251
0.054419
0.268287
0.063610
-0.015859
-0.167611
0.372828
-0.117496
0.002767
0.012575
-0.149462
0.134222
0.021909
-0.078526
-0.399771
0.026579
-0.048566
-0.269793
0.259871
-0.002958
-0.064665
-0.054577
-0.174950
-0.256338
-0.160900
-0.216608
0.396254
-0.010625
-0.059837
0.162370
-0.001286
0.009353
0.348889
0.191831
-0.335217
0.052177
0.181043
-0.036195
0.093749
0.098928
-0.128879
0.056746
-0.016927
-0.277340
0.042143
0.196376
-0.177626
-0.038302
0.296660
0.113916
0.155690
0.168024
-0.041944
-0.055818
0.069265
-0.218512
-0.328563
-0.163524
-0.302511
0.243029
-0.124987
0.180071
-0.038789
-0.210784
0.123916
-0.040355
-0.086638
0.077024
0.038417
-0.062931
-0.462030
0.064195
-0.020686
0.085627
-0.114135
0.035473
-0.321618
0.185171
-0.198318
-0.100037
-0.273082
0.203442
-0.268287
0.264963
-0.007833
-0.219612
-0.217325
0.091268
0.098844
0.421774
0.242758
-0.023058
-0.110934
0.554397
0.295409
-0.032096
0.078398
-0.052863
-0.216776
0.147822
0.388658
-0.000114
-0.112578
-0.060980
0.231329
0.274924
-0.094945
0.266368
0.140987
0.052175
0.053718
-0.270104
-0.236523
0.348681
0.341219
0.090747
0.132243
0.000146
0.295179
0.237761
0.029562
0.005795
-0.071300
-0.178136
0.232372
-0.011847
0.095442
0.134095
0.127345
-0.332945
0.345209
-0.038632
0.116908
0.224015
0.218235
0.257965
-0.131617
0.217519
0.037526
0.152526
0.207207
-0.135973
-0.224274
-0.112839
-0.004603
0.044478
0.352696
-0.238684
0.191292
-0.305041
0.099030
0.030128
-0.220458
0.060522
-0.301045
-0.026596
-0.248058
0.073563
-0.135722
0.015534
-0.036638
-0.031073
0.233305
0.030475
0.055107
-0.047706
0.123615
-0.314741
0.045726
0.108343
0.125986
0.216709
-0.113586
-0.452174
-0.199228
0.028886
-0.042911
-0.241556
0.109095
-0.153895
-0.040004
0.032915
-0.185093
0.123856
-0.060029
0.033132
-0.004538
0.443182
-0.146276
0.141557
0.341547
0.244625
-0.128456
-0.005841
0.046844
0.067871
0.057347
-0.139353
0.182054
0.043290
0.088901
0.128124
-0.188133
0.029939
-0.016262
-0.054821
-0.192798
-0.066489
-0.007726
-0.194726
0.193810
0.040977
0.039304
0.019466
-0.362968
-0.452043
-0.168905
-0.273105
0.515034
-0.059762
-0.028796
0.247130
0.065107
0.028717
0.530201
0.230918
-0.419865
0.087463
0.170480
-0.089193
0.130850
0.163694
0.061427
0.039716
-0.078464
-0.210556
-0.024067
-0.023044
-0.254283
-0.177055
0.285590
0.007474
-0.046413
-0.013869
-0.023016
-0.075401
-0.059681
-0.360011
-0.476718
-0.338984
-0.463013
0.270369
-0.134392
0.052794
0.035970
-0.260685
0.120022
0.144387
-0.152996
0.042825
-0.007737
-0.019320
-0.375612
-0.027509
0.105320
0.132772
-0.288768
0.140588
-0.337394
0.384170
-0.134771
0.078113
-0.503944
0.110794
-0.230070
0.309395
0.085090
-0.370131
-0.285030
-0.111078
0.067157
0.351781
0.233080
-0.147421
-0.173090
0.465752
0.215516
0.072575
0.047080
0.001087
-0.335620
-0.012148
0.487453
0.066422
-0.165875
-0.205422
0.243340
0.209467
0.005587
0.237976
0.260699
0.188800
0.014333
-0.267019
-0.295718
0.364515
0.431243
0.017170
0.222380
-0.073364
0.221905
-0.105132
0.088392
0.077579
-0.002139
-0.158165
-0.810839
0.045690
0.157024
0.007442
0.113119
-0.369264
0.182483
-0.063526
0.126626
0.289687
0.162382
0.316492
-0.314612
0.313914
0.066418
0.107958
0.157212
-0.254711
-0.358831
-0.385432
0.061301
-0.048720
0.274637
-0.301017
0.216085
-0.238531
-0.139880
0.048198
-0.146979
0.020237
-0.398892
-0.487699
-0.335608
0.037068
-0.154897
-0.080682
-0.060594
-0.135858
0.367230
-0.215593
0.177878
-0.132121
0.039237
-0.329554
-0.105390
0.266228
0.056099
0.819990
-0.248146
-0.562791
-0.060282
0.062448
-0.076547
-0.446551
0.043725
-0.241824
0.029939
-0.097223
-0.097054
-0.013878
0.056968
0.057619
0.020506
0.539643
-0.120773
0.047791
0.445838
0.334398
-0.182512
-0.019395
-0.119045
0.107353
0.161986
-0.171673
0.074013
0.240371
0.201212
0.221552
-0.261295
-0.050978
-0.100583
0.019017
-0.046370
-0.165602
0.024321
-0.174391
0.277378
0.055676
-0.051298
0.058839
-0.350746
-0.480904
-0.193445
-0.282367
0.531146
-0.004478
-0.047806
0.205971
0.055208
0.004511
0.564307
0.260992
-0.366985
0.132671
0.171571
-0.113834
0.170720
0.198496
0.068334
0.027405
-0.131785
-0.281197
0.018057
-0.020527
-0.161196
-0.157906
0.299870
-0.052075
-0.049172
0.000414
-0.015317
-0.063256
-0.049637
-0.348391
-0.523967
-0.303247
-0.509012
0.222509
-0.097943
0.070445
0.027294
-0.233872
0.138451
0.138522
-0.115159
0.057775
0.021295
-0.055296
-0.374203
-0.018602
0.149951
0.124913
-0.292832
0.092224
-0.308347
0.383158
-0.165997
-0.027353
-0.439927
0.117259
-0.230009
0.292875
0.096484
-0.403192
-0.262765
-0.143017
0.082441
0.320520
0.231158
-0.160116
-0.162014
0.430192
0.233618
0.073744
0.048853
-0.020707
-0.330977
0.077827
0.495883
0.094477
-0.180903
-0.221864
0.251516
0.396133
0.068553
0.265778
0.320870
0.159276
0.178507
-0.284010
-0.340589
0.380464
0.463689
-0.125546
0.245453
-0.156059
0.346088
0.174288
0.108063
0.106250
0.008519
-0.255867
-0.821195
-0.029868
0.237755
0.190271
0.170331
-0.384820
0.233445
-0.065108
0.190323
0.309488
1.280156
0.356955
-0.411761
0.351655
0.130837
0.126777
0.198069
-0.302223
-0.377025
-0.324129
0.000248
0.041234
0.397633
-0.323820
0.203917
-0.281784
0.001805
0.031743
-0.194398
0.015752
-0.446893
-0.307444
-0.349909
0.041629
-0.092793
-0.028832
-0.062583
-0.141602
0.421827
-0.069686
0.181678
-0.143189
0.161134
-0.316380
-0.124196
0.245468
0.074561
0.596544
-0.349101
-0.565579
0.007380
0.083694
-0.095748
-0.439326
0.045409
-0.256691
-0.034907
-0.071163
-0.197728
0.063185
0.079469
0.005978
-0.000292
0.505159
-0.204632
0.076629
0.470429
0.389534
-0.159168
0.071360
0.018533
0.161998
0.206169
-0.224155
0.271954
0.233156
0.208704
0.191333
-0.316051
0.009759
-0.151285
0.061175
-0.171430
-0.165960
-0.015494
-0.183747
0.322528
0.045796
-0.121251
-0.014442
-0.155219
-0.305636
-0.170204
-0.209996
0.445087
0.069300
-0.077151
0.137716
0.023760
-0.053529
0.448210
0.273998
-0.241624
0.221759
0.185425
-0.081585
0.114663
0.167508
-0.096969
0.010397
-0.101390
-0.322659
0.057863
0.158312
-0.093711
-0.095074
0.304837
0.044975
0.127439
0.144875
-0.042233
0.024630
0.026658
-0.210378
-0.402129
-0.143134
-0.425247
0.186127
-0.106780
0.187014
0.014246
-0.176190
0.150621
-0.002863
-0.084897
0.094829
0.113344
-0.106402
-0.446461
-0.006889
0.070882
0.102856
-0.149540
0.020359
-0.270065
0.213021
-0.205880
-0.252391
-0.242125
0.161134
-0.265014
0.231944
0.076109
-0.265106
-0.239532
0.003067
0.106625
0.289823
0.280392
-0.155344
-0.166082
0.523000
0.295477
0.075853
0.033890
-0.127712
-0.215116
0.155213
0.365865
0.063458
-0.100159
-0.131709
0.131475
0.500013
-0.007113
0.279213
0.262454
0.051806
0.320226
-0.185247
-0.279245
0.357790
0.392402
-0.075046
0.138093
-0.149644
0.513354
0.627286
0.082609
0.038492
-0.023350
-0.304541
0.026400
-0.118799
0.212907
0.385468
0.168161
-0.348025
0.297091
-0.080474
0.151259
0.314932
2.725798
0.312605
-0.438165
0.285512
0.139798
0.195301
0.205021
-0.143574
-0.286837
-0.031476
-0.141986
0.154842
0.505078
-0.252284
0.165119
-0.297644
0.331185
-0.048918
-0.249249
0.075327
-0.323285
0.138483
-0.265055
0.064722
0.057012
0.046488
-0.042022
-0.095538
0.281516
0.310841
0.103667
-0.104354
0.315717
-0.255329
-0.081129
0.085571
0.196227
0.072244
-0.305433
-0.438028
-0.102278
0.061328
-0.067318
-0.300442
0.049027
-0.160011
-0.092793
0.055937
-0.329651
0.184982
-0.077257
-0.020759
-0.083567
0.378989
-0.221830
0.055818
0.377243
0.327550
-0.165709
0.084358
0.254356
0.153881
0.183535
-0.211128
0.493634
0.079978
0.057215
0.121486
-0.227982
0.108525
-0.111186
-0.006899
-0.275880
-0.044015
-0.053553
-0.248372
0.381810
0.035521
-0.039046
-0.112698
-0.149314
-0.250385
-0.292130
-0.042222
0.501008
0.228004
-0.087425
0.209292
0.090139
-0.088309
0.570464
0.327920
-0.205845
0.231257
0.110055
-0.094279
0.199191
0.156806
-0.096956
0.047931
-0.146245
-0.234131
0.004324
0.292423
-0.016129
-0.152871
0.300030
0.160163
0.026351
0.002333
-0.002307
0.183178
0.116980
-0.136764
-0.312604
0.004585
-0.461916
0.080455
-0.102079
0.194234
-0.130811
-0.127045
0.096296
-0.241358
-0.199877
0.089640
0.045224
-0.026780
-0.451281
0.006414
0.019979
0.057577
-0.072451
-0.162113
-0.277661
0.097867
-0.278777
-0.339134
-0.188966
0.223275
-0.231915
0.249799
0.107261
-0.486769
-0.269491
0.092490
0.135610
0.529285
0.354178
-0.336372
0.026657
0.539162
0.268486
0.185012
0.067876
-0.150682
-0.047945
0.217821
0.226724
0.012239
-0.024289
0.053576
0.127522
0.445615
-0.221315
0.328119
0.257892
-0.019194
0.208023
-0.039603
-0.157005
0.333956
0.411048
-0.124575
0.039051
-0.081376
0.214796
0.642950
0.057284
0.102928
-0.081959
-0.344280
-0.175160
-0.246818
0.193378
0.132816
0.331554
-0.416428
0.069302
-0.028873
0.113677
0.047648
1.395304
0.441509
-0.464651
0.181597
0.229029
0.236069
-0.097479
0.018906
-0.258756
0.104311
-0.148395
0.354800
0.373117
-0.087734
0.160090
-0.300245
0.352205
-0.327265
-0.119273
-0.000262
-0.469452
0.561519
-0.285755
0.011163
0.464903
-0.035009
0.146360
0.128578
0.507895
0.343937
0.071979
0.024749
0.418536
-0.191342
-0.083248
0.253256
0.235359
0.299742
-0.198798
-0.486998
0.126086
0.145671
-0.067826
-0.255601
0.007670
0.005539
-0.130488
0.102638
-0.340380
0.062077
-0.107024
0.052119
-0.026539
0.380583
-0.127663
-0.058518
0.379763
0.368218
-0.241034
0.151417
0.184951
0.176676
0.070951
-0.090136
0.160980
0.031197
0.008800
-0.124470
-0.145638
0.383007
-0.066787
-0.239029
-0.229797
0.100912
-0.131533
-0.296987
0.495505
0.028446
-0.003502
-0.117253
-0.267976
-0.377219
-0.454198
0.087790
0.611935
0.421441
-0.084266
0.327071
0.165279
-0.095420
0.821118
0.375274
-0.175016
0.231188
0.016437
-0.146994
0.366306
0.189296
0.020612
0.078546
-0.231972
-0.172416
-0.051503
0.255137
0.142195
-0.202456
0.295696
0.159414
-0.168753
-0.232793
0.065658
0.280084
0.154345
-0.128142
-0.308795
0.135899
-0.586684
-0.051864
-0.039458
0.150484
-0.329203
-0.069928
0.064922
-0.403770
-0.311686
0.102527
-0.041764
0.035514
-0.399588
0.053218
0.030588
0.061893
-0.025935
-0.349582
-0.217995
0.077765
-0.344861
-0.361558
-0.175896
0.218489
-0.175277
0.288186
0.166945
-0.820006
-0.301878
0.040485
0.190179
0.742568
0.377368
-0.521576
0.245528
0.462114
0.213178
0.268054
0.077795
-0.120648
0.053620
0.349078
0.158160
0.002114
-0.043300
0.170656
0.172784
0.489922
-0.287986
0.428775
0.416616
-0.079846
0.099012
0.033075
-0.050227
0.305112
0.477366
-0.384011
0.011151
-0.100688
-0.144142
0.592165
0.036681
0.203228
-0.134360
-0.424422
-1.084114
-0.400961
0.253700
-0.078104
0.534689
-0.542063
-0.242438
0.062265
0.137147
-0.336781
0.175209
0.652232
-0.465998
0.114772
0.366050
0.226265
-0.409893
0.108237
-0.254413
0.170209
-0.082460
0.585526
0.270709
0.049600
0.167650
-0.214207
0.280835
-0.572434
0.065686
-0.146507
-0.648645
0.898764
-0.342297
-0.021746
0.918475
-0.095684
0.273517
0.332028
0.773154
0.252505
0.060346
0.151574
0.519733
-0.177610
-0.125030
0.450008
0.186520
0.677440
-0.208283
-0.616108
0.508147
0.231321
-0.094768
-0.206450
-0.004440
0.134638
-0.164977
0.075059
-0.314797
-0.053191
-0.000194
0.026955
0.078783
0.420903
-0.061945
-0.120818
0.474142
0.458642
-0.247192
0.341143
0.065318
0.226862
0.047312
-0.012892
-0.182849
0.100746
0.083851
-0.398436
-0.151700
0.621880
-0.120893
-0.320217
-0.218687
0.160960
-0.214338
-0.268088
0.472995
0.051513
0.089870
-0.071089
-0.384007
-0.504886
-0.493342
0.099175
0.683718
0.421359
-0.055596
0.394867
0.221570
-0.077775
0.931997
0.424615
-0.210801
0.237333
-0.012463
-0.153243
0.406739
0.221511
0.152588
0.056572
-0.280256
-0.123069
-0.101909
0.071199
0.099607
-0.268965
0.282140
0.093891
-0.288730
-0.366869
0.097264
0.236893
0.072145
-0.195772
-0.345658
0.118320
-0.711212
-0.073684
-0.022715
0.074490
-0.362681
-0.071742
0.052394
-0.320533
-0.386575
0.107580
-0.075438
0.053760
-0.347061
-0.002768
0.110890
0.054355
-0.049951
-0.293877
-0.202930
0.145321
-0.304854
-0.227272
-0.290724
0.131799
-0.138042
0.335552
0.239844
-0.945639
-0.349788
-0.071944
0.209704
0.728103
0.350969
-0.606284
0.238967
0.404125
0.180355
0.341659
0.058931
-0.075315
0.044439
0.299899
0.164361
0.031878
-0.074685
0.143860
0.171063
0.430458
-0.248714
0.461943
0.531847
-0.034951
0.055046
0.081938
0.001306
0.266331
0.513294
-0.527206
-0.008145
-0.132857
-0.338581
0.437766
0.042296
0.231178
-0.108559
-0.447675
-1.769872
-0.418874
0.302133
-0.186528
0.521167
-0.579892
-0.500536
0.072646
0.110476
-0.441797
-0.249070
0.729622
-0.503094
0.141769
0.419183
0.209144
-0.539341
0.123138
-0.286876
0.114810
-0.039567
0.647220
0.156800
0.070503
0.175352
-0.026134
0.155104
-0.619455
0.152481
-0.231401
-0.660003
0.730221
-0.412610
0.014780
1.049448
-0.169355
0.284386
0.305434
0.881347
0.121751
0.108236
0.175612
0.503986
-0.160284
-0.278517
0.608651
0.127907
1.194620
-0.285770
-0.666072
0.703803
0.273821
-0.112513
-0.207895
-0.068987
0.165807
-0.108178
-0.027960
-0.236945
-0.134672
0.055266
-0.000783
0.100857
0.427282
0.019096
-0.162421
0.538566
0.486101
-0.290237
0.446352
-0.069084
0.225406
0.182350
0.049421
-0.275951
0.309388
0.139252
-0.474484
-0.173196
0.610303
-0.169733
-0.238078
-0.104820
0.130777
-0.216408
-0.194721
0.304951
0.066035
0.203798
-0.007194
-0.415897
-0.487276
-0.374211
-0.040883
0.632489
0.149608
-0.008623
0.299038
0.187648
-0.049789
0.721944
0.455536
-0.318262
0.172606
0.079090
-0.043803
0.243357
0.202508
0.177726
-0.010210
-0.257802
-0.180797
-0.073048
-0.145292
-0.241399
-0.240241
0.273839
0.011754
-0.189695
-0.237766
0.083450
-0.027936
-0.069956
-0.321570
-0.371428
-0.021122
-0.739606
0.050762
-0.053127
0.035919
-0.205692
-0.144728
0.062758
-0.014353
-0.350706
0.099954
-0.024299
0.003161
-0.352917
-0.137059
0.215423
-0.039637
-0.096100
0.060222
-0.305614
0.197986
-0.159709
0.034603
-0.474730
0.028457
-0.121124
0.389907
0.243394
-0.709093
-0.347710
-0.131079
0.182814
0.509524
0.248417
-0.419273
-0.044693
0.422131
0.249082
0.318460
0.062863
-0.001894
-0.040871
0.154251
0.230890
0.065950
-0.093402
0.033724
0.186043
0.229051
-0.154348
0.424661
0.422916
0.078206
0.124642
0.040499
-0.061618
0.231275
0.470512
-0.449063
-0.040891
-0.079186
-0.306161
0.182655
0.038183
0.117841
-0.016774
-0.382776
-1.545780
-0.259527
0.276955
-0.117746
0.208728
-0.480893
-0.491853
-0.000873
-0.003959
-0.143683
0.154449
0.586757
-0.360579
0.287536
0.336303
0.210086
-0.315648
0.062587
-0.301196
-0.019417
-0.082834
0.539404
0.026409
-0.088820
0.189725
0.211184
-0.003444
-0.349804
0.001272
-0.227984
-0.395781
-0.006523
-0.506370
0.138341
0.510356
-0.218886
0.190646
-0.000721
0.753424
-0.049310
0.191569
0.122957
0.328184
-0.147960
-0.516907
0.711564
0.114928
1.560474
-0.343176
-0.566577
0.521658
0.272381
-0.107403
-0.135088
-0.180181
0.112742
0.047205
-0.191388
-0.117763
-0.112632
-0.008508
-0.032588
0.029342
0.369512
0.105665
-0.105242
0.513612
0.385193
-0.381048
0.486229
-0.206734
0.094921
0.522188
0.143262
0.052371
0.641643
0.121200
-0.351409
-0.174893
0.249583
-0.112460
0.080572
0.087540
-0.005831
-0.132832
-0.236793
0.183673
0.057308
0.183180
0.023398
-0.253990
-0.273765
-0.272318
-0.114793
0.460882
-0.153628
-0.032941
0.098834
0.072849
-0.031364
0.335534
0.434016
-0.355537
0.049837
0.166361
0.095900
0.030035
0.096621
0.011541
-0.040988
-0.212276
-0.312595
0.008106
-0.075766
-0.459924
-0.100453
0.299249
0.016694
0.060682
0.113704
0.030437
-0.238866
-0.089908
-0.348463
-0.310789
-0.062827
-0.564030
0.136317
-0.110580
0.049916
-0.041553
-0.209187
0.048655
0.132682
-0.263677
0.097639
0.025530
-0.003577
-0.389949
-0.146142
0.145749
-0.193520
-0.105388
0.260854
-0.423623
0.101698
-0.126262
0.071247
-0.406052
0.063353
-0.188668
0.378275
0.104067
-0.339875
-0.253860
-0.004848
0.191274
0.418702
0.170061
-0.128142
-0.290000
0.519870
0.396738
0.144373
0.124254
-0.017842
-0.093827
0.062698
0.227162
0.013431
0.041222
-0.006270
0.272805
0.159476
-0.038775
0.354181
0.173196
0.086571
0.277964
-0.032336
-0.158280
0.235845
0.367721
-0.185388
-0.074862
0.010038
-0.048989
0.153169
0.032127
-0.041421
0.013840
-0.273625
-0.493437
-0.102061
0.209815
0.084703
-0.092785
-0.332722
-0.239529
-0.091333
-0.086332
0.242307
-2.574893
0.343043
-0.218953
0.348900
0.185922
0.214119
0.041103
0.029653
-0.249553
-0.034242
-0.167501
0.343289
0.004875
-0.217348
0.193091
0.206922
0.039960
-0.054681
-0.219791
-0.110454
-0.081569
-0.392171
-0.452061
0.219947
-0.053917
-0.150445
0.069960
-0.249554
0.421720
0.009224
0.182727
0.042875
0.175543
-0.148316
-0.552517
0.537307
0.191199
1.168144
-0.286534
-0.380115
0.101406
0.205409
-0.075695
-0.039920
-0.207324
0.044536
0.123843
-0.208922
-0.058942
0.034420
-0.159614
-0.037330
-0.092553
0.296775
0.130317
-0.006155
0.391141
0.224770
-0.391763
0.391915
-0.130491
-0.037797
0.667186
0.154571
0.469909
0.647195
0.012637
-0.143027
-0.121152
-0.058759
-0.013580
0.260140
0.109733
-0.075615
-0.040969
-0.257815
0.172051
0.040904
0.141736
0.046761
-0.218463
-0.228389
-0.248673
-0.152909
0.419694
-0.245714
-0.050350
0.027571
0.000086
-0.033027
0.261734
0.404917
-0.363841
0.009656
0.195734
0.124717
-0.022515
0.069464
-0.035736
-0.037945
-0.208839
-0.392823
0.052236
-0.027341
-0.494585
-0.037112
0.316117
0.014866
0.116885
0.217936
0.001807
-0.309983
-0.075980
-0.388954
-0.326365
-0.098169
-0.501492
0.165793
-0.116188
0.050406
0.021116
-0.250614
0.043183
0.170407
-0.224378
0.081772
0.029136
0.009184
-0.385732
-0.126619
0.101344
-0.222020
-0.155481
0.294785
-0.460101
0.096853
-0.122439
0.055081
-0.383045
0.101663
-0.205497
0.372567
0.037695
-0.254898
-0.203186
0.020693
0.189588
0.425179
0.146664
-0.015430
-0.352866
0.530704
0.446651
0.053587
0.152705
-0.008765
-0.140517
0.095289
0.252936
-0.009848
0.077554
-0.037323
0.352747
0.184547
0.022227
0.340836
0.068083
0.085055
0.320341
-0.116963
-0.239952
0.276896
0.369488
-0.091935
-0.042887
0.038974
0.070512
0.103992
0.034371
-0.063155
0.010769
-0.250203
-0.300230
-0.042238
0.184439
0.149355
-0.147015
-0.304884
-0.049094
-0.105481
-0.065414
0.382673
-3.567431
0.284613
-0.158038
0.393171
0.137652
0.208069
0.194801
-0.029803
-0.253805
-0.090438
-0.193419
0.278496
0.038412
-0.314053
0.204588
0.112750
0.029483
0.056075
-0.306934
-0.067164
-0.056763
-0.531455
-0.449964
0.220424
-0.338825
-0.103919
0.028083
-0.314010
0.364409
-0.036724
0.193894
0.001177
0.111565
-0.185133
-0.518929
0.467786
0.221221
0.927368
-0.253387
-0.373728
-0.049066
0.171373
-0.081821
-0.064338
-0.175739
-0.014756
0.111792
-0.188500
-0.055905
0.090053
-0.165575
-0.045886
-0.109820
0.320445
0.088970
0.033756
0.381361
0.214088
-0.365548
0.334319
-0.103920
-0.063267
0.673318
0.109215
0.580365
0.611973
0.018749
-0.041278
-0.144111
-0.151935
0.023211
0.312777
0.093166
-0.125915
-0.007672
-0.123618
0.128143
0.037502
0.150992
0.036235
-0.289572
-0.322776
-0.144786
-0.275889
0.474121
-0.186972
-0.015437
0.062368
0.013345
-0.052900
0.390081
0.384142
-0.385594
0.126593
0.219206
0.055324
-0.017076
0.150566
0.038436
-0.067235
-0.158987
-0.355569
0.047491
-0.122314
-0.541174
-0.109648
0.284612
-0.004521
0.076504
0.096321
-0.022868
-0.280559
-0.128683
-0.416933
-0.413644
-0.245932
-0.571732
0.257948
-0.106355
0.076223
0.102600
-0.266983
0.090663
0.269498
-0.171173
0.047209
0.077022
-0.066570
-0.387166
-0.224258
0.186732
-0.088146
-0.214126
0.370768
-0.415397
0.242180
-0.019772
0.117445
-0.547825
0.048527
-0.143977
0.362875
0.119690
-0.248052
-0.255549
-0.091110
0.094324
0.230334
0.169989
-0.062338
-0.397577
0.490608
0.357095
0.145177
0.073256
0.021767
-0.220976
0.097397
0.351222
0.058547
-0.082524
-0.155964
0.231562
0.137385
-0.024758
0.310020
0.076828
0.176484
0.277979
-0.160874
-0.296321
0.301349
0.410273
-0.105382
0.016516
0.009844
0.139702
0.022193
0.057729
-0.017738
0.057942
-0.286314
-0.567695
-0.008175
0.192365
0.146348
-0.130829
-0.300908
0.046145
-0.117509
-0.023914
0.469889
1.450795
0.303662
-0.196615
0.461413
0.141096
0.210584
0.252296
-0.121697
-0.311202
-0.214111
-0.188146
0.252655
0.090271
-0.389537
0.202717
0.102611
-0.055739
0.093444
-0.345243
-0.076053
-0.172775
-0.716200
-0.513096
0.198118
-0.479977
-0.129221
0.045398
-0.335748
0.491964
-0.146546
0.253131
-0.045360
0.102960
-0.192212
-0.529640
0.516385
0.219360
1.078803
-0.297081
-0.422763
-0.026299
0.186275
-0.099201
-0.161611
-0.169971
-0.094215
0.106011
-0.204537
-0.095930
0.054201
-0.108673
-0.020039
-0.097130
0.339541
0.016931
0.004496
0.406788
0.275029
-0.372045
0.313071
-0.141549
-0.024045
0.687753
0.089681
0.589040
0.655113
0.064936
0.028694
-0.214838
-0.177395
0.022688
0.331055
0.109849
-0.168720
-0.002361
-0.138937
0.039948
-0.036103
0.192501
-0.228279
-0.075475
-0.045403
-0.034608
-0.196004
0.372387
-0.033559
-0.025672
0.107947
0.022146
-0.099644
0.320148
0.281041
-0.323660
0.208039
0.188647
0.047104
-0.085167
0.085321
-0.187264
-0.040310
0.041296
-0.171192
-0.022264
0.241498
-0.506575
-0.123476
0.227599
0.322169
0.233443
0.102160
-0.101974
-0.000712
0.029992
-0.159834
-0.177891
-0.173599
-0.316922
0.327149
-0.167794
0.230549
0.086447
-0.229931
0.072694
-0.037074
-0.148935
0.009047
0.113862
-0.056837
-0.487366
-0.209969
-0.041753
0.037219
-0.052210
0.189494
-0.363280
0.068539
-0.011344
-0.047494
-0.443014
0.166446
-0.144673
0.259466
0.088658
-0.099888
-0.290470
0.178761
0.001314
0.255846
0.316546
-0.136861
-0.252097
0.639268
0.272654
0.209933
0.002872
-0.074164
-0.087804
0.099185
0.217983
-0.031305
-0.048998
0.000291
-0.021829
-0.128029
-0.419849
0.216791
-0.162450
0.114849
-0.022835
-0.053711
-0.147054
0.281610
0.277023
0.315631
-0.099720
0.200815
0.117052
0.012015
0.010387
-0.055377
-0.017548
-0.172536
0.572412
0.002399
-0.012428
-0.114284
-0.052264
-0.217947
0.156324
-0.112085
-0.100336
0.379962
4.183484
0.208376
-0.107411
0.235880
0.024713
0.265806
0.127828
0.092319
-0.191972
-0.013804
-0.193139
0.191731
0.029058
-0.195664
0.160384
-0.069705
0.038039
-0.083645
-0.314120
0.031572
-0.242207
-0.194150
-0.338515
0.101830
-0.290032
-0.156493
0.193324
-0.047201
0.408668
-0.004894
0.124164
0.030566
0.084217
-0.135207
-0.214255
0.316569
0.356914
0.697967
0.063272
-0.310147
-0.239767
0.145128
-0.031178
-0.109796
-0.093090
0.006196
0.058772
0.020240
-0.129433
0.001148
-0.296994
0.205428
-0.108167
0.292778
0.074405
-0.139861
0.193120
0.141106
-0.388080
0.013207
-0.105415
-0.046832
0.264163
0.192252
0.172400
0.197975
-0.137557
0.011876
-0.038768
0.046277
0.211303
-0.134284
0.112387
0.068503
-0.004460
-0.154317
-0.156677
-0.141975
0.377081
-0.403183
-0.002554
0.104364
0.049904
-0.118006
0.297840
-0.041778
0.000036
0.191671
-0.003946
-0.135185
0.320197
0.179121
-0.317584
0.213538
0.143067
0.127376
-0.217724
-0.008287
-0.275477
-0.037289
0.228409
-0.029805
-0.123709
0.353160
-0.676155
-0.087371
0.159630
0.589253
0.305745
0.046114
-0.182217
0.046489
0.063297
-0.122286
0.052947
-0.145247
-0.125524
0.430704
-0.217150
0.273076
0.090798
-0.278003
0.014214
-0.168479
-0.230539
-0.054514
0.092736
0.013878
-0.476378
-0.273628
-0.292514
0.111698
0.045674
0.193507
-0.322246
-0.033785
0.130364
0.055277
-0.521336
0.179176
-0.089745
0.248592
0.026108
-0.006217
-0.319277
0.337868
-0.060996
0.309054
0.361800
-0.135012
-0.216900
0.735987
0.225790
0.218875
-0.054438
-0.055509
-0.027013
0.130153
0.065119
-0.147784
0.005053
0.092568
-0.146474
-0.595402
-0.672432
0.191046
-0.432261
0.094439
-0.461720
0.026934
0.040313
0.229199
0.160114
0.751219
-0.299307
0.484176
-0.169705
-0.491951
-0.076788
-0.116531
-0.120946
-0.062769
0.809307
0.111252
-0.251670
-0.582494
-0.132114
-0.145121
0.152049
-0.074140
-0.226830
0.270413
3.928567
0.151995
0.183335
0.123729
-0.111058
0.309993
0.020430
0.344478
-0.056826
0.073286
-0.177250
0.210923
-0.283267
-0.153521
0.127789
-0.028372
-0.160258
-0.170567
-0.266468
0.034472
-0.215602
-0.212197
-0.277366
0.129645
-0.468697
-0.235783
0.268634
0.106797
0.371686
-0.308780
0.084182
0.152393
-0.165153
-0.107016
-0.100440
0.227863
0.525581
0.755010
0.479274
-0.241564
-0.399653
0.080532
0.005495
0.006586
-0.043717
0.140369
0.105143
0.141182
0.041450
-0.067383
-0.447625
0.319828
-0.106058
0.260426
0.307418
-0.339942
0.048939
-0.035349
-0.429759
-0.208309
-0.315908
-0.187421
0.122768
0.415666
-0.324158
0.053789
-0.262622
0.002359
0.091892
0.079748
0.480151
-0.380692
0.378505
0.193033
0.089206
-0.209133
-0.086538
-0.159509
0.395907
-0.357635
-0.141809
-0.071481
-0.079037
0.002166
0.405139
0.079182
-0.012927
0.287240
0.006473
-0.105151
0.586770
0.176893
-0.288520
0.219571
0.045918
0.085587
-0.088575
0.003017
-0.139801
-0.018705
0.157041
0.000181
-0.192349
0.259349
-0.531555
-0.122192
0.162600
0.555228
0.118575
-0.172949
-0.146269
0.046813
0.039844
-0.193885
0.034694
-0.052998
-0.231588
0.316470
-0.147138
0.187626
-0.063845
-0.252898
-0.029695
-0.248759
-0.357437
-0.057432
-0.005997
0.101940
-0.377313
-0.217264
-0.321165
0.138580
0.043223
0.038334
-0.221708
-0.004592
0.094930
0.084720
-0.508349
0.154792
-0.019986
0.285302
0.066883
-0.294187
-0.343173
0.219350
0.020548
0.494205
0.356600
-0.242287
-0.060102
0.637385
0.181671
0.211434
-0.053884
0.023143
0.001902
0.270198
0.011552
-0.175971
0.000991
0.131917
-0.078331
-0.557739
-0.587309
0.276983
-0.299150
0.053139
-0.619432
0.043038
0.152065
0.217991
0.221232
0.567509
-0.296041
0.462332
-0.484523
-0.713768
-0.091802
-0.053309
-0.192035
-0.090836
-0.347670
-0.001523
-0.219939
-0.773358
0.004017
-0.268245
-0.096814
0.006404
-0.209806
-0.067552
2.167565
0.334838
0.220005
0.054219
-0.024137
0.251935
-0.206381
0.435513
-0.055814
0.070387
-0.102207
0.347428
-0.385641
-0.076505
0.157238
0.061045
-0.315948
-0.347578
-0.084588
-0.104194
-0.341234
-0.043316
-0.289379
0.103462
-0.163853
-0.248411
0.317507
0.256452
0.522892
-0.498724
0.074655
0.224222
-0.164295
-0.145553
-0.128599
0.279254
0.497004
0.959029
0.488540
-0.382200
-0.132792
0.104632
-0.028123
0.032822
-0.013606
0.220454
0.094506
0.105527
0.129902
-0.156396
-0.320193
0.256337
-0.012131
0.338261
0.379049
-0.400929
0.162549
0.030024
-0.392400
-0.080490
-0.451623
-0.175882
0.126414
0.453491
-0.674861
0.096456
-0.158741
-0.160854
0.079106
0.211259
0.414238
-0.396318
0.430096
0.188938
0.047426
-0.231876
0.200184
-0.074272
0.337232
-0.201040
-0.444724
-0.506008
-0.357369
0.085324
0.645147
0.346876
0.015060
0.573224
0.202693
-0.079710
1.015887
0.266459
-0.278255
0.210295
-0.051125
-0.083690
0.270254
0.153637
0.181913
0.054175
-0.039584
0.069779
-0.248011
-0.011569
-0.153256
-0.243431
0.183415
0.313464
-0.295880
-0.521410
0.003444
0.208703
0.021335
-0.253544
-0.169284
0.006425
-0.540442
0.119383
-0.078253
0.060280
-0.316411
-0.175909
0.013512
-0.298951
-0.473022
0.022155
-0.117348
0.119153
-0.281287
-0.089262
-0.121493
0.233440
-0.028903
-0.172369
-0.137214
0.193536
-0.059867
0.082316
-0.556713
0.056364
-0.065728
0.353889
0.189317
-0.861819
-0.404005
-0.035475
0.101948
0.693712
0.358124
-0.567758
0.232943
0.449761
0.072524
0.334545
-0.055011
0.021679
-0.020927
0.270585
0.113828
-0.051424
-0.133370
0.121176
0.052521
-0.185892
-0.445423
0.428502
0.312048
0.028615
-0.562121
0.073761
0.178601
0.205402
0.399251
-0.018789
-0.149938
0.169147
-0.699714
-0.505502
-0.057518
0.177522
-0.195571
-0.260462
-2.052210
-0.174482
0.029849
-0.810647
0.387090
-0.500429
-0.507384
0.128210
-0.011175
-0.552669
-0.075708
0.660279
-0.114798
0.078507
0.214133
0.206962
-0.622845
0.286969
-0.179626
0.000016
0.102117
0.538315
-0.230235
0.031115
0.147135
0.093624
-0.313160
-0.587161
0.252783
-0.247266
-0.637717
0.242898
-0.389341
0.071869
0.645649
-0.301965
0.257620
0.393481
0.819849
-0.526277
0.122741
0.266811
0.056265
-0.201637
-0.160297
0.542030
0.215689
1.630991
0.148542
-0.659703
0.525062
0.160534
-0.080574
-0.176852
0.028361
0.206265
0.007832
0.023818
0.065016
-0.259382
0.000740
0.104234
0.144066
0.468431
0.283798
-0.360799
0.435521
0.291682
-0.294229
0.135122
-0.475651
0.054344
0.061757
0.255929
-0.974266
0.279268
0.120103
-0.355836
-0.104657
0.483095
0.108642
-0.398517
0.303642
0.151935
-0.042388
-0.222793
0.245912
-0.043673
0.264977
-0.141601
-0.416266
-0.527229
-0.334420
0.002977
0.589898
0.260955
0.044234
0.605099
0.211827
-0.068902
0.861911
0.246250
-0.292845
0.143019
0.025146
-0.058419
0.245025
0.164515
0.150501
0.070892
-0.008494
0.011805
-0.190026
-0.077454
-0.149061
-0.160087
0.196292
0.233652
-0.210271
-0.346888
0.008955
0.160511
0.015524
-0.254443
-0.198637
-0.030422
-0.503984
0.176356
-0.125980
0.096465
-0.275005
-0.189220
0.084711
-0.195920
-0.398941
0.087132
-0.052589
0.027357
-0.336533
-0.041783
-0.074956
0.257828
-0.017033
-0.038052
-0.178106
0.239058
-0.067732
0.087361
-0.554383
0.012735
-0.197203
0.354599
0.137357
-0.718770
-0.374810
-0.015936
0.104874
0.598555
0.320178
-0.459715
0.146061
0.496437
0.130796
0.264790
-0.057940
-0.039835
-0.101648
0.166609
0.203157
0.007078
-0.177242
0.061660
0.088425
-0.070643
-0.360817
0.438248
0.446191
0.020406
-0.434797
0.011606
0.115367
0.189466
0.375828
-0.004130
-0.119789
0.086920
-0.452352
-0.250592
-0.077479
0.149165
-0.165950
-0.251594
-1.510293
-0.060547
0.060260
-0.609621
0.345996
-0.477158
-0.363953
0.128107
0.041346
-0.453402
-0.295556
0.574097
-0.166617
0.164086
0.162143
0.244368
-0.526456
0.157905
-0.183190
0.019405
0.143351
0.463738
-0.036025
-0.061174
0.097943
0.064312
-0.161359
-0.427340
0.224698
-0.146103
-0.484959
0.051691
-0.392337
0.169182
0.532492
-0.274087
0.042971
0.243204
0.608505
-0.412515
0.132660
0.221223
0.047129
-0.250859
-0.109577
0.482439
0.102450
1.599317
0.042112
-0.623424
0.420659
0.065760
-0.057611
-0.235728
0.094903
0.106090
0.002141
0.043217
-0.001196
-0.134973
-0.004960
0.007864
0.105369
0.441987
0.188742
-0.204688
0.450974
0.262022
-0.228921
0.045415
-0.363875
0.083946
0.064334
0.096150
-0.740239
0.354028
0.153668
-0.214770
-0.171965
0.341454
0.071490
-0.280395
0.255470
0.091847
0.021256
-0.335592
0.067378
-0.067113
0.259417
-0.191922
-0.119127
-0.096579
-0.193964
-0.018145
0.331912
-0.108554
-0.011812
0.274243
0.031108
-0.034310
0.282479
0.210379
-0.335877
-0.017004
0.140950
0.146705
-0.062689
-0.024242
-0.178488
0.041009
0.068621
-0.148758
-0.080082
0.190740
-0.460090
0.007508
0.244710
0.349621
0.197753
0.150930
-0.061096
-0.093834
0.050550
-0.225869
-0.032879
-0.007511
-0.221923
0.269018
-0.203769
0.167166
-0.102435
-0.247906
0.037753
-0.136816
-0.307364
0.073400
0.001257
0.045584
-0.443992
-0.037689
-0.217970
-0.004291
0.049847
0.155854
-0.361467
-0.004840
-0.068301
0.067977
-0.361624
0.141420
-0.248894
0.331468
-0.044721
-0.193866
-0.258475
0.267774
0.137262
0.580305
0.253717
-0.061682
-0.139470
0.687796
0.345933
0.031169
0.069088
-0.052588
-0.059018
0.079182
0.114542
-0.122205
0.064569
0.133110
0.180238
-0.232918
-0.335193
0.323563
-0.029492
-0.009824
-0.294762
-0.029607
0.038989
0.202232
0.215230
0.411215
-0.212072
0.295006
-0.199315
-0.298271
-0.100946
-0.106743
-0.157154
-0.070070
0.221577
0.078397
-0.108486
-0.401070
-0.046203
-0.285751
-0.030905
0.005208
-0.145345
0.012646
-3.167352
0.242888
0.119994
0.142637
-0.040871
0.253919
-0.091646
0.253451
-0.075913
0.092831
-0.034522
0.233937
-0.124149
-0.144245
0.136314
0.028593
-0.078003
-0.126907
-0.071358
-0.007020
-0.051123
-0.232507
-0.279728
0.210190
-0.152006
-0.176387
0.014676
0.012871
0.167945
-0.242680
0.057032
0.160250
-0.113359
-0.223660
-0.124745
0.248797
0.267644
0.883821
0.230723
-0.351621
-0.212575
0.008072
-0.002346
-0.012707
0.029497
0.117825
0.112091
0.045004
0.059001
0.005420
-0.287949
0.068314
-0.035635
0.341873
0.265227
-0.116004
0.241014
0.022404
-0.298917
-0.066326
-0.269596
-0.139916
0.192934
0.197564
-0.257718
0.248097
-0.077089
-0.043887
0.016995
0.006388
0.255396
-0.144396
0.284284
0.069775
0.086725
-0.350447
0.008974
-0.124825
0.320843
-0.286314
-0.050381
0.054155
-0.166081
0.018103
0.297101
-0.094588
-0.025914
0.190105
-0.017597
-0.073456
0.254557
0.215790
-0.322990
-0.007868
0.120580
0.190076
-0.117531
-0.069235
-0.254754
0.022922
0.094586
-0.147734
-0.078299
0.327478
-0.557350
0.030420
0.228703
0.483937
0.258798
0.139507
-0.085712
-0.092632
0.109839
-0.181916
0.067311
0.048737
-0.158985
0.269762
-0.185116
0.208355
-0.110129
-0.247362
-0.016604
-0.243932
-0.310451
0.022108
-0.011116
0.084676
-0.456817
-0.085642
-0.303304
-0.068613
0.107499
0.109977
-0.381894
-0.132304
-0.033314
0.048582
-0.343516
0.211267
-0.161514
0.326262
-0.062666
-0.163317
-0.241302
0.370244
0.112907
0.640668
0.275589
-0.039001
-0.115234
0.717343
0.355651
0.051475
0.085972
-0.023354
0.045243
0.210364
0.016549
-0.197077
0.112528
0.235389
0.154781
-0.401525
-0.509575
0.318165
-0.279249
-0.033080
-0.379661
-0.003168
0.075416
0.208815
0.178650
0.516110
-0.310930
0.453695
-0.357679
-0.415515
-0.124579
-0.134269
-0.191280
-0.070833
0.527208
0.032106
-0.190983
-0.537181
-0.090645
-0.244107
-0.003658
0.000558
-0.214709
0.024506
-2.781747
0.236548
0.322953
0.100850
-0.046453
0.275252
-0.070237
0.375787
-0.011792
0.169762
-0.119226
0.334381
-0.296949
-0.111708
0.158184
0.045567
-0.133158
-0.182129
-0.167277
-0.053653
-0.094172
-0.083187
-0.291453
0.192049
-0.302061
-0.187252
0.196106
0.108386
0.302934
-0.302450
0.032252
0.242052
-0.132277
-0.170470
-0.147293
0.300216
0.411019
0.778719
0.417740
-0.296576
-0.255905
0.074255
-0.003951
0.143925
-0.021192
0.221992
0.109731
0.077468
0.093981
-0.020037
-0.378680
0.160089
-0.037929
0.298197
0.351640
-0.182944
0.151646
-0.027390
-0.370201
-0.005342
-0.341031
-0.218466
0.217664
0.390863
-0.314975
0.185211
-0.175303
-0.168806
0.092034
0.074168
0.400350
-0.223759
0.321423
0.143240
0.057630
-0.327471
-0.001484
-0.187429
0.303143
-0.472756
0.153992
0.331266
-0.078701
0.039551
0.214914
0.030634
-0.043563
0.084690
-0.048662
-0.152740
0.130306
0.224751
-0.245533
0.075090
0.128713
0.209783
-0.182391
-0.099985
-0.453248
0.002917
0.187017
-0.132026
-0.042139
0.612830
-0.581433
0.074263
0.200149
0.691639
0.451790
0.205930
-0.125364
0.049580
0.253487
0.027318
0.232898
0.166864
-0.020987
0.286859
-0.178433
0.376714
-0.124651
-0.188549
-0.024429
-0.462018
-0.221166
-0.003625
0.066468
0.033675
-0.568404
-0.123124
-0.398839
-0.080337
0.275873
0.004782
-0.376102
-0.344673
-0.024547
-0.137180
-0.220150
0.319525
-0.112687
0.263545
-0.072883
-0.011408
-0.222874
0.589652
0.045789
0.605649
0.360915
-0.031989
-0.045193
0.815092
0.363841
0.124990
0.067137
-0.082602
0.217787
0.367399
-0.099861
-0.251928
0.124049
0.400143
-0.018061
-0.492699
-0.843564
0.293641
-0.542574
-0.106851
-0.376665
0.063584
0.127558
0.204006
0.094046
0.664735
-0.435088
0.602254
-0.339303
-0.165415
-0.165171
-0.176926
-0.216549
-0.094127
1.713340
-0.040458
-0.291805
-0.550891
-0.068056
-0.171366
0.121234
-0.007400
-0.276424
0.042028
1.357147
0.180462
0.471365
0.007386
-0.059001
0.363608
-0.064811
0.519895
0.091854
0.423150
-0.250846
0.468604
-0.317391
-0.006718
0.135197
-0.000546
0.055706
-0.280028
-0.297423
-0.027402
-0.127460
0.381489
-0.261010
0.170310
-0.311579
-0.188741
0.401534
0.277908
0.389415
-0.071184
-0.055329
0.344778
-0.018494
-0.074153
-0.056670
0.304642
0.567443
0.454340
0.620684
-0.169649
-0.365417
0.135886
0.026117
0.339976
-0.044715
0.344091
0.049756
0.211571
-0.020785
0.012721
-0.558701
0.284782
-0.075193
0.179282
0.351752
-0.219132
-0.015007
-0.098043
-0.435294
0.006615
-0.249600
-0.255092
0.101189
0.559116
-0.278051
-0.014312
-0.365904
-0.321771
0.206452
0.247991
0.579030
-0.423451
0.244789
0.315845
-0.009265
-0.337109
0.009066
-0.150267
0.253122
-0.460947
0.221651
0.342904
-0.089196
0.049535
0.176559
0.043587
-0.051714
0.104119
0.039448
-0.144429
0.025048
0.244226
-0.215795
0.080338
0.118227
0.200296
-0.172608
-0.105153
-0.481696
-0.010820
0.204870
-0.071265
-0.072348
0.593498
-0.479971
0.063139
0.187000
0.655540
0.496476
0.279353
-0.119761
0.135330
0.237784
0.148187
0.260080
0.202693
0.038259
0.251994
-0.202233
0.369496
-0.126173
-0.142576
-0.000861
-0.452186
-0.185618
0.040105
0.103714
0.002809
-0.568516
-0.077779
-0.397449
-0.070457
0.320969
-0.039096
-0.330294
-0.369163
-0.077423
-0.192734
-0.128363
0.285405
-0.197722
0.217702
-0.074194
0.055882
-0.230476
0.613410
0.062185
0.513968
0.354696
-0.104754
-0.043905
0.835069
0.349992
0.147285
0.022798
-0.191581
0.207954
0.214628
-0.100498
-0.215109
0.159586
0.369123
-0.103493
-0.385582
-0.753043
0.264082
-0.375627
-0.118839
-0.247338
0.138982
0.160873
0.149674
0.046015
0.628917
-0.429424
0.483190
-0.207405
0.091291
-0.146000
-0.184809
-0.181401
-0.077276
2.030395
-0.023510
-0.195006
-0.427794
-0.072759
-0.131444
-0.044018
-0.029903
-0.264349
0.021265
-0.388215
0.123073
0.262290
-0.036871
-0.063779
0.358533
-0.100503
0.489996
0.110387
0.497207
-0.171773
0.363858
-0.255156
0.104641
0.082638
0.074569
0.226725
-0.269788
-0.236967
0.053130
-0.027388
0.535410
-0.157040
0.200491
0.044201
-0.187986
0.278726
0.250624
0.189601
0.170181
-0.086631
0.314657
0.039502
-0.036344
-0.015201
0.187301
0.494450
0.498179
0.505781
-0.080073
-0.334432
0.111908
0.064969
0.331104
-0.045086
0.305563
0.053343
0.214444
-0.016971
0.073680
-0.586242
0.282006
-0.148684
0.109757
0.354060
-0.183416
-0.068576
-0.150078
-0.384220
-0.044205
-0.115432
-0.200009
0.049739
0.490844
-0.203857
-0.072469
-0.402548
-0.267550
0.202939
0.262771
0.477292
-0.449652
0.139417
0.365760
0.010926
-0.321906
0.064041
-0.082779
0.233446
-0.301022
-0.018614
0.016019
-0.165380
0.033195
0.339487
0.061085
-0.055725
0.199605
0.062795
-0.060801
0.317757
0.242625
-0.267158
0.117236
0.077143
0.085972
-0.030056
-0.023250
-0.248688
0.003800
0.082596
-0.058379
-0.123033
0.356675
-0.350859
-0.078991
0.221878
0.454409
0.234797
0.065883
-0.080466
0.089219
0.104983
-0.038894
0.034763
0.073054
-0.178617
0.205277
-0.160964
0.211351
-0.139537
-0.166989
0.003720
-0.299667
-0.274718
0.037509
0.016546
0.058139
-0.456662
-0.049076
-0.257611
0.006336
0.125838
-0.060719
-0.273787
-0.119629
-0.115108
-0.086235
-0.237020
0.206496
-0.169311
0.256463
0.023933
-0.211653
-0.290046
0.324407
0.114793
0.543207
0.328975
-0.209213
-0.031102
0.687356
0.272455
0.144444
0.018886
-0.100691
0.059882
0.139038
0.037078
-0.145830
0.085665
0.199668
-0.006096
-0.222781
-0.464692
0.270934
-0.110436
-0.026251
-0.270114
0.070928
0.107443
0.203729
0.194188
0.373722
-0.232573
0.293660
-0.236482
-0.118048
-0.062537
-0.093879
-0.149316
-0.076098
0.523113
-0.069526
-0.075750
-0.393492
0.019380
-0.264131
-0.176067
-0.024635
-0.177944
-0.054262
-1.202580
0.259434
0.044062
0.002199
0.010788
0.235653
-0.161905
0.350809
-0.043770
0.213722
-0.068224
0.255442
-0.169496
0.059954
0.147929
0.066595
0.026849
-0.288161
-0.084532
-0.017405
-0.167769
0.287503
-0.186963
0.116679
0.229072
-0.174030
0.209711
0.198714
0.263880
0.004543
-0.013457
0.183605
0.042948
-0.133278
-0.084235
0.205934
0.350648
0.752801
0.267120
-0.286480
-0.140039
0.113368
0.010268
0.083807
-0.033012
0.187260
0.073466
0.076202
0.019547
-0.037924
-0.350778
0.212423
-0.067164
0.283005
0.275791
-0.181697
0.138539
0.019023
-0.332893
0.002687
-0.189616
-0.109419
0.088706
0.310999
-0.315730
0.034852
-0.192050
-0.181862
0.094714
0.220209
0.239532
-0.335250
0.142793
0.210842
-0.009591
-0.357298
0.060232
0.014174
0.197960
-0.125422
-0.153405
-0.131981
-0.194491
-0.026869
0.391199
-0.147313
-0.073534
0.135917
0.020250
0.068228
0.286511
0.243779
-0.390502
0.023325
0.123278
0.056290
-0.007429
-0.008450
-0.143091
0.021311
-0.043439
-0.137721
-0.095033
0.213204
-0.372932
-0.166762
0.292394
0.234091
0.130442
0.117276
-0.041621
-0.108984
-0.018782
-0.242292
-0.179999
-0.094934
-0.306975
0.200293
-0.172821
0.063458
-0.055652
-0.219673
0.002347
-0.059149
-0.304685
0.045114
-0.056547
0.109174
-0.414302
-0.010135
-0.089621
-0.076570
-0.084353
0.072270
-0.370224
0.064188
-0.187231
0.038350
-0.283504
0.188448
-0.203931
0.305785
0.049102
-0.238823
-0.289981
0.140061
0.184458
0.569248
0.255223
-0.103624
-0.180830
0.613635
0.307769
0.030597
0.110751
-0.004592
-0.097803
-0.062399
0.198326
-0.104633
0.109997
0.054722
0.201523
-0.068912
-0.136837
0.207703
-0.013360
0.080884
-0.154893
-0.046965
-0.043397
0.273392
0.292307
0.243599
-0.004086
0.145858
-0.103616
-0.300035
0.029022
-0.100490
-0.068096
0.028688
-0.144296
-0.016680
-0.006054
-0.209491
-0.054897
-0.323521
-0.139320
-0.089601
-0.155067
0.137821
-3.573446
0.230130
-0.098144
0.070320
-0.001870
0.099348
-0.012424
0.155131
-0.204838
-0.127717
-0.002739
-0.027756
-0.057908
-0.045206
0.245786
-0.001592
-0.145461
-0.110473
-0.066297
-0.011434
-0.108386
-0.246520
-0.203586
0.027658
0.078579
-0.130621
0.103438
-0.025532
0.144790
-0.068613
0.043813
-0.017161
-0.008153
-0.234962
-0.170383
0.210686
0.175467
0.799643
0.012695
-0.400317
-0.223393
0.093287
-0.018820
-0.143702
-0.068184
0.016583
0.162837
-0.119135
0.052085
-0.121414
-0.191337
0.165184
-0.017244
0.450344
0.165292
-0.044796
0.292038
0.123363
-0.320367
-0.004127
-0.229790
-0.089930
0.182213
0.096409
-0.136190
0.164575
-0.036348
0.014184
0.047669
-0.029135
0.026629
-0.103154
0.144298
-0.004194
-0.010290
0.000000
-0.000000
0.000000
-0.000000
-0.000000
-0.000000
0.000000
-0.000000
-0.000000
-0.000000
-0.000000
-0.000000
-0.000000
-0.000000
0.000000
-0.000000
0.000000
-0.000000
-0.000000
-0.000000
0.000000
-0.000000
0.000000
0.000000
-0.000000
-0.000000
0.000000
-0.000000
-0.000000
-0.000000
-0.000000
-0.000000
0.000000
0.000000
0.000000
0.000000
-0.000000
-0.000000
0.000000
-0.000000
-0.000000
0.000000
-0.000000
-0.000000
0.000000
0.000000
0.000000
0.000000
-0.000000
-0.000000
0.000000
-0.000000
-0.000000
0.000000
-0.000000
-0.000000
-0.000000
0.000000
0.000000
0.000000
-0.000000
-0.000000
0.000000
-0.000000
0.000000
-0.000000
-0.000000
-0.000000
0.000000
0.000000
-0.000000
-0.000000
-0.000000
0.000000
-0.000000
0.000000
-0.000000
-0.000000
-0.000000
-0.000000
0.000000
-0.000000
0.000000
-0.000000
-0.000000
0.000000
0.000000
0.000000
-0.000000
0.000000
0.000000
-0.000000
0.000000
0.000000
-0.000000
0.000000
-0.000000
-0.000000
-0.000000
0.000000
-0.000000
0.000000
-0.000000
-0.000000
-0.000000
0.000000
-0.000000
-0.000000
-0.000000
0.000000
0.000000
0.000000
-0.000000
-0.000000
0.000000
-0.000000
-0.000000
-0.000000
0.000000
-0.000000
-0.000000
-0.000000
-0.000000
-0.000000
0.000000
0.000000
0.000000
0.000000
0.000000
-0.000000
-0.000000
0.000000
-0.000000
-0.000000
-0.000000
-0.000000
-0.000000
-0.000000
-0.000000
0.000000
0.000000
0.000000
0.000000
-0.000000
-0.000000
-0.000000
-0.000000
-0.000000
0.000000
0.000000
-0.000000
0.000000
-0.000000
-0.000000
-0.000000
-0.000000
-0.000000
-0.000000
-0.000000
0.000000
-0.000000
-0.000000
-0.000000
0.000000
-0.000000
-0.000000
0.000000
0.000000
-0.000000
0.000000
-0.000000
-0.000000
0.000000
0.000000
0.000000
0.000000
0.000000
-0.000000
0.000000
-0.000000
0.000000
-0.000000
-0.000000
-0.000000
0.000000
0.000000
-0.000000
0.000000
0.000000
0.000000
0.000000
0.000000
0.000000
-0.000000
0.000000
-0.000000
-0.000000
-0.000000
0.000000
-0.000000
-0.000000
-0.000000
-0.000000
-0.000000
-0.000000
-0.000000
0.000000
-0.000000
0.000000
-0.000000
-0.000000
-0.000000
0.000000
-0.000000
0.000000
0.000000
-0.000000
-0.000000
0.000000
-0.000000
-0.000000
-0.000000
-0.000000
-0.000000
0.000000
0.000000
0.000000
0.000000
-0.000000
-0.000000
0.000000
-0.000000
-0.000000
0.000000
-0.000000
-0.000000
0.000000
0.000000
0.000000
0.000000
-0.000000
-0.000000
0.000000
-0.000000
-0.000000
0.000000
-0.000000
-0.000000
-0.000000
0.000000
0.000000
0.000000
-0.000000
-0.000000
0.000000
-0.000000
0.000000
-0.000000
-0.000000
-0.000000
0.000000
0.000000
-0.000000
-0.000000
-0.000000
0.000000
-0.000000
0.000000
-0.000000
-0.000000
-0.000000
-0.000000
0.000000
-0.000000
0.000000
-0.000000
-0.000000
0.000000
0.000000
0.000000
-0.000000
0.000000
0.000000
-0.000000
0.000000
0.000000
-0.000000
0.000000
-0.000000
-0.000000
-0.000000
0.000000
-0.000000
0.000000
-0.000000
-0.000000
-0.000000
0.000000
-0.000000
-0.000000
-0.000000
0.000000
0.000000
0.000000
-0.000000
-0.000000
0.000000
-0.000000
-0.000000
-0.000000
0.000000
-0.000000
-0.000000
-0.000000
-0.000000
-0.000000
0.000000
0.000000
0.000000
0.000000
0.000000
-0.000000
-0.000000
0.000000
-0.000000
-0.000000
-0.000000
-0.000000
-0.000000
-0.000000
-0.000000
0.000000
0.000000
0.000000
0.000000
-0.000000
-0.000000
-0.000000
-0.000000
-0.000000
0.000000
0.000000
-0.000000
0.000000
-0.000000
-0.000000
-0.000000
-0.000000
-0.000000
-0.000000
-0.000000
0.000000
-0.000000
-0.000000
-0.000000
0.000000
-0.000000
-0.000000
0.000000
0.000000
-0.000000
0.000000
-0.000000
-0.000000
0.000000
0.000000
0.000000
0.000000
0.000000
-0.000000
0.000000
-0.000000
0.000000
-0.000000
-0.000000
-0.000000
0.000000
0.000000
-0.000000
0.000000
0.000000
0.000000
0.000000
0.000000
0.000000
-0.000000
0.000000
-0.000000
-0.000000
-0.000000
0.000000
-0.000000
-0.000000
-0.000000
-0.000000
-0.000000
-0.000000
-0.000000
0.000000
-0.000000
0.000000
-0.000000
-0.000000
-0.000000
0.000000
-0.000000
0.000000
0.000000
-0.000000
-0.000000
0.000000
-0.000000
-0.000000
-0.000000
-0.000000
-0.000000
0.000000
0.000000
0.000000
0.000000
-0.000000
-0.000000
0.000000
-0.000000
-0.000000
0.000000
-0.000000
-0.000000
0.000000
0.000000
0.000000
0.000000
-0.000000
-0.000000
0.000000
-0.000000
-0.000000
0.000000
-0.000000
-0.000000
-0.000000
0.000000
0.000000
0.000000
-0.000000
-0.000000
0.000000
-0.000000
0.000000
-0.000000
-0.000000
-0.000000
0.000000
0.000000
-0.000000
-0.000000
-0.000000
0.000000
-0.000000
0.000000
-0.000000
-0.000000
-0.000000
-0.000000
0.000000
-0.000000
0.000000
-0.000000
-0.000000
0.000000
0.000000
0.000000
-0.000000
0.000000
0.000000
-0.000000
0.000000
0.000000
-0.000000
0.000000
-0.000000
-0.000000
-0.000000
0.000000
-0.000000
0.000000
-0.000000
-0.000000
-0.000000
0.000000
-0.000000
-0.000000
-0.000000
0.000000
0.000000
0.000000
-0.000000
-0.000000
0.000000
-0.000000
-0.000000
-0.000000
0.000000
-0.000000
-0.000000
-0.000000
-0.000000
-0.000000
0.000000
0.000000
0.000000
0.000000
0.000000
-0.000000
-0.000000
0.000000
-0.000000
-0.000000
-0.000000
-0.000000
-0.000000
-0.000000
-0.000000
0.000000
0.000000
0.000000
0.000000
-0.000000
-0.000000
-0.000000
-0.000000
-0.000000
0.000000
0.000000
-0.000000
0.000000
-0.000000
-0.000000
-0.000000
-0.000000
-0.000000
-0.000000
-0.000000
0.000000
-0.000000
-0.000000
-0.000000
0.000000
-0.000000
-0.000000
0.000000
0.000000
-0.000000
0.000000
-0.000000
-0.000000
0.000000
0.000000
0.000000
0.000000
0.000000
-0.000000
0.000000
-0.000000
0.000000
-0.000000
-0.000000
-0.000000
0.000000
0.000000
-0.000000
0.000000
0.000000
0.000000
0.000000
0.000000
0.000000
-0.000000
0.000000
-0.000000
-0.000000
-0.000000
0.000000
-0.000000
-0.000000
-0.000000
-0.000000
-0.000000
-0.000000
-0.000000
0.000000
-0.000000
0.000000
-0.000000
-0.000000
-0.000000
0.000000
-0.000000
0.000000
0.000000
-0.000000
-0.000000
0.000000
-0.000000
-0.000000
-0.000000
-0.000000
-0.000000
0.000000
0.000000
0.000000
0.000000
-0.000000
-0.000000
0.000000
-0.000000
-0.000000
0.000000
-0.000000
-0.000000
0.000000
0.000000
0.000000
0.000000
-0.000000
-0.000000
0.000000
-0.000000
-0.000000
0.000000
-0.000000
-0.000000
-0.000000
0.000000
0.000000
0.000000
-0.000000
-0.000000
0.000000
-0.000000
0.000000
-0.000000
-0.000000
-0.000000
0.000000
0.000000
-0.000000
-0.000000
-0.000000
0.000000
-0.000000
0.000000
-0.000000
-0.000000
-0.000000
-0.000000
0.000000
-0.000000
0.000000
-0.000000
-0.000000
0.000000
0.000000
0.000000
-0.000000
0.000000
0.000000
-0.000000
0.000000
0.000000
-0.000000
0.000000
-0.000000
-0.000000
-0.000000
0.000000
-0.000000
0.000000
-0.000000
-0.000000
-0.000000
0.000000
-0.000000
-0.000000
-0.000000
0.000000
0.000000
0.000000
-0.000000
-0.000000
0.000000
-0.000000
-0.000000
-0.000000
0.000000
-0.000000
-0.000000
-0.000000
-0.000000
-0.000000
0.000000
0.000000
0.000000
0.000000
0.000000
-0.000000
-0.000000
0.000000
-0.000000
-0.000000
-0.000000
-0.000000
-0.000000
-0.000000
-0.000000
0.000000
0.000000
0.000000
0.000000
-0.000000
-0.000000
-0.000000
-0.000000
-0.000000
0.000000
0.000000
-0.000000
0.000000
-0.000000
-0.000000
-0.000000
-0.000000
-0.000000
-0.000000
-0.000000
0.000000
-0.000000
-0.000000
-0.000000
0.000000
-0.000000
-0.000000
0.000000
0.000000
-0.000000
0.000000
-0.000000
-0.000000
0.000000
0.000000
0.000000
0.000000
0.000000
-0.000000
0.000000
-0.000000
0.000000
-0.000000
-0.000000
-0.000000
0.000000
0.000000
-0.000000
0.000000
0.000000
0.000000
0.000000
0.000000
0.000000
-0.000000
0.000000
-0.000000
-0.000000
-0.000000
0.000000
-0.000000
-0.000000
-0.000000
-0.000000
-0.000000
-0.000000
-0.000000
0.000000
-0.000000
0.000000
-0.000000
-0.000000
-0.000000
0.000000
-0.000000
0.000000
0.000000
-0.000000
-0.000000
0.000000
-0.000000
-0.000000
-0.000000
-0.000000
-0.000000
0.000000
0.000000
0.000000
0.000000
-0.000000
-0.000000
0.000000
-0.000000
-0.000000
0.000000
-0.000000
-0.000000
0.000000
0.000000
0.000000
0.000000
-0.000000
-0.000000
0.000000
-0.000000
-0.000000
0.000000
-0.000000
-0.000000
-0.000000
0.000000
0.000000
0.000000
-0.000000
-0.000000
0.000000
-0.000000
0.000000
-0.000000
-0.000000
-0.000000
0.000000
0.000000
-0.000000
-0.000000
-0.000000
0.000000
-0.000000
0.000000
-0.000000
-0.000000
-0.000000
-0.000000
0.000000
-0.000000
0.000000
-0.000000
-0.000000
0.000000
0.000000
0.000000
-0.000000
0.000000
0.000000
-0.000000
0.000000
0.000000
-0.000000
0.000000
-0.000000
-0.000000
-0.000000
0.000000
-0.000000
0.000000
-0.000000
-0.000000
-0.000000
0.000000
-0.000000
-0.000000
-0.000000
0.000000
0.000000
0.000000
-0.000000
-0.000000
0.000000
-0.000000
-0.000000
-0.000000
0.000000
-0.000000
-0.000000
-0.000000
-0.000000
-0.000000
0.000000
0.000000
0.000000
0.000000
0.000000
-0.000000
-0.000000
0.000000
-0.000000
-0.000000
-0.000000
-0.000000
-0.000000
-0.000000
-0.000000
0.000000
0.000000
0.000000
0.000000
-0.000000
-0.000000
-0.000000
-0.000000
-0.000000
0.000000
0.000000
-0.000000
0.000000
-0.000000
-0.000000
-0.000000
-0.000000
-0.000000
-0.000000
-0.000000
0.000000
-0.000000
-0.000000
-0.000000
0.000000
-0.000000
-0.000000
0.000000
0.000000
-0.000000
0.000000
-0.000000
-0.000000
0.000000
0.000000
0.000000
0.000000
0.000000
-0.000000
0.000000
-0.000000
0.000000
-0.000000
-0.000000
-0.000000
0.000000
0.000000
-0.000000
0.000000
0.000000
0.000000
0.000000
0.000000
0.000000
-0.000000
0.000000
-0.000000
-0.000000
-0.000000
0.000000
-0.000000
-0.000000
-0.000000
-0.000000
-0.000000
-0.000000
-0.000000
0.000000
-0.000000
0.000000
-0.000000
-0.000000
-0.000000
0.000000
-0.000000
0.000000
0.000000
-0.000000
-0.000000
0.000000
-0.000000
-0.000000
-0.000000
-0.000000
-0.000000
0.000000
0.000000
0.000000
0.000000
-0.000000
-0.000000
0.000000
-0.000000
-0.000000
0.000000
-0.000000
-0.000000
0.000000
0.000000
0.000000
0.000000
-0.000000
-0.000000
0.000000
-0.000000
-0.000000
0.000000
-0.000000
-0.000000
-0.000000
0.000000
0.000000
0.000000
-0.000000
-0.000000
0.000000
-0.000000
0.000000
-0.000000
-0.000000
-0.000000
0.000000
0.000000
-0.000000
-0.000000
-0.000000
0.000000
-0.000000
0.000000
-0.000000
-0.000000
-0.000000
-0.000000
0.000000
-0.000000
0.000000
-0.000000
-0.000000
0.000000
0.000000
0.000000
-0.000000
0.000000
0.000000
-0.000000
0.000000
0.000000
-0.000000
0.000000
-0.000000
-0.000000
-0.000000
0.000000
-0.000000
0.000000
-0.000000
-0.000000
-0.000000
0.000000
-0.000000
-0.000000
-0.000000
0.000000
0.000000
0.000000
-0.000000
-0.000000
0.000000
-0.000000
-0.000000
-0.000000
0.000000
-0.000000
-0.000000
-0.000000
-0.000000
-0.000000
0.000000
0.000000
0.000000
0.000000
0.000000
-0.000000
-0.000000
0.000000
-0.000000
-0.000000
-0.000000
-0.000000
-0.000000
-0.000000
-0.000000
0.000000
0.000000
0.000000
0.000000
-0.000000
-0.000000
-0.000000
-0.000000
-0.000000
0.000000
0.000000
-0.000000
0.000000
-0.000000
-0.000000
-0.000000
-0.000000
-0.000000
-0.000000
-0.000000
0.000000
-0.000000
-0.000000
-0.000000
0.000000
-0.000000
-0.000000
0.000000
0.000000
-0.000000
0.000000
-0.000000
-0.000000
0.000000
0.000000
0.000000
0.000000
0.000000
-0.000000
0.000000
-0.000000
0.000000
-0.000000
-0.000000
-0.000000
0.000000
0.000000
-0.000000
0.000000
0.000000
0.000000
0.000000
0.000000
0.000000
-0.000000
0.000000
-0.000000
-0.000000
-0.000000
0.000000
-0.000000
-0.000000
-0.000000
-0.000000
-0.000000
-0.000000
-0.000000
0.000000
-0.000000
0.000000
-0.000000
-0.000000
-0.000000
0.000000
-0.000000
0.000000
0.000000
-0.000000
-0.000000
0.000000
-0.000000
-0.000000
-0.000000
-0.000000
-0.000000
0.000000
0.000000
0.000000
0.000000
-0.000000
-0.000000
0.000000
-0.000000
-0.000000
0.000000
-0.000000
-0.000000
0.000000
0.000000
0.000000
0.000000
-0.000000
-0.000000
0.000000
-0.000000
-0.000000
0.000000
-0.000000
-0.000000
-0.000000
0.000000
0.000000
0.000000
-0.000000
-0.000000
0.000000
-0.000000
0.000000
-0.000000
-0.000000
-0.000000
0.000000
0.000000
-0.000000
-0.000000
-0.000000
0.000000
-0.000000
0.000000
-0.000000
-0.000000
-0.000000
-0.000000
0.000000
-0.000000
0.000000
-0.000000
-0.000000
0.000000
0.000000
0.000000
-0.000000
0.000000
0.000000
-0.000000
0.000000
0.000000
-0.000000
0.000000
-0.000000
-0.000000
-0.000000
0.000000
-0.000000
0.000000
-0.000000
-0.000000
-0.000000
0.000000
-0.000000
-0.000000
-0.000000
0.000000
0.000000
0.000000
-0.000000
-0.000000
0.000000
-0.000000
-0.000000
-0.000000
0.000000
-0.000000
-0.000000
-0.000000
-0.000000
-0.000000
0.000000
0.000000
0.000000
0.000000
0.000000
-0.000000
-0.000000
0.000000
-0.000000
-0.000000
-0.000000
-0.000000
-0.000000
-0.000000
-0.000000
0.000000
0.000000
0.000000
0.000000
-0.000000
-0.000000
-0.000000
-0.000000
-0.000000
0.000000
0.000000
-0.000000
0.000000
-0.000000
-0.000000
-0.000000
-0.000000
-0.000000
-0.000000
-0.000000
0.000000
-0.000000
-0.000000
-0.000000
0.000000
-0.000000
-0.000000
0.000000
0.000000
-0.000000
0.000000
-0.000000
-0.000000
0.000000
0.000000
0.000000
0.000000
0.000000
-0.000000
0.000000
-0.000000
0.000000
-0.000000
-0.000000
-0.000000
0.000000
0.000000
-0.000000
0.000000
0.000000
0.000000
0.000000
0.000000
0.000000
-0.000000
0.000000
-0.000000
-0.000000
-0.000000
0.000000
-0.000000
-0.000000
-0.000000
-0.000000
-0.000000
-0.000000
-0.000000
0.000000
-0.000000
0.000000
-0.000000
-0.000000
-0.000000
0.000000
-0.000000
0.000000
0.000000
-0.000000
-0.000000
0.000000
-0.000000
-0.000000
-0.000000
-0.000000
-0.000000
0.000000
0.000000
0.000000
0.000000
-0.000000
-0.000000
0.000000
-0.000000
-0.000000
0.000000
-0.000000
-0.000000
0.000000
0.000000
0.000000
0.000000
-0.000000
-0.000000
0.000000
-0.000000
-0.000000
0.000000
-0.000000
-0.000000
-0.000000
0.000000
0.000000
0.000000
-0.000000
-0.000000
0.000000
-0.000000
0.000000
-0.000000
-0.000000
-0.000000
0.000000
0.000000
-0.000000
-0.000000
-0.000000
0.000000
-0.000000
0.000000
-0.000000
-0.000000
-0.000000
-0.000000
0.000000
-0.000000
0.000000
-0.000000
-0.000000
0.000000
0.000000
0.000000
-0.000000
0.000000
0.000000
-0.000000
0.000000
0.000000
-0.000000
0.000000
-0.000000
-0.000000
-0.000000
0.000000
-0.000000
0.000000
-0.000000
-0.000000
-0.000000
0.000000
-0.000000
-0.000000
-0.000000
0.000000
0.000000
0.000000
-0.000000
-0.000000
0.000000
-0.000000
-0.000000
-0.000000
0.000000
-0.000000
-0.000000
-0.000000
-0.000000
-0.000000
0.000000
0.000000
0.000000
0.000000
0.000000
-0.000000
-0.000000
0.000000
-0.000000
-0.000000
-0.000000
-0.000000
-0.000000
-0.000000
-0.000000
0.000000
0.000000
0.000000
0.000000
-0.000000
-0.000000
-0.000000
-0.000000
-0.000000
0.000000
0.000000
-0.000000
0.000000
-0.000000
-0.000000
-0.000000
-0.000000
-0.000000
-0.000000
-0.000000
0.000000
-0.000000
-0.000000
-0.000000
0.000000
-0.000000
-0.000000
0.000000
0.000000
-0.000000
0.000000
-0.000000
-0.000000
0.000000
0.000000
0.000000
0.000000
0.000000
-0.000000
0.000000
-0.000000
0.000000
-0.000000
-0.000000
-0.000000
0.000000
0.000000
-0.000000
0.000000
0.000000
0.000000
0.000000
0.000000
0.000000
-0.000000
0.000000
-0.000000
-0.000000
-0.000000
0.000000
-0.000000
-0.000000
-0.000000
-0.000000
-0.000000
-0.000000
-0.000000
0.000000
-0.000000
0.000000
-0.000000
-0.000000
-0.000000
0.000000
-0.000000
0.000000
0.000000
-0.000000
-0.000000
0.000000
-0.000000
-0.000000
-0.000000
-0.000000
-0.000000
0.000000
0.000000
0.000000
0.000000
-0.000000
-0.000000
0.000000
-0.000000
-0.000000
0.000000
-0.000000
-0.000000
0.000000
0.000000
0.000000
0.000000
-0.000000
-0.000000
0.000000
-0.000000
-0.000000
0.000000
-0.000000
-0.000000
-0.000000
0.000000
0.000000
0.000000
-0.000000
-0.000000
0.000000
-0.000000
0.000000
-0.000000
-0.000000
-0.000000
0.000000
0.000000
-0.000000
-0.000000
-0.000000
0.000000
-0.000000
0.000000
-0.000000
-0.000000
-0.000000
-0.000000
0.000000
-0.000000
0.000000
-0.000000
-0.000000
0.000000
0.000000
0.000000
-0.000000
0.000000
0.000000
-0.000000
0.000000
0.000000
-0.000000
0.000000
-0.000000
-0.000000
-0.000000
0.000000
-0.000000
0.000000
-0.000000
-0.000000
-0.000000
0.000000
-0.000000
-0.000000
-0.000000
0.000000
0.000000
0.000000
-0.000000
-0.000000
0.000000
-0.000000
-0.000000
-0.000000
0.000000
-0.000000
-0.000000
-0.000000
-0.000000
-0.000000
0.000000
0.000000
0.000000
0.000000
0.000000
-0.000000
-0.000000
0.000000
-0.000000
-0.000000
-0.000000
-0.000000
-0.000000
-0.000000
-0.000000
0.000000
0.000000
0.000000
0.000000
-0.000000
-0.000000
-0.000000
-0.000000
-0.000000
0.000000
0.000000
-0.000000
0.000000
-0.000000
-0.000000
-0.000000
-0.000000
-0.000000
-0.000000
-0.000000
0.000000
-0.000000
-0.000000
-0.000000
0.000000
-0.000000
-0.000000
0.000000
0.000000
-0.000000
0.000000
-0.000000
-0.000000
0.000000
0.000000
0.000000
0.000000
0.000000
-0.000000
0.000000
-0.000000
0.000000
-0.000000
-0.000000
-0.000000
0.000000
0.000000
-0.000000
0.000000
0.000000
0.000000
0.000000
0.000000
0.000000
-0.000000
0.000000
-0.000000
-0.000000
-0.000000
0.000000
-0.000000
-0.000000
-0.000000
-0.000000
-0.000000
-0.000000
-0.000000
0.000000
-0.000000
0.000000
-0.000000
-0.000000
-0.000000
0.000000
-0.000000
0.000000
0.000000
-0.000000
-0.000000
0.000000
-0.000000
-0.000000
-0.000000
-0.000000
-0.000000
0.000000
0.000000
0.000000
0.000000
-0.000000
-0.000000
0.000000
-0.000000
-0.000000
0.000000
-0.000000
-0.000000
0.000000
0.000000
0.000000
0.000000
-0.000000
-0.000000
0.000000
-0.000000
-0.000000
0.000000
-0.000000
-0.000000
-0.000000
0.000000
0.000000
0.000000
-0.000000
-0.000000
0.000000
-0.000000
0.000000
-0.000000
-0.000000
-0.000000
0.000000
0.000000
-0.000000
-0.000000
-0.000000
0.000000
-0.000000
0.000000
-0.000000
-0.000000
-0.000000
-0.000000
0.000000
-0.000000
0.000000
-0.000000
-0.000000
0.000000
0.000000
0.000000
-0.000000
0.000000
0.000000
-0.000000
0.000000
0.000000
-0.000000
0.000000
-0.000000
-0.000000
-0.000000
0.000000
-0.000000
0.000000
-0.000000
-0.000000
-0.000000
0.000000
-0.000000
-0.000000
-0.000000
0.000000
0.000000
0.000000
-0.000000
-0.000000
0.000000
-0.000000
-0.000000
-0.000000
0.000000
-0.000000
-0.000000
-0.000000
-0.000000
-0.000000
0.000000
0.000000
0.000000
0.000000
0.000000
-0.000000
-0.000000
0.000000
-0.000000
-0.000000
-0.000000
-0.000000
-0.000000
-0.000000
-0.000000
0.000000
0.000000
0.000000
0.000000
-0.000000
-0.000000
-0.000000
-0.000000
-0.000000
0.000000
0.000000
-0.000000
0.000000
-0.000000
-0.000000
-0.000000
-0.000000
-0.000000
-0.000000
-0.000000
0.000000
-0.000000
-0.000000
-0.000000
0.000000
-0.000000
-0.000000
0.000000
0.000000
-0.000000
0.000000
-0.000000
-0.000000
0.000000
0.000000
0.000000
0.000000
0.000000
-0.000000
0.000000
-0.000000
0.000000
-0.000000
-0.000000
-0.000000
0.000000
0.000000
-0.000000
0.000000
0.000000
0.000000
0.000000
0.000000
0.000000
-0.000000
0.000000
-0.000000
-0.000000
-0.000000
0.000000
-0.000000
-0.000000
-0.000000
-0.000000
-0.000000
-0.000000
-0.000000
0.000000
-0.000000
0.000000
-0.000000
-0.000000
-0.000000
0.000000
-0.000000
0.000000
0.000000
-0.000000
-0.000000
0.000000
-0.000000
-0.000000
-0.000000
-0.000000
-0.000000
0.000000
0.000000
0.000000
0.000000
-0.000000
-0.000000
0.000000
-0.000000
-0.000000
0.000000
-0.000000
-0.000000
0.000000
0.000000
0.000000
0.000000
-0.000000
-0.000000
0.000000
-0.000000
-0.000000
0.000000
-0.000000
-0.000000
-0.000000
0.000000
0.000000
0.000000
-0.000000
-0.000000
0.000000
-0.000000
0.000000
-0.000000
-0.000000
-0.000000
0.000000
0.000000
-0.000000
-0.000000
-0.000000
0.000000
-0.000000
0.000000
-0.000000
-0.000000
-0.000000
-0.000000
0.000000
-0.000000
0.000000
-0.000000
-0.000000
0.000000
0.000000
0.000000
-0.000000
0.000000
0.000000
-0.000000
0.000000
0.000000
-0.000000
0.000000
-0.000000
-0.000000
-0.000000
0.000000
-0.000000
0.000000
-0.000000
-0.000000
-0.000000
0.000000
-0.000000
-0.000000
-0.000000
0.000000
0.000000
0.000000
-0.000000
-0.000000
0.000000
-0.000000
-0.000000
-0.000000
0.000000
-0.000000
-0.000000
-0.000000
-0.000000
-0.000000
0.000000
0.000000
0.000000
0.000000
0.000000
-0.000000
-0.000000
0.000000
-0.000000
-0.000000
-0.000000
-0.000000
-0.000000
-0.000000
-0.000000
0.000000
0.000000
0.000000
0.000000
-0.000000
-0.000000
-0.000000
-0.000000
-0.000000
0.000000
0.000000
-0.000000
0.000000
-0.000000
-0.000000
-0.000000
-0.000000
-0.000000
-0.000000
-0.000000
0.000000
-0.000000
-0.000000
-0.000000
0.000000
-0.000000
-0.000000
0.000000
0.000000
-0.000000
0.000000
-0.000000
-0.000000
0.000000
0.000000
0.000000
0.000000
0.000000
-0.000000
0.000000
-0.000000
0.000000
-0.000000
-0.000000
-0.000000
0.000000
0.000000
-0.000000
0.000000
0.000000
0.000000
0.000000
0.000000
0.000000
-0.000000
0.000000
-0.000000
-0.000000
-0.000000
0.000000
-0.000000
-0.000000
-0.000000
-0.000000
-0.000000
-0.000000
-0.000000
0.000000
-0.000000
0.000000
-0.000000
-0.000000
-0.000000
0.000000
-0.000000
0.000000
0.000000
-0.000000
-0.000000
0.000000
-0.000000
-0.000000
-0.000000
-0.000000
-0.000000
0.000000
0.000000
0.000000
0.000000
-0.000000
-0.000000
0.000000
-0.000000
-0.000000
0.000000
-0.000000
-0.000000
0.000000
0.000000
0.000000
0.000000
-0.000000
-0.000000
0.000000
-0.000000
-0.000000
0.000000
-0.000000
-0.000000
-0.000000
0.000000
0.000000
0.000000
-0.000000
-0.000000
0.000000
-0.000000
0.000000
-0.000000
-0.000000
-0.000000
0.000000
0.000000
-0.000000
-0.000000
-0.000000
0.000000
-0.000000
0.000000
-0.000000
-0.000000
-0.000000
-0.000000
0.000000
-0.000000
0.000000
-0.000000
-0.000000
0.000000
0.000000
0.000000
-0.000000
0.000000
0.000000
-0.000000
0.000000
0.000000
-0.000000
0.000000
-0.000000
-0.000000
-0.000000
0.000000
-0.000000
0.000000
-0.000000
-0.000000
-0.000000
0.000000
-0.000000
-0.000000
-0.000000
0.000000
0.000000
0.000000
-0.000000
-0.000000
0.000000
-0.000000
-0.000000
-0.000000
0.000000
-0.000000
-0.000000
-0.000000
-0.000000
-0.000000
0.000000
0.000000
0.000000
0.000000
0.000000
-0.000000
-0.000000
0.000000
-0.000000
-0.000000
-0.000000
-0.000000
-0.000000
-0.000000
-0.000000
0.000000
0.000000
0.000000
0.000000
-0.000000
-0.000000
-0.000000
-0.000000
-0.000000
0.000000
0.000000
-0.000000
0.000000
-0.000000
-0.000000
-0.000000
-0.000000
-0.000000
-0.000000
-0.000000
0.000000
-0.000000
-0.000000
-0.000000
0.000000
-0.000000
-0.000000
0.000000
0.000000
-0.000000
0.000000
-0.000000
-0.000000
0.000000
0.000000
0.000000
0.000000
0.000000
-0.000000
0.000000
-0.000000
0.000000
-0.000000
-0.000000
-0.000000
0.000000
0.000000
-0.000000
0.000000
0.000000
0.000000
0.000000
0.000000
0.000000
-0.000000
0.000000
-0.000000
-0.000000
-0.000000
0.000000
-0.000000
-0.000000
-0.000000
-0.000000
-0.000000
-0.000000
-0.000000
0.000000
-0.000000
0.000000
-0.000000
-0.000000
-0.000000
0.000000
-0.000000
0.000000
0.000000
-0.000000
-0.000000
0.000000
-0.000000
-0.000000
-0.000000
-0.000000
-0.000000
0.000000
0.000000
0.000000
0.000000
-0.000000
-0.000000
0.000000
-0.000000
-0.000000
0.000000
-0.000000
-0.000000
0.000000
0.000000
0.000000
0.000000
-0.000000
-0.000000
0.000000
-0.000000
-0.000000
0.000000
-0.000000
-0.000000
-0.000000
0.000000
0.000000
0.000000
-0.000000
-0.000000
0.000000
-0.000000
0.000000
-0.000000
-0.000000
-0.000000
0.000000
0.000000
-0.000000
-0.000000
-0.000000
0.000000
-0.000000
0.000000
-0.000000
-0.000000
-0.000000
-0.000000
0.000000
-0.000000
0.000000
-0.000000
-0.000000
0.000000
0.000000
0.000000
-0.000000
0.000000
0.000000
-0.000000
0.000000
0.000000
-0.000000
0.000000
-0.000000
-0.000000
-0.000000
0.000000
-0.000000
0.000000
-0.000000
-0.000000
-0.000000
0.000000
-0.000000
-0.000000
-0.000000
0.000000
0.000000
0.000000
-0.000000
-0.000000
0.000000
-0.000000
-0.000000
-0.000000
0.000000
-0.000000
-0.000000
-0.000000
-0.000000
-0.000000
0.000000
0.000000
0.000000
0.000000
0.000000
-0.000000
-0.000000
0.000000
-0.000000
-0.000000
-0.000000
-0.000000
-0.000000
-0.000000
-0.000000
0.000000
0.000000
0.000000
0.000000
-0.000000
-0.000000
-0.000000
-0.000000
-0.000000
0.000000
0.000000
-0.000000
0.000000
-0.000000
-0.000000
-0.000000
-0.000000
-0.000000
-0.000000
-0.000000
0.000000
-0.000000
-0.000000
-0.000000
0.000000
-0.000000
-0.000000
0.000000
0.000000
-0.000000
0.000000
-0.000000
-0.000000
0.000000
0.000000
0.000000
0.000000
0.000000
-0.000000
0.000000
-0.000000
0.000000
-0.000000
-0.000000
-0.000000
0.000000
0.000000
-0.000000
0.000000
0.000000
0.000000
0.000000
0.000000
0.000000
-0.000000
0.000000
-0.000000
-0.000000
-0.000000
0.000000
-0.000000
-0.000000
-0.000000
-0.000000
-0.000000
-0.000000
-0.000000
0.000000
-0.000000
0.000000
-0.000000
-0.000000
-0.000000
0.000000
-0.000000
0.000000
0.000000
-0.000000
-0.000000
0.000000
-0.000000
-0.000000
-0.000000
-0.000000
-0.000000
0.000000
0.000000
0.000000
0.000000
-0.000000
-0.000000
0.000000
-0.000000
-0.000000
0.000000
-0.000000
-0.000000
0.000000
0.000000
0.000000
0.000000
-0.000000
-0.000000
0.000000
-0.000000
-0.000000
0.000000
-0.000000
-0.000000
-0.000000
0.000000
0.000000
0.000000
-0.000000
-0.000000
0.000000
-0.000000
0.000000
-0.000000
-0.000000
-0.000000
0.000000
0.000000
-0.000000
-0.000000
-0.000000
0.000000
-0.000000
0.000000
-0.000000
-0.000000
-0.000000
-0.000000
0.000000
-0.000000
0.000000
-0.000000
-0.000000
0.000000
0.000000
0.000000
-0.000000
0.000000
0.000000
-0.000000
0.000000
0.000000
-0.000000
0.000000
-0.000000
-0.000000
-0.000000
0.000000
-0.000000
0.000000
-0.000000
-0.000000
-0.000000
0.000000
-0.000000
-0.000000
-0.000000
0.000000
0.000000
0.000000
-0.000000
-0.000000
0.000000
-0.000000
-0.000000
-0.000000
0.000000
-0.000000
-0.000000
-0.000000
-0.000000
-0.000000
0.000000
0.000000
0.000000
0.000000
0.000000
-0.000000
-0.000000
0.000000
-0.000000
-0.000000
-0.000000
-0.000000
-0.000000
-0.000000
-0.000000
0.000000
0.000000
0.000000
0.000000
-0.000000
-0.000000
-0.000000
-0.000000
-0.000000
0.000000
0.000000
-0.000000
0.000000
-0.000000
-0.000000
-0.000000
-0.000000
-0.000000
-0.000000
-0.000000
0.000000
-0.000000
-0.000000
-0.000000
0.000000
-0.000000
-0.000000
0.000000
0.000000
-0.000000
0.000000
-0.000000
-0.000000
0.000000
0.000000
0.000000
0.000000
0.000000
-0.000000
0.000000
-0.000000
0.000000
-0.000000
-0.000000
-0.000000
0.000000
0.000000
-0.000000
0.000000
0.000000
0.000000
0.000000
0.000000
0.000000
-0.000000
0.000000
-0.000000
-0.000000
-0.000000
0.000000
-0.000000
-0.000000
-0.000000
-0.000000
-0.000000
-0.000000
-0.000000
0.000000
-0.000000
0.000000
-0.000000
-0.000000
-0.000000
0.000000
-0.000000
0.000000
0.000000
-0.000000
-0.000000
0.000000
-0.000000
-0.000000
-0.000000
-0.000000
-0.000000
0.000000
0.000000
0.000000
0.000000
-0.000000
-0.000000
0.000000
-0.000000
-0.000000
0.000000
-0.000000
-0.000000
0.000000
0.000000
0.000000
0.000000
-0.000000
-0.000000
0.000000
-0.000000
-0.000000
0.000000
-0.000000
-0.000000
-0.000000
0.000000
0.000000
0.000000
-0.000000
-0.000000
0.000000
-0.000000
0.000000
-0.000000
-0.000000
-0.000000
0.000000
0.000000
-0.000000
-0.000000
-0.000000
0.000000
-0.000000
0.000000
-0.000000
-0.000000
-0.000000
-0.000000
0.000000
-0.000000
0.000000
-0.000000
-0.000000
0.000000
0.000000
0.000000
-0.000000
0.000000
0.000000
-0.000000
0.000000
0.000000
-0.000000
0.000000
-0.000000
-0.000000
-0.000000
0.000000
-0.000000
0.000000
-0.000000
-0.000000
-0.000000
0.000000
-0.000000
-0.000000
-0.000000
0.000000
0.000000
0.000000
-0.000000
-0.000000
0.000000
-0.000000
-0.000000
-0.000000
0.000000
-0.000000
-0.000000
-0.000000
-0.000000
-0.000000
0.000000
0.000000
0.000000
0.000000
0.000000
-0.000000
-0.000000
0.000000
-0.000000
-0.000000
-0.000000
-0.000000
-0.000000
-0.000000
-0.000000
0.000000
0.000000
0.000000
0.000000
-0.000000
-0.000000
-0.000000
-0.000000
-0.000000
0.000000
0.000000
-0.000000
0.000000
-0.000000
-0.000000
-0.000000
-0.000000
-0.000000
-0.000000
-0.000000
0.000000
-0.000000
-0.000000
-0.000000
0.000000
-0.000000
-0.000000
0.000000
0.000000
-0.000000
0.000000
-0.000000
-0.000000
0.000000
0.000000
0.000000
0.000000
0.000000
-0.000000
0.000000
-0.000000
0.000000
-0.000000
-0.000000
-0.000000
0.000000
0.000000
-0.000000
0.000000
0.000000
0.000000
0.000000
0.000000
0.000000
-0.000000
0.000000
-0.000000
-0.000000
-0.000000
0.000000
-0.000000
-0.000000
-0.000000
-0.000000
-0.000000
-0.000000
-0.000000
0.000000
-0.000000
0.000000
-0.000000
-0.000000
-0.000000
0.000000
-0.000000
0.000000
0.000000
-0.000000
-0.000000
0.000000
-0.000000
-0.000000
-0.000000
-0.000000
-0.000000
0.000000
0.000000
0.000000
0.000000
-0.000000
-0.000000
0.000000
-0.000000
-0.000000
0.000000
-0.000000
-0.000000
0.000000
0.000000
0.000000
0.000000
-0.000000
-0.000000
0.000000
-0.000000
-0.000000
0.000000
-0.000000
-0.000000
-0.000000
0.000000
0.000000
0.000000
-0.000000
-0.000000
0.000000
-0.000000
0.000000
-0.000000
-0.000000
-0.000000
0.000000
0.000000
-0.000000
-0.000000
-0.000000
0.000000
-0.000000
0.000000
-0.000000
-0.000000
-0.000000
-0.000000
0.000000
-0.000000
0.000000
-0.000000
-0.000000
0.000000
0.000000
0.000000
-0.000000
0.000000
0.000000
-0.000000
0.000000
0.000000
-0.000000
0.000000
-0.000000
-0.000000
-0.000000
0.000000
-0.000000
0.000000
-0.000000
-0.000000
-0.000000
0.000000
-0.000000
-0.000000
-0.000000
0.000000
0.000000
0.000000
-0.000000
-0.000000
0.000000
-0.000000
-0.000000
-0.000000
0.000000
-0.000000
-0.000000
-0.000000
-0.000000
-0.000000
0.000000
0.000000
0.000000
0.000000
0.000000
-0.000000
-0.000000
0.000000
-0.000000
-0.000000
-0.000000
-0.000000
-0.000000
-0.000000
-0.000000
0.000000
0.000000
0.000000
0.000000
-0.000000
-0.000000
-0.000000
-0.000000
-0.000000
0.000000
0.000000
-0.000000
0.000000
-0.000000
-0.000000
-0.000000
-0.000000
-0.000000
-0.000000
-0.000000
0.000000
-0.000000
-0.000000
-0.000000
0.000000
-0.000000
-0.000000
0.000000
0.000000
-0.000000
0.000000
-0.000000
-0.000000
0.000000
0.000000
0.000000
0.000000
0.000000
-0.000000
0.000000
-0.000000
0.000000
-0.000000
-0.000000
-0.000000
0.000000
0.000000
-0.000000
0.000000
0.000000
0.000000
0.000000
0.000000
0.000000
-0.000000
0.000000
-0.000000
-0.000000
-0.000000
0.000000
-0.000000
-0.000000
-0.000000
-0.000000
-0.000000
-0.000000
-0.000000
0.000000
-0.000000
0.000000
-0.000000
-0.000000
-0.000000
0.000000
-0.000000
0.000000
0.000000
-0.000000
-0.000000
0.000000
-0.000000
-0.000000
-0.000000
-0.000000
-0.000000
0.000000
0.000000
0.000000
0.000000
-0.000000
-0.000000
0.000000
-0.000000
-0.000000
0.000000
-0.000000
-0.000000
0.000000
0.000000
0.000000
0.000000
-0.000000
-0.000000
0.000000
-0.000000
-0.000000
0.000000
-0.000000
-0.000000
-0.000000
0.000000
0.000000
0.000000
-0.000000
-0.000000
0.000000
-0.000000
0.000000
-0.000000
-0.000000
-0.000000
0.000000
0.000000
-0.000000
-0.000000
-0.000000
0.000000
-0.000000
0.000000
-0.000000
-0.000000
-0.000000
-0.000000
0.000000
-0.000000
0.000000
-0.000000
-0.000000
0.000000
0.000000
0.000000
-0.000000
0.000000
0.000000
-0.000000
0.000000
0.000000
-0.000000
0.000000
-0.000000
-0.000000
-0.000000
0.000000
-0.000000
0.000000
-0.000000
-0.000000
-0.000000
0.000000
-0.000000
-0.000000
-0.000000
0.000000
0.000000
0.000000
-0.000000
-0.000000
0.000000
-0.000000
-0.000000
-0.000000
0.000000
-0.000000
-0.000000
-0.000000
-0.000000
-0.000000
0.000000
0.000000
0.000000
0.000000
0.000000
-0.000000
-0.000000
0.000000
-0.000000
-0.000000
-0.000000
-0.000000
-0.000000
-0.000000
-0.000000
0.000000
0.000000
0.000000
0.000000
-0.000000
-0.000000
-0.000000
-0.000000
-0.000000
0.000000
0.000000
-0.000000
0.000000
-0.000000
-0.000000
-0.000000
-0.000000
-0.000000
-0.000000
-0.000000
0.000000
-0.000000
-0.000000
-0.000000
0.000000
-0.000000
-0.000000
0.000000
0.000000
-0.000000
0.000000
-0.000000
-0.000000
0.000000
0.000000
0.000000
0.000000
0.000000
-0.000000
0.000000
-0.000000
0.000000
-0.000000
-0.000000
-0.000000
0.000000
0.000000
-0.000000
0.000000
0.000000
0.000000
0.000000
0.000000
0.000000
-0.000000
0.000000
-0.000000
-0.000000
-0.000000
0.000000
-0.000000
-0.000000
-0.000000
-0.000000
-0.000000
-0.000000
-0.000000
0.000000
-0.000000
0.000000
-0.000000
-0.000000
-0.000000
0.000000
-0.000000
0.000000
0.000000
-0.000000
-0.000000
0.000000
-0.000000
-0.000000
-0.000000
-0.000000
-0.000000
0.000000
0.000000
0.000000
0.000000
-0.000000
-0.000000
0.000000
-0.000000
-0.000000
0.000000
-0.000000
-0.000000
0.000000
0.000000
0.000000
0.000000
-0.000000
-0.000000
0.000000
-0.000000
-0.000000
0.000000
-0.000000
-0.000000
-0.000000
0.000000
0.000000
0.000000
-0.000000
-0.000000
0.000000
-0.000000
0.000000
-0.000000
-0.000000
-0.000000
0.000000
0.000000
-0.000000
-0.000000
-0.000000
0.000000
-0.000000
0.000000
-0.000000
-0.000000
-0.000000
-0.000000
0.000000
-0.000000
0.000000
-0.000000
-0.000000
0.000000
0.000000
0.000000
-0.000000
0.000000
0.000000
-0.000000
0.000000
0.000000
-0.000000
0.000000
-0.000000
-0.000000
-0.000000
0.000000
-0.000000
0.000000
-0.000000
-0.000000
-0.000000
0.000000
-0.000000
-0.000000
-0.000000
0.000000
0.000000
0.000000
-0.000000
-0.000000
0.000000
-0.000000
-0.000000
-0.000000
0.000000
-0.000000
-0.000000
-0.000000
-0.000000
-0.000000
0.000000
0.000000
0.000000
0.000000
0.000000
-0.000000
-0.000000
0.000000
-0.000000
-0.000000
-0.000000
-0.000000
-0.000000
-0.000000
-0.000000
0.000000
0.000000
0.000000
0.000000
-0.000000
-0.000000
-0.000000
-0.000000
-0.000000
0.000000
0.000000
-0.000000
0.000000
-0.000000
-0.000000
-0.000000
-0.000000
-0.000000
-0.000000
-0.000000
0.000000
-0.000000
-0.000000
-0.000000
0.000000
-0.000000
-0.000000
0.000000
0.000000
-0.000000
0.000000
-0.000000
-0.000000
0.000000
0.000000
0.000000
0.000000
0.000000
-0.000000
0.000000
-0.000000
0.000000
-0.000000
-0.000000
-0.000000
0.000000
0.000000
-0.000000
0.000000
0.000000
0.000000
0.000000
0.000000
0.000000
-0.000000
0.000000
-0.000000
-0.000000
-0.000000
0.000000
-0.000000
-0.000000
-0.000000
-0.000000
-0.000000
-0.000000
-0.000000
0.000000
-0.000000
0.000000
-0.000000
-0.000000
-0.000000
0.000000
-0.000000
0.000000
0.000000
-0.000000
-0.000000
0.000000
-0.000000
-0.000000
-0.000000
-0.000000
-0.000000
0.000000
0.000000
0.000000
0.000000
-0.000000
-0.000000
0.000000
-0.000000
-0.000000
0.000000
-0.000000
-0.000000
0.000000
0.000000
0.000000
0.000000
-0.000000
-0.000000
0.000000
-0.000000
-0.000000
0.000000
-0.000000
-0.000000
-0.000000
0.000000
0.000000
0.000000
-0.000000
-0.000000
0.000000
-0.000000
0.000000
-0.000000
-0.000000
-0.000000
0.000000
0.000000
-0.000000
-0.000000
-0.000000
0.000000
-0.000000
0.000000
-0.000000
-0.000000
-0.000000
-0.000000
0.000000
-0.000000
0.000000
-0.000000
-0.000000
0.000000
0.000000
0.000000
-0.000000
0.000000
0.000000
-0.000000
0.000000
0.000000
-0.000000
0.000000
-0.000000
-0.000000
-0.000000
0.000000
-0.000000
0.000000
-0.000000
-0.000000
-0.000000
0.000000
-0.000000
-0.000000
-0.000000
0.000000
0.000000
0.000000
-0.000000
-0.000000
0.000000
-0.000000
-0.000000
-0.000000
0.000000
-0.000000
-0.000000
-0.000000
-0.000000
-0.000000
0.000000
0.000000
0.000000
0.000000
0.000000
-0.000000
-0.000000
0.000000
-0.000000
-0.000000
-0.000000
-0.000000
-0.000000
-0.000000
-0.000000
0.000000
0.000000
0.000000
0.000000
-0.000000
-0.000000
-0.000000
-0.000000
-0.000000
0.000000
0.000000
-0.000000
0.000000
-0.000000
-0.000000
-0.000000
-0.000000
-0.000000
-0.000000
-0.000000
0.000000
-0.000000
-0.000000
-0.000000
0.000000
-0.000000
-0.000000
0.000000
0.000000
-0.000000
0.000000
-0.000000
-0.000000
0.000000
0.000000
0.000000
0.000000
0.000000
-0.000000
0.000000
-0.000000
0.000000
-0.000000
-0.000000
-0.000000
0.000000
0.000000
-0.000000
0.000000
0.000000
0.000000
0.000000
0.000000
0.000000
-0.000000
0.000000
-0.000000
-0.000000
-0.000000
0.000000
-0.000000
-0.000000
-0.000000
-0.000000
-0.000000
-0.000000
-0.000000
0.000000
-0.000000
0.000000
-0.000000
-0.000000
-0.000000
0.000000
-0.000000
0.000000
0.000000
-0.000000
-0.000000
0.000000
-0.000000
-0.000000
-0.000000
-0.000000
-0.000000
0.000000
0.000000
0.000000
0.000000
-0.000000
-0.000000
0.000000
-0.000000
-0.000000
0.000000
-0.000000
-0.000000
0.000000
0.000000
0.000000
0.000000
-0.000000
-0.000000
0.000000
-0.000000
-0.000000
0.000000
-0.000000
-0.000000
-0.000000
0.000000
0.000000
0.000000
-0.000000
-0.000000
0.000000
-0.000000
0.000000
-0.000000
-0.000000
-0.000000
0.000000
0.000000
-0.000000
-0.000000
-0.000000
0.000000
-0.000000
0.000000
-0.000000
-0.000000
-0.000000
-0.000000
0.000000
-0.000000
0.000000
-0.000000
-0.000000
0.000000
0.000000
0.000000
-0.000000
0.000000
0.000000
-0.000000
0.000000
0.000000
-0.000000
0.000000
-0.000000
-0.000000
-0.000000
0.000000
-0.000000
0.000000
-0.000000
-0.000000
-0.000000
0.000000
-0.000000
-0.000000
-0.000000
0.000000
0.000000
0.000000
-0.000000
-0.000000
0.000000
-0.000000
-0.000000
-0.000000
0.000000
-0.000000
-0.000000
-0.000000
-0.000000
-0.000000
0.000000
0.000000
0.000000
0.000000
0.000000
-0.000000
-0.000000
0.000000
-0.000000
-0.000000
-0.000000
-0.000000
-0.000000
-0.000000
-0.000000
0.000000
0.000000
0.000000
0.000000
-0.000000
-0.000000
-0.000000
-0.000000
-0.000000
0.000000
0.000000
-0.000000
0.000000
-0.000000
-0.000000
-0.000000
-0.000000
-0.000000
-0.000000
-0.000000
0.000000
-0.000000
-0.000000
-0.000000
0.000000
-0.000000
-0.000000
0.000000
0.000000
-0.000000
0.000000
-0.000000
-0.000000
0.000000
0.000000
0.000000
0.000000
0.000000
-0.000000
0.000000
-0.000000
0.000000
-0.000000
-0.000000
-0.000000
0.000000
0.000000
-0.000000
0.000000
0.000000
0.000000
0.000000
0.000000
0.000000
-0.000000
0.000000
-0.000000
-0.000000
-0.000000
0.000000
-0.000000
-0.000000
-0.000000
-0.000000
-0.000000
-0.000000
-0.000000
0.000000
-0.000000
0.000000
-0.000000
-0.000000
-0.000000
0.000000
-0.000000
0.000000
0.000000
-0.000000
-0.000000
0.000000
-0.000000
-0.000000
-0.000000
-0.000000
-0.000000
0.000000
0.000000
0.000000
0.000000
-0.000000
-0.000000
0.000000
-0.000000
-0.000000
0.000000
-0.000000
-0.000000
0.000000
0.000000
0.000000
0.000000
-0.000000
-0.000000
0.000000
-0.000000
-0.000000
0.000000
-0.000000
-0.000000
-0.000000
0.000000
0.000000
0.000000
-0.000000
-0.000000
0.000000
-0.000000
0.000000
-0.000000
-0.000000
-0.000000
0.000000
0.000000
-0.000000
-0.000000
-0.000000
0.000000
-0.000000
0.000000
-0.000000
-0.000000
-0.000000
-0.000000
0.000000
-0.000000
0.000000
-0.000000
-0.000000
0.000000
0.000000
0.000000
-0.000000
0.000000
0.000000
-0.000000
0.000000
0.000000
-0.000000
0.000000
-0.000000
-0.000000
-0.000000
0.000000
-0.000000
0.000000
-0.000000
-0.000000
-0.000000
0.000000
-0.000000
-0.000000
-0.000000
0.000000
0.000000
0.000000
-0.000000
-0.000000
0.000000
-0.000000
-0.000000
-0.000000
0.000000
-0.000000
-0.000000
-0.000000
-0.000000
-0.000000
0.000000
0.000000
0.000000
0.000000
0.000000
-0.000000
-0.000000
0.000000
-0.000000
-0.000000
-0.000000
-0.000000
-0.000000
-0.000000
-0.000000
0.000000
0.000000
0.000000
0.000000
-0.000000
-0.000000
-0.000000
-0.000000
-0.000000
0.000000
0.000000
-0.000000
0.000000
-0.000000
-0.000000
-0.000000
-0.000000
-0.000000
-0.000000
-0.000000
0.000000
-0.000000
-0.000000
-0.000000
0.000000
-0.000000
-0.000000
0.000000
0.000000
-0.000000
0.000000
-0.000000
-0.000000
0.000000
0.000000
0.000000
0.000000
0.000000
-0.000000
0.000000
-0.000000
0.000000
-0.000000
-0.000000
-0.000000
0.000000
0.000000
-0.000000
0.000000
0.000000
0.000000
0.000000
0.000000
