-0.362305
0.172729
0.033539
0.086365
-0.112061
-0.141602
-0.117676
-0.206421
-0.057129
0.397461
-0.099426
-0.086914
0.078125
-0.018463
0.063171
0.285156
0.250244
-0.381592
0.024673
0.171265
0.025406
0.035034
0.021103
-0.185425
0.054230
-0.091858
-0.245605
-0.000269
0.309814
-0.315674
-0.146240
0.338135
0.198242
0.157104
0.176147
-0.014191
-0.116638
0.048096
-0.262695
-0.252686
-0.091125
-0.359375
0.189209
-0.163330
0.130493
-0.068115
-0.206543
0.037842
-0.104187
-0.246948
0.061584
-0.035187
0.056824
-0.487549
0.017059
-0.021774
-0.098572
-0.090149
0.054596
-0.427246
0.077576
-0.252930
-0.074402
-0.224854
0.256348
-0.214355
0.312500
0.043976
-0.251953
-0.263672
0.160645
0.183838
0.614746
0.270264
-0.041962
-0.164673
0.621582
0.348877
-0.000223
0.173706
-0.003374
-0.082275
0.043854
0.247681
-0.086121
0.068176
0.086243
0.275146
0.118835
-0.157471
0.232422
-0.029282
0.052612
-0.019699
-0.121521
-0.149658
0.332764
0.340332
0.135864
0.062103
0.109558
0.036072
-0.031921
0.034729
-0.083008
-0.075684
-0.045288
0.043518
-0.090881
0.010094
-0.014053
0.036591
-0.373047
0.092285
-0.080017
-0.088562
0.187744
-1.807617
0.267578
-0.077698
0.108398
0.047150
0.115112
0.072876
0.093384
-0.235352
-0.105042
-0.078064
0.038025
0.136719
-0.111206
0.274658
-0.176392
-0.022171
-0.100342
-0.142578
-0.014153
-0.171997
-0.090454
-0.244995
-0.018494
-0.009903
-0.051575
0.139282
-0.018845
0.209595
0.056763
0.030121
-0.033051
0.119385
-0.270508
-0.125854
0.225586
0.173340
0.422852
-0.049988
-0.447998
-0.247681
0.108154
-0.038086
-0.169678
-0.040558
0.008385
0.092102
-0.085693
-0.103638
-0.072083
-0.156372
0.114441
0.023987
0.480469
0.014824
0.055145
0.346191
0.214478
-0.302490
0.072449
-0.112366
-0.047302
0.157227
0.000412
0.065491
0.123352
-0.003065
-0.021637
0.018112
0.010178
-0.002300
-0.062347
0.007851
-0.029297
-0.077209
-0.302979
0.249023
-0.012466
0.012878
-0.093689
-0.105835
-0.135864
-0.184448
-0.162720
0.331543
-0.073242
-0.035980
0.146118
0.015297
-0.017593
0.186768
0.240967
-0.332275
-0.026016
0.214722
0.072449
0.025818
0.050995
-0.202271
0.056549
-0.015366
-0.303467
0.070618
0.218018
-0.308350
0.037201
0.297607
0.166870
0.251465
0.288574
-0.016754
-0.113708
0.098694
-0.193115
-0.211914
-0.057983
-0.273682
0.237671
-0.155518
0.227783
-0.076721
-0.206787
0.116638
-0.075562
-0.120483
0.114014
0.065735
-0.082764
-0.519043
0.037994
-0.038971
-0.027802
-0.001273
0.137573
-0.405273
0.048920
-0.183228
-0.077393
-0.254883
0.197998
-0.308350
0.302490
-0.042908
-0.139282
-0.196899
0.225220
0.130371
0.468506
0.223511
0.046997
-0.148315
0.637695
0.386963
-0.028000
0.120728
-0.074463
-0.112732
0.140747
0.289795
-0.024582
-0.048370
0.063660
0.254639
0.172119
-0.208496
0.315430
0.083374
-0.011436
0.086731
-0.188110
-0.169312
0.276367
0.273926
0.150269
-0.015572
0.085266
0.230957
0.366699
-0.035370
-0.075134
-0.081360
-0.193359
0.877930
-0.002045
0.055817
0.128906
0.043518
-0.296143
0.288330
-0.029556
0.023529
0.215698
-0.796875
0.209351
-0.035980
0.227173
0.026733
0.236450
0.157593
-0.028564
-0.149658
0.071350
-0.081665
0.174683
0.285400
-0.230713
0.156982
-0.197021
0.203247
0.026138
-0.247681
0.069641
-0.116699
-0.027924
-0.284912
0.184570
-0.191284
-0.021454
-0.046600
-0.081543
0.150146
0.117981
0.038483
0.043701
0.120605
-0.256836
-0.041351
0.191406
0.160767
0.291992
-0.046875
-0.350342
-0.234253
0.030838
-0.020294
-0.082092
0.058594
-0.042175
-0.005131
0.048065
-0.184937
0.171021
-0.191284
0.001272
-0.049164
0.336914
-0.044098
0.145996
0.283203
0.149170
-0.199951
0.037415
0.039886
-0.000959
0.160400
-0.041901
0.288330
0.170532
-0.010132
0.028152
-0.110046
-0.001586
0.087036
-0.008606
-0.101501
-0.014496
0.005238
-0.372314
0.420410
-0.011757
-0.239014
-0.065247
0.064880
-0.043793
-0.217773
-0.145264
0.234375
-0.006763
-0.091675
0.054810
-0.042114
-0.032562
0.034210
0.210205
-0.212769
-0.035400
0.240234
0.070312
0.050751
0.029449
-0.363037
0.073486
-0.013786
-0.444580
0.170654
0.386963
-0.063721
0.190552
0.336182
0.145874
0.427490
0.525391
-0.023407
-0.077209
0.208862
-0.058533
-0.176758
0.097046
-0.156982
0.170654
-0.131958
0.335693
-0.135498
-0.138672
0.167236
-0.194214
0.003296
0.183105
0.141968
-0.161133
-0.586426
0.197266
-0.106934
-0.040588
0.112061
-0.010887
-0.349365
-0.071045
-0.314697
-0.364502
0.050140
0.272705
-0.410156
0.230713
-0.139648
-0.014351
-0.111145
0.339600
0.192261
0.481445
0.218384
0.151978
-0.109741
0.686523
0.478271
-0.171265
0.140381
-0.186035
-0.079651
0.286133
0.272705
-0.030685
-0.014977
0.105774
0.284180
0.541016
-0.100891
0.354004
0.158081
-0.156006
0.344238
-0.250488
-0.212402
0.294434
0.240845
0.056244
0.005295
-0.021683
0.551270
0.998047
-0.048492
-0.105713
-0.116089
-0.260742
1.693359
-0.083008
0.121277
0.512207
0.121338
-0.299561
0.493164
-0.009727
0.121094
0.201416
-1.311523
0.180054
-0.076599
0.195068
0.044250
0.266357
0.276611
-0.049194
-0.079651
0.312012
-0.128052
0.222412
0.583496
-0.206421
0.122070
-0.336182
0.598633
0.060211
-0.317139
0.152832
-0.031189
0.484375
-0.173462
0.214355
-0.035675
0.140991
-0.152832
-0.056427
-0.056610
0.533691
-0.063354
0.042114
0.308105
-0.284180
0.121643
-0.057068
0.156738
-0.456787
-0.122009
-0.277100
-0.325195
-0.030853
-0.000392
0.009712
0.163208
-0.059723
-0.124451
0.176758
-0.362305
0.397949
-0.228760
-0.106812
-0.094055
0.263184
-0.204590
0.326416
0.256348
0.138550
-0.064514
0.072205
0.376465
0.058350
0.071899
-0.199341
0.624023
-0.032898
-0.043488
0.026382
-0.133545
0.071045
0.017044
0.014229
-0.413574
0.029007
-0.033844
-0.192627
0.245117
0.029373
-0.162109
-0.058411
-0.022186
-0.151978
-0.077026
-0.239380
0.345215
-0.000099
-0.102661
0.026993
-0.010872
-0.043365
0.249512
0.237915
-0.230713
0.217896
0.208252
-0.049744
0.019333
0.117981
-0.230103
-0.008072
-0.018997
-0.315186
0.066528
0.271729
-0.139404
-0.057465
0.297119
0.102783
0.291260
0.293213
-0.082825
0.021790
0.044403
-0.115723
-0.335449
-0.148926
-0.272217
0.230835
-0.128784
0.234497
0.087830
-0.172241
0.149170
-0.003185
-0.004574
0.082703
0.158081
-0.121338
-0.482910
0.001927
-0.004345
0.080750
-0.111938
0.017822
-0.268799
0.128296
-0.207397
-0.291504
-0.148438
0.206665
-0.282227
0.172119
0.024551
-0.044098
-0.214844
0.108521
0.080078
0.189453
0.274170
-0.058167
-0.223877
0.584961
0.311523
0.018478
0.026718
-0.157959
-0.215576
0.108765
0.347656
0.033691
-0.046265
-0.136597
0.060669
0.450195
-0.009895
0.199707
0.120483
0.050415
0.356934
-0.189697
-0.282471
0.346924
0.310547
0.102722
0.138062
-0.118347
0.695312
0.690430
0.089661
-0.042206
-0.006123
-0.248413
0.780762
-0.069885
0.183594
0.489990
0.072998
-0.250732
0.411133
-0.125732
0.119202
0.469482
2.880859
0.168945
-0.423340
0.227539
0.053009
0.188110
0.364258
-0.125732
-0.235229
0.012230
-0.164673
-0.007214
0.530273
-0.222168
0.154541
-0.336182
0.416504
0.049622
-0.339111
0.171021
-0.207642
0.198608
-0.145508
0.057556
-0.029251
0.096069
-0.077942
-0.129150
0.053345
0.452881
0.045593
-0.144531
0.283936
-0.224731
0.013527
-0.109619
0.258057
-0.288574
-0.244751
-0.304443
-0.333008
0.026108
-0.031021
-0.237061
0.064697
-0.189575
-0.076782
0.099304
-0.322266
0.262451
-0.173340
0.037445
-0.158569
0.320068
-0.222046
0.057159
0.253174
0.222046
-0.138916
-0.022583
0.366943
0.112854
0.118530
-0.212524
0.620605
-0.094788
-0.044128
0.237183
-0.166382
0.042572
-0.073914
-0.042267
-0.352295
-0.011070
-0.029327
-0.169434
0.190186
0.007721
0.054199
-0.122437
-0.160889
-0.222900
-0.146240
-0.171997
0.454346
0.060760
-0.056396
0.166138
0.055786
-0.082031
0.483398
0.285400
-0.283691
0.228394
0.153198
-0.051147
0.060730
0.139648
-0.098572
0.002565
-0.053284
-0.208252
-0.018402
0.202637
-0.254395
-0.155396
0.263184
0.182617
0.089233
0.039398
-0.063416
0.076355
0.031021
-0.196777
-0.320801
-0.173828
-0.396973
0.229858
-0.136108
0.173218
0.037170
-0.206177
0.096313
-0.052979
-0.155762
0.034210
0.077332
-0.034515
-0.432617
-0.106201
0.005810
0.091064
-0.152588
0.038269
-0.308594
0.168213
-0.130249
-0.156738
-0.366699
0.173340
-0.197510
0.247437
0.093933
-0.295898
-0.281250
0.063232
0.049286
0.332275
0.318604
-0.233765
-0.148071
0.556641
0.247070
0.179688
0.020187
-0.102844
-0.164062
0.110657
0.289551
0.016571
-0.059235
-0.073547
0.068604
0.192871
-0.209717
0.244995
0.089294
0.094238
0.111816
-0.095947
-0.208618
0.339355
0.369873
0.115112
0.045685
0.005211
0.266113
0.245728
0.070190
0.048279
-0.030884
-0.247192
-0.092529
-0.074890
0.120300
0.043335
0.137939
-0.314209
0.164185
-0.085999
0.054321
0.297607
2.568359
0.311523
-0.385742
0.249756
0.108337
0.220093
0.083923
-0.034760
-0.273193
-0.077637
-0.131958
0.165039
0.246094
-0.197266
0.162354
-0.248901
0.140625
-0.142090
-0.220337
0.048065
-0.392822
0.026825
-0.296387
0.033600
0.019516
-0.079407
0.099426
-0.018524
0.419922
0.103638
0.134155
-0.044037
0.200684
-0.195557
-0.126587
0.208740
0.282227
0.469727
-0.125366
-0.430908
-0.085144
0.114624
-0.059296
-0.291992
-0.014381
-0.085449
-0.038361
0.050110
-0.214722
0.038513
-0.142700
0.123352
-0.075378
0.385010
-0.067200
-0.114380
0.314941
0.285889
-0.275391
0.013794
0.057037
0.094238
0.156250
-0.035706
0.180786
0.091003
-0.009735
0.074463
-0.148804
0.158325
0.025543
-0.161011
-0.075317
0.031067
-0.032684
-0.169067
0.222046
-0.010193
0.224609
-0.109802
-0.403809
-0.466309
-0.299805
-0.062744
0.617676
0.216797
-0.003979
0.387695
0.171631
-0.085510
0.840332
0.333740
-0.308105
0.219238
0.044128
-0.085815
0.217285
0.193604
0.148682
0.019577
-0.122498
-0.079407
-0.132812
-0.026581
-0.218994
-0.242920
0.226440
0.163574
-0.213623
-0.329346
0.008575
0.111206
-0.015106
-0.287842
-0.325195
-0.115906
-0.593750
0.144409
-0.081726
0.068054
-0.152100
-0.194580
0.057098
-0.106995
-0.338379
0.026077
-0.039856
0.039032
-0.322754
-0.139648
0.047119
0.135010
-0.144897
-0.032318
-0.241577
0.245483
-0.085938
0.024261
-0.549805
0.074219
-0.101135
0.339600
0.191406
-0.702148
-0.357178
-0.083740
0.078308
0.509766
0.315430
-0.461670
0.041016
0.440674
0.145508
0.316895
-0.008301
-0.012337
-0.106934
0.189697
0.236206
0.025986
-0.137451
-0.007957
0.106689
0.042999
-0.283936
0.367920
0.288330
0.098755
-0.160645
-0.008377
-0.053223
0.273438
0.446289
-0.122375
-0.027039
0.034058
-0.303223
-0.146973
0.028336
0.167725
-0.080078
-0.317871
-1.601562
-0.158691
0.153076
-0.389893
0.290527
-0.448242
-0.287354
0.026642
0.044128
-0.149902
1.088867
0.565430
-0.318359
0.230103
0.237671
0.207764
-0.317383
0.067017
-0.279297
-0.109802
-0.007404
0.425293
-0.021637
-0.106995
0.164917
-0.016510
-0.146240
-0.382568
0.030624
-0.164307
-0.582031
0.035553
-0.432373
0.057220
0.377686
-0.226929
0.204834
0.151978
0.775391
-0.283447
0.185913
0.116394
0.165527
-0.186279
-0.270020
0.527832
0.208496
1.340820
-0.098694
-0.604492
0.397461
0.199707
-0.096741
-0.263428
-0.048248
0.057007
-0.009552
-0.040558
-0.067505
-0.151367
0.000848
0.085693
0.058899
0.439453
0.108093
-0.243286
0.445801
0.367432
-0.314453
0.201782
-0.267090
0.104919
0.229858
0.122253
-0.361328
0.347900
0.119812
-0.202881
-0.181519
0.332764
0.015747
-0.192993
0.134644
0.050018
-0.063049
-0.193237
0.264648
0.007244
0.297119
-0.086670
-0.534668
-0.616211
-0.411621
0.029236
0.725586
0.304688
0.005093
0.527832
0.247925
-0.074219
1.059570
0.364746
-0.314941
0.224487
-0.025955
-0.134155
0.330811
0.222656
0.286133
0.048492
-0.186768
0.005199
-0.211182
-0.114990
-0.135742
-0.329834
0.222412
0.135254
-0.416504
-0.536133
0.054993
0.187378
-0.037842
-0.341797
-0.359375
-0.086060
-0.706543
0.069763
-0.067566
-0.018311
-0.248657
-0.182983
0.027481
-0.157104
-0.463867
0.030121
-0.125244
0.120361
-0.253418
-0.127319
0.068848
0.164062
-0.182617
-0.120850
-0.212036
0.306396
-0.119690
0.078064
-0.612305
0.038330
-0.082397
0.376709
0.246826
-0.966797
-0.404541
-0.172363
0.111206
0.651367
0.336182
-0.632324
0.167725
0.372070
0.083496
0.393555
-0.007820
0.014580
-0.087769
0.168823
0.212036
0.029526
-0.130005
0.021057
0.141846
0.032349
-0.281006
0.413574
0.449951
0.102905
-0.284912
0.062256
0.025681
0.255371
0.506836
-0.250977
-0.021744
-0.001578
-0.534180
-0.312744
0.032013
0.249023
-0.105713
-0.340576
-2.494141
-0.213135
0.188599
-0.594238
0.415771
-0.536621
-0.534180
0.077209
0.064087
-0.379639
-0.538086
0.702637
-0.417969
0.205811
0.309082
0.188843
-0.556641
0.104553
-0.317383
-0.154541
0.066162
0.503906
-0.101990
-0.039581
0.168213
0.028671
-0.256348
-0.543945
0.210083
-0.243652
-0.707520
0.087402
-0.464600
0.030701
0.688965
-0.297119
0.232300
0.245483
0.921387
-0.422119
0.214233
0.154541
0.173218
-0.189697
-0.309082
0.661133
0.152344
1.750000
-0.129028
-0.720215
0.648438
0.224731
-0.118835
-0.342041
-0.053436
0.104309
-0.006359
-0.071594
-0.012291
-0.264160
0.094788
0.072144
0.125854
0.509277
0.170898
-0.343018
0.538574
0.435547
-0.324951
0.237915
-0.379883
0.152466
0.195923
0.131470
-0.672852
0.414062
0.198730
-0.294434
-0.199341
0.453857
-0.047974
-0.268311
0.218262
0.064819
-0.079468
-0.274902
0.223633
0.023590
0.201782
-0.085999
-0.293457
-0.339355
-0.344238
-0.004517
0.528809
0.072510
-0.038879
0.323486
0.155884
-0.053345
0.614258
0.343018
-0.317871
0.101501
0.064087
-0.020035
0.158936
0.114075
0.046051
0.041656
-0.147461
-0.115234
-0.115112
0.080383
-0.215576
-0.190186
0.261230
0.162231
-0.126221
-0.122803
0.010170
0.080322
0.010750
-0.258789
-0.276367
-0.063049
-0.488037
0.109802
-0.137329
0.037933
-0.127441
-0.201294
0.030777
-0.118286
-0.346924
0.058960
-0.058319
0.096680
-0.340088
-0.060455
-0.009750
0.008781
-0.142212
-0.024765
-0.325195
0.153442
-0.183350
-0.034241
-0.410400
0.126221
-0.210449
0.329346
0.100891
-0.589355
-0.304932
0.030472
0.138916
0.609375
0.294922
-0.382324
-0.014130
0.508789
0.238281
0.219604
0.063049
-0.077759
-0.094971
0.048035
0.198242
-0.018692
0.034180
0.036621
0.209717
0.104431
-0.201538
0.329834
0.259277
0.057983
-0.051025
0.017563
-0.071106
0.264160
0.397949
-0.019058
-0.029480
0.032257
-0.184082
-0.063477
0.034241
0.102966
-0.071411
-0.221680
-1.032227
-0.101624
0.151855
-0.301025
0.202515
-0.403076
-0.290527
-0.011024
0.003887
-0.042450
-3.457031
0.449707
-0.385010
0.203125
0.177246
0.200684
-0.258057
0.068176
-0.263916
-0.088379
0.000921
0.283691
-0.011452
-0.074707
0.163208
-0.060944
-0.044128
-0.307129
0.027161
-0.074646
-0.406738
-0.011559
-0.351318
0.063843
0.393311
-0.211182
0.119263
0.062195
0.535645
-0.124878
0.155029
0.071960
0.140991
-0.184326
-0.248535
0.448242
0.177368
1.197266
-0.112061
-0.520996
0.235596
0.160522
-0.064026
-0.276367
-0.063293
0.037079
0.029160
-0.044769
-0.042511
-0.112915
-0.074768
0.096313
0.006767
0.431885
0.128906
-0.180298
0.400635
0.293945
-0.314941
0.109253
-0.188354
0.079712
0.200317
0.063110
-0.241089
0.295410
0.063171
-0.113342
-0.119019
0.241821
-0.006908
-0.183472
0.117249
0.055176
-0.031555
-0.160645
0.234009
0.018524
0.196655
-0.034851
-0.374756
-0.490479
-0.271240
-0.127075
0.558594
0.091797
0.025543
0.405518
0.168701
-0.066040
0.673340
0.330322
-0.319336
0.157715
0.110901
-0.023636
0.162231
0.186768
0.133057
0.009933
-0.097107
-0.137329
-0.091858
-0.153076
-0.271729
-0.151611
0.235474
0.081360
-0.111389
-0.162354
0.011421
0.004333
-0.065979
-0.309814
-0.320068
-0.119263
-0.572754
0.193237
-0.115356
0.079285
-0.114990
-0.207031
0.110229
0.033508
-0.294434
0.096252
0.023544
-0.040039
-0.357422
-0.113159
0.087036
0.128296
-0.107300
0.143066
-0.264893
0.266846
-0.062683
0.081543
-0.551270
-0.004173
-0.208740
0.352539
0.153564
-0.538574
-0.333252
-0.082581
0.104858
0.393555
0.254883
-0.335938
-0.090027
0.481201
0.222046
0.245239
-0.019424
-0.045258
-0.165283
0.088318
0.285645
0.068542
-0.152954
-0.061829
0.124329
0.102844
-0.172485
0.390137
0.409912
0.089355
-0.045685
-0.035828
-0.063843
0.223755
0.398193
-0.120361
-0.041718
-0.022507
-0.121765
0.019073
-0.003437
0.090210
-0.045532
-0.293457
-1.108398
-0.050476
0.175171
-0.200562
0.159668
-0.406250
-0.244141
0.016434
0.036072
-0.052795
0.600586
0.459961
-0.302246
0.311768
0.179810
0.240112
-0.218140
0.000971
-0.261475
-0.067749
0.005470
0.369141
0.083435
-0.191650
0.125732
0.094299
-0.036957
-0.209961
0.005871
-0.094116
-0.336670
-0.257324
-0.441895
0.198120
0.229004
-0.214111
-0.012886
-0.044739
0.529297
-0.199097
0.196777
0.085144
0.123779
-0.215332
-0.312012
0.502441
0.113647
1.428711
-0.201294
-0.531738
0.284424
0.112305
-0.073120
-0.243774
-0.027924
-0.005711
0.041321
-0.067932
-0.073425
-0.032593
-0.038025
-0.026566
-0.000559
0.380859
0.091431
-0.109619
0.449463
0.286377
-0.284912
0.164062
-0.201660
0.081543
0.341309
0.039764
-0.089111
0.516113
0.127686
-0.093933
-0.212769
0.126831
-0.010803
0.001551
0.156860
-0.024063
0.011032
-0.170776
0.273682
0.023041
0.034790
-0.003025
-0.161987
-0.288086
-0.171631
-0.211060
0.387451
-0.070007
0.009682
0.211548
0.044250
-0.084473
0.290771
0.326904
-0.266357
0.107544
0.246338
0.085083
0.003775
0.136108
-0.083679
-0.012787
-0.055725
-0.363770
0.080078
-0.055908
-0.362305
0.054413
0.280762
0.054474
0.223389
0.250732
-0.015686
-0.166626
-0.023422
-0.273193
-0.263428
-0.054230
-0.445801
0.252441
-0.146118
0.222168
-0.026733
-0.207153
0.173828
0.105530
-0.136963
0.167114
0.167236
-0.182739
-0.485596
-0.079590
0.081604
0.023331
0.005024
0.314453
-0.339844
0.140137
-0.069885
-0.046967
-0.366455
0.029190
-0.310303
0.327148
0.036163
-0.146118
-0.226074
0.069702
0.133301
0.244995
0.195679
-0.024780
-0.291504
0.597656
0.412354
0.074951
0.035522
-0.114014
-0.159302
0.146973
0.287109
0.069824
-0.114807
-0.047272
0.159180
0.286133
-0.095459
0.403320
0.296631
0.008316
0.283936
-0.121277
-0.169067
0.217773
0.307129
-0.036499
-0.105591
-0.017929
0.296875
0.511230
-0.052094
-0.068237
-0.033112
-0.318115
0.327148
0.012581
0.137085
0.259033
-0.032745
-0.308594
0.140747
-0.029999
0.011353
0.237793
1.986328
0.272705
-0.155029
0.402100
0.097900
0.321533
0.115723
-0.022858
-0.181763
0.147095
-0.171631
0.389404
0.327881
-0.348145
0.090576
0.087036
0.299561
0.034180
-0.240601
0.024475
0.010628
-0.333984
-0.428223
0.340088
-0.236572
-0.074585
-0.173096
-0.269043
0.209106
0.133667
0.150879
0.054718
0.173706
-0.229248
-0.311279
0.324951
0.168945
0.788574
-0.231079
-0.356201
-0.081909
0.017395
-0.044159
-0.079285
-0.000067
-0.033783
0.021759
-0.000066
-0.226318
0.239014
-0.203491
-0.168213
-0.118042
0.238281
-0.024490
0.097107
0.372559
0.171631
-0.252441
0.175049
0.066162
0.007904
0.495850
-0.034485
0.574219
0.552734
0.017380
0.003580
-0.196899
-0.095886
0.059937
0.238281
0.039673
-0.070618
0.045227
-0.158203
0.156250
0.007690
0.043060
0.007118
-0.015343
-0.098877
-0.048309
-0.281738
0.242920
-0.322266
0.003597
0.041870
-0.085083
-0.103088
-0.008484
0.315430
-0.271484
0.065369
0.343506
0.225708
-0.219360
0.057190
-0.234863
-0.054199
-0.006248
-0.511719
0.167969
-0.018005
-0.622070
0.189331
0.296875
0.084961
0.470703
0.549805
-0.073975
-0.377197
-0.054840
-0.334961
-0.197998
-0.082764
-0.335205
0.358643
-0.194824
0.272949
0.138672
-0.275391
0.173584
0.251465
-0.075806
0.168701
0.252441
-0.219849
-0.538086
-0.153687
0.027542
-0.089355
0.021317
0.562988
-0.437744
0.057251
0.019592
-0.015701
-0.349854
0.031113
-0.344238
0.326416
-0.061066
0.201294
-0.156982
0.172241
0.128784
0.110413
0.141235
0.244507
-0.559082
0.697266
0.560547
-0.049469
0.072449
-0.119995
-0.190186
0.135254
0.252441
0.027924
-0.019760
-0.077881
0.186646
0.193237
-0.041473
0.374268
0.039246
0.008972
0.414795
-0.169800
-0.238892
0.214233
0.223633
0.207275
-0.197632
0.088074
0.525879
0.528809
-0.078918
-0.227173
-0.016876
-0.268066
1.228516
0.130127
0.035767
0.450439
-0.314453
-0.187256
0.416748
-0.104492
-0.089233
0.587891
1.908203
0.080994
0.012321
0.495117
-0.021194
0.373291
0.415771
0.014610
-0.128174
0.200073
-0.339355
0.333008
0.329102
-0.524902
0.085876
0.122925
0.373779
0.257080
-0.464355
0.106506
0.307373
-0.708008
-0.431885
0.456055
-0.839844
-0.015945
-0.259033
-0.508301
-0.032227
0.185425
0.165771
0.007275
0.058197
-0.219238
-0.400879
0.200073
0.296387
0.443604
-0.157471
-0.199463
-0.468506
-0.055725
-0.027740
0.029343
-0.036011
-0.046692
0.085388
0.014511
-0.223511
0.381592
-0.380859
-0.211060
-0.234497
0.141846
0.006351
0.147583
0.280273
0.031921
-0.303223
0.111145
0.137451
-0.130371
0.697754
0.004696
1.008789
0.631836
-0.101624
0.153931
-0.142334
-0.374268
0.195801
0.428711
0.135376
-0.128418
0.126221
-0.189331
0.074097
-0.004021
0.084412
-0.023178
0.005772
-0.032654
-0.033142
-0.244873
0.228882
-0.368652
-0.029388
-0.030121
-0.119629
-0.078674
-0.025879
0.302979
-0.288086
0.060730
0.309570
0.232056
-0.258301
0.011688
-0.254150
-0.068970
-0.005863
-0.477295
0.131104
0.053741
-0.663574
0.149048
0.295166
0.132324
0.466309
0.528809
-0.096069
-0.387695
-0.066284
-0.338135
-0.169678
-0.099121
-0.285156
0.345215
-0.193604
0.225708
0.168701
-0.287354
0.118347
0.234131
-0.103821
0.120789
0.200195
-0.137817
-0.497559
-0.165771
-0.031036
-0.138062
-0.016479
0.510742
-0.438965
0.024597
0.012650
0.005283
-0.326172
0.075745
-0.286377
0.312500
-0.066956
0.213257
-0.157471
0.183228
0.133179
0.157715
0.147583
0.243164
-0.564453
0.687500
0.541992
-0.065125
0.087830
-0.085144
-0.175171
0.113525
0.213013
-0.028976
0.059326
-0.071777
0.190552
0.088806
-0.031555
0.314697
-0.110718
0.036194
0.339844
-0.157959
-0.227661
0.234741
0.212402
0.298828
-0.184448
0.152832
0.418457
0.264893
-0.055267
-0.238892
-0.022354
-0.190063
1.045898
0.130737
-0.003214
0.330322
-0.360107
-0.168823
0.362305
-0.132690
-0.138306
0.614746
0.511230
0.060913
0.059052
0.430908
-0.046692
0.313477
0.434814
0.064270
-0.127441
0.116699
-0.323486
0.238525
0.183594
-0.474365
0.130249
0.122009
0.233521
0.243896
-0.466309
0.086121
0.278564
-0.737793
-0.385010
0.373535
-0.872070
-0.024475
-0.172974
-0.468262
-0.019180
0.091003
0.153687
-0.014656
-0.011765
-0.208984
-0.403809
0.160889
0.343506
0.420410
-0.076477
-0.188599
-0.523926
-0.024811
-0.028732
0.036011
-0.070129
-0.032135
0.123291
-0.018997
-0.132202
0.302979
-0.388184
-0.125488
-0.226196
0.183350
0.066956
0.086914
0.242432
0.013283
-0.330322
0.088196
0.045044
-0.177612
0.673340
0.075745
0.872559
0.544434
-0.129517
0.163818
-0.084656
-0.378906
0.216431
0.376221
0.178955
-0.119385
0.121765
-0.251709
0.096802
0.006958
0.150513
-0.048218
-0.118286
-0.137329
-0.163940
-0.128906
0.357178
-0.222290
-0.055481
0.071655
-0.027039
-0.045288
0.236084
0.311279
-0.322998
0.066162
0.190308
0.123108
-0.093750
0.031174
-0.135620
-0.028091
-0.081970
-0.313721
0.007698
0.104675
-0.486816
-0.025558
0.287842
0.157104
0.204346
0.248047
-0.062103
-0.206787
-0.045227
-0.315918
-0.224243
-0.108154
-0.354248
0.235596
-0.166992
0.106262
0.064941
-0.261719
0.046021
0.087891
-0.224121
0.064575
0.057709
0.015236
-0.407227
-0.117493
-0.042938
-0.110535
-0.112549
0.252686
-0.403809
0.070129
-0.089172
-0.002918
-0.348633
0.127075
-0.230957
0.314453
0.002909
-0.129883
-0.220093
0.113037
0.147583
0.388428
0.210205
-0.019745
-0.343994
0.605469
0.407227
0.034454
0.093140
-0.058838
-0.149658
0.057556
0.204956
-0.053131
0.098389
-0.036224
0.222778
0.059875
-0.075317
0.280029
-0.028198
0.067871
0.146851
-0.089294
-0.173340
0.272949
0.298340
0.202271
-0.086426
0.118408
0.145386
-0.009758
0.013405
-0.100525
-0.034058
-0.151001
0.081909
0.031219
0.056702
0.035522
-0.157837
-0.257812
0.068542
-0.111267
-0.101868
0.392334
-2.292969
0.205078
-0.139404
0.302490
0.032654
0.220215
0.186523
0.066467
-0.203979
-0.046661
-0.181274
0.170654
0.037170
-0.280273
0.178833
0.020157
0.042938
0.022537
-0.273193
0.018097
-0.029160
-0.463135
-0.339600
0.186279
-0.359375
-0.100159
0.002705
-0.240112
0.211792
-0.026230
0.151367
-0.015823
0.024063
-0.197021
-0.346191
0.256348
0.295166
0.699219
-0.075439
-0.328369
-0.250488
0.080566
-0.046783
-0.111023
-0.096252
-0.017792
0.105713
-0.066956
-0.045532
0.081543
-0.252930
0.031311
-0.130737
0.324219
0.112122
-0.049042
0.294922
0.131226
-0.340820
0.085815
-0.081421
-0.088379
0.464600
0.092346
0.374756
0.384766
-0.059174
0.072144
-0.072449
-0.135864
0.110535
0.118774
0.150269
-0.056335
0.049164
-0.274902
0.028290
-0.006718
0.271729
-0.113586
-0.149414
-0.121765
-0.177368
-0.062225
0.374512
-0.194946
-0.038177
0.142456
0.019653
-0.031372
0.285889
0.307861
-0.355713
0.056915
0.153442
0.127686
-0.088562
0.007790
-0.115906
-0.019806
-0.050598
-0.202881
-0.065063
0.107910
-0.538086
-0.091797
0.268311
0.235840
0.152832
0.140991
-0.056030
-0.162109
-0.049133
-0.301514
-0.155396
-0.091736
-0.350830
0.235229
-0.184326
0.083557
0.013039
-0.258545
0.010323
0.023590
-0.307617
0.045227
0.008743
0.068665
-0.397705
-0.142578
-0.079529
-0.107788
-0.078003
0.229248
-0.401855
0.048462
-0.068298
0.081543
-0.401855
0.120544
-0.191650
0.334229
0.033142
-0.198364
-0.267578
0.141113
0.143555
0.466553
0.230713
-0.101990
-0.281982
0.623047
0.359375
0.097534
0.085876
-0.032806
-0.095154
0.002260
0.145264
-0.087097
0.116516
0.031860
0.182983
-0.138184
-0.185913
0.271240
-0.057373
0.080139
-0.050934
-0.002604
-0.068909
0.238892
0.275879
0.277344
-0.146484
0.203491
-0.083008
-0.277588
-0.007660
-0.107178
-0.056915
-0.088379
-0.124207
0.030838
-0.006229
-0.208496
-0.158691
-0.263916
-0.110291
-0.096436
-0.177124
0.266602
-2.900391
0.226318
-0.078735
0.225952
0.017471
0.211548
0.040009
0.181885
-0.179321
-0.044525
-0.135498
0.174438
-0.138916
-0.185791
0.185669
0.100769
-0.094055
-0.072998
-0.175415
-0.026215
-0.036499
-0.460449
-0.325684
0.160645
-0.229492
-0.175171
0.079590
-0.151733
0.243164
-0.148071
0.135132
0.042999
-0.043213
-0.170898
-0.355469
0.317871
0.308838
0.968750
0.034698
-0.337158
-0.201294
0.101318
-0.035187
-0.075073
-0.124329
0.061157
0.160889
-0.089172
0.049957
-0.030823
-0.279053
0.096130
-0.097656
0.336914
0.236694
-0.145142
0.269531
0.091125
-0.391602
0.062927
-0.225464
-0.132568
0.425293
0.203491
0.084839
0.383789
-0.088196
-0.002058
0.001749
-0.087158
0.158447
0.014801
0.276367
-0.001282
0.048309
-0.295410
-0.090515
-0.119080
0.354248
-0.238281
-0.010323
0.082886
-0.100891
-0.014198
0.253418
-0.246094
-0.027939
0.109131
-0.081726
-0.098938
0.179321
0.239502
-0.299561
0.041565
0.153442
0.254150
-0.253906
-0.089661
-0.265137
-0.036530
0.092041
-0.222656
-0.066284
0.238159
-0.709961
0.065735
0.225342
0.454834
0.331299
0.234985
-0.131592
-0.219116
0.012009
-0.271240
0.069580
0.006592
-0.158569
0.314453
-0.203979
0.177856
0.025558
-0.295898
-0.026566
-0.077881
-0.314453
0.011070
0.043518
0.084412
-0.414062
-0.185181
-0.312256
-0.113464
0.059662
0.276611
-0.384521
-0.122437
0.061707
0.092590
-0.383301
0.149292
-0.150513
0.324707
-0.077026
-0.015167
-0.220581
0.326172
0.116943
0.495117
0.234741
0.035156
-0.313965
0.725098
0.417236
0.029526
0.064331
-0.022324
-0.015083
0.175415
-0.018478
-0.200928
0.184326
0.142456
0.134399
-0.434326
-0.370850
0.301025
-0.366211
-0.000182
-0.266113
0.013969
0.040527
0.192749
0.153809
0.611328
-0.355957
0.466553
-0.217041
-0.541504
-0.118469
-0.213379
-0.157837
-0.050079
0.441406
0.109924
-0.205933
-0.430664
-0.283691
-0.180664
0.032654
-0.055573
-0.283203
0.240479
-2.687500
0.155151
0.304199
0.187256
-0.093750
0.287598
0.083008
0.409668
-0.014229
0.147827
-0.222656
0.303955
-0.342041
-0.235840
0.149414
0.162720
-0.142090
-0.063049
-0.251465
-0.028870
0.099915
-0.459961
-0.308105
0.258057
-0.623047
-0.177612
0.112488
-0.092896
0.165161
-0.332031
0.090210
0.176880
-0.221802
-0.151001
-0.304932
0.222900
0.510742
0.746582
0.388184
-0.226685
-0.424072
0.032776
-0.008690
0.161011
-0.068909
0.198364
0.177612
0.038574
0.139893
0.041443
-0.452148
0.092651
-0.128052
0.245605
0.402588
-0.239258
0.135742
-0.090271
-0.411377
-0.016037
-0.319092
-0.298340
0.446777
0.406494
-0.053864
0.323486
-0.222900
-0.046204
0.102661
-0.127075
0.438965
-0.036530
0.457764
0.077271
0.124451
-0.243896
-0.160156
-0.212158
0.458252
-0.327393
0.008064
0.119629
-0.035034
-0.018234
0.208008
-0.216797
0.033447
0.213379
-0.109131
-0.168335
0.205444
0.186768
-0.261963
0.056854
0.162598
0.338623
-0.338623
-0.111023
-0.288818
-0.047760
0.230957
-0.206421
-0.074707
0.190796
-0.861328
0.189331
0.169067
0.596680
0.410645
0.207764
-0.172485
-0.249390
0.030884
-0.280762
0.226685
0.062683
-0.087769
0.412598
-0.216187
0.272217
-0.003794
-0.324219
-0.011383
-0.119446
-0.329346
0.006622
0.095093
0.028198
-0.432373
-0.254150
-0.436035
-0.023773
0.196045
0.385254
-0.339355
-0.174683
0.231079
0.190308
-0.495117
0.091003
-0.115417
0.349854
-0.121582
0.062317
-0.219727
0.406738
0.063721
0.452881
0.230591
0.098511
-0.314697
0.786133
0.427002
0.035248
0.002214
-0.002754
0.027618
0.333496
-0.109009
-0.234009
0.111389
0.202515
0.051361
-0.707520
-0.569824
0.385498
-0.468994
-0.048676
-0.505859
0.028656
0.164307
0.119324
0.069763
0.791992
-0.560059
0.658203
-0.396973
-0.734375
-0.248047
-0.262207
-0.245117
-0.088623
0.637695
0.188110
-0.355957
-0.668945
-0.335938
-0.146240
0.107666
0.025497
-0.340820
0.108459
-0.478271
0.160034
0.637207
0.216064
-0.153320
0.401123
0.020706
0.568359
0.119507
0.330078
-0.266602
0.529785
-0.479248
-0.318115
0.081848
0.292969
-0.196167
-0.077087
-0.262207
-0.070557
0.185913
-0.541992
-0.380371
0.419189
-0.918457
-0.227661
0.085510
-0.044617
0.187500
-0.577637
0.086975
0.343018
-0.367432
-0.143921
-0.294922
0.252197
0.616211
0.893555
0.644531
-0.183960
-0.462158
-0.039124
0.003534
0.343018
0.000714
0.324463
0.182617
0.144409
0.194702
0.105408
-0.553711
0.020874
-0.126343
0.151611
0.538574
-0.313477
0.079285
-0.213623
-0.418701
-0.041779
-0.449707
-0.404785
0.506348
0.571289
-0.227661
0.428711
-0.273438
-0.129028
0.120117
-0.140747
0.675293
-0.044098
0.658691
0.127197
0.202515
-0.194580
-0.071594
-0.168213
0.476562
-0.215698
-0.221680
-0.166748
-0.107239
-0.082275
0.333008
-0.165283
0.093628
0.378906
-0.009583
-0.144531
0.403076
0.219116
-0.326660
0.025955
0.166748
0.271973
-0.196289
-0.008659
-0.072205
-0.023071
0.161255
-0.183228
-0.085144
-0.092773
-0.812012
0.127930
0.172607
0.417480
0.201782
0.035614
-0.101379
-0.279053
-0.040619
-0.397705
0.070312
-0.022079
-0.289307
0.402832
-0.191650
0.201782
-0.068298
-0.333252
0.042511
0.006844
-0.366455
0.044861
0.064148
-0.019775
-0.395508
-0.259766
-0.256836
0.051910
0.117615
0.464355
-0.337646
0.023346
0.242310
0.347656
-0.678223
-0.024048
-0.133423
0.420898
-0.043365
-0.159790
-0.266113
0.214600
0.062683
0.432129
0.192261
0.010757
-0.266846
0.681641
0.370117
0.098755
-0.014801
0.047913
-0.059601
0.284912
0.028671
-0.126465
-0.052124
0.119568
0.121399
-0.621094
-0.477295
0.458984
-0.156006
0.008781
-0.512207
-0.018570
0.128174
0.109619
0.164185
0.532715
-0.468018
0.525879
-0.487549
-0.759277
-0.237183
-0.165894
-0.209961
-0.169189
-0.215942
0.194702
-0.250000
-0.686523
-0.237549
-0.239380
-0.019440
0.074097
-0.246338
-0.020782
-0.048187
0.281250
0.550293
0.319092
-0.073608
0.382080
-0.093140
0.415771
0.031464
0.188477
-0.151611
0.578613
-0.411865
-0.381592
0.080811
0.352295
-0.306641
-0.066772
-0.150513
-0.141357
0.085205
-0.765625
-0.497803
0.454346
-0.807617
-0.272217
-0.006119
-0.094543
0.325928
-0.751953
0.164185
0.335449
-0.351807
-0.197998
-0.367676
0.450684
0.437256
1.375977
0.453613
-0.330566
-0.185181
-0.028046
-0.028412
0.219238
0.016296
0.259033
0.185425
0.050232
0.198364
0.059998
-0.370117
-0.080444
-0.048431
0.222900
0.487061
-0.263428
0.236450
-0.095947
-0.380127
0.047516
-0.546387
-0.321533
0.575684
0.474365
-0.296631
0.666992
-0.090088
-0.145264
-0.018951
-0.158569
0.547852
0.086365
0.680176
0.022690
0.204468
-0.249146
0.081238
-0.155273
0.282715
-0.231323
-0.095764
-0.087402
-0.133301
-0.064514
0.290771
-0.055176
0.051392
0.320557
-0.027710
-0.150757
0.316162
0.202271
-0.247192
0.033203
0.179932
0.230835
-0.135742
-0.005699
-0.195068
0.008850
0.155396
-0.246704
-0.014076
0.098328
-0.592285
0.192749
0.204224
0.417725
0.306396
0.161499
-0.091187
-0.172852
0.077087
-0.256836
0.083069
0.089050
-0.214111
0.340820
-0.172852
0.297852
-0.131714
-0.261475
0.082642
-0.142700
-0.265381
0.093384
0.104675
-0.079651
-0.473389
-0.126831
-0.278076
0.060486
0.201294
0.294189
-0.309082
-0.063110
0.104553
0.103088
-0.444824
0.070496
-0.203003
0.360352
-0.084595
-0.110046
-0.218140
0.315430
0.092102
0.472168
0.227173
0.043976
-0.167358
0.718750
0.401611
0.036011
0.009094
-0.033478
-0.005714
0.373047
0.037720
-0.124390
-0.050140
0.185181
0.119629
-0.342041
-0.485107
0.468262
-0.098816
-0.087585
-0.339844
-0.057648
0.089966
0.136597
0.151367
0.451416
-0.416504
0.443115
-0.261719
-0.238525
-0.235474
-0.160278
-0.231567
-0.222900
0.497070
0.102661
-0.197998
-0.427246
-0.109375
-0.253174
0.140381
0.088135
-0.158813
-0.059601
0.680176
0.270508
0.497314
0.254639
-0.039703
0.397217
-0.047241
0.380371
0.062347
0.352783
-0.169800
0.595703
-0.161621
-0.314209
0.067993
0.179932
-0.007927
-0.092590
-0.182373
-0.075989
0.063904
-0.252930
-0.411377
0.416748
-0.586426
-0.161133
-0.022568
-0.005867
0.235718
-0.397461
0.067871
0.332764
-0.163940
-0.210449
-0.189331
0.306641
0.416016
0.790039
0.402832
-0.296631
-0.221558
-0.043488
-0.012810
0.251709
0.091614
0.251221
0.072083
0.156006
0.023788
0.182373
-0.378906
-0.106506
-0.055359
0.197876
0.331787
-0.142334
0.208862
-0.068604
-0.292725
0.058563
-0.288818
-0.241333
0.402100
0.351807
-0.124878
0.437744
-0.118713
-0.177368
-0.023438
-0.024780
0.480713
0.006516
0.399414
0.083313
0.136108
-0.296387
0.231812
-0.096375
0.043915
-0.246216
0.092529
0.043121
-0.130859
-0.032562
0.230713
0.053223
-0.025162
0.198608
-0.044647
-0.129761
0.169189
0.199707
-0.150879
0.102051
0.201416
0.155884
-0.083496
-0.004105
-0.369873
0.032654
0.129761
-0.293213
0.056244
0.354980
-0.318848
0.182495
0.256348
0.405762
0.456055
0.345215
-0.085938
-0.018372
0.179443
-0.065186
0.069458
0.188232
-0.137573
0.257568
-0.167725
0.394775
-0.151245
-0.163574
0.123535
-0.292480
-0.156982
0.150269
0.170166
-0.134888
-0.575684
0.012901
-0.265381
0.050385
0.266357
0.089661
-0.277588
-0.163452
-0.093201
-0.233887
-0.117859
0.184937
-0.293701
0.256348
-0.083923
0.001483
-0.191406
0.416016
0.135376
0.454102
0.288818
0.043060
-0.110535
0.767578
0.430176
-0.013359
0.034760
-0.159180
0.055969
0.360107
0.041412
-0.109863
0.002581
0.224243
0.046814
0.034058
-0.430420
0.406738
-0.030899
-0.170532
-0.048065
-0.040161
0.044708
0.178101
0.140747
0.357178
-0.308594
0.268799
0.149658
0.473389
-0.170654
-0.178833
-0.205688
-0.234497
1.476562
-0.035828
-0.111145
0.012978
0.008018
-0.252686
0.297852
0.034943
-0.092163
0.015930
2.158203
0.206787
0.240723
0.144165
-0.012489
0.380859
0.034180
0.332520
0.050415
0.510254
-0.239014
0.484131
0.198730
-0.181396
0.068481
-0.031006
0.412354
-0.133911
-0.229248
0.055817
0.072998
0.353760
-0.241089
0.312988
-0.186523
-0.016861
-0.030441
0.053436
0.039001
0.220215
-0.044739
0.233154
0.126953
-0.197632
-0.003494
0.060822
0.386475
0.025726
0.245728
-0.222534
-0.339111
-0.052063
0.016144
0.208008
0.122986
0.192871
-0.034241
0.250000
-0.213989
0.290039
-0.421631
-0.075623
-0.111328
0.162842
0.111938
-0.012535
0.160400
-0.027420
-0.222046
0.021469
0.106140
-0.120178
0.179688
0.145630
0.196777
0.106812
-0.199951
-0.142578
0.019592
0.107788
0.320312
-0.114929
0.034119
0.157837
0.032959
-0.292480
0.279297
-0.041107
-0.010208
-0.262939
0.085632
0.010269
-0.162964
0.019745
0.313477
0.186523
-0.077698
0.199829
0.003468
-0.107605
0.323242
0.216675
-0.133423
0.223022
0.150269
0.020767
0.021317
0.040436
-0.349121
0.049133
0.063171
-0.211182
0.006927
0.487549
-0.122681
-0.000634
0.275391
0.400635
0.333008
0.217896
-0.078613
0.186890
0.195679
-0.004200
-0.033112
0.142090
-0.197510
0.183228
-0.165283
0.354736
-0.136353
-0.120605
0.102600
-0.385498
-0.182739
0.117126
0.130249
-0.073608
-0.557617
0.037628
-0.217285
0.098328
0.163208
-0.119263
-0.240356
-0.107300
-0.213257
-0.395996
-0.048920
0.255371
-0.273438
0.199341
0.003576
-0.150879
-0.246826
0.356445
0.127808
0.497314
0.380127
-0.163574
-0.014847
0.725586
0.334717
0.083374
0.030228
-0.203491
0.051666
0.265625
0.065674
-0.092224
0.036682
0.191284
-0.020309
0.201050
-0.413330
0.317627
0.034882
-0.131470
0.005718
0.017517
0.008835
0.256348
0.215210
0.285400
-0.161621
0.136108
0.268311
0.633301
-0.062317
-0.091980
-0.174438
-0.217896
1.157227
-0.159424
-0.041565
0.081238
0.173462
-0.308838
0.244385
-0.016144
-0.036438
0.030792
2.791016
0.261719
-0.112732
0.047272
0.052094
0.304443
-0.041351
0.296143
-0.058014
0.408203
-0.223267
0.344727
0.325195
-0.042603
0.114197
-0.239990
0.481201
-0.293701
-0.154175
0.090088
-0.147827
0.697266
-0.139771
0.106018
0.258789
0.011620
0.086487
0.171875
0.119141
0.456543
-0.061707
0.118103
0.293701
-0.186035
0.087402
-0.024063
0.378418
-0.193359
0.128662
-0.296143
-0.268555
0.002146
0.004299
-0.008858
0.100647
0.132446
-0.090515
0.262451
-0.314697
0.172852
-0.359375
0.051666
-0.087646
0.257080
-0.007668
-0.077332
0.191650
0.109863
-0.226318
-0.040985
0.234375
0.013870
-0.035858
0.015350
0.109436
-0.158936
-0.192261
-0.104980
0.037994
0.300537
0.154541
-0.333008
-0.128540
0.214722
-0.058777
-0.363770
0.158325
-0.109741
0.089905
-0.450195
0.223267
0.244019
-0.125977
0.132568
0.239746
0.234619
-0.095703
0.175049
0.004452
-0.122559
0.248657
0.176270
-0.116089
0.227417
0.098755
0.061005
-0.054016
-0.054047
-0.501953
0.052643
0.174316
-0.082703
-0.066711
0.734375
-0.176025
-0.015976
0.242554
0.645508
0.434082
0.207031
-0.119324
0.294922
0.285645
0.141724
0.176270
0.241943
-0.018646
0.193115
-0.192383
0.410156
-0.183960
-0.099060
0.034180
-0.605469
-0.224609
0.069214
0.101257
0.004108
-0.590820
0.029465
-0.411377
0.076355
0.291016
-0.247925
-0.226807
-0.289551
-0.202881
-0.438477
0.034210
0.344238
-0.222778
0.163940
-0.028931
-0.079651
-0.264404
0.561035
0.106995
0.611328
0.446289
-0.203735
0.077942
0.826172
0.305176
0.114746
0.023010
-0.225830
0.193970
0.284912
-0.092712
-0.208008
0.140381
0.357422
-0.134277
-0.083862
-0.663574
0.265137
-0.225464
-0.178833
-0.252197
0.130249
0.159912
0.223145
0.114563
0.555176
-0.293213
0.339844
0.035187
0.396484
-0.106873
-0.148926
-0.243774
-0.109863
1.668945
-0.173706
-0.193604
-0.220581
0.157593
-0.256348
0.154175
-0.006493
-0.161621
-0.095947
2.105469
0.216797
0.067078
-0.141602
-0.020477
0.309814
-0.154175
0.536621
0.059906
0.548340
-0.215820
0.338379
0.082397
0.136841
0.116821
-0.220215
0.418945
-0.429932
-0.118835
0.088013
-0.144409
1.014648
-0.028778
0.046356
0.380127
-0.032074
0.257812
0.385742
0.089355
0.433350
-0.159790
0.221558
0.220581
-0.120422
0.206665
-0.093445
0.509277
-0.278564
0.434814
-0.204956
-0.375488
0.020950
0.046051
0.154785
0.096985
0.282227
-0.065491
0.343750
-0.215820
0.091187
-0.501953
0.207764
-0.088684
0.222412
0.158081
-0.206055
0.033966
-0.023514
-0.274902
-0.135864
0.139282
-0.083862
-0.207764
0.220093
-0.251709
-0.399170
-0.347412
-0.214600
0.210815
0.429199
0.317871
-0.599609
-0.047638
0.377930
-0.068726
-0.395996
0.092468
-0.156128
0.114990
-0.495850
0.329346
0.360840
-0.089783
0.152954
0.136597
0.169922
-0.088257
0.165405
-0.006599
-0.135498
0.075195
0.144287
-0.091370
0.168213
0.102600
0.154419
-0.151367
-0.126465
-0.597656
0.038422
0.270752
-0.071838
-0.075439
0.761230
-0.247559
0.097412
0.212524
0.727539
0.578613
0.335205
-0.151001
0.257568
0.306152
0.215210
0.328369
0.321533
0.135742
0.227417
-0.217285
0.455322
-0.191162
-0.101746
0.028671
-0.629395
-0.204834
0.085693
0.135498
-0.011536
-0.607910
0.044983
-0.539551
0.055634
0.408691
-0.208374
-0.208862
-0.406250
-0.157837
-0.410645
0.090271
0.331543
-0.263916
0.147583
-0.113586
0.090271
-0.231567
0.689453
0.112061
0.576660
0.419434
-0.109497
0.049011
0.898926
0.352539
0.053345
0.000092
-0.262695
0.227905
0.290527
-0.170166
-0.253174
0.191406
0.410156
-0.175903
-0.214600
-0.704590
0.274170
-0.297363
-0.234375
-0.313721
0.157593
0.251465
0.153442
0.007153
0.731934
-0.421143
0.439941
-0.003178
0.369385
-0.173218
-0.232422
-0.281494
-0.059357
2.279297
-0.089844
-0.262695
-0.290771
0.051910
-0.181885
0.131226
0.011223
-0.227661
-0.131958
0.619141
0.124207
0.224121
-0.180298
-0.103333
0.354736
-0.145508
0.633789
0.175659
0.695312
-0.194458
0.340332
-0.014557
0.163086
0.064758
-0.100708
0.455566
-0.377686
-0.128296
0.129150
0.034424
1.009766
0.023270
0.155029
0.306396
-0.046265
0.177368
0.378662
-0.097168
0.426025
-0.206421
0.293457
0.115662
-0.100464
0.251221
-0.186890
0.541504
-0.282715
0.578125
-0.084961
-0.493652
-0.035858
0.089172
0.309814
0.126099
0.336670
-0.030380
0.395752
-0.136963
0.169556
-0.619141
0.195679
-0.142456
0.126709
0.270508
-0.195190
-0.072693
-0.178955
-0.257080
-0.207153
0.119934
-0.167603
-0.206543
0.311523
-0.291016
-0.406982
-0.435059
-0.210449
0.268311
0.370117
0.432861
-0.605469
0.019974
0.432129
0.000531
-0.358154
0.103271
-0.138794
0.141113
-0.382812
0.172974
0.141724
-0.125122
0.109131
0.209595
0.140259
-0.057526
0.256592
0.022278
-0.107849
0.206665
0.150146
-0.126831
0.148071
0.083435
0.140137
-0.095093
-0.080078
-0.428467
0.025620
0.228149
-0.063782
-0.108948
0.501953
-0.240112
0.085938
0.199707
0.594727
0.441406
0.225952
-0.130981
0.173096
0.203247
0.101685
0.236572
0.257080
0.022995
0.225342
-0.190430
0.356689
-0.201050
-0.129028
0.041229
-0.471680
-0.242188
0.100952
0.108398
-0.012398
-0.523926
0.038635
-0.462158
0.104492
0.334473
-0.131226
-0.164917
-0.270020
-0.111755
-0.258545
-0.039673
0.221191
-0.260742
0.188965
-0.078491
-0.026016
-0.251953
0.512207
0.132690
0.524902
0.362305
-0.134766
0.021484
0.804199
0.320557
0.049683
-0.039246
-0.211182
0.128052
0.260742
-0.091736
-0.199219
0.116211
0.297607
-0.128174
-0.194580
-0.540527
0.318604
-0.103516
-0.183350
-0.337158
0.111938
0.252441
0.126831
0.057281
0.577637
-0.383545
0.358154
-0.106140
0.195312
-0.166138
-0.185791
-0.254150
-0.084473
1.437500
-0.048065
-0.184692
-0.342041
0.042328
-0.224609
-0.032623
0.036255
-0.191772
-0.213501
-0.388916
0.193115
0.182617
-0.098022
-0.073669
0.322266
-0.204102
0.540527
0.126099
0.565430
-0.099670
0.348145
-0.052094
0.100891
0.055023
0.051514
0.308838
-0.333252
-0.047516
0.074646
0.020157
0.698730
-0.050507
0.225708
0.323242
-0.092041
0.071106
0.294922
-0.041901
0.212158
-0.135376
0.281738
0.047638
-0.139404
0.140625
-0.088989
0.429199
0.194092
0.453613
-0.165161
-0.314453
-0.039795
0.065430
0.244873
0.124084
0.282715
0.008743
0.294189
-0.048462
0.146118
-0.496094
0.117615
-0.117188
0.160522
0.296631
-0.178711
0.029495
-0.139648
-0.226440
-0.148926
-0.002520
-0.143799
-0.079773
0.282959
-0.355225
-0.177856
-0.306396
-0.186890
0.166626
0.285400
0.349854
-0.451660
0.103455
0.333984
0.040497
-0.281738
0.115601
-0.045532
0.242310
-0.168579
-0.170532
-0.249023
-0.227661
0.012741
0.410400
0.053070
-0.007496
0.381348
0.130005
-0.045563
0.470459
0.243164
-0.269531
0.109375
0.069580
0.066467
0.040894
0.041595
-0.072937
0.013603
0.051147
-0.042084
-0.162842
0.065186
-0.279297
-0.075806
0.210571
0.302002
0.085938
-0.021774
-0.054230
0.050293
0.004417
-0.152466
-0.053650
0.034515
-0.297119
0.204224
-0.164062
0.128662
-0.162964
-0.188599
0.048615
-0.150513
-0.334961
0.093262
0.015167
0.029663
-0.384033
-0.038635
-0.184204
0.107727
0.069580
0.034729
-0.211548
0.045471
-0.078735
0.029724
-0.360352
0.058380
-0.242798
0.294922
0.051300
-0.338623
-0.318115
0.154053
0.143921
0.484619
0.280029
-0.272217
-0.049866
0.616699
0.249268
0.147095
-0.038971
-0.101501
-0.061401
0.063171
0.107178
-0.066772
0.010384
0.081665
0.029388
-0.123474
-0.272461
0.343506
0.218384
-0.007812
-0.274658
0.060211
0.134766
0.151611
0.232178
0.231445
-0.198364
0.152100
-0.224365
-0.111877
-0.072327
-0.048248
-0.135864
-0.124695
-0.241699
-0.008957
0.013199
-0.374512
0.059113
-0.321045
-0.313965
0.022720
-0.107056
-0.175415
-2.433594
0.327393
-0.101929
0.093811
0.036835
0.235596
-0.271973
0.269287
-0.085999
0.155762
0.038666
0.269531
-0.085999
-0.012802
0.100830
0.172241
0.004559
-0.260010
0.060913
-0.025330
-0.125732
0.034363
-0.230225
0.220581
0.365479
-0.197998
-0.014053
0.092529
0.191528
-0.106201
0.051025
0.162598
0.001530
-0.188599
-0.132080
0.223755
0.212036
1.117188
0.100464
-0.369385
0.029709
0.030289
0.000994
-0.036224
0.029617
0.122437
0.088684
0.037750
0.052460
-0.005779
-0.230591
0.053802
-0.052063
0.305420
0.272949
-0.158447
0.261230
0.052002
-0.256836
-0.015396
-0.207764
-0.049927
0.162476
0.164795
-0.360352
0.238159
-0.052063
-0.102234
-0.020554
0.144165
0.122864
-0.196167
0.219360
0.125000
0.056763
-0.149902
0.144287
0.006985
0.254395
-0.051270
-0.371582
-0.513672
-0.215698
-0.124451
0.534180
0.065857
0.048035
0.472900
0.201660
-0.038300
0.642090
0.292969
-0.326904
0.167114
0.094055
-0.007523
0.123352
0.164673
0.141602
-0.010582
-0.010460
-0.042084
-0.160278
-0.244263
-0.306152
-0.161743
0.201294
0.107910
-0.075012
-0.180054
-0.009499
0.002165
-0.119507
-0.278564
-0.247681
-0.121948
-0.513184
0.235840
-0.135986
0.064941
-0.119507
-0.203857
0.110291
0.075684
-0.315918
0.107361
0.033844
-0.047607
-0.340576
-0.117126
0.038574
0.194214
-0.051056
0.183960
-0.197510
0.273926
-0.008873
0.188599
-0.583008
-0.077454
-0.220093
0.341064
0.165527
-0.460938
-0.370361
-0.089539
0.104187
0.300049
0.240234
-0.347656
-0.109375
0.496826
0.183472
0.247437
-0.087341
-0.047424
-0.184692
-0.007290
0.271973
0.064636
-0.169556
-0.084167
0.018524
-0.041321
-0.153687
0.372314
0.462402
0.107544
-0.182251
0.007874
0.047424
0.158936
0.331299
-0.029434
-0.091370
-0.004589
-0.184448
-0.121216
-0.032684
0.036804
-0.050415
-0.216919
-1.057617
0.014381
0.136475
-0.290039
0.079773
-0.371338
-0.379150
0.020691
-0.021240
-0.132446
0.316162
0.406982
-0.241699
0.258057
0.112854
0.220337
-0.267334
0.070496
-0.209229
-0.033997
0.083801
0.288818
0.004898
-0.135498
0.102478
0.270996
-0.092529
-0.186523
0.078064
-0.077637
-0.212402
-0.353027
-0.374512
0.261963
0.314941
-0.240601
-0.100830
-0.051666
0.357178
-0.245361
0.168335
0.097595
0.025864
-0.216431
-0.287842
0.419678
0.081299
1.636719
-0.151855
-0.479736
0.240845
0.054840
-0.041809
-0.186646
-0.006012
0.008224
0.106934
-0.083984
0.028534
-0.031433
-0.073425
-0.030487
-0.025558
0.347656
0.188843
-0.123840
0.401367
0.178345
-0.257324
0.088379
-0.265625
0.032532
0.331543
0.080994
-0.225098
0.529785
0.104370
-0.052216
-0.178711
0.054779
-0.002922
0.003517
0.243774
-0.009300
0.066711
-0.182739
0.193115
0.005119
0.068848
-0.014198
-0.154419
-0.300293
-0.121277
-0.215698
0.355225
-0.119873
0.022079
0.266357
0.050354
-0.047729
0.249756
0.265137
-0.283691
0.089294
0.234009
0.106750
-0.040710
0.102173
-0.093750
-0.017578
0.031738
-0.293701
0.023239
-0.105469
-0.385986
0.067200
0.257080
0.084595
0.264404
0.263672
-0.044861
-0.185913
-0.061371
-0.260010
-0.204346
-0.074341
-0.360596
0.306885
-0.171143
0.206787
-0.018799
-0.221436
0.172363
0.142822
-0.149292
0.172485
0.165527
-0.175415
-0.470947
-0.058594
0.007061
0.086853
0.032257
0.345215
-0.289307
0.156372
-0.027328
0.041565
-0.385742
-0.016068
-0.336182
0.313477
0.014748
-0.059265
-0.246094
0.075867
0.133301
0.192749
0.181396
0.010582
-0.314697
0.622070
0.388916
0.029465
-0.011360
-0.108582
-0.205566
0.066101
0.290039
0.053772
-0.119080
-0.079651
0.102295
0.161987
-0.058685
0.376953
0.313965
0.021652
0.128540
-0.124329
-0.090576
0.173706
0.248657
0.103394
-0.122742
0.008148
0.270020
0.323730
-0.078064
-0.121521
-0.049927
-0.221924
0.395264
0.099548
0.084290
0.168945
-0.096069
-0.277344
0.091736
-0.021118
-0.025238
0.183105
1.176758
0.210571
-0.091553
0.345215
0.007259
0.295166
0.100708
0.022263
-0.136963
0.140625
-0.080322
0.261230
0.277832
-0.319092
0.073853
0.175781
0.223389
0.083252
-0.172241
0.059845
0.116394
-0.451904
-0.347412
0.383545
-0.219116
-0.084656
-0.280029
-0.274414
0.010483
0.052368
0.117737
0.047302
0.045197
-0.258545
-0.232300
0.193481
0.133179
0.868652
-0.160400
-0.323242
-0.180908
-0.062103
-0.014938
-0.062561
0.057312
-0.050385
0.077759
0.004963
-0.125732
0.243408
-0.223755
-0.168213
-0.131958
0.238770
0.046570
0.101746
0.332275
0.070740
-0.201782
0.046600
0.008781
-0.036591
0.435059
-0.039825
0.411621
0.511719
0.011978
0.096680
-0.166626
-0.180176
0.072266
0.222290
0.115906
-0.073181
0.111633
-0.194336
0.166382
-0.002506
0.002102
0.016891
-0.006527
-0.149536
-0.038452
-0.276367
0.211670
-0.313477
0.014305
0.131348
-0.068909
-0.057556
-0.042053
0.239624
-0.262939
0.026001
0.333008
0.223999
-0.204102
0.039398
-0.246338
-0.035156
0.073059
-0.460205
0.133667
-0.061340
-0.525391
0.235718
0.283691
0.082092
0.509277
0.581055
-0.082458
-0.365234
-0.058105
-0.287842
-0.147949
-0.054321
-0.249390
0.381104
-0.206909
0.281738
0.084106
-0.259766
0.202148
0.242310
-0.066345
0.210083
0.256104
-0.246094
-0.541016
-0.055573
-0.037079
0.000759
0.086060
0.534180
-0.360352
0.072083
0.008507
0.009766
-0.299072
-0.008492
-0.413086
0.305664
-0.095093
0.255615
-0.163330
0.183228
0.153687
0.092285
0.125488
0.281738
-0.517090
0.715332
0.542480
-0.128418
0.028275
-0.136353
-0.230103
0.087769
0.276611
0.030106
-0.057739
-0.091125
0.154907
0.198486
0.019623
0.380371
0.170410
-0.023514
0.299561
-0.197144
-0.156006
0.166748
0.170288
0.260254
-0.186523
0.056305
0.542969
0.522949
-0.115051
-0.259521
-0.047333
-0.197510
1.374023
0.192749
0.018173
0.437500
-0.299805
-0.189575
0.389404
-0.064209
-0.071899
0.441406
1.070312
0.044586
0.063354
0.424072
-0.089417
0.349121
0.367188
0.022995
-0.074341
0.245361
-0.209595
0.232788
0.388184
-0.476318
0.054626
0.174561
0.385498
0.293945
-0.355957
0.150513
0.402344
-0.676270
-0.338867
0.507324
-0.692871
0.004730
-0.416016
-0.479736
-0.258301
0.185791
0.103943
0.012390
-0.007591
-0.276611
-0.251953
0.045532
0.194214
0.419922
-0.135864
-0.189941
-0.513184
-0.155151
0.005512
0.040558
0.072388
-0.075623
0.099609
0.045654
-0.177490
0.425781
-0.359863
-0.260254
-0.223999
0.146851
0.013237
0.228394
0.268311
-0.043671
-0.194702
-0.001744
0.144775
-0.129517
0.571289
-0.076721
0.853027
0.563477
-0.070679
0.220825
-0.143066
-0.413818
0.157593
0.411621
0.119812
-0.130249
0.175659
-0.237061
0.158203
-0.027298
-0.017532
0.002748
0.071289
-0.056946
-0.034973
-0.244507
0.141724
-0.361084
-0.001852
0.074829
-0.124023
-0.066223
-0.143311
0.222412
-0.230225
-0.011932
0.342529
0.281250
-0.265137
-0.013824
-0.325684
-0.034729
0.095764
-0.517578
0.166016
0.010658
-0.557617
0.323486
0.291748
0.123840
0.603516
0.691895
-0.098083
-0.421387
-0.030136
-0.280518
-0.072083
0.014000
-0.167236
0.377441
-0.213501
0.310059
0.080383
-0.266846
0.188599
0.206177
-0.060394
0.217041
0.264160
-0.239746
-0.550293
-0.034607
-0.117737
-0.052185
0.139160
0.539062
-0.367920
-0.015732
0.009453
-0.026276
-0.215942
0.021347
-0.423584
0.300049
-0.165649
0.349121
-0.116577
0.264893
0.179810
0.132690
0.106934
0.380615
-0.540039
0.752441
0.606934
-0.208130
0.057007
-0.143066
-0.195557
0.156006
0.211304
-0.021042
0.006069
-0.043213
0.192383
0.184814
0.026428
0.396973
0.069031
-0.080078
0.309326
-0.207153
-0.138916
0.152588
0.119446
0.352539
-0.250244
0.122192
0.551758
0.527832
-0.150757
-0.316406
-0.087402
-0.185425
1.690430
0.205200
-0.035217
0.462891
-0.359375
-0.159546
0.471191
-0.055695
-0.101501
0.453125
-0.068115
0.001285
0.186768
0.406982
-0.125854
0.365967
0.423340
0.097534
-0.007957
0.341309
-0.259521
0.268555
0.363037
-0.500000
0.046539
0.178833
0.426758
0.323975
-0.399658
0.161255
0.505859
-0.635742
-0.308350
0.548340
-0.834473
0.045807
-0.439941
-0.490479
-0.359131
0.200073
0.070679
0.044342
-0.048737
-0.276367
-0.229370
-0.047272
0.259033
0.172974
-0.042908
-0.130493
-0.626953
-0.195801
0.014275
0.141357
0.100525
-0.031113
0.096619
0.093079
-0.165527
0.498047
-0.426270
-0.299316
-0.248169
0.106079
0.045898
0.240356
0.222778
-0.112488
-0.177734
-0.010445
0.169678
-0.190552
0.595215
-0.043976
0.910156
0.526855
-0.120056
0.216797
-0.105225
-0.450439
0.228882
0.439697
0.135132
-0.115723
0.199707
-0.236328
0.174438
-0.016296
-0.042542
0.018173
0.065369
-0.063171
-0.054138
-0.243164
0.169434
-0.351318
-0.025055
0.044586
-0.131226
-0.073486
-0.099304
0.237549
-0.225830
0.013802
0.331299
0.253662
-0.245117
-0.002951
-0.314697
-0.033447
0.053101
-0.535645
0.168701
0.050995
-0.520996
0.291748
0.302734
0.107300
0.562500
0.671875
-0.101624
-0.392334
-0.024780
-0.296875
-0.125488
-0.013428
-0.190430
0.352051
-0.206543
0.288086
0.108765
-0.270752
0.174927
0.201538
-0.058502
0.194946
0.250732
-0.208252
-0.529297
-0.039246
-0.106262
-0.065857
0.071777
0.490967
-0.379395
0.004108
-0.019379
-0.079468
-0.204956
0.052399
-0.413818
0.290527
-0.157959
0.297119
-0.111938
0.240234
0.177124
0.156616
0.123779
0.339355
-0.536133
0.731934
0.598633
-0.195801
0.070496
-0.153076
-0.214844
0.159180
0.225586
-0.018738
0.036102
-0.070984
0.216431
0.256348
0.056458
0.377686
0.053375
-0.064819
0.370117
-0.213135
-0.192139
0.197021
0.160034
0.330322
-0.199585
0.085205
0.620117
0.561523
-0.110535
-0.278076
-0.076843
-0.207642
1.520508
0.177246
-0.001638
0.500000
-0.318848
-0.170898
0.506836
-0.076965
-0.065308
0.520020
-0.375000
0.021667
0.071899
0.422119
-0.099121
0.354248
0.453125
0.052002
-0.055969
0.283691
-0.281250
0.244141
0.399414
-0.509277
0.062134
0.074890
0.444824
0.303467
-0.421631
0.172729
0.414062
-0.583984
-0.303711
0.489258
-0.810059
0.060699
-0.402832
-0.483887
-0.290771
0.233643
0.091736
0.000394
-0.007957
-0.274902
-0.227905
-0.061737
0.285400
0.073486
-0.083008
-0.158691
-0.613770
-0.171753
-0.002155
0.059418
0.087646
-0.068420
0.065002
0.102295
-0.198364
0.485107
-0.399170
-0.268555
-0.253662
0.142822
-0.000727
0.215088
0.243164
-0.053925
-0.182495
-0.020203
0.222046
-0.148804
0.570801
-0.087158
0.944824
0.464355
-0.108215
0.249268
-0.127075
-0.406250
0.193970
0.399414
0.078308
-0.120361
0.180176
-0.189819
0.230835
0.048859
-0.055054
0.033478
-0.025482
-0.149658
-0.096802
-0.274902
0.276367
-0.255859
-0.032593
0.060455
-0.039520
-0.068054
0.032074
0.302002
-0.267822
0.064697
0.311035
0.135498
-0.118713
0.081177
-0.216675
-0.024063
-0.043457
-0.467285
0.147461
0.050049
-0.421631
0.122864
0.308594
0.028748
0.392090
0.519531
-0.059723
-0.245239
-0.026001
-0.273682
-0.277100
-0.115967
-0.319824
0.301758
-0.194214
0.233765
0.123474
-0.242065
0.178101
0.204224
-0.048798
0.169312
0.214233
-0.191040
-0.517090
-0.058868
0.049896
-0.051117
-0.052826
0.400635
-0.412109
0.108032
-0.097290
-0.120605
-0.266113
0.078125
-0.393311
0.281738
-0.054382
0.114075
-0.158691
0.140137
0.135010
0.154907
0.171997
0.150757
-0.461182
0.655273
0.502930
-0.051697
0.074158
-0.165161
-0.234985
0.048676
0.321045
0.052887
-0.011101
-0.120239
0.204956
0.378662
0.032715
0.322510
0.166748
0.019531
0.479248
-0.191772
-0.292236
0.257812
0.263428
0.145020
-0.050476
-0.045898
0.657715
0.667969
-0.010323
-0.149414
0.007393
-0.240112
1.125977
0.100403
0.122498
0.526855
-0.171631
-0.215210
0.409424
-0.117371
0.007652
0.569336
0.588867
0.092529
-0.225220
0.436523
-0.001524
0.312012
0.383789
-0.111084
-0.194824
0.100586
-0.233887
0.166992
0.467773
-0.436768
0.094055
-0.047516
0.430420
0.221680
-0.394043
0.164917
0.162598
-0.498779
-0.339111
0.341309
-0.518555
0.009636
-0.283691
-0.438965
-0.054749
0.326904
0.142334
-0.079102
0.138916
-0.247681
-0.249512
0.100037
0.196655
0.315430
-0.267822
-0.250244
-0.414795
-0.054749
-0.024765
-0.150146
0.007030
-0.153320
0.031891
0.030579
-0.276367
0.348633
-0.285400
-0.147583
-0.214844
0.222778
-0.112549
0.198608
0.300049
0.115356
-0.227905
0.018341
0.244385
-0.008362
0.477295
-0.164551
0.922363
0.432129
-0.046906
0.242188
-0.180664
-0.271973
0.047882
0.292725
-0.042603
-0.117554
0.095032
-0.163574
0.283936
0.089050
-0.052429
0.010323
-0.117065
-0.238037
-0.146484
-0.270020
0.388672
-0.099182
-0.036499
0.127441
0.060974
-0.057434
0.215942
0.334717
-0.302734
0.125122
0.267090
0.009682
0.023590
0.154175
-0.126099
0.001021
-0.100281
-0.351318
0.096619
0.076233
-0.284912
-0.046417
0.306396
0.005241
0.216797
0.319580
-0.019836
-0.065430
-0.008102
-0.223877
-0.384766
-0.182861
-0.425781
0.250244
-0.178711
0.194946
0.087769
-0.206177
0.178467
0.136475
-0.063904
0.143433
0.164795
-0.162842
-0.509277
-0.055450
0.151855
0.008560
-0.130859
0.254883
-0.405029
0.195923
-0.171875
-0.160278
-0.316406
0.108154
-0.360107
0.270996
0.049713
-0.101318
-0.226196
0.058807
0.099304
0.200073
0.239746
-0.065674
-0.323486
0.593262
0.381348
0.090271
0.062927
-0.174683
-0.229736
-0.032257
0.390137
0.102905
-0.072266
-0.132446
0.158813
0.443359
-0.036896
0.277588
0.284912
0.079590
0.461914
-0.153931
-0.322754
0.303223
0.350098
-0.017639
0.069946
-0.147217
0.593750
0.708008
0.061981
-0.022812
0.047394
-0.264648
0.649902
0.011909
0.213745
0.451904
0.010857
-0.281738
0.269531
-0.122864
0.078125
0.488770
1.549805
0.197021
-0.463379
0.395020
0.088684
0.264404
0.241943
-0.207764
-0.298584
-0.030182
-0.158203
0.121338
0.497803
-0.322021
0.122986
-0.160156
0.390625
0.082275
-0.306641
0.141479
-0.108459
-0.281738
-0.345215
0.191528
-0.125732
-0.037323
-0.153809
-0.307617
0.172119
0.369385
0.160034
-0.116028
0.266846
-0.226318
-0.216309
0.235229
0.116272
0.538086
-0.380127
-0.352539
-0.186035
0.045105
-0.040771
-0.316895
-0.032043
-0.192261
-0.010437
-0.009315
-0.322021
0.206909
-0.171753
-0.029419
-0.151611
0.306885
-0.186035
0.150879
0.354248
0.259033
-0.247070
0.043030
0.225708
0.121643
0.321533
-0.207886
0.731934
0.342773
0.015213
0.186523
-0.217529
-0.079895
-0.075867
0.127197
-0.148926
-0.080933
0.012383
-0.176392
0.324219
0.081909
-0.027756
-0.042572
-0.150513
-0.263184
-0.199219
-0.207397
0.443115
0.036377
-0.037079
0.200073
0.119141
-0.063721
0.338867
0.338867
-0.293945
0.149170
0.214111
-0.039124
0.112183
0.175171
-0.091309
0.024521
-0.108459
-0.264648
0.051819
0.124939
-0.185425
-0.111572
0.292480
0.050781
0.122803
0.181763
0.000275
0.058929
0.038269
-0.167236
-0.368164
-0.139771
-0.454102
0.202637
-0.162109
0.196777
-0.000806
-0.169922
0.162720
0.009407
-0.104309
0.132202
0.123901
-0.135132
-0.502930
-0.033356
0.146973
0.047241
-0.104858
0.120239
-0.370850
0.184204
-0.210571
-0.193848
-0.314697
0.132446
-0.333740
0.267578
0.092224
-0.256592
-0.261230
0.067810
0.092834
0.295898
0.285889
-0.195801
-0.179443
0.572754
0.314941
0.162231
0.053650
-0.175659
-0.168335
-0.003124
0.361572
0.099060
-0.095886
-0.066895
0.126709
0.426514
-0.147339
0.289062
0.336426
0.062073
0.355957
-0.102478
-0.256592
0.298584
0.376465
-0.082153
0.065674
-0.146606
0.442383
0.727051
0.061218
0.045715
0.024445
-0.289062
0.439941
-0.064514
0.225830
0.307861
0.154907
-0.331299
0.150513
-0.085510
0.099060
0.306396
1.868164
0.285889
-0.514160
0.322510
0.144653
0.266113
0.063171
-0.170288
-0.301025
-0.001136
-0.113098
0.190186
0.468018
-0.214600
0.118958
-0.195923
0.379639
-0.074036
-0.213623
0.101013
-0.263916
-0.003408
-0.344482
0.135376
0.174072
-0.080566
-0.052063
-0.143433
0.325684
0.372070
0.136841
-0.059204
0.337891
-0.205811
-0.161865
0.313477
0.093933
0.660645
-0.349365
-0.407959
-0.013092
0.097107
-0.040833
-0.331055
-0.029007
-0.139282
-0.048981
0.014633
-0.341309
0.124146
-0.136353
0.027969
-0.096924
0.328125
-0.177612
0.105347
0.366455
0.309570
-0.254395
0.063416
0.191528
0.173706
0.192017
-0.177490
0.484375
0.267090
0.025742
0.068115
-0.204468
0.104980
-0.089172
-0.035492
-0.176147
-0.006073
-0.040649
-0.210205
0.370605
0.052948
-0.012489
-0.076172
-0.196045
-0.311768
-0.274170
-0.120117
0.500977
0.165039
-0.045013
0.265137
0.132202
-0.076782
0.517090
0.333008
-0.258301
0.178101
0.149414
-0.074219
0.190674
0.181396
-0.050385
0.047516
-0.130981
-0.226440
0.011078
0.162720
-0.083679
-0.134644
0.287109
0.100281
0.021576
0.034729
0.011948
0.135620
0.075928
-0.163208
-0.347168
-0.065552
-0.487305
0.139282
-0.126221
0.186157
-0.102234
-0.147583
0.136108
-0.124146
-0.173584
0.117493
0.072083
-0.080872
-0.466797
-0.008636
0.090393
0.080078
-0.085938
-0.023300
-0.314941
0.166626
-0.235718
-0.238037
-0.293213
0.155762
-0.286621
0.275146
0.109314
-0.441162
-0.277832
0.056824
0.113281
0.440186
0.322021
-0.298340
-0.038757
0.541504
0.274170
0.192871
0.049713
-0.156738
-0.113098
0.115662
0.304443
0.068542
-0.093445
-0.001064
0.135864
0.419189
-0.206421
0.335693
0.358398
0.019531
0.225464
-0.069092
-0.185913
0.303955
0.407715
-0.136719
0.045502
-0.116516
0.242798
0.626465
0.045288
0.104187
-0.038361
-0.323975
-0.089905
-0.148193
0.214355
0.138672
0.286133
-0.399902
0.051300
-0.028885
0.118652
0.089661
1.515625
0.406006
-0.489746
0.260498
0.198975
0.260742
-0.099060
-0.084045
-0.283936
0.041779
-0.087463
0.314209
0.399170
-0.145996
0.126831
-0.225708
0.320801
-0.233521
-0.112488
0.028152
-0.405029
0.252686
-0.347656
0.089905
0.376465
-0.092041
0.038971
0.020584
0.473633
0.278076
0.119690
0.011116
0.363037
-0.209595
-0.124878
0.342041
0.128174
0.677246
-0.270508
-0.489502
0.142944
0.120972
-0.058594
-0.311523
0.004101
-0.060547
-0.091492
0.054932
-0.320068
0.063232
-0.087402
0.028168
-0.034882
0.371338
-0.137451
0.021072
0.404053
0.355469
-0.242310
0.110840
0.129395
0.189331
0.118713
-0.130127
0.206421
0.202148
0.053986
-0.058533
-0.197144
0.269775
-0.078064
-0.149780
-0.162354
0.046692
-0.078064
-0.238037
0.444092
0.041809
0.017288
-0.076904
-0.311523
-0.446533
-0.390381
-0.019867
0.602539
0.334961
-0.045319
0.381836
0.184814
-0.080872
0.779297
0.344482
-0.231445
0.204590
0.058075
-0.140747
0.331787
0.215576
0.068420
0.073425
-0.187744
-0.154419
-0.052399
0.123779
0.066895
-0.199219
0.277832
0.102295
-0.171509
-0.202393
0.049530
0.231567
0.095154
-0.173950
-0.359619
0.006760
-0.582520
0.041016
-0.075256
0.133789
-0.244507
-0.114258
0.107239
-0.249634
-0.271484
0.107666
-0.011879
-0.016510
-0.395996
0.022675
0.081116
0.126831
-0.084229
-0.198975
-0.236450
0.192017
-0.274902
-0.244751
-0.306152
0.150879
-0.225586
0.297607
0.161621
-0.733398
-0.312988
-0.017105
0.143066
0.603516
0.349121
-0.475098
0.151978
0.459961
0.195679
0.259277
0.038666
-0.124451
-0.061890
0.219238
0.261230
0.057404
-0.119080
0.053619
0.159180
0.438477
-0.238647
0.400146
0.482666
-0.010429
0.085999
-0.022324
-0.101074
0.301514
0.470459
-0.309570
0.043396
-0.132202
-0.034332
0.517090
0.042786
0.208984
-0.092957
-0.395996
-1.038086
-0.268555
0.252930
-0.069031
0.468018
-0.502930
-0.171143
0.044128
0.164551
-0.213623
0.754395
0.589355
-0.518555
0.200195
0.306885
0.235352
-0.338867
-0.016632
-0.290527
0.054932
-0.024811
0.472900
0.313232
-0.048187
0.139282
-0.211670
0.226074
-0.443115
0.047546
-0.089661
-0.611328
0.543457
-0.370850
0.034424
0.733887
-0.123840
0.141724
0.210815
0.707520
0.150879
0.116455
0.093994
0.419678
-0.209595
-0.123596
0.437988
0.116333
0.875977
-0.254639
-0.613281
0.447998
0.173340
-0.088989
-0.318848
0.021271
0.023132
-0.139160
0.058655
-0.289307
-0.031830
0.022598
0.019073
0.055054
0.427002
-0.091980
-0.081787
0.482910
0.447021
-0.223022
0.218872
0.036591
0.242798
0.056824
-0.083801
-0.139648
0.187622
0.130127
-0.235962
-0.221313
0.486572
-0.121521
-0.261230
-0.160400
0.093689
-0.135254
-0.279297
0.438232
0.020493
0.087646
-0.107971
-0.393799
-0.485596
-0.462891
0.067017
0.675293
0.407715
-0.059174
0.415039
0.197510
-0.077576
0.954102
0.356689
-0.244385
0.207520
-0.012573
-0.175537
0.399658
0.210327
0.133911
0.090576
-0.229614
-0.097900
-0.109680
0.157593
0.092468
-0.270996
0.275146
0.148804
-0.310303
-0.381836
0.069519
0.277100
0.112000
-0.208984
-0.360107
0.032227
-0.633789
-0.020142
-0.045135
0.075073
-0.319092
-0.112610
0.044769
-0.350830
-0.364990
0.062805
-0.107361
0.088989
-0.338379
0.017395
0.046570
0.109863
-0.118530
-0.323242
-0.225708
0.185913
-0.295654
-0.213745
-0.335938
0.187012
-0.138184
0.322998
0.192627
-0.939941
-0.336670
-0.043945
0.155640
0.775879
0.373535
-0.582031
0.273438
0.409912
0.142456
0.307617
0.063660
-0.059937
-0.008232
0.293213
0.208008
0.008965
-0.086304
0.120178
0.204468
0.345703
-0.299316
0.416016
0.430420
-0.007858
-0.075989
0.009827
-0.051880
0.319580
0.518066
-0.351074
0.047394
-0.073242
-0.304199
0.231445
0.051422
0.265869
-0.132080
-0.395996
-1.730469
-0.345215
0.235107
-0.305176
0.557617
-0.562500
-0.308350
0.077271
0.154175
-0.374023
-0.471436
0.699219
-0.466797
0.135254
0.358154
0.192505
-0.475586
0.059021
-0.302490
-0.007496
0.005978
0.533691
0.153442
0.024063
0.182983
-0.221680
0.046814
-0.584961
0.129761
-0.186523
-0.777344
0.665527
-0.387695
-0.052460
0.865234
-0.163086
0.294678
0.355957
0.904297
-0.032410
0.116272
0.142456
0.403320
-0.202881
-0.135376
0.539062
0.151978
1.035156
-0.172852
-0.702637
0.594727
0.241577
-0.113770
-0.314941
0.000638
0.096497
-0.138794
0.031555
-0.214966
-0.160889
0.084839
0.074951
0.131958
0.503906
-0.017822
-0.188599
0.517090
0.496826
-0.255127
0.283447
-0.109131
0.233887
0.015549
0.010048
-0.451904
0.147949
0.162109
-0.357666
-0.193237
0.614258
-0.111694
-0.365234
-0.104797
0.123352
-0.181274
-0.342773
0.365234
-0.015457
0.127808
-0.182983
-0.308594
-0.306152
-0.434326
0.109192
0.615723
0.333008
-0.089783
0.309082
0.119629
-0.073975
0.844727
0.334473
-0.265381
0.157471
-0.007252
-0.123962
0.313965
0.131714
0.019455
0.100769
-0.201904
-0.122253
-0.092224
0.347168
-0.018814
-0.245117
0.290527
0.268066
-0.223267
-0.307373
0.043640
0.234009
0.166138
-0.209106
-0.280029
0.050201
-0.531250
-0.002590
-0.067688
0.095703
-0.291748
-0.138062
-0.011124
-0.431885
-0.375977
0.015320
-0.143677
0.156860
-0.363037
0.009621
-0.052155
0.016479
-0.107239
-0.339111
-0.297852
0.080627
-0.300293
-0.231201
-0.283447
0.289062
-0.095520
0.325195
0.130249
-0.852539
-0.303711
0.082703
0.152100
0.893555
0.387207
-0.487061
0.258057
0.469971
0.187500
0.250488
0.130737
-0.027832
0.053955
0.338867
0.135864
-0.083435
0.017426
0.208984
0.256836
0.198853
-0.405762
0.373779
0.151245
-0.022034
-0.165283
0.001904
-0.058990
0.351807
0.479736
-0.146118
0.004829
0.086426
-0.364746
0.002943
0.036896
0.204712
-0.171265
-0.326172
-1.381836
-0.330811
0.114197
-0.413330
0.486084
-0.523438
-0.178223
0.057861
0.077515
-0.284668
-1.374023
0.637695
-0.290771
0.079834
0.297607
0.186523
-0.385986
0.158569
-0.259521
-0.005180
-0.064453
0.498535
0.029404
0.022919
0.224243
-0.309570
-0.035522
-0.575195
0.050690
-0.185669
-0.751465
0.669434
-0.356201
-0.108887
0.611816
-0.150269
0.411865
0.396973
0.893555
-0.104614
0.082336
0.161011
0.321777
-0.192383
-0.102417
0.495117
0.272949
0.769043
0.018036
-0.658691
0.399658
0.251953
-0.108704
-0.238892
-0.013565
0.153564
-0.116516
0.061340
-0.170776
-0.189941
-0.001665
0.155029
0.136719
0.521973
0.038086
-0.234131
0.445312
0.438232
-0.304443
0.241455
-0.163452
0.139160
-0.015244
0.110229
-0.508301
0.026688
0.078186
-0.365723
-0.093689
0.594238
0.014984
-0.438232
-0.054047
0.151489
-0.186401
-0.389893
0.277344
-0.036346
0.096863
-0.214233
-0.120361
-0.050781
-0.330322
0.074402
0.451660
0.127197
-0.116150
0.109619
-0.009254
-0.069153
0.510742
0.297852
-0.275146
0.085144
0.080139
-0.005924
0.125122
0.030792
-0.193115
0.083984
-0.143677
-0.244263
-0.003979
0.516602
-0.195312
-0.123291
0.320557
0.344482
0.043488
0.006432
-0.009995
0.083496
0.199951
-0.197388
-0.185669
0.059753
-0.360596
0.071838
-0.111877
0.169556
-0.177490
-0.178223
-0.022842
-0.400146
-0.298096
0.008003
-0.085205
0.139648
-0.444824
0.007553
-0.140259
-0.110596
-0.060852
-0.208618
-0.400391
-0.055908
-0.285645
-0.270508
-0.169189
0.368896
-0.128418
0.303467
0.018845
-0.515625
-0.228760
0.254883
0.159546
0.854492
0.352295
-0.228760
0.074219
0.592773
0.321045
0.102051
0.196289
-0.040375
0.073669
0.332764
0.094482
-0.153320
0.131470
0.242065
0.299805
0.129395
-0.401855
0.315674
-0.145508
-0.049896
-0.068054
-0.047974
-0.120239
0.372070
0.386719
0.105042
-0.049286
0.214111
-0.165527
0.064087
0.014359
0.052948
-0.168335
-0.230957
-0.208130
-0.248413
0.002878
-0.241577
0.259277
-0.414062
0.105530
-0.011459
-0.019150
0.015915
-2.132812
0.440674
-0.080261
0.089417
0.173828
0.204590
-0.096375
0.203735
-0.193604
0.058807
-0.190918
0.388428
0.027145
-0.061554
0.245972
-0.362305
0.057159
-0.379639
-0.159058
-0.093872
-0.501465
0.517090
-0.303955
-0.078369
0.133301
-0.071045
0.393555
0.254639
0.644043
0.019943
0.036133
0.124268
0.245972
-0.189697
-0.092896
0.354004
0.379150
0.241211
0.134888
-0.498779
-0.003277
0.208984
-0.076660
-0.107849
-0.036438
0.153809
-0.073486
0.083740
-0.179810
-0.080994
-0.172974
0.178101
0.057617
0.458984
0.044556
-0.148804
0.324463
0.306396
-0.339600
0.172485
-0.079712
0.011147
0.053406
0.149902
-0.161133
-0.041168
-0.056763
-0.263672
0.004326
0.391602
0.138184
-0.342285
-0.058716
0.134888
-0.151245
-0.379395
0.324463
-0.024460
0.020844
-0.181152
-0.078552
-0.031952
-0.316406
0.044037
0.424561
0.113953
-0.125366
0.053040
-0.044525
-0.073669
0.443359
0.301758
-0.250977
0.088562
0.115051
0.002123
0.112915
0.040955
-0.227173
0.077759
-0.159546
-0.325195
0.055237
0.529785
-0.170898
-0.075562
0.338135
0.301514
0.106750
0.100037
-0.007397
0.042816
0.209595
-0.195557
-0.208252
0.073914
-0.362305
0.067993
-0.101562
0.205444
-0.158325
-0.168457
0.005436
-0.373291
-0.243042
0.028290
-0.044525
0.087463
-0.474609
0.024445
-0.108215
-0.130981
-0.047089
-0.182739
-0.407715
-0.065430
-0.302734
-0.334229
-0.111450
0.376221
-0.152344
0.293701
0.003366
-0.447021
-0.199219
0.261230
0.170654
0.807129
0.336670
-0.159668
0.028793
0.599121
0.365479
0.058777
0.209351
-0.056244
0.066528
0.372314
0.114441
-0.134033
0.120056
0.227783
0.319092
0.254395
-0.351318
0.325928
-0.134277
-0.071960
0.067566
-0.085510
-0.171631
0.386230
0.386963
0.055054
-0.032074
0.172363
-0.005424
0.304688
0.016891
0.028427
-0.157471
-0.266602
0.116028
-0.265625
0.030563
-0.041595
0.241089
-0.405518
0.236938
-0.025360
0.008423
0.101990
-1.251953
0.412598
-0.084900
0.125977
0.181274
0.221313
0.011543
0.161865
-0.190674
0.109863
-0.249268
0.409180
0.152954
-0.113831
0.243164
-0.408447
0.185791
-0.317139
-0.236084
-0.068237
-0.445068
0.558594
-0.306396
-0.055237
0.041046
-0.007927
0.354980
0.191895
0.587402
0.159668
0.026718
0.100464
0.312256
-0.197632
-0.093567
0.302246
0.383789
-0.034088
0.071228
-0.469238
-0.068909
0.194214
-0.078674
-0.082703
-0.027023
0.127197
-0.102417
0.097961
-0.263428
0.007565
-0.187866
0.122192
0.033264
0.425537
-0.035431
-0.065125
0.327393
0.314941
-0.318115
0.212524
0.041565
0.020554
0.099854
0.093750
0.088867
-0.041656
-0.064087
-0.244141
-0.016998
0.352539
0.118652
-0.259766
-0.149658
0.110107
-0.164673
-0.298584
0.400146
0.038910
-0.071411
-0.100708
-0.126343
-0.155884
-0.301514
-0.041748
0.487061
0.159302
-0.125244
0.047913
-0.005882
-0.066406
0.504395
0.350098
-0.240479
0.183472
0.141235
-0.076721
0.178589
0.127808
-0.157349
0.055511
-0.222900
-0.352295
0.081726
0.419678
-0.079163
-0.146362
0.353271
0.159546
0.065613
0.078247
0.010902
0.077942
0.153442
-0.197266
-0.356689
0.004108
-0.486328
0.055176
-0.080872
0.194946
-0.111511
-0.142212
0.061432
-0.260010
-0.185059
0.060425
0.010887
0.014290
-0.481445
0.008232
0.050323
-0.080383
-0.115723
-0.161499
-0.378906
0.048187
-0.332520
-0.383301
-0.127441
0.324951
-0.176147
0.272461
0.090698
-0.471680
-0.227173
0.125366
0.163452
0.643066
0.341553
-0.220215
-0.017105
0.544434
0.339600
0.119141
0.173584
-0.086975
-0.004536
0.308838
0.227295
-0.033600
0.034607
0.105591
0.261719
0.487305
-0.222290
0.312500
0.056274
-0.019455
0.294189
-0.104187
-0.258057
0.409180
0.450439
-0.156006
0.084106
-0.024292
0.226440
0.619629
0.083252
0.073547
-0.076233
-0.335693
-0.028519
-0.309570
0.167603
0.229370
0.286133
-0.429688
0.233643
-0.065857
0.086792
0.200684
1.260742
0.430908
-0.344971
0.195190
0.245239
0.204712
0.059937
0.008514
-0.287354
0.044647
-0.259521
0.360352
0.368896
-0.137451
0.241699
-0.416992
0.314697
-0.281006
-0.253906
-0.037689
-0.488037
0.540527
-0.326416
-0.069702
0.193970
0.021393
0.290771
0.099548
0.603027
0.359619
0.066406
-0.003580
0.458496
-0.201294
-0.146118
0.313477
0.297363
-0.013985
-0.186768
-0.501465
0.019135
0.215088
-0.095581
-0.211914
-0.053833
0.018356
-0.130249
0.050842
-0.381348
0.037048
-0.114136
0.083374
0.001789
0.428467
-0.181519
-0.006161
0.395508
0.414795
-0.301758
0.265137
0.185181
0.131836
0.147705
-0.051971
0.357178
0.017807
-0.005001
-0.176025
-0.107300
0.341309
-0.047699
-0.167480
-0.284424
0.053528
-0.199219
-0.213501
0.463867
0.137817
-0.172852
0.056885
-0.212646
-0.340820
-0.302490
-0.165527
0.551270
0.114258
-0.121582
0.044556
0.057861
-0.040527
0.520020
0.414795
-0.262207
0.227295
0.179810
-0.150513
0.238281
0.222778
-0.034454
0.029831
-0.317627
-0.391846
0.109009
0.210205
-0.000383
-0.214966
0.373535
-0.078491
-0.013023
0.095093
0.044220
0.062500
0.043579
-0.247681
-0.565918
-0.130005
-0.625000
0.044464
-0.074829
0.122192
-0.014420
-0.137817
0.125610
-0.029480
-0.114868
0.101868
0.055817
-0.053955
-0.450195
-0.000028
0.257568
-0.050323
-0.258545
-0.073914
-0.376221
0.226318
-0.366455
-0.372314
-0.179688
0.234985
-0.245972
0.261719
0.155884
-0.484131
-0.238281
-0.068420
0.158936
0.431641
0.300781
-0.270020
-0.123535
0.455566
0.323486
0.157837
0.148560
-0.130493
-0.156250
0.135010
0.396484
0.099792
-0.034546
-0.093811
0.266113
0.775879
0.041412
0.282227
0.337158
0.071045
0.611816
-0.151367
-0.404785
0.427002
0.529297
-0.403564
0.253174
-0.286621
0.534180
0.906738
0.174316
0.129639
0.048370
-0.385986
-0.352539
-0.288330
0.366943
0.561523
0.285400
-0.440430
0.197021
-0.124939
0.192017
0.383301
1.689453
0.419678
-0.708008
0.329590
0.301270
0.168701
0.157227
-0.252686
-0.429199
-0.122742
-0.219849
0.220093
0.603516
-0.211670
0.231201
-0.399170
0.418457
-0.150757
-0.264404
0.020386
-0.481445
0.283447
-0.356445
-0.056335
0.308350
0.037659
0.120544
-0.112915
0.548340
0.530762
0.149780
-0.163940
0.561035
-0.217407
-0.242920
0.336426
0.142212
0.188843
-0.555664
-0.533691
0.112854
0.218384
-0.113647
-0.424316
-0.092285
-0.166382
-0.130127
-0.056061
-0.462402
0.084473
0.003475
0.014023
-0.048309
0.444580
-0.339111
0.093750
0.492676
0.523926
-0.263428
0.296875
0.329346
0.263428
0.252686
-0.267334
0.720215
0.170288
0.104065
-0.006592
-0.248657
0.227539
-0.276123
0.020737
-0.410156
-0.066956
-0.192383
-0.164795
0.463867
0.195312
-0.208130
0.161255
-0.260254
-0.432373
-0.297363
-0.262451
0.567383
0.015991
-0.111389
0.033447
0.103088
-0.023361
0.463623
0.455811
-0.304199
0.208130
0.213989
-0.167114
0.240112
0.262939
0.039856
0.009666
-0.368652
-0.418213
0.126343
0.061523
-0.014259
-0.239746
0.378418
-0.232544
-0.047791
0.148804
0.058350
0.015236
-0.035767
-0.293457
-0.688965
-0.244263
-0.680664
0.056702
-0.091553
0.059723
0.079346
-0.156250
0.157471
0.160889
-0.065674
0.122559
0.081116
-0.088623
-0.421875
-0.018433
0.376709
-0.063171
-0.367676
0.037567
-0.410889
0.336914
-0.369873
-0.316162
-0.244995
0.170776
-0.305908
0.263916
0.169922
-0.446533
-0.233276
-0.174683
0.151978
0.290771
0.254883
-0.266357
-0.232666
0.410645
0.328857
0.165894
0.140381
-0.157227
-0.274170
-0.029892
0.511719
0.180298
-0.055939
-0.232910
0.296875
0.903320
0.218628
0.250488
0.483398
0.144775
0.813477
-0.187744
-0.515625
0.436768
0.561035
-0.502441
0.348389
-0.440186
0.741699
1.029297
0.233154
0.152344
0.135620
-0.393555
-0.460938
-0.223877
0.482422
0.752441
0.230835
-0.417236
0.172363
-0.175781
0.249023
0.555176
0.657227
0.373047
-0.935547
0.440186
0.306641
0.145508
0.253174
-0.440918
-0.512695
-0.260986
-0.177612
0.085938
0.710938
-0.282715
0.218384
-0.377441
0.456299
-0.018097
-0.292969
0.080566
-0.441895
-0.007477
-0.375000
-0.025146
0.294678
0.036652
-0.023727
-0.297607
0.471924
0.593750
0.219238
-0.276367
0.567871
-0.225952
-0.319824
0.343750
0.038239
0.387207
-0.776855
-0.526367
0.131714
0.203735
-0.117981
-0.566895
-0.127686
-0.309082
-0.108887
-0.131836
-0.472412
0.123169
0.063782
-0.018967
-0.102600
0.449951
-0.413818
0.165527
0.535645
0.566895
-0.243286
0.281250
0.398926
0.329102
0.342773
-0.400391
0.968262
0.290527
0.165649
0.151733
-0.341309
0.098999
-0.401611
0.162598
-0.461182
-0.156738
-0.152588
-0.164062
0.373779
0.151245
-0.130005
0.088989
-0.219971
-0.349854
-0.249756
-0.258057
0.525391
-0.018188
-0.095581
0.044312
0.089600
-0.039124
0.417725
0.420898
-0.317139
0.190796
0.212524
-0.122070
0.167480
0.225220
-0.009041
0.001656
-0.289062
-0.374268
0.096558
0.105225
-0.115723
-0.210693
0.349854
-0.127319
0.005871
0.157471
0.022903
0.009811
-0.021805
-0.269775
-0.596680
-0.249878
-0.594727
0.119019
-0.117126
0.085754
0.098938
-0.181396
0.139404
0.135620
-0.075317
0.095032
0.085022
-0.077515
-0.432373
-0.053162
0.288818
-0.051483
-0.326904
0.072571
-0.416260
0.290039
-0.302246
-0.265137
-0.290283
0.175049
-0.290039
0.263672
0.138306
-0.370361
-0.238525
-0.098083
0.117554
0.288330
0.263184
-0.236328
-0.246460
0.459961
0.323730
0.166992
0.119568
-0.149048
-0.257568
-0.029800
0.465820
0.139893
-0.042633
-0.199219
0.254150
0.706543
0.103394
0.235352
0.350830
0.145752
0.661621
-0.172607
-0.464600
0.411377
0.506348
-0.312744
0.267822
-0.318359
0.649902
0.808105
0.196045
0.118225
0.110596
-0.348145
-0.251465
-0.155029
0.392822
0.583984
0.171753
-0.365967
0.185913
-0.168457
0.190430
0.554688
0.712402
0.328857
-0.810547
0.412109
0.241333
0.173340
0.248291
-0.358887
-0.457520
-0.234497
-0.170898
0.080750
0.579590
-0.280273
0.200073
-0.345703
0.374023
-0.012192
-0.303467
0.090027
-0.404541
-0.079834
-0.364014
-0.001812
0.152954
-0.006424
-0.000512
-0.265625
0.446045
0.466064
0.211792
-0.228882
0.454834
-0.209839
-0.292480
0.317383
0.104797
0.447754
-0.613770
-0.480713
0.039917
0.185669
-0.099609
-0.504883
-0.114197
-0.268311
-0.079651
-0.095764
-0.398926
0.107544
-0.005280
0.031128
-0.115967
0.423340
-0.323242
0.101807
0.464111
0.483887
-0.265869
0.197876
0.311523
0.260742
0.320068
-0.306641
0.819336
0.262451
0.107361
0.163574
-0.291748
0.077209
-0.277832
0.100830
-0.349609
-0.116455
-0.107971
-0.168213
0.202148
0.048096
0.037079
-0.097168
-0.130493
-0.180298
-0.138184
-0.205688
0.445312
-0.012566
-0.063049
0.099548
0.046661
-0.065674
0.376221
0.324707
-0.315918
0.199951
0.196899
-0.036469
0.038025
0.143433
-0.121094
-0.004513
-0.098938
-0.257080
0.027313
0.220337
-0.299561
-0.165039
0.289062
0.140991
0.129272
0.131348
-0.049194
0.027740
0.020905
-0.208130
-0.361084
-0.203491
-0.430176
0.235962
-0.154175
0.173218
0.081909
-0.209229
0.103638
0.006134
-0.128296
0.048187
0.094238
-0.057892
-0.473877
-0.113403
0.085999
0.015854
-0.172607
0.110046
-0.386230
0.168945
-0.160645
-0.174316
-0.354248
0.187378
-0.227661
0.258789
0.103210
-0.231445
-0.271729
0.069458
0.058899
0.309814
0.311035
-0.186035
-0.230957
0.574219
0.294434
0.175171
0.059784
-0.117432
-0.165527
0.034698
0.329590
0.036804
-0.041046
-0.079285
0.106506
0.260498
-0.195923
0.222656
0.071838
0.116638
0.252686
-0.109375
-0.281494
0.350098
0.383789
0.061829
0.072693
-0.029907
0.362549
0.380615
0.093872
0.026108
0.023163
-0.226685
0.237183
-0.070435
0.151245
0.187744
0.073914
-0.300537
0.203125
-0.133545
0.033966
0.435303
2.367188
0.265625
-0.422607
0.292480
0.113586
0.218994
0.161743
-0.105469
-0.314453
-0.111511
-0.173340
0.125732
0.303467
-0.224365
0.181885
-0.237915
0.197144
-0.073914
-0.289551
0.069458
-0.331299
-0.097717
-0.333984
0.039337
-0.057770
-0.079651
0.106506
-0.117859
0.414062
0.223999
0.151245
-0.093018
0.253662
-0.186523
-0.202637
0.287354
0.238403
0.525391
-0.221680
-0.406250
-0.136963
0.146606
-0.058105
-0.317627
-0.079895
-0.119080
-0.014244
-0.010818
-0.261475
0.037018
-0.166260
0.137695
-0.096497
0.375732
-0.116089
-0.014008
0.322266
0.300781
-0.325195
0.053497
0.090454
0.098755
0.226196
-0.060486
0.411865
0.180420
-0.023514
0.088745
-0.144409
0.078552
-0.012741
-0.079102
-0.099915
-0.007687
-0.053436
-0.218994
0.028915
-0.048096
0.220581
-0.284180
-0.028992
0.030106
-0.061462
-0.104492
0.348389
-0.030792
-0.038544
0.137085
0.006844
-0.073914
0.285645
0.239136
-0.323730
0.162109
0.172485
0.067993
-0.094055
0.031433
-0.253418
0.000033
0.072266
-0.134521
-0.048035
0.364258
-0.488770
-0.117920
0.239380
0.411865
0.257568
0.127197
-0.103210
0.030991
0.077454
-0.139648
-0.094177
-0.111938
-0.247925
0.319092
-0.196899
0.244751
0.031433
-0.225952
0.046448
-0.155396
-0.208130
0.013039
0.073730
-0.005505
-0.514648
-0.149536
-0.132446
0.023911
0.001141
0.127563
-0.379883
0.000418
-0.057739
-0.076111
-0.367432
0.218384
-0.168701
0.262451
0.052765
-0.101257
-0.295898
0.274902
0.034393
0.405762
0.346680
-0.124817
-0.194214
0.699219
0.285156
0.164917
0.038788
-0.077576
-0.033386
0.076477
0.154419
-0.091736
0.019211
0.092834
0.001627
-0.202759
-0.489258
0.209351
-0.217041
0.069214
-0.163330
-0.015991
-0.068604
0.277100
0.250244
0.432617
-0.140259
0.273438
0.022583
-0.061707
-0.014969
-0.084167
-0.077148
-0.093079
0.750000
-0.002747
-0.100830
-0.232300
-0.028885
-0.241455
0.160522
-0.093506
-0.146851
0.278564
2.652344
0.199463
-0.025986
0.139893
-0.013359
0.259521
0.040771
0.195679
-0.152832
0.039856
-0.171997
0.171387
-0.009872
-0.131836
0.173340
-0.126587
0.025513
-0.158325
-0.242920
0.039398
-0.210693
-0.069336
-0.281982
0.072144
-0.201904
-0.154663
0.222778
0.039001
0.335693
0.002916
0.068054
0.060852
0.051636
-0.155640
-0.119568
0.259277
0.362549
0.592773
0.183472
-0.318115
-0.312500
0.110352
-0.011848
-0.095215
-0.060822
0.068237
0.066589
0.061066
-0.107422
-0.046234
-0.343018
0.236816
-0.072083
0.327148
0.125366
-0.144775
0.176514
0.103760
-0.391602
-0.073059
-0.135376
-0.080322
0.130371
0.203857
-0.023514
0.086609
-0.171143
-0.018463
0.044342
0.090454
0.247803
-0.264893
0.156616
0.115112
-0.006512
-0.310791
-0.042023
-0.088684
0.286621
-0.285156
0.006081
0.106201
-0.085754
-0.038391
0.276367
-0.153198
-0.042389
0.113586
-0.031235
-0.049744
0.158203
0.216675
-0.340332
0.038269
0.156006
0.174683
-0.171265
-0.061676
-0.299316
0.000943
0.106689
-0.146729
-0.070740
0.356445
-0.583984
-0.019821
0.237427
0.461670
0.327393
0.216553
-0.111267
-0.094421
0.072205
-0.162109
0.027451
-0.026230
-0.143555
0.314209
-0.209717
0.213135
-0.009338
-0.250244
-0.000910
-0.164185
-0.258545
0.015991
0.032806
0.057709
-0.485840
-0.114502
-0.255859
-0.066711
0.067871
0.165405
-0.398193
-0.100281
-0.037689
0.020523
-0.327637
0.218018
-0.179321
0.291992
-0.034760
-0.029633
-0.258057
0.357666
0.092468
0.509766
0.288574
-0.013298
-0.220093
0.740234
0.352783
0.058105
0.071899
-0.045685
-0.001113
0.088684
0.066650
-0.171753
0.124634
0.161133
0.084290
-0.361816
-0.461426
0.236694
-0.313721
0.023438
-0.280518
-0.006287
0.021225
0.222900
0.172485
0.556641
-0.244141
0.395752
-0.161865
-0.319580
-0.076416
-0.162720
-0.127808
-0.031494
0.856445
0.066284
-0.168579
-0.386719
-0.155029
-0.201782
0.062500
-0.070557
-0.228271
0.207397
-1.318359
0.150391
0.192627
0.104858
-0.080505
0.255615
0.042114
0.308350
-0.058807
0.102173
-0.132568
0.173584
-0.210693
-0.117554
0.169067
0.012192
-0.073303
-0.103577
-0.226074
0.016556
-0.047699
-0.182983
-0.250000
0.155273
-0.327637
-0.170654
0.174805
0.023102
0.202759
-0.157471
0.035095
0.137451
-0.104980
-0.158691
-0.145142
0.230591
0.391846
0.678711
0.328857
-0.249023
-0.389160
0.076416
0.010223
0.071960
-0.054138
0.143921
0.134155
0.043884
0.055756
-0.020706
-0.405762
0.208496
-0.087830
0.294189
0.288330
-0.150391
0.119507
-0.030975
-0.383545
-0.070679
-0.254883
-0.200806
0.205078
0.329346
-0.136230
0.139038
-0.210693
-0.048798
0.105164
-0.004601
0.343262
-0.206055
0.271973
0.120544
0.054413
-0.346680
-0.019104
-0.048737
0.267334
-0.196655
-0.064270
0.017075
-0.140991
-0.042511
0.297607
-0.208252
-0.047974
0.110229
-0.005131
-0.002026
0.153564
0.240356
-0.375977
-0.018402
0.153320
0.161255
-0.128662
-0.060425
-0.232178
0.002918
0.040527
-0.164917
-0.069824
0.254639
-0.550293
-0.045654
0.262695
0.343750
0.262695
0.219849
-0.074951
-0.157349
0.023697
-0.218140
-0.045227
-0.049225
-0.195923
0.267334
-0.200195
0.134766
-0.024048
-0.250488
-0.005318
-0.082581
-0.276123
0.035858
-0.007771
0.082458
-0.445801
-0.078979
-0.190918
-0.116211
0.007179
0.175659
-0.412109
-0.045349
-0.086060
0.081238
-0.322266
0.189087
-0.198486
0.314453
-0.030029
-0.086792
-0.251709
0.280273
0.138916
0.532715
0.236206
-0.013184
-0.234863
0.689941
0.362793
0.024857
0.105530
-0.027435
-0.046753
0.014374
0.114807
-0.149536
0.140381
0.117554
0.176880
-0.268066
-0.289307
0.238159
-0.193237
0.045624
-0.199219
-0.025391
-0.013535
0.227417
0.206421
0.429688
-0.174805
0.313477
-0.163818
-0.354736
-0.048584
-0.155518
-0.102966
-0.015053
0.450928
0.058685
-0.097534
-0.320068
-0.167725
-0.231567
-0.046753
-0.075867
-0.209351
0.201172
-3.748047
0.166504
0.117615
0.123657
-0.056366
0.200317
0.053925
0.244507
-0.098755
0.014870
-0.080444
0.103577
-0.201782
-0.115784
0.193115
0.056885
-0.121643
-0.054779
-0.178955
-0.001634
-0.010269
-0.300537
-0.244263
0.144897
-0.247314
-0.156860
0.109436
-0.047363
0.144531
-0.172607
0.048523
0.094849
-0.109741
-0.182373
-0.199829
0.240723
0.309570
0.781250
0.201782
-0.281738
-0.322266
0.078552
-0.001004
0.031677
-0.074219
0.104065
0.166748
-0.042908
0.095398
-0.028824
-0.327637
0.159668
-0.073730
0.334717
0.278809
-0.110535
0.180298
0.002125
-0.358643
-0.011147
-0.266357
-0.183228
0.274414
0.265869
-0.084534
0.214111
-0.139893
-0.023636
0.073486
-0.067627
0.234863
-0.096008
0.243164
0.054688
0.053741
-0.355225
0.017426
-0.041748
0.260254
-0.192749
-0.115417
-0.062744
-0.163696
-0.024811
0.339600
-0.143066
-0.041687
0.184570
0.020523
0.022888
0.244873
0.216797
-0.380127
-0.005295
0.131714
0.117310
-0.064087
-0.039093
-0.191040
0.023056
0.045776
-0.118408
-0.098694
0.227417
-0.467285
-0.082703
0.262939
0.334961
0.203125
0.140625
-0.061157
-0.111145
0.021942
-0.212646
-0.065857
-0.047974
-0.226074
0.255371
-0.191895
0.124268
-0.078308
-0.233887
0.007236
-0.113098
-0.302246
0.046509
-0.031860
0.084900
-0.440674
-0.035461
-0.180542
-0.051178
0.011711
0.119202
-0.370850
-0.000209
-0.109497
0.087402
-0.325928
0.176147
-0.202148
0.316650
0.000477
-0.169800
-0.280029
0.238037
0.150024
0.567871
0.253418
-0.065125
-0.164917
0.670410
0.319092
0.032654
0.087280
-0.016159
-0.055115
0.002687
0.138184
-0.136353
0.091797
0.116211
0.162598
-0.246338
-0.283936
0.248901
-0.092346
0.044373
-0.283936
-0.027756
0.022720
0.227783
0.227051
0.376221
-0.136230
0.276123
-0.216187
-0.382324
-0.048462
-0.131470
-0.119385
0.003481
0.187988
0.036896
-0.091431
-0.364014
-0.094360
-0.280762
-0.104736
-0.047852
-0.186279
0.075684
-3.365234
0.213379
0.103455
0.079773
-0.044159
0.171021
-0.034790
0.245605
-0.110962
-0.003004
-0.016235
0.088135
-0.165894
-0.069824
0.203247
0.055359
-0.154663
-0.108521
-0.087341
-0.020782
-0.055939
-0.230469
-0.226807
0.117126
-0.076416
-0.157471
0.093201
0.014359
0.145752
-0.190796
0.029861
0.095459
-0.095154
-0.217529
-0.145142
0.229980
0.244629
0.851562
0.183716
-0.342529
-0.253418
0.062500
-0.001332
-0.009758
-0.035004
0.095825
0.160645
-0.045746
0.097839
-0.068909
-0.271240
0.151611
-0.028442
0.382080
0.262939
-0.094238
0.224365
0.029480
-0.325684
-0.027145
-0.293945
-0.152344
0.193848
0.220215
-0.234497
0.186157
-0.089417
-0.041290
0.067078
-0.022675
0.179810
-0.137451
0.229614
0.050690
0.040497
-0.285400
-0.121521
-0.123779
0.442383
-0.343750
-0.168701
-0.086121
-0.073364
0.002857
0.376221
-0.015854
0.021011
0.359375
0.060028
-0.002731
0.425537
0.141479
-0.383789
0.091064
0.082703
0.110474
-0.086670
-0.033569
-0.149048
0.013100
0.212402
0.078003
-0.220459
0.180298
-0.571289
-0.136597
0.181641
0.521973
0.166748
-0.099731
-0.103699
-0.014343
0.007221
-0.178833
0.072632
-0.059204
-0.193359
0.352295
-0.198486
0.170410
-0.128296
-0.239746
-0.000979
-0.200195
-0.377686
0.002600
-0.034180
0.079834
-0.435303
-0.125000
-0.287109
0.128906
0.110901
0.122131
-0.262695
0.017120
0.054199
0.241699
-0.504395
0.111267
-0.096985
0.321289
0.063110
-0.209839
-0.377930
0.250000
0.064636
0.525391
0.312012
-0.176636
-0.077087
0.700684
0.187256
0.152222
-0.031052
0.038574
-0.008255
0.045349
0.065552
-0.166138
-0.023148
0.161987
-0.050659
-0.654785
-0.552734
0.254639
-0.163330
0.071716
-0.730957
0.055450
0.220825
0.161133
0.167603
0.582031
-0.268555
0.457275
-0.546875
-0.835938
-0.126953
-0.139282
-0.182861
0.059265
-0.054749
0.083679
-0.253174
-0.801758
-0.083069
-0.275146
-0.226562
0.014175
-0.276855
-0.156250
0.357422
0.251709
0.343018
-0.015121
-0.105652
0.200073
-0.233887
0.438965
-0.029236
0.044769
0.045319
0.161987
-0.404785
-0.000911
0.179077
0.201050
-0.387939
-0.238403
0.032227
-0.087402
-0.113831
-0.250488
-0.232300
0.137695
-0.060089
-0.268311
0.182983
0.194580
0.234985
-0.503418
0.009987
0.220459
-0.252686
-0.201294
-0.081360
0.283203
0.313965
1.232422
0.458984
-0.362793
-0.216064
0.042023
0.018890
0.076416
0.006756
0.211914
0.212524
0.003229
0.225220
-0.193115
-0.318359
0.228271
0.027191
0.372559
0.440918
-0.272461
0.165527
-0.063477
-0.363770
-0.124939
-0.542480
-0.233765
0.095459
0.421875
-0.757812
0.167603
-0.128296
-0.131592
0.139404
0.049866
0.349365
-0.321045
0.468018
0.138184
0.080811
-0.275879
-0.183350
-0.181152
0.427246
-0.422607
-0.039856
0.049896
0.006958
0.034698
0.307617
0.003986
-0.005749
0.279785
-0.032166
-0.045624
0.399170
0.098450
-0.302979
0.178101
0.070007
0.143433
-0.183594
-0.078918
-0.269287
-0.017868
0.286133
0.056519
-0.216553
0.322266
-0.598145
-0.078857
0.164673
0.655762
0.301025
-0.050720
-0.173706
-0.001512
0.043457
-0.126099
0.187744
0.003498
-0.080505
0.380371
-0.188721
0.240112
-0.093445
-0.242310
-0.027756
-0.284668
-0.360840
-0.028137
0.008789
0.088562
-0.443359
-0.159180
-0.428711
0.149414
0.180176
0.075439
-0.200317
-0.092224
0.105835
0.143066
-0.418213
0.152954
-0.044434
0.270020
0.028397
-0.080750
-0.357422
0.341064
0.050903
0.483643
0.345459
-0.121582
-0.101074
0.748535
0.207886
0.119629
-0.064026
0.030243
0.043091
0.191284
-0.041443
-0.236450
0.030640
0.199707
-0.153198
-0.733398
-0.623535
0.241821
-0.377686
0.021683
-0.791504
0.070068
0.277344
0.159668
0.104309
0.770996
-0.358154
0.568359
-0.514160
-0.854004
-0.152222
-0.202759
-0.229370
0.077332
0.332520
0.067627
-0.355225
-0.815430
-0.137329
-0.222534
-0.098694
0.004166
-0.334229
-0.120972
2.056641
0.201294
0.483398
-0.076111
-0.156006
0.222046
-0.172119
0.588379
0.050018
0.172974
-0.055634
0.205444
-0.447754
0.002565
0.171509
0.195190
-0.342285
-0.272217
-0.043732
-0.065063
-0.077087
-0.085876
-0.169922
0.136353
-0.204712
-0.224609
0.249634
0.258545
0.179688
-0.460449
-0.037079
0.245239
-0.277100
-0.175781
-0.023254
0.120850
0.479248
0.832031
0.635254
-0.285889
-0.389893
0.014648
0.028885
0.187622
0.032196
0.279053
0.192871
0.101562
0.215698
-0.146118
-0.430420
0.259277
-0.016479
0.315918
0.477051
-0.345703
0.068604
-0.147827
-0.370605
-0.181030
-0.496582
-0.304199
0.065796
0.505371
-0.762695
0.015854
-0.240356
-0.136475
0.215210
0.075623
0.470215
-0.396240
0.497559
0.206177
0.085205
-0.251221
-0.217529
-0.180786
0.329590
-0.460693
0.156006
0.258789
0.109863
0.000752
0.195801
-0.061646
-0.054260
0.085571
-0.130737
-0.090210
0.215332
0.099426
-0.231079
0.260498
0.126465
0.171143
-0.316406
-0.112915
-0.450195
-0.051514
0.308594
-0.051941
-0.136230
0.521973
-0.642090
-0.031311
0.185791
0.709961
0.504883
0.165527
-0.236084
-0.008156
0.082336
-0.067810
0.214233
0.009766
0.026962
0.413330
-0.207520
0.326660
0.049652
-0.247192
-0.025223
-0.291992
-0.262451
-0.046448
0.101929
0.054993
-0.499023
-0.204834
-0.478760
0.094360
0.180420
0.095215
-0.226074
-0.191528
0.100220
-0.040436
-0.279053
0.233154
-0.053467
0.197754
-0.020966
0.169922
-0.302246
0.450684
0.022293
0.356689
0.366211
-0.010452
-0.231201
0.817383
0.282227
0.075256
-0.046021
-0.033966
0.056946
0.234009
-0.085754
-0.267822
0.126221
0.182129
-0.216919
-0.638184
-0.609863
0.169556
-0.606934
0.000161
-0.573242
0.062805
0.185059
0.207764
0.056122
0.924805
-0.363037
0.584473
-0.164795
-0.554199
-0.119019
-0.281738
-0.211060
0.055084
1.193359
0.052063
-0.389160
-0.525391
-0.234253
-0.130615
0.197388
-0.078735
-0.350098
0.186035
3.884766
0.073608
0.431641
-0.068481
-0.197510
0.247437
0.086243
0.621582
0.072205
0.264893
-0.245117
0.146973
-0.314941
-0.056488
0.173462
0.039642
-0.114685
-0.190674
-0.247070
0.037170
0.015221
0.059113
-0.087830
0.100342
-0.451904
-0.106628
0.275635
0.181274
0.029953
-0.170776
-0.066345
0.163574
-0.203735
-0.129883
0.013786
-0.105408
0.652832
0.071472
0.657227
-0.149658
-0.687500
-0.007446
0.036804
0.225830
0.018829
0.259766
0.146484
0.196167
0.086914
-0.014053
-0.565430
0.280518
-0.123108
0.237305
0.387451
-0.369385
-0.039673
-0.186768
-0.385498
-0.236572
-0.246948
-0.328857
0.079895
0.466064
-0.355469
-0.185181
-0.379395
-0.020660
0.267334
0.035095
0.521484
-0.393555
0.376465
0.238892
0.074951
-0.263916
-0.203003
-0.208618
0.381104
-0.478516
0.090027
0.230103
0.058685
0.021332
0.234375
-0.028076
-0.044464
0.133545
-0.120972
-0.110779
0.312744
0.099670
-0.256592
0.219482
0.103027
0.170166
-0.275635
-0.109802
-0.402832
-0.025803
0.291260
-0.043213
-0.146851
0.528320
-0.661133
-0.032349
0.178345
0.739258
0.411865
0.074524
-0.224365
0.005001
0.113586
-0.110779
0.205566
0.002359
-0.000740
0.402832
-0.197876
0.306152
0.012558
-0.268799
-0.048645
-0.342041
-0.302490
-0.076111
0.052094
0.097534
-0.475342
-0.213623
-0.497314
0.090149
0.152954
0.067383
-0.257324
-0.181641
0.113159
-0.000354
-0.352783
0.256592
-0.023773
0.232178
-0.031921
0.040466
-0.300049
0.449219
0.006344
0.472656
0.375488
-0.045807
-0.159180
0.794434
0.264160
0.096680
-0.024414
-0.001242
0.071716
0.301025
-0.092163
-0.284180
0.113892
0.219360
-0.146729
-0.716797
-0.691895
0.201660
-0.642090
0.000110
-0.676270
0.047485
0.180298
0.231323
0.090942
0.927734
-0.382324
0.646973
-0.323486
-0.715820
-0.131104
-0.222778
-0.244141
0.024902
0.886719
0.045319
-0.406982
-0.704102
-0.170410
-0.160278
0.194580
-0.042847
-0.327637
0.121887
3.097656
0.143311
0.486328
-0.046356
-0.169067
0.263916
0.020920
0.611328
0.063171
0.220337
-0.232300
0.236572
-0.411133
-0.077026
0.178467
-0.024277
-0.223999
-0.250732
-0.236572
-0.014221
-0.118469
0.062500
-0.152954
0.084534
-0.512695
-0.149536
0.353027
0.252441
0.220703
-0.353516
-0.033936
0.220215
-0.242676
-0.134277
0.004570
0.012794
0.678711
0.202881
0.735352
-0.214233
-0.584473
0.029343
0.016724
0.210938
0.019135
0.286865
0.120361
0.208862
0.120789
-0.064941
-0.529785
0.311035
-0.074402
0.277832
0.421387
-0.422607
-0.010735
-0.142700
-0.407227
-0.215454
-0.353516
-0.323975
0.058380
0.529297
-0.531250
-0.163696
-0.344971
-0.087036
0.241577
0.109375
0.581543
-0.457275
0.420410
0.249268
0.071472
-0.267578
-0.042480
-0.179077
0.354248
-0.382324
-0.109558
-0.055511
-0.114746
0.085693
0.392090
0.153320
-0.030457
0.311768
-0.022491
-0.102905
0.634766
0.133301
-0.232422
0.229004
0.017517
0.073975
-0.060852
-0.021576
-0.183228
0.009644
0.175903
0.001911
-0.198975
0.349609
-0.425293
-0.090210
0.174683
0.610840
0.130371
-0.182617
-0.147461
0.088806
0.089172
-0.165649
0.092285
0.040619
-0.187378
0.276855
-0.135742
0.216309
-0.141602
-0.229858
-0.037048
-0.376709
-0.388916
-0.047089
-0.024948
0.124207
-0.379150
-0.146484
-0.410645
0.167236
0.102356
-0.081787
-0.166016
-0.058014
0.049683
0.000119
-0.397461
0.191406
-0.018982
0.270752
0.038239
-0.335205
-0.333008
0.266357
0.055939
0.604004
0.377441
-0.250732
0.029877
0.653809
0.180908
0.162231
-0.046631
0.015076
0.047363
0.360107
-0.052338
-0.221924
0.027390
0.197632
-0.070312
-0.519043
-0.594727
0.304688
-0.297119
-0.019287
-0.699707
0.055176
0.214233
0.223267
0.205566
0.577637
-0.310303
0.491699
-0.535645
-0.702637
-0.114746
-0.064148
-0.262939
-0.081360
-0.449463
-0.065186
-0.265869
-0.806641
0.071960
-0.311279
-0.086487
0.047913
-0.207397
-0.221558
1.594727
0.375977
0.312012
-0.034454
-0.016388
0.229980
-0.266602
0.541504
-0.003811
0.163818
-0.103638
0.393066
-0.375732
-0.020645
0.170654
0.015266
-0.287354
-0.429932
-0.014961
-0.130859
-0.345215
0.225342
-0.221802
0.066589
-0.034271
-0.192749
0.337402
0.367920
0.465088
-0.468994
0.008537
0.265869
-0.145142
-0.171997
-0.028671
0.167725
0.531250
0.668945
0.569336
-0.402100
-0.141113
0.065796
-0.023697
0.088074
0.052032
0.289307
0.061554
0.163208
0.120544
-0.146118
-0.316650
0.224609
0.032196
0.361084
0.392578
-0.428467
0.166748
0.022217
-0.343506
-0.079590
-0.425537
-0.190796
0.028076
0.446533
-0.812500
-0.041840
-0.160767
-0.226440
0.122253
0.294678
0.418457
-0.469971
0.389648
0.226318
0.023987
-0.233643
0.124512
-0.083923
0.368164
-0.251221
-0.396240
-0.428955
-0.299805
0.087036
0.610352
0.325684
0.011688
0.541504
0.196045
-0.077820
0.960938
0.247437
-0.285156
0.234375
-0.047180
-0.075989
0.217285
0.125366
0.123962
0.042786
0.012077
0.110901
-0.269043
0.048096
-0.211426
-0.269043
0.177002
0.373779
-0.236328
-0.499023
-0.020676
0.226074
0.021286
-0.220825
-0.126343
-0.010117
-0.479980
0.151489
-0.099304
0.076050
-0.276855
-0.179321
0.001577
-0.312256
-0.468262
0.002251
-0.107788
0.129639
-0.298096
-0.117065
-0.161499
0.236084
-0.014748
-0.166260
-0.137207
0.163452
-0.041931
0.095520
-0.551758
0.074768
-0.047699
0.333740
0.190796
-0.776367
-0.418213
0.011253
0.079773
0.657715
0.372314
-0.565918
0.208374
0.488770
0.057526
0.347656
-0.068787
0.013390
-0.008080
0.223511
0.087646
-0.076416
-0.105286
0.126831
-0.012428
-0.293213
-0.480713
0.379883
0.216431
0.048584
-0.614258
0.107178
0.199219
0.205688
0.362305
0.093140
-0.164795
0.224365
-0.701660
-0.596680
-0.055176
0.140869
-0.195801
-0.211792
-1.847656
-0.156738
-0.018585
-0.856934
0.328613
-0.463379
-0.508789
0.102722
-0.058502
-0.499023
0.281006
0.608398
-0.073364
0.035767
0.173828
0.194214
-0.582031
0.344238
-0.157959
0.000983
0.091614
0.465332
-0.296143
0.066162
0.159180
0.099976
-0.341064
-0.575195
0.232788
-0.228638
-0.597656
0.251465
-0.337158
0.038147
0.612793
-0.300049
0.289307
0.405518
0.747070
-0.519043
0.098694
0.260010
0.016495
-0.180298
-0.139893
0.487061
0.267578
1.541016
0.216431
-0.608398
0.427490
0.159668
-0.064270
-0.137207
0.014008
0.224609
0.036743
0.027084
0.100952
-0.275146
-0.053650
0.158569
0.123962
0.458984
0.328125
-0.420898
0.374268
0.240112
-0.317383
0.091431
-0.487549
0.014511
0.042023
0.311768
-1.001953
0.197998
0.063599
-0.333252
-0.048676
0.463379
0.146484
-0.442627
0.323730
0.180664
-0.036804
-0.215698
0.190796
-0.027817
0.389404
-0.205811
-0.503418
-0.562012
-0.385254
0.094971
0.699219
0.393311
0.026917
0.628418
0.311523
-0.062927
1.065430
0.314697
-0.314697
0.231689
-0.076050
-0.140503
0.334961
0.189697
0.252441
0.056244
-0.069214
0.180298
-0.305908
-0.065247
-0.120239
-0.369629
0.174683
0.273193
-0.399414
-0.627930
0.037811
0.310791
-0.007225
-0.215698
-0.217896
-0.035675
-0.604492
0.086548
-0.089355
0.007912
-0.325195
-0.148682
0.012558
-0.288086
-0.501465
0.023575
-0.144897
0.136719
-0.265381
-0.108032
-0.035583
0.241943
-0.068665
-0.207520
-0.142090
0.242920
-0.097778
0.127075
-0.610352
0.031769
-0.068970
0.353027
0.265137
-0.960938
-0.457031
-0.085693
0.085449
0.674805
0.375732
-0.726074
0.284180
0.417725
-0.001978
0.453613
-0.072449
-0.001120
-0.017303
0.107971
0.141113
-0.007523
-0.143921
0.105347
0.000937
-0.198975
-0.451904
0.386719
0.438721
0.084900
-0.546875
0.158325
0.189331
0.193359
0.423584
-0.116150
-0.093323
0.092163
-0.743652
-0.513672
-0.011826
0.228394
-0.145264
-0.252930
-2.322266
-0.200073
0.106567
-0.861328
0.432617
-0.512207
-0.726562
0.109741
-0.004364
-0.586914
-0.389160
0.685547
-0.304688
0.055054
0.258057
0.173096
-0.724121
0.247192
-0.234741
-0.076660
0.172974
0.460938
-0.266113
0.135376
0.152954
0.125977
-0.341309
-0.644043
0.338135
-0.251221
-0.698242
0.274902
-0.372070
0.010147
0.950684
-0.358154
0.282227
0.413818
0.855957
-0.478760
0.140625
0.236816
0.107849
-0.162598
-0.196289
0.637207
0.143188
1.930664
0.040955
-0.677246
0.671875
0.214966
-0.075928
-0.253906
-0.030426
0.187500
0.033356
-0.042358
0.089417
-0.346924
0.048737
0.163696
0.151733
0.492188
0.298828
-0.426270
0.446045
0.334229
-0.320801
0.151245
-0.495850
0.114502
0.027542
0.248535
-1.061523
0.283691
0.137939
-0.369141
-0.107361
0.543945
0.011787
-0.456543
0.279297
0.173218
-0.069702
-0.242432
0.072205
-0.083252
0.395508
-0.314453
-0.302979
-0.293945
-0.261963
0.082397
0.553223
0.289795
0.005333
0.488525
0.221558
-0.084961
0.812500
0.262695
-0.298828
0.219604
-0.032471
-0.048065
0.159302
0.094482
0.040161
0.030136
0.048309
0.150513
-0.275146
0.142944
-0.266602
-0.276855
0.166504
0.437012
-0.150513
-0.417969
-0.035492
0.269531
0.048920
-0.125122
-0.062073
-0.005650
-0.396240
0.168091
-0.131958
0.103088
-0.239258
-0.168823
-0.007408
-0.339600
-0.432373
-0.007530
-0.085999
0.125854
-0.337891
-0.133301
-0.183716
0.188599
0.022034
-0.162964
-0.179443
0.085754
-0.050476
0.071350
-0.517090
0.108276
-0.067200
0.310059
0.172974
-0.662598
-0.414062
0.111694
0.053711
0.624023
0.385986
-0.567871
0.185181
0.546387
0.065430
0.377686
-0.065430
-0.035583
0.033386
0.131226
0.060242
-0.089905
-0.054138
0.163574
-0.067566
-0.367676
-0.567383
0.321289
0.124817
0.054565
-0.580078
0.160034
0.200562
0.191772
0.304688
0.206299
-0.193237
0.260986
-0.634766
-0.555176
-0.050629
0.100586
-0.172974
-0.167358
-1.241211
-0.130127
-0.035492
-0.845215
0.266846
-0.391113
-0.520020
0.063965
-0.106628
-0.400146
0.172974
0.517090
-0.109680
0.002497
0.132568
0.210815
-0.535645
0.367676
-0.132202
0.046997
0.074524
0.389404
-0.339111
0.127563
0.148438
0.092346
-0.276611
-0.549316
0.183105
-0.169067
-0.525391
0.303711
-0.283691
0.027176
0.625000
-0.317627
0.310791
0.395996
0.661133
-0.400146
0.076172
0.251465
0.016418
-0.128662
-0.121643
0.455322
0.303955
1.481445
0.260986
-0.509277
0.325684
0.174561
-0.037079
-0.096497
-0.022583
0.231934
0.057556
0.044891
0.109619
-0.261963
-0.146240
0.237427
0.069641
0.409424
0.358154
-0.441895
0.276611
0.172974
-0.349854
0.038055
-0.441895
-0.010025
0.008438
0.355957
-0.941895
0.117004
-0.031372
-0.304688
0.009270
0.458740
0.187256
-0.509766
0.299805
0.236328
-0.029861
-0.295654
-0.027451
-0.167236
0.253906
-0.455566
0.129639
0.206543
-0.062683
0.066162
0.255127
0.128296
-0.069641
0.157593
0.004101
-0.137329
0.307373
0.177979
-0.185547
0.216309
0.060272
0.112976
-0.136597
-0.070007
-0.396973
-0.011650
0.216431
-0.022659
-0.141235
0.575195
-0.397461
-0.026474
0.177612
0.671875
0.366211
0.076355
-0.164185
0.186646
0.188110
0.063660
0.190918
0.126099
-0.010574
0.264404
-0.170654
0.318359
-0.094360
-0.172241
-0.022141
-0.461182
-0.244995
-0.020523
0.063354
0.068481
-0.479980
-0.108582
-0.446533
0.071594
0.209961
-0.141724
-0.214600
-0.246704
-0.032471
-0.194702
-0.191162
0.276367
-0.106445
0.191895
-0.027084
-0.079590
-0.275879
0.478516
0.035278
0.510742
0.395508
-0.205322
0.003536
0.758789
0.250244
0.161743
-0.029236
-0.133423
0.130371
0.290283
-0.094543
-0.230225
0.127075
0.269775
-0.154785
-0.409668
-0.675781
0.235840
-0.394043
-0.076843
-0.426758
0.109009
0.174805
0.202515
0.098999
0.672852
-0.347412
0.471436
-0.223389
-0.211060
-0.105713
-0.135498
-0.222656
-0.077087
1.027344
-0.069214
-0.227539
-0.539062
0.014320
-0.184814
-0.001728
-0.014435
-0.221802
-0.033051
1.504883
0.210205
0.188599
-0.076233
-0.055603
0.291016
-0.122375
0.536621
0.061981
0.369873
-0.175049
0.316406
-0.258057
0.080872
0.121765
-0.040070
0.062256
-0.362305
-0.158447
0.015175
-0.197998
0.564453
-0.102661
0.088745
0.066650
-0.149658
0.312012
0.338379
0.247314
-0.013626
-0.066589
0.252197
-0.015747
-0.081482
0.052277
0.026489
0.584473
0.271484
0.552734
-0.191528
-0.324463
0.077942
0.027237
0.196411
0.026047
0.281006
0.023209
0.253662
0.009598
0.007549
-0.489990
0.290527
-0.101746
0.217407
0.336426
-0.361572
-0.010155
-0.081604
-0.338623
-0.120728
-0.145386
-0.173950
-0.033569
0.435791
-0.456055
-0.235107
-0.335693
-0.182617
0.184448
0.327637
0.442139
-0.542969
0.175659
0.340820
0.009041
-0.310059
-0.009460
-0.196655
0.131104
-0.466064
0.291992
0.346924
0.001902
0.038055
0.138672
0.076660
-0.097168
0.050812
-0.095215
-0.167725
0.129517
0.134888
-0.111023
0.221680
0.109314
0.161499
-0.230957
-0.114380
-0.555664
-0.019897
0.270996
-0.139771
-0.057831
0.709961
-0.384033
0.109741
0.190063
0.713867
0.568359
0.302246
-0.212280
0.147095
0.245972
0.114685
0.254150
0.180298
0.132202
0.296143
-0.181274
0.410889
-0.040039
-0.173462
-0.000618
-0.484863
-0.148682
-0.001857
0.144165
0.013580
-0.530273
-0.068176
-0.541992
0.059204
0.271973
-0.127075
-0.206299
-0.341309
-0.036652
-0.334229
-0.041656
0.325684
-0.158691
0.140381
-0.122131
0.146973
-0.202026
0.592773
0.041473
0.442871
0.386719
-0.038788
-0.071777
0.828125
0.339111
0.040741
-0.025528
-0.190186
0.129883
0.391113
-0.123474
-0.261963
0.170166
0.276611
-0.164551
-0.307373
-0.641113
0.232666
-0.513184
-0.148315
-0.299561
0.046539
0.131836
0.214233
0.032379
0.813477
-0.377441
0.497070
0.046509
0.067749
-0.130981
-0.222656
-0.249023
-0.076538
1.931641
-0.040375
-0.273926
-0.296387
-0.057770
-0.120117
0.298828
-0.031372
-0.211060
0.111755
1.988281
0.096802
0.284912
-0.076538
-0.127686
0.324951
0.079163
0.556152
0.136475
0.515625
-0.264404
0.296387
-0.105896
0.008415
0.096313
-0.131592
0.270508
-0.249756
-0.301025
0.109253
-0.053802
0.692871
-0.029678
0.141968
-0.178101
-0.030579
0.234009
0.286621
0.030975
0.185791
-0.124695
0.230225
-0.002361
-0.098328
0.163452
-0.210571
0.668457
-0.384033
0.616699
-0.083984
-0.588867
-0.004520
0.048798
0.286865
0.099304
0.261230
-0.025696
0.365723
-0.077637
0.186890
-0.591309
0.233521
-0.174561
0.144653
0.259277
-0.263428
-0.091980
-0.163330
-0.273926
-0.189209
0.049194
-0.210571
-0.055664
0.372559
-0.168091
-0.381592
-0.416504
-0.091125
0.202271
0.255859
0.505859
-0.499512
0.066956
0.351318
0.037689
-0.363525
0.078003
-0.173096
0.087097
-0.458984
0.306396
0.330811
-0.062927
0.064575
0.121521
0.118958
-0.083862
0.135376
-0.028854
-0.149536
0.066956
0.127930
-0.112976
0.140625
0.112976
0.155029
-0.165649
-0.115417
-0.568359
0.022430
0.273438
-0.110229
-0.051422
0.718262
-0.268799
0.139160
0.197632
0.688965
0.568359
0.353760
-0.173462
0.213135
0.297119
0.188477
0.278564
0.239868
0.160767
0.263428
-0.206665
0.432373
-0.128540
-0.137573
0.031830
-0.547852
-0.141479
0.057312
0.140259
-0.021133
-0.573242
0.032410
-0.531738
0.068054
0.339111
-0.171631
-0.217285
-0.358154
-0.118896
-0.373291
0.027222
0.325684
-0.258301
0.142822
-0.149414
0.119812
-0.196777
0.648926
0.071045
0.513184
0.384521
-0.063660
0.010040
0.857910
0.346924
0.023865
-0.012428
-0.254639
0.149536
0.316895
-0.102051
-0.239380
0.153320
0.328857
-0.132935
-0.206909
-0.654297
0.260254
-0.336426
-0.200073
-0.273193
0.061951
0.160767
0.183594
0.017578
0.744141
-0.378906
0.437744
0.048370
0.291748
-0.155884
-0.196777
-0.255371
-0.071960
2.214844
-0.030502
-0.234985
-0.275146
0.021667
-0.147217
0.222900
0.002289
-0.172852
-0.023285
0.165894
0.106201
0.239380
-0.105652
-0.117432
0.342773
-0.031021
0.517578
0.153931
0.587402
-0.166748
0.298096
-0.024414
0.080566
0.058594
-0.131104
0.387207
-0.272705
-0.210449
0.141724
-0.024490
0.846680
-0.009674
0.169312
0.088989
-0.042847
0.155151
0.326416
-0.040863
0.308105
-0.163452
0.263428
0.056610
-0.116638
0.245605
-0.181641
0.539062
-0.258057
0.562988
-0.085999
-0.504395
-0.026489
0.076660
0.269775
0.137085
0.259033
-0.047485
0.382568
-0.111084
0.206909
-0.573242
0.206909
-0.151001
0.135742
0.231079
-0.159790
-0.079468
-0.161499
-0.223267
-0.213257
0.091980
-0.155518
-0.169189
0.296875
-0.228027
-0.381836
-0.392822
-0.130371
0.188354
0.311523
0.450684
-0.543457
-0.003227
0.385010
0.036011
-0.394775
0.188477
-0.113403
0.059479
-0.411621
0.233398
0.220947
-0.161255
0.090637
0.184814
0.183716
-0.074463
0.242676
0.069580
-0.110168
0.110718
0.158203
-0.141846
0.089539
0.099304
0.102051
-0.037872
-0.071472
-0.490234
0.070679
0.210449
-0.058167
-0.068054
0.658691
-0.124634
0.079407
0.214233
0.598145
0.452637
0.302002
-0.106934
0.298340
0.305664
0.210938
0.208618
0.249023
0.080383
0.198608
-0.215820
0.395020
-0.212891
-0.098145
0.059906
-0.569336
-0.168091
0.108521
0.103394
-0.026306
-0.580566
0.118164
-0.433838
0.083191
0.324707
-0.229126
-0.234375
-0.297119
-0.223022
-0.385986
0.040283
0.310547
-0.335938
0.160278
-0.111084
-0.028366
-0.223145
0.602051
0.107239
0.592285
0.395508
-0.165527
0.105835
0.828613
0.316895
0.058685
0.004505
-0.286377
0.144897
0.191040
-0.040405
-0.180176
0.123413
0.338379
-0.085876
-0.061646
-0.626465
0.278320
-0.078857
-0.201904
-0.224243
0.092102
0.166870
0.169922
0.065430
0.566406
-0.303223
0.300537
0.048828
0.488525
-0.134888
-0.123596
-0.230713
-0.087280
2.062500
-0.056641
-0.136963
-0.246704
0.154785
-0.210815
0.085022
0.023544
-0.105591
-0.147583
-1.264648
0.161255
0.044250
-0.112793
-0.060608
0.333252
-0.184692
0.409180
0.094482
0.553223
-0.057098
0.268799
0.088074
0.155640
0.044678
-0.170044
0.457764
-0.331543
-0.081848
0.155518
-0.094788
0.940430
-0.016708
0.151489
0.463379
-0.076477
0.091431
0.349121
-0.011177
0.412598
-0.159912
0.249634
0.157349
-0.135742
0.279053
-0.078430
0.363525
0.011681
0.403320
-0.155273
-0.317139
-0.016373
0.081299
0.143677
0.142700
0.211182
-0.067078
0.348633
-0.156006
0.160645
-0.481201
0.197266
-0.107788
0.181763
0.167480
-0.073853
-0.002937
-0.082336
-0.192505
-0.215942
0.127686
-0.045013
-0.279785
0.176514
-0.305176
-0.346680
-0.314453
-0.154297
0.141724
0.391113
0.308350
-0.592285
-0.086609
0.380615
0.006077
-0.333008
0.211304
-0.065308
0.097961
-0.340088
0.059509
0.047302
-0.185181
0.025024
0.314941
0.199219
-0.056763
0.270020
0.102905
-0.079346
0.286865
0.204712
-0.221802
0.116211
0.102722
0.025742
0.054443
0.013885
-0.328857
0.068542
0.115723
-0.053864
-0.074829
0.511230
-0.145630
-0.050171
0.230347
0.473877
0.273682
0.135498
-0.066589
0.266602
0.231445
0.091187
0.031494
0.111938
-0.117615
0.197510
-0.188354
0.320068
-0.192749
-0.114563
0.070312
-0.449707
-0.194580
0.084656
0.060486
-0.023270
-0.551270
0.057037
-0.254395
0.095276
0.185425
-0.175293
-0.273926
-0.132080
-0.216919
-0.281494
-0.124512
0.271729
-0.279541
0.210449
-0.003340
-0.205322
-0.278320
0.423096
0.090210
0.576172
0.390137
-0.242188
0.092896
0.735352
0.259277
0.141235
0.017700
-0.202637
0.078430
0.142456
0.079041
-0.109802
0.025604
0.247437
-0.033722
-0.022476
-0.578613
0.275146
0.014275
-0.096375
-0.201294
0.052795
0.078796
0.224731
0.184448
0.366943
-0.177124
0.208618
0.002359
0.367432
-0.068726
-0.040009
-0.165771
-0.128418
1.273438
-0.093933
-0.055939
-0.240845
0.209839
-0.279785
0.036438
0.002119
-0.057922
-0.093018
0.508789
0.253418
-0.090759
-0.028229
0.018280
0.288818
-0.194214
0.266357
-0.042206
0.328613
-0.041382
0.251221
0.115540
0.099976
0.100586
-0.199341
0.300049
-0.333740
-0.073547
0.084961
-0.262695
0.700195
-0.131226
0.078918
0.451904
-0.117920
0.159180
0.298340
0.225098
0.288086
-0.071411
0.178589
0.200562
-0.155762
0.157349
0.111755
0.283447
0.343262
0.234131
-0.289551
-0.150879
0.064880
0.035278
-0.012054
0.078186
0.136475
-0.052887
0.223999
-0.176392
0.041931
-0.343506
0.214355
-0.048920
0.279785
0.095703
-0.071716
0.120972
0.069336
-0.246582
-0.116760
0.041931
0.019882
-0.192383
0.128052
-0.283447
-0.192993
-0.193970
-0.153320
0.060699
0.379395
0.199951
-0.515137
-0.077026
0.285400
-0.042053
-0.301514
0.186035
-0.051605
0.125122
-0.347656
0.031494
0.063782
-0.148560
-0.010872
0.343262
0.173096
-0.055023
0.211304
0.075317
-0.075623
0.298096
0.229614
-0.263184
0.145142
0.135376
0.017670
0.034088
0.030334
-0.324707
0.058289
0.088623
-0.086548
-0.046082
0.520020
-0.244385
-0.098572
0.248657
0.468506
0.273193
0.118713
-0.060333
0.214966
0.213379
0.033508
-0.021332
0.052704
-0.191772
0.226929
-0.184448
0.325439
-0.148438
-0.132690
0.067139
-0.404785
-0.192749
0.064514
0.063171
-0.029510
-0.580078
-0.005985
-0.178711
0.060883
0.145142
-0.106323
-0.331055
-0.101074
-0.193237
-0.252930
-0.185059
0.287109
-0.224976
0.233032
0.042511
-0.197021
-0.295410
0.392090
0.072571
0.555176
0.399170
-0.217651
0.030365
0.734863
0.266602
0.173340
0.048370
-0.156616
0.084167
0.147339
0.106750
-0.100769
0.003893
0.241943
-0.025330
-0.054352
-0.614258
0.257568
-0.076843
-0.049316
-0.175781
0.034210
0.018631
0.260742
0.224487
0.339111
-0.153564
0.230713
-0.009239
0.312012
-0.050079
-0.047913
-0.137207
-0.134155
1.195312
-0.116577
-0.077881
-0.218384
0.176025
-0.293457
0.098938
-0.027878
-0.091003
0.009262
2.416016
0.261719
-0.053009
0.011192
0.036346
0.283691
-0.137695
0.252930
-0.091003
0.256836
-0.113586
0.266602
0.112488
0.048126
0.144409
-0.206787
0.240234
-0.320557
-0.139160
0.053314
-0.288574
0.558594
-0.198608
0.039978
0.283691
-0.123413
0.250000
0.257812
0.333740
0.256836
-0.041351
0.153198
0.220093
-0.152466
0.069702
0.217651
0.304932
0.396973
0.210205
-0.321533
-0.180908
0.110840
0.014198
-0.029770
0.015823
0.137817
-0.030212
0.170898
-0.210449
-0.013588
-0.342529
0.240845
-0.030701
0.306641
0.067078
-0.072571
0.153442
0.114990
-0.319092
-0.057068
-0.008507
0.001700
-0.109863
0.160400
-0.183960
-0.117065
-0.192261
-0.175781
0.073120
0.337158
0.208740
-0.460693
-0.040894
0.245483
-0.077148
-0.309326
0.124817
-0.059082
0.171997
-0.365723
0.072693
0.131470
-0.117371
0.005653
0.302002
0.098511
-0.049438
0.182983
0.042145
-0.079834
0.224487
0.225342
-0.262695
0.134888
0.155273
0.070312
-0.042969
-0.004166
-0.366699
0.047302
0.112183
-0.100525
-0.042999
0.530273
-0.347412
-0.073120
0.250977
0.505859
0.336426
0.180176
-0.076843
0.155029
0.197021
0.005596
0.031982
0.064941
-0.160156
0.256592
-0.208130
0.333252
-0.114929
-0.152832
0.052795
-0.384033
-0.215088
0.063965
0.075378
-0.022018
-0.589844
-0.041901
-0.213379
0.022430
0.168579
-0.026535
-0.356445
-0.139282
-0.156372
-0.218628
-0.188354
0.281738
-0.221191
0.242554
0.020111
-0.109070
-0.288574
0.435303
0.077087
0.545898
0.387939
-0.160889
-0.040955
0.774414
0.304932
0.150757
0.061371
-0.149292
0.100037
0.130005
0.058044
-0.131470
0.053711
0.263428
-0.029510
-0.147095
-0.624512
0.251465
-0.166748
-0.052582
-0.202271
0.060913
0.043549
0.242676
0.189331
0.440186
-0.214355
0.302002
-0.031677
0.210815
-0.072266
-0.104370
-0.147095
-0.099609
1.337891
-0.077576
-0.140503
-0.252686
0.082336
-0.266113
0.115906
-0.039825
-0.157471
0.058258
2.123047
0.215698
0.041962
0.013618
-0.003386
0.297119
-0.104492
0.328613
-0.061218
0.285400
-0.158813
0.268555
0.040161
0.017044
0.146851
-0.151489
0.214111
-0.289551
-0.163452
0.053040
-0.176147
0.426514
-0.202148
0.068909
0.127930
-0.130005
0.245361
0.208008
0.259766
0.218140
-0.042877
0.164429
0.156738
-0.143066
0.026733
0.206909
0.354736
0.380859
0.276367
-0.279053
-0.285645
0.089233
0.023468
0.025665
-0.002857
0.180420
0.014343
0.165161
-0.174683
-0.011459
-0.409668
0.228516
-0.049652
0.282471
0.130127
-0.105225
0.125244
0.056549
-0.355469
-0.076050
-0.045410
-0.068298
-0.045319
0.214722
-0.151733
-0.074097
-0.238159
-0.166504
0.123657
0.259277
0.273682
-0.421143
0.059296
0.241821
-0.048950
-0.319824
0.100708
-0.084351
0.192017
-0.323242
0.064819
0.124634
-0.133789
0.014549
0.282959
0.013771
-0.052246
0.153320
-0.013618
-0.099854
0.220459
0.226929
-0.249268
0.103760
0.153198
0.128540
-0.095947
-0.032715
-0.354492
0.032593
0.092773
-0.171631
-0.028809
0.481934
-0.416260
0.000488
0.252441
0.496582
0.341553
0.217773
-0.093811
0.050049
0.169556
-0.076538
0.046082
0.078979
-0.153442
0.255615
-0.200928
0.302490
-0.088196
-0.193970
0.030090
-0.329102
-0.240356
0.052307
0.068054
0.009827
-0.541992
-0.063049
-0.265381
-0.024582
0.142944
0.032257
-0.364990
-0.154785
-0.111389
-0.179932
-0.208374
0.264648
-0.211548
0.264404
-0.031830
-0.097717
-0.248901
0.421387
0.100586
0.571777
0.346924
-0.087891
-0.101990
0.764648
0.359619
0.089844
0.074097
-0.123657
0.076721
0.203369
0.024567
-0.161377
0.106079
0.242432
0.048523
-0.177979
-0.549805
0.288086
-0.233032
-0.066589
-0.193970
0.030334
0.031982
0.241089
0.185913
0.478027
-0.263184
0.351074
-0.063843
0.084351
-0.092041
-0.122375
-0.170654
-0.116089
1.130859
-0.043274
-0.155640
-0.277588
0.008186
-0.254150
0.145264
-0.031738
-0.169556
0.097473
0.340820
0.216797
0.122131
0.071594
-0.015976
0.309326
-0.046631
0.353271
-0.037384
0.282715
-0.197266
0.327148
-0.037811
-0.071045
0.141602
-0.115112
0.166382
-0.239258
-0.205078
0.033020
-0.122253
0.269287
-0.235474
0.130249
-0.095459
-0.119629
0.209106
0.139771
0.253174
0.088867
-0.009201
0.181641
0.073669
-0.152344
-0.046387
0.196289
0.418701
0.364014
0.321777
-0.269287
-0.319824
0.067139
0.009842
0.069702
-0.001838
0.193726
0.025192
0.164917
-0.114075
0.037201
-0.422363
0.171387
-0.071533
0.271973
0.190430
-0.136841
0.134155
0.030319
-0.355713
-0.048431
-0.084534
-0.125977
0.080994
0.255371
-0.096924
0.010559
-0.233643
-0.147949
0.103821
0.183960
0.331299
-0.322510
0.136963
0.203735
-0.006462
-0.373535
0.150513
-0.085083
0.184204
-0.253418
-0.012146
0.050629
-0.226807
0.063843
0.317139
-0.004738
-0.067810
0.150757
-0.044373
-0.088135
0.305664
0.242188
-0.251709
0.046661
0.125488
0.134155
-0.050354
-0.041534
-0.288086
0.051208
0.010635
-0.233765
-0.016541
0.438721
-0.382324
0.022614
0.278809
0.435547
0.246704
0.176880
-0.066345
-0.024094
0.163818
-0.175049
0.002964
0.111084
-0.210938
0.188354
-0.170288
0.236694
-0.138306
-0.210938
-0.001490
-0.331787
-0.297607
0.048309
0.001298
0.074524
-0.479980
-0.030777
-0.269775
-0.083313
0.091614
-0.004398
-0.376709
-0.140015
-0.148438
-0.157471
-0.197754
0.274902
-0.189819
0.303467
-0.059204
-0.235107
-0.217896
0.369141
0.155518
0.712402
0.309814
-0.076782
-0.065674
0.708008
0.390625
0.032257
0.131470
-0.073547
0.071899
0.289551
0.011124
-0.187378
0.149902
0.254150
0.200073
-0.110840
-0.445557
0.337891
-0.210327
-0.090027
-0.186523
-0.007210
0.012527
0.263672
0.233276
0.376465
-0.245728
0.344971
-0.161743
-0.018250
-0.090454
-0.095337
-0.206665
-0.157349
0.520996
-0.087830
-0.129395
-0.297852
0.041290
-0.311035
0.121399
-0.001038
-0.138794
0.027985
-2.212891
0.294434
0.158936
0.094543
0.032440
0.279297
-0.056671
0.355957
-0.050140
0.245361
-0.202637
0.403320
-0.074341
-0.112244
0.170776
-0.132812
0.092651
-0.260742
-0.179321
-0.034943
-0.162842
0.258789
-0.268311
0.122498
-0.131348
-0.091370
0.216553
0.144043
0.324951
-0.030472
0.007675
0.197510
0.060089
-0.184082
-0.096680
0.219360
0.428711
0.318359
0.305420
-0.339844
-0.233154
0.077759
-0.023087
0.075073
0.007053
0.216797
0.010513
0.139160
-0.081360
0.036835
-0.350586
0.102905
-0.032043
0.320068
0.203613
-0.150269
0.208862
0.080383
-0.333984
0.047699
-0.125122
-0.134888
0.153931
0.247925
-0.126709
0.061829
-0.165405
-0.195435
0.071716
0.193237
0.306885
-0.249878
0.141357
0.155273
-0.017929
-0.395752
0.231323
-0.075378
0.140991
-0.209106
-0.081055
-0.029816
-0.304932
0.090088
0.383057
0.050476
-0.092041
0.148438
-0.054108
-0.085388
0.439941
0.262207
-0.242065
0.052765
0.093262
0.085083
0.036469
-0.015762
-0.223755
0.068481
-0.074890
-0.273926
-0.005577
0.444336
-0.281738
-0.005360
0.300781
0.384033
0.134766
0.094849
-0.041229
-0.011719
0.176270
-0.225464
-0.078369
0.116150
-0.289062
0.118164
-0.130737
0.192017
-0.179321
-0.206665
-0.019485
-0.362305
-0.323486
0.034576
-0.049927
0.121338
-0.436768
0.000288
-0.238647
-0.098572
0.021225
-0.101746
-0.371582
-0.104126
-0.203735
-0.206177
-0.179077
0.304199
-0.162231
0.315918
-0.043091
-0.401611
-0.204956
0.299072
0.184448
0.819824
0.315430
-0.125610
0.003922
0.638184
0.381348
0.029022
0.165039
-0.043152
0.067444
0.373535
0.028839
-0.185547
0.152100
0.250732
0.289795
0.019104
-0.385254
0.366211
-0.168213
-0.099426
-0.147217
-0.042633
-0.036652
0.311523
0.309814
0.239502
-0.174683
0.290527
-0.190186
-0.015884
-0.058044
-0.028870
-0.216187
-0.207031
-0.010223
-0.165894
-0.074890
-0.279785
0.144775
-0.375000
0.122375
0.016083
-0.072327
-0.022202
-2.980469
0.387207
0.086670
0.106506
0.103516
0.247070
-0.086060
0.307373
-0.101135
0.180298
-0.204102
0.451416
-0.033142
-0.120911
0.201172
-0.227661
0.063965
-0.321777
-0.156738
-0.081543
-0.306152
0.364502
-0.295654
0.061981
-0.053345
-0.065857
0.266846
0.191895
0.468750
-0.062500
0.027466
0.181519
0.123535
-0.206299
-0.106628
0.258789
0.421387
0.246094
0.243530
-0.433350
-0.109802
0.112244
-0.058105
0.007408
0.012909
0.200073
-0.038727
0.129761
-0.112122
0.010284
-0.254639
0.085510
0.015945
0.388184
0.144043
-0.149292
0.288330
0.181519
-0.315918
0.122009
-0.114868
-0.082092
0.142456
0.196411
-0.159302
0.042419
-0.093750
-0.235840
0.024139
0.277100
0.239990
-0.256104
0.074951
0.128784
-0.062988
-0.418213
0.309570
-0.063538
0.096191
-0.200317
-0.123901
-0.064758
-0.364014
0.113708
0.434326
0.127930
-0.108459
0.147705
-0.052673
-0.079773
0.531250
0.273926
-0.242310
0.050873
0.076233
0.028275
0.122681
0.010712
-0.192505
0.098511
-0.135620
-0.289062
0.012955
0.499756
-0.185791
-0.045776
0.322754
0.358887
0.051361
0.022171
-0.008636
0.038422
0.216797
-0.236572
-0.140259
0.124146
-0.346436
0.062134
-0.105103
0.183105
-0.228027
-0.185547
-0.024765
-0.433105
-0.328369
0.025421
-0.093384
0.143066
-0.433105
0.038483
-0.198853
-0.107666
-0.016418
-0.201782
-0.382568
-0.083435
-0.273926
-0.267090
-0.148071
0.357178
-0.136353
0.322266
-0.024246
-0.536133
-0.201416
0.274658
0.191772
0.927734
0.334229
-0.176025
0.095154
0.598145
0.359131
0.041779
0.205688
-0.022659
0.089844
0.432617
0.048492
-0.183716
0.138794
0.281494
0.355469
0.120972
-0.399170
0.376709
-0.140747
-0.105591
-0.126099
-0.066467
-0.080811
0.361084
0.371094
0.126099
-0.106262
0.260498
-0.218872
0.032349
-0.033630
0.032532
-0.226196
-0.244507
-0.286377
-0.246094
-0.043884
-0.273193
0.260742
-0.435547
0.157959
0.032776
-0.017517
-0.074158
-2.873047
0.463867
0.060303
0.092529
0.167480
0.222412
-0.113464
0.268799
-0.140991
0.137451
-0.205811
0.490234
0.018188
-0.104736
0.235840
-0.352051
0.055542
-0.386963
-0.140015
-0.121521
-0.449951
0.533691
-0.315918
-0.024979
0.036713
-0.042603
0.353027
0.271484
0.609375
-0.052643
0.022141
0.178955
0.206787
-0.223633
-0.075012
0.316895
0.406006
0.126465
0.209595
-0.511719
-0.016647
0.158325
-0.081787
-0.043427
0.017563
0.200928
-0.087280
0.126343
-0.167969
-0.032410
-0.179443
0.096008
0.078308
0.451416
0.072693
-0.141235
0.342773
0.279541
-0.308594
0.187866
-0.098755
-0.030228
0.078552
0.158569
-0.204102
-0.016602
-0.043121
-0.301270
0.001949
0.380127
0.190796
-0.305664
-0.014206
0.125610
-0.126953
-0.417969
0.324707
-0.047089
0.056580
-0.230103
-0.092773
-0.014412
-0.339111
0.090454
0.442383
0.162109
-0.127930
0.085754
-0.045471
-0.063843
0.500000
0.282959
-0.261475
0.075073
0.086487
-0.008789
0.144043
0.022644
-0.234863
0.099060
-0.145264
-0.279541
0.027283
0.592285
-0.152710
-0.098511
0.337402
0.369141
0.078369
0.033295
-0.004730
0.083923
0.245850
-0.177856
-0.170532
0.102844
-0.346436
0.056976
-0.098633
0.207886
-0.219360
-0.161377
-0.020218
-0.468750
-0.284912
0.014153
-0.088135
0.130615
-0.479736
0.048279
-0.155518
-0.120850
-0.021576
-0.255615
-0.404785
-0.093933
-0.321289
-0.328857
-0.106018
0.411133
-0.124634
0.301025
0.009102
-0.516113
-0.215576
0.293701
0.178589
0.915039
0.364502
-0.189453
0.111816
0.608398
0.340332
0.067505
0.219482
-0.029190
0.112427
0.409180
0.084778
-0.173218
0.122864
0.292480
0.322510
0.169556
-0.444824
0.331299
-0.182617
-0.087097
-0.072021
-0.073792
-0.120117
0.392822
0.386475
0.087341
-0.045776
0.232300
-0.160278
0.162964
0.004028
0.041779
-0.193848
-0.238647
0.019867
-0.294434
-0.018082
-0.192871
0.291260
-0.431152
0.192505
-0.001291
-0.009041
-0.012276
-1.581055
0.448486
0.001881
0.059509
0.181641
0.202515
-0.073120
0.221802
-0.173706
0.111450
-0.214600
0.426270
0.074280
-0.049591
0.264404
-0.422607
0.101379
-0.394287
-0.186279
-0.102661
-0.518066
0.675781
-0.294922
-0.098267
0.120239
-0.027786
0.434814
0.306396
0.656250
0.081360
-0.002449
0.143311
0.293213
-0.207031
-0.043304
0.335938
0.390625
0.012108
0.166870
-0.502930
-0.032166
0.212280
-0.077881
-0.059692
-0.016190
0.177002
-0.104187
0.110474
-0.225952
-0.061188
-0.178955
0.174072
0.080322
0.464600
0.006939
-0.097412
0.321045
0.313965
-0.328369
0.206665
-0.046356
0.004501
0.012665
0.150146
-0.133179
-0.107544
-0.065674
-0.316162
0.020569
0.428711
0.149048
-0.360840
-0.126221
0.146606
-0.184570
-0.354492
0.278564
-0.029297
0.051483
-0.275146
-0.050781
0.018875
-0.245605
0.026825
0.430908
0.192261
-0.115784
0.070862
-0.009529
-0.051971
0.438965
0.276855
-0.275635
0.140991
0.111572
-0.040466
0.125977
0.051544
-0.265869
0.074646
-0.088013
-0.213257
0.014221
0.597656
-0.167847
-0.158447
0.316895
0.382324
0.141602
0.037933
-0.018173
0.142822
0.229004
-0.091370
-0.171631
0.048309
-0.332275
0.110901
-0.108521
0.253662
-0.172974
-0.134277
0.015556
-0.436279
-0.219849
0.014450
-0.031677
0.060852
-0.531738
0.015640
-0.098450
-0.064270
0.007652
-0.227417
-0.382812
-0.074341
-0.299316
-0.331543
-0.122742
0.393799
-0.123657
0.264404
0.068542
-0.406494
-0.259277
0.296143
0.125854
0.750488
0.390625
-0.213745
0.077209
0.632324
0.288818
0.133911
0.165405
-0.055878
0.106018
0.311279
0.129639
-0.128906
0.052216
0.257324
0.174438
0.138794
-0.505859
0.266846
-0.170532
-0.038727
-0.052124
-0.049194
-0.115845
0.379395
0.360596
0.103516
-0.018784
0.199463
-0.063599
0.272949
0.025131
0.022156
-0.137939
-0.204224
0.446289
-0.281250
-0.007557
-0.121826
0.265137
-0.390381
0.186035
-0.041718
-0.032074
0.060669
1.530273
0.388672
-0.055054
0.033203
0.158447
0.201660
-0.043762
0.188721
-0.187012
0.105957
-0.204590
0.329346
0.129639
0.002674
0.257324
-0.386963
0.148682
-0.364746
-0.212524
-0.059631
-0.498779
0.681641
-0.264160
-0.117249
0.196899
-0.043884
0.447266
0.296143
0.607422
0.214478
-0.017517
0.104980
0.337891
-0.176636
-0.019821
0.321533
0.354492
0.060455
0.120483
-0.450928
-0.082214
0.231323
-0.054596
-0.069153
-0.043121
0.140137
-0.081909
0.089661
-0.265625
-0.079407
-0.210449
0.242554
0.053619
0.428711
-0.033661
-0.069031
0.268066
0.293945
-0.348389
0.167969
-0.003979
0.028168
-0.030502
0.148071
-0.062408
-0.143311
-0.107910
-0.280762
0.040802
0.412354
0.122314
-0.392578
-0.169922
0.168579
-0.201172
-0.293945
0.175171
-0.020737
0.110474
-0.290771
-0.031860
0.028214
-0.146729
-0.041473
0.398193
0.120667
-0.082825
0.094666
0.020966
-0.037231
0.347656
0.261963
-0.310059
0.164551
0.140015
-0.014778
0.049408
0.051666
-0.270996
0.039459
-0.011337
-0.147217
-0.019745
0.501953
-0.279053
-0.179810
0.284180
0.388672
0.210938
0.074951
-0.046021
0.118713
0.161499
-0.068237
-0.143555
-0.023483
-0.301025
0.199829
-0.147217
0.260254
-0.097229
-0.149414
0.038544
-0.319092
-0.195557
0.024811
0.022476
0.010368
-0.551270
-0.045532
-0.078186
-0.016174
0.028793
-0.088013
-0.371826
-0.037750
-0.217407
-0.227539
-0.208008
0.317871
-0.147705
0.252441
0.095520
-0.253418
-0.297363
0.284424
0.088135
0.568359
0.381592
-0.193115
-0.032349
0.667969
0.269043
0.166748
0.099792
-0.074158
0.058044
0.164551
0.164185
-0.097534
0.013443
0.188599
0.050842
0.010719
-0.510742
0.220093
-0.156860
0.020752
-0.088135
-0.020844
-0.079895
0.328857
0.306641
0.202026
-0.044373
0.197632
-0.020691
0.213257
0.019501
-0.029175
-0.089844
-0.140747
0.739258
-0.179810
-0.028900
-0.129028
0.145508
-0.327881
0.127319
-0.077454
-0.089478
0.135376
2.658203
0.295654
-0.064453
0.043945
0.086304
0.204834
-0.020782
0.181274
-0.178101
0.081116
-0.158325
0.212036
0.099548
0.001500
0.229248
-0.241211
0.121826
-0.277100
-0.213013
-0.009323
-0.372314
0.427002
-0.245850
-0.052429
0.153564
-0.088379
0.362549
0.203735
0.468262
0.208740
-0.007236
0.072449
0.259033
-0.161133
-0.043243
0.301514
0.306641
0.327881
0.104126
-0.381836
-0.170288
0.196655
-0.025040
-0.073181
-0.065369
0.101440
-0.006729
0.051880
-0.210571
-0.083191
-0.263672
0.264404
0.002054
0.379150
0.014389
-0.050598
0.217651
0.210815
-0.364746
0.076843
-0.046326
-0.002764
0.005367
0.164917
-0.035065
-0.064758
-0.140503
-0.184570
0.055481
0.283691
0.129883
-0.349121
-0.076172
0.156860
-0.143066
-0.316650
0.180298
-0.017944
0.069641
-0.234497
0.010895
0.045471
-0.144531
-0.081909
0.321777
0.001434
-0.070129
0.087769
0.012894
-0.031769
0.176880
0.248535
-0.313232
0.065369
0.182983
0.055450
-0.008530
0.021820
-0.309082
0.042633
0.015404
-0.210205
0.016739
0.440674
-0.311035
-0.061249
0.288330
0.335449
0.302002
0.249512
-0.049011
0.023346
0.152832
-0.075256
-0.117859
-0.010849
-0.224121
0.233032
-0.174927
0.270508
-0.072388
-0.169556
0.068909
-0.233643
-0.148438
0.067810
0.060364
-0.032166
-0.563477
-0.002277
-0.101562
-0.045654
0.055603
0.018555
-0.401611
-0.053497
-0.208618
-0.195923
-0.180908
0.283691
-0.245728
0.258301
0.006901
-0.115479
-0.246094
0.327637
0.109436
0.517090
0.319580
-0.062439
-0.113892
0.703125
0.344238
0.067200
0.109680
-0.111816
0.003317
0.116882
0.187988
-0.086426
0.033569
0.157715
0.115845
0.058136
-0.410400
0.241577
-0.101807
-0.008392
0.000591
-0.070251
-0.101929
0.290283
0.254883
0.252441
-0.068237
0.174561
0.116577
0.338623
-0.013870
-0.077454
-0.085205
-0.134033
1.180664
-0.075256
-0.008430
-0.007557
0.062805
-0.280273
0.202637
-0.071045
-0.069153
0.201416
0.521973
0.210571
-0.040344
0.103760
0.028900
0.236450
0.072327
0.121765
-0.136597
0.131592
-0.124756
0.168701
0.165283
-0.072571
0.182129
-0.212524
0.218384
-0.127808
-0.249023
0.059021
-0.196655
0.269775
-0.229736
0.067078
0.012482
-0.062561
0.173950
0.073364
0.254395
0.242676
-0.008583
0.068481
0.192993
-0.186401
-0.019363
0.215942
0.255371
0.274414
0.072144
-0.310059
-0.272217
0.116943
-0.001581
-0.038391
-0.013550
0.053467
0.004169
0.069702
-0.195068
0.050751
-0.294189
0.173584
-0.050110
0.323242
0.014900
0.053528
0.195068
0.132690
-0.299316
0.020615
0.022324
-0.023438
0.054230
0.095764
0.138794
0.000837
-0.137085
-0.079773
0.016647
0.147095
0.139038
-0.225830
-0.088196
0.116943
-0.067017
-0.397461
0.361572
-0.014618
-0.096313
-0.131470
0.030502
-0.011513
-0.226929
-0.089233
0.267334
-0.011421
-0.067017
0.107056
-0.018692
-0.011116
0.058929
0.224487
-0.274902
-0.068848
0.226440
0.098816
0.044067
0.010437
-0.344971
0.087952
-0.005985
-0.365723
0.124939
0.396484
-0.174683
0.128906
0.332275
0.223633
0.387207
0.443359
-0.006577
-0.086548
0.208862
-0.080383
-0.119019
0.109802
-0.195801
0.190308
-0.153931
0.323975
-0.185669
-0.149170
0.131592
-0.241211
-0.090088
0.170776
0.092651
-0.118530
-0.612793
0.157959
-0.102661
-0.072144
0.151733
0.027328
-0.404297
-0.090881
-0.291016
-0.264160
-0.032715
0.272949
-0.374023
0.280762
-0.097412
-0.075195
-0.162476
0.371094
0.200195
0.586426
0.246826
0.115295
-0.087402
0.719238
0.464355
-0.112732
0.161743
-0.140625
-0.008240
0.233887
0.227905
-0.064514
-0.004578
0.196533
0.274902
0.330322
-0.266113
0.358154
0.091003
-0.135254
0.153442
-0.183838
-0.125122
0.265625
0.238892
0.105103
-0.067749
0.085510
0.269775
0.753906
-0.076233
-0.112854
-0.131714
-0.199341
1.620117
-0.078247
0.039886
0.265381
0.102051
-0.321533
0.350342
-0.002890
0.022827
0.095459
-1.385742
0.208862
0.050385
0.148926
0.037292
0.271973
0.123718
0.049927
-0.072754
0.299316
-0.102966
0.268799
0.405273
-0.147217
0.144287
-0.229736
0.440674
-0.027878
-0.251221
0.088013
-0.042328
0.388672
-0.231445
0.206543
-0.004253
0.044434
-0.038696
0.011169
0.063171
0.394287
-0.061279
0.107971
0.254883
-0.268066
0.061798
0.126953
0.136963
-0.033722
-0.018188
-0.308838
-0.274658
0.017014
0.006329
0.048767
0.104126
0.030548
-0.059479
0.123413
-0.290283
0.253174
-0.262207
-0.033844
-0.043610
0.284424
-0.090576
0.296387
0.256348
0.114929
-0.162354
0.084106
0.176758
0.000269
0.072449
-0.059479
0.378662
0.065918
-0.066772
-0.095093
-0.056580
0.090393
0.086121
-0.054749
-0.241821
0.059052
-0.047272
-0.395020
0.474854
0.009094
-0.205566
-0.047638
0.010147
-0.090210
-0.263672
-0.122192
0.272949
0.002295
-0.065552
0.108887
-0.030045
-0.009453
0.054932
0.233398
-0.245605
-0.085510
0.256104
0.082886
0.092590
0.045044
-0.322021
0.099426
-0.052216
-0.458496
0.189453
0.335205
-0.080505
0.187500
0.360596
0.113892
0.389648
0.504395
0.021301
-0.126709
0.212036
-0.107117
-0.188232
0.130371
-0.242188
0.159668
-0.133789
0.337891
-0.209473
-0.135498
0.176758
-0.201538
-0.045227
0.219971
0.121643
-0.179810
-0.624023
0.212769
-0.041077
-0.068542
0.146484
0.038635
-0.396240
-0.055054
-0.335449
-0.317383
0.019394
0.253174
-0.426758
0.286133
-0.114929
-0.088318
-0.129028
0.327148
0.231323
0.565430
0.212891
0.166504
-0.091614
0.691406
0.506836
-0.167236
0.179932
-0.157471
-0.043457
0.286621
0.283936
-0.019165
-0.049866
0.163452
0.343506
0.550293
-0.146729
0.408203
0.234985
-0.168945
0.316650
-0.249023
-0.184814
0.276611
0.268555
-0.048370
-0.017914
-0.022278
0.424072
1.033203
-0.076111
-0.097046
-0.125854
-0.272217
1.626953
-0.103638
0.113159
0.484375
0.146240
-0.356689
0.443115
0.015236
0.105286
0.096497
-1.292969
0.232910
0.002033
0.209961
0.077759
0.279297
0.176880
-0.042297
-0.088562
0.332520
-0.116028
0.317383
0.587402
-0.216553
0.132812
-0.270020
0.572754
0.026352
-0.267578
0.097717
-0.016251
0.429932
-0.253906
0.249756
-0.001497
0.111023
-0.140259
-0.051361
0.016891
0.505859
-0.057739
0.087158
0.338379
-0.307129
0.070618
0.101685
0.072449
-0.211670
-0.151978
-0.333008
-0.233643
-0.015686
-0.005924
0.026657
0.147949
-0.014488
-0.110657
0.131836
-0.383545
0.354980
-0.204468
-0.153198
-0.041901
0.277588
-0.200806
0.400146
0.321289
0.167114
-0.095154
0.148071
0.298584
0.053650
0.111755
-0.184692
0.595703
0.116760
-0.001561
-0.078918
-0.135498
0.067078
0.008430
0.064087
-0.355713
0.004551
-0.055542
-0.382080
0.491943
0.022507
-0.224243
-0.005630
-0.009064
-0.127197
-0.280273
-0.129395
0.290283
-0.011543
-0.074219
0.086060
-0.039795
-0.016266
0.084717
0.255615
-0.233032
-0.066589
0.255127
0.077576
0.101685
0.058807
-0.290283
0.087646
-0.095337
-0.496582
0.202515
0.294922
-0.068054
0.183472
0.368652
0.065918
0.362549
0.501465
0.025024
-0.150146
0.187378
-0.142822
-0.230713
0.124451
-0.286133
0.137085
-0.118652
0.312500
-0.191040
-0.138428
0.174805
-0.159302
-0.049133
0.221436
0.122864
-0.174561
-0.596191
0.201172
-0.010155
-0.085815
0.108887
0.048065
-0.392822
-0.033173
-0.338135
-0.328857
0.018860
0.240112
-0.417725
0.288330
-0.103943
-0.116577
-0.118774
0.276611
0.244873
0.550293
0.199707
0.160034
-0.119995
0.659668
0.519043
-0.167969
0.184204
-0.151489
-0.063477
0.301758
0.291016
-0.005863
-0.037720
0.128784
0.369141
0.620117
-0.071472
0.420410
0.260986
-0.161133
0.398926
-0.255371
-0.218994
0.287109
0.294678
-0.111572
0.001312
-0.063232
0.469482
1.076172
-0.057190
-0.086548
-0.112488
-0.303955
1.427734
-0.121460
0.154541
0.556152
0.141602
-0.364746
0.445312
0.004055
0.124268
0.137817
-1.500977
0.249512
-0.053223
0.247925
0.104980
0.275391
0.210571
-0.070435
-0.113708
0.309326
-0.145264
0.335449
0.613770
-0.250732
0.136108
-0.266602
0.591309
0.038147
-0.288574
0.089111
-0.020950
0.391602
-0.272949
0.254150
-0.026398
0.127563
-0.153320
-0.096619
0.040436
0.520020
-0.033630
0.061493
0.363281
-0.306885
0.016281
0.102905
0.083923
-0.249756
-0.215942
-0.347168
-0.206543
-0.007050
-0.021729
0.005569
0.132202
-0.033386
-0.118469
0.115295
-0.396240
0.373779
-0.182861
-0.185669
-0.055542
0.279785
-0.222290
0.398926
0.350586
0.198730
-0.095398
0.191528
0.333252
0.067871
0.180664
-0.210205
0.696777
0.160522
0.015427
-0.066467
-0.164795
0.052216
-0.026077
0.123169
-0.372070
-0.023529
-0.060242
-0.378174
0.519531
0.035919
-0.275146
0.023849
0.010277
-0.110413
-0.292969
-0.145264
0.281982
-0.028625
-0.094604
0.029144
-0.052826
-0.029449
0.055603
0.281006
-0.217773
-0.062561
0.266113
0.069702
0.101746
0.063293
-0.301758
0.081116
-0.136230
-0.549316
0.236694
0.322510
-0.045319
0.193726
0.382812
0.024124
0.368652
0.547363
0.028732
-0.151001
0.194824
-0.146973
-0.273926
0.115112
-0.290527
0.112244
-0.113586
0.305908
-0.155273
-0.136841
0.176636
-0.140137
-0.015808
0.218628
0.131592
-0.175415
-0.589844
0.203369
0.011879
-0.125122
0.066223
0.034180
-0.413330
-0.037567
-0.367920
-0.387451
0.057037
0.262939
-0.426514
0.276367
-0.120911
-0.106812
-0.088989
0.271240
0.244507
0.537109
0.190918
0.170166
-0.140747
0.644043
0.542969
-0.177124
0.205200
-0.171753
-0.079895
0.311279
0.306396
0.004261
-0.007477
0.104736
0.407471
0.726074
-0.016510
0.410400
0.253418
-0.161377
0.536133
-0.274902
-0.291260
0.313232
0.311523
-0.154907
0.037781
-0.105896
0.585449
1.183594
-0.031052
-0.071777
-0.093262
-0.340332
1.448242
-0.136597
0.200195
0.669434
0.148071
-0.356201
0.500000
-0.014763
0.159790
0.225708
-1.906250
0.242310
-0.135864
0.282959
0.126465
0.274658
0.284180
-0.124695
-0.137329
0.293213
-0.181152
0.325684
0.673828
-0.278809
0.137085
-0.331787
0.658691
0.068909
-0.340332
0.108887
-0.034424
0.416260
-0.274414
0.233032
-0.061371
0.155396
-0.160034
-0.138672
0.044312
0.595703
-0.018402
0.028564
0.409668
-0.297363
0.000201
0.080994
0.099792
-0.393799
-0.279785
-0.337402
-0.215942
0.004765
-0.031342
-0.023392
0.120850
-0.066589
-0.144165
0.118774
-0.440430
0.414795
-0.172241
-0.199829
-0.078918
0.279297
-0.277344
0.401611
0.354736
0.234009
-0.088440
0.220093
0.416260
0.097839
0.209473
-0.255615
0.851074
0.142212
0.017334
-0.034912
-0.192993
0.053619
-0.055878
0.159058
-0.447510
-0.036987
-0.071655
-0.355713
0.478760
0.039215
-0.269043
0.025085
-0.000209
-0.118713
-0.279297
-0.151001
0.306885
-0.032990
-0.116455
-0.002556
-0.057648
-0.040405
0.123596
0.286133
-0.212036
-0.005482
0.239502
0.035522
0.094727
0.072937
-0.277832
0.064575
-0.155396
-0.525879
0.206421
0.341064
-0.035278
0.133911
0.375488
0.025452
0.315430
0.488770
0.004135
-0.107971
0.171021
-0.159790
-0.317871
0.054657
-0.295410
0.103760
-0.109192
0.260010
-0.086670
-0.152344
0.150879
-0.117310
-0.020142
0.172729
0.115112
-0.124146
-0.536133
0.166382
0.001615
-0.115112
-0.025848
-0.010437
-0.395508
-0.001387
-0.360840
-0.403320
0.033844
0.279785
-0.388916
0.251465
-0.100708
-0.140991
-0.096863
0.221802
0.218384
0.511719
0.208740
0.104065
-0.151245
0.608398
0.500977
-0.145264
0.189453
-0.168335
-0.116516
0.285645
0.310547
-0.000448
0.029785
0.042145
0.383545
0.720215
0.030350
0.357666
0.199829
-0.114624
0.547363
-0.266846
-0.329834
0.353516
0.334961
-0.117493
0.091614
-0.123657
0.635254
1.068359
0.020844
-0.040283
-0.076477
-0.335205
1.126953
-0.143433
0.220703
0.647949
0.154175
-0.341553
0.497070
-0.046570
0.177368
0.313477
-2.042969
0.243896
-0.256348
0.281982
0.130005
0.239746
0.325684
-0.146606
-0.181519
0.192017
-0.192383
0.244507
0.642090
-0.276611
0.155396
-0.404053
0.604980
0.054047
-0.356445
0.121155
-0.126587
0.406250
-0.241699
0.154663
-0.058380
0.160400
-0.121521
-0.133911
0.088013
0.560547
0.008812
-0.033936
0.395752
-0.283936
-0.003235
0.021484
0.162354
-0.479004
-0.289062
-0.347656
-0.227417
0.024292
-0.043823
-0.110229
0.101501
-0.110718
-0.151978
0.117737
-0.418213
0.381348
-0.146973
-0.138916
-0.096436
0.315430
-0.284668
0.302246
0.346191
0.268066
-0.095276
0.177979
0.430420
0.116577
0.188232
-0.270020
0.818848
0.046844
0.016876
0.040131
-0.201294
0.076416
-0.078613
0.106140
-0.462891
-0.038818
-0.072449
-0.223633
0.390869
0.063843
-0.207153
0.025223
-0.088318
-0.225952
-0.202393
-0.222534
0.401123
0.009842
-0.104614
0.027786
-0.011246
-0.054260
0.299805
0.307129
-0.232056
0.154175
0.219482
-0.049500
0.102722
0.149536
-0.163940
0.018402
-0.157959
-0.428711
0.137939
0.235352
-0.079224
-0.025772
0.342041
-0.004589
0.197144
0.299072
-0.021164
-0.023422
0.070862
-0.197876
-0.426514
-0.108093
-0.397461
0.146729
-0.105713
0.206909
0.030777
-0.167236
0.156006
-0.002329
-0.024704
0.113770
0.127686
-0.121521
-0.477051
0.037750
0.092285
-0.009590
-0.159912
0.018234
-0.344727
0.149048
-0.280518
-0.340332
-0.135498
0.220947
-0.308594
0.227295
0.020615
-0.202881
-0.175049
0.062805
0.135498
0.328613
0.251221
-0.057281
-0.197510
0.539551
0.378662
0.006870
0.103516
-0.150879
-0.201172
0.176514
0.375488
0.062927
-0.040466
-0.108215
0.237427
0.654785
0.038849
0.282471
0.224976
0.016510
0.530273
-0.226807
-0.369385
0.384033
0.392822
-0.134766
0.175049
-0.192383
0.687500
0.899414
0.098633
0.022064
-0.003057
-0.345947
0.488525
-0.142944
0.268555
0.604004
0.160645
-0.332275
0.417236
-0.102295
0.186768
0.439209
1.303711
0.267822
-0.479980
0.319580
0.154297
0.204224
0.329834
-0.209717
-0.288818
0.005127
-0.199219
0.141357
0.621094
-0.286133
0.173706
-0.404541
0.488037
0.025589
-0.346680
0.117981
-0.272217
0.232300
-0.256348
0.064697
-0.007732
0.108582
-0.063721
-0.169189
0.217163
0.494873
0.086304
-0.132324
0.397461
-0.250488
-0.077698
0.055511
0.193237
-0.240723
-0.383057
-0.391113
-0.165283
0.070801
-0.067627
-0.279053
0.036987
-0.186768
-0.128662
0.061310
-0.410889
0.275635
-0.093018
-0.049072
-0.114929
0.360352
-0.303223
0.144043
0.366943
0.346191
-0.151733
0.138428
0.401611
0.174561
0.207642
-0.281006
0.782227
0.048584
0.039795
0.139526
-0.237061
0.086792
-0.144653
0.061798
-0.420898
-0.059052
-0.079407
-0.166504
0.347412
0.078674
-0.193237
0.023102
-0.134766
-0.291016
-0.175171
-0.222168
0.463379
0.066895
-0.121277
0.031921
0.002586
-0.060181
0.461670
0.314697
-0.214600
0.283936
0.183716
-0.126953
0.125122
0.187622
-0.103943
-0.005035
-0.172852
-0.368652
0.081299
0.217041
-0.039948
-0.144043
0.328613
-0.009926
0.105652
0.158569
-0.045410
0.058258
0.019302
-0.215454
-0.492188
-0.179932
-0.454102
0.138672
-0.090820
0.157715
0.086548
-0.170044
0.139282
0.021591
-0.051300
0.069336
0.116943
-0.079041
-0.419189
-0.022781
0.111694
0.061890
-0.250732
-0.042938
-0.279541
0.228394
-0.261475
-0.353516
-0.182983
0.206299
-0.245483
0.196045
0.096191
-0.281494
-0.221924
-0.039001
0.103882
0.257812
0.291504
-0.189087
-0.191650
0.482910
0.294922
0.091797
0.054932
-0.142090
-0.239258
0.150757
0.383057
0.076416
-0.045105
-0.188354
0.146240
0.657715
0.087219
0.231445
0.227539
0.078308
0.510254
-0.193604
-0.381104
0.416748
0.435059
-0.131958
0.238159
-0.240601
0.723633
0.773438
0.157593
0.062805
0.018036
-0.345459
-0.081848
-0.183838
0.291748
0.578613
0.195923
-0.341797
0.365967
-0.133179
0.199219
0.482666
2.888672
0.303223
-0.649902
0.303955
0.180054
0.163086
0.317871
-0.208618
-0.352051
-0.097656
-0.213745
0.078552
0.613770
-0.262939
0.196167
-0.439209
0.419678
-0.043152
-0.316162
0.110291
-0.392334
0.239746
-0.221802
-0.027588
0.093933
0.106445
-0.011673
-0.139648
0.283447
0.473633
0.120056
-0.204102
0.410400
-0.236572
-0.097351
-0.003807
0.256348
-0.261475
-0.420166
-0.434570
-0.133301
0.091492
-0.089233
-0.394043
0.017776
-0.223877
-0.133667
0.057068
-0.406738
0.210449
-0.052521
0.003868
-0.123962
0.405273
-0.320312
0.010330
0.384033
0.400635
-0.165649
0.101196
0.410156
0.213135
0.185303
-0.302002
0.701660
-0.039001
0.050568
0.201782
-0.245850
0.135864
-0.198608
-0.006660
-0.413574
-0.057343
-0.093384
-0.162964
0.307617
0.077026
-0.128906
-0.021606
-0.136108
-0.262695
-0.174805
-0.189087
0.479004
0.096619
-0.119507
0.045013
0.031860
-0.065552
0.493896
0.328857
-0.226685
0.306885
0.163086
-0.135132
0.128174
0.185303
-0.099487
-0.008842
-0.167358
-0.301758
0.043457
0.247559
-0.065552
-0.205200
0.317627
0.039154
0.074036
0.093384
-0.044891
0.109497
0.021072
-0.187256
-0.468506
-0.182251
-0.464111
0.132935
-0.098267
0.149292
0.082275
-0.165161
0.115662
-0.020981
-0.087463
0.048553
0.099731
-0.050385
-0.419922
-0.055176
0.108276
0.056610
-0.246704
-0.071533
-0.283203
0.205933
-0.259521
-0.338135
-0.209595
0.217041
-0.214233
0.195190
0.127563
-0.320557
-0.254395
-0.022949
0.087830
0.279297
0.319336
-0.262451
-0.162476
0.490479
0.259521
0.157593
0.048676
-0.140503
-0.202271
0.112671
0.350586
0.064270
-0.028854
-0.157227
0.101013
0.563965
0.010483
0.207397
0.192017
0.097046
0.445801
-0.132568
-0.342041
0.409424
0.434570
-0.100891
0.214111
-0.201782
0.619629
0.673340
0.166504
0.072021
0.020416
-0.328369
-0.161621
-0.204956
0.273438
0.462158
0.201782
-0.338135
0.265137
-0.143066
0.158325
0.453369
3.074219
0.316650
-0.671875
0.259277
0.188843
0.155396
0.247314
-0.154541
-0.357666
-0.108643
-0.212402
0.076233
0.516602
-0.195923
0.204102
-0.414795
0.363281
-0.112610
-0.287842
0.090759
-0.433105
0.288818
-0.216797
-0.069580
0.192749
0.063171
0.075378
-0.082397
0.349854
0.453369
0.118408
-0.186157
0.412598
-0.198120
-0.118835
0.052734
0.281006
-0.135986
-0.375732
-0.431152
-0.091370
0.137085
-0.084290
-0.388184
-0.024902
-0.182861
-0.113831
0.042084
-0.375977
0.132690
-0.076538
0.075256
-0.117188
0.405762
-0.264893
-0.071289
0.359863
0.398438
-0.216187
0.103149
0.351562
0.205688
0.161621
-0.226807
0.580566
-0.061005
0.016815
0.151733
-0.199341
0.195190
-0.178345
-0.090576
-0.367676
-0.013634
-0.112671
-0.162720
0.239868
0.077026
0.010048
-0.103943
-0.150879
-0.216797
-0.166382
-0.158936
0.496826
0.106201
-0.086975
0.104980
0.091248
-0.056183
0.485840
0.348389
-0.285156
0.286865
0.156372
-0.117798
0.118591
0.177246
-0.095154
-0.003220
-0.140259
-0.192139
-0.010864
0.254150
-0.170532
-0.274414
0.295654
0.120605
0.053528
0.022217
-0.028442
0.152222
0.026657
-0.153931
-0.405518
-0.184692
-0.482178
0.161499
-0.132446
0.152344
0.047394
-0.159790
0.096619
-0.062744
-0.149414
0.043579
0.075684
-0.031494
-0.456299
-0.104431
0.122620
0.044525
-0.197266
-0.029953
-0.333252
0.182007
-0.231689
-0.246948
-0.296631
0.205933
-0.195068
0.224976
0.176392
-0.345947
-0.310303
0.024033
0.067810
0.321777
0.351074
-0.327148
-0.137695
0.535645
0.227539
0.251465
0.046753
-0.127808
-0.134644
0.014313
0.316650
0.054688
-0.033936
-0.077454
0.041809
0.352051
-0.176636
0.192993
0.153687
0.126343
0.289795
-0.042480
-0.256836
0.373047
0.417236
-0.039886
0.145020
-0.115540
0.395996
0.498779
0.141846
0.067871
0.030457
-0.261963
-0.048584
-0.182861
0.206787
0.230835
0.187134
-0.339355
0.100586
-0.143188
0.062866
0.374023
3.453125
0.321045
-0.613770
0.219849
0.174805
0.179565
0.087646
-0.082458
-0.353027
-0.112122
-0.172485
0.094482
0.365479
-0.112732
0.206055
-0.313232
0.253906
-0.191528
-0.222900
0.060760
-0.439941
0.201294
-0.264893
-0.074524
0.286377
-0.052643
0.171509
-0.022903
0.442627
0.372803
0.123657
-0.129395
0.378174
-0.164307
-0.163818
0.240723
0.241455
0.361084
-0.296631
-0.435059
-0.038116
0.183716
-0.065552
-0.373047
-0.093323
-0.113770
-0.047974
-0.002850
-0.317383
-0.008522
-0.120972
0.173706
-0.085693
0.408447
-0.164062
-0.106140
0.336914
0.370605
-0.315186
0.084412
0.180908
0.170044
0.133057
-0.105530
0.352783
0.028000
-0.022308
0.057312
-0.125610
0.221924
-0.116333
-0.187622
-0.214844
0.039001
-0.120178
-0.168335
0.171631
0.065979
0.058807
-0.116516
-0.143677
-0.205688
-0.151367
-0.134155
0.487061
0.064026
-0.091980
0.100464
0.086975
-0.044800
0.480957
0.338135
-0.288574
0.288086
0.135254
-0.094849
0.079102
0.150269
-0.092163
-0.017944
-0.118286
-0.154663
-0.054657
0.233398
-0.209961
-0.279297
0.277832
0.153320
0.057373
0.003820
-0.050262
0.132446
-0.008606
-0.159058
-0.363281
-0.182983
-0.452881
0.176025
-0.133667
0.122131
0.063293
-0.170532
0.071289
-0.044220
-0.179688
0.027649
0.061462
0.004425
-0.422852
-0.119080
0.074524
0.042175
-0.194702
-0.021698
-0.307129
0.166626
-0.198975
-0.202637
-0.307861
0.189941
-0.176514
0.221191
0.171631
-0.319336
-0.321533
0.020996
0.072815
0.309326
0.343018
-0.328125
-0.163208
0.539062
0.217041
0.245239
0.029083
-0.112488
-0.138794
-0.014732
0.281006
0.027130
0.004700
-0.088074
0.013588
0.254883
-0.158447
0.175903
0.114258
0.135498
0.208618
-0.017944
-0.207764
0.347900
0.388184
0.036163
0.111511
-0.074829
0.316650
0.327881
0.139648
0.040741
0.027557
-0.212524
-0.178589
-0.150879
0.183594
0.131226
0.129028
-0.317139
0.002714
-0.147583
0.012299
0.356934
2.628906
0.301270
-0.594238
0.184692
0.142700
0.161133
0.062927
-0.024719
-0.335449
-0.125610
-0.149414
0.048706
0.258789
-0.079834
0.204102
-0.231201
0.173706
-0.195557
-0.190552
0.058807
-0.393555
0.117737
-0.235840
-0.060394
0.294189
-0.079346
0.167114
-0.027100
0.391113
0.298096
0.120911
-0.126221
0.300049
-0.151733
-0.189819
0.205444
0.267334
0.470459
-0.243164
-0.409424
-0.066895
0.177246
-0.056030
-0.347656
-0.104492
-0.094788
-0.005043
-0.022949
-0.228394
-0.039917
-0.145996
0.199951
-0.101868
0.402344
-0.080505
-0.165771
0.307129
0.318604
-0.327637
0.049103
0.117126
0.128906
0.150391
-0.049164
0.250977
0.032959
-0.047516
0.074951
-0.086792
0.190674
-0.093628
-0.194092
-0.129517
0.047974
-0.092285
-0.275635
0.193604
0.046021
0.092896
-0.069397
-0.164185
-0.254639
-0.262207
-0.045319
0.454590
0.004482
-0.081604
0.212158
0.116028
-0.024017
0.448242
0.312988
-0.287842
0.140381
0.089294
-0.021545
0.089050
0.088196
-0.060577
0.012688
-0.113281
-0.140625
-0.096313
0.157959
-0.160400
-0.176025
0.271973
0.145752
0.023056
0.045715
-0.033997
0.078430
-0.004223
-0.180420
-0.275635
-0.082092
-0.381836
0.130615
-0.155151
0.057739
-0.036652
-0.185791
0.044952
-0.067078
-0.261230
0.068970
0.000333
0.066040
-0.363281
-0.023270
-0.038025
0.010391
-0.143188
-0.036346
-0.292725
0.126953
-0.220947
-0.135010
-0.274170
0.146973
-0.260986
0.256836
0.074036
-0.379150
-0.285156
0.059418
0.149536
0.467773
0.291260
-0.306885
-0.111694
0.545898
0.264160
0.144653
0.041901
-0.140991
-0.145386
-0.039612
0.226562
-0.016434
0.085693
-0.038818
0.135986
0.225830
-0.073425
0.248413
0.233398
0.063171
0.096924
-0.006626
-0.110107
0.274170
0.347900
0.058502
0.030716
-0.050446
0.126343
0.182373
0.076233
0.034882
-0.031372
-0.163574
-0.391846
-0.078735
0.181519
-0.031036
0.121704
-0.334473
-0.178589
-0.080505
0.006863
0.135254
-3.453125
0.316895
-0.509277
0.161499
0.110962
0.165527
-0.083252
0.026794
-0.257568
-0.066345
-0.015656
0.080200
0.138428
-0.051819
0.159790
-0.098572
0.126831
-0.197266
-0.048279
0.044159
-0.284424
0.060760
-0.213013
0.053406
0.425537
-0.120850
0.022720
-0.018066
0.259766
0.154663
0.103821
-0.040833
0.178833
-0.187012
-0.161255
0.192627
0.180420
0.777344
-0.184570
-0.413818
0.014305
0.107605
-0.034149
-0.293213
-0.042145
-0.050812
0.028259
-0.022461
-0.087769
-0.012306
-0.133667
0.116028
-0.084961
0.394043
0.051422
-0.102661
0.325928
0.235596
-0.257568
0.011177
0.010979
0.090271
0.144775
-0.046906
0.017593
0.125610
-0.003185
0.050323
-0.095642
0.155396
-0.080994
-0.166504
-0.025894
0.051971
-0.017883
-0.226929
0.214844
-0.013550
0.202148
-0.143311
-0.250977
-0.372070
-0.254639
-0.017273
0.490723
0.170044
0.013344
0.471191
0.182495
-0.056061
0.607422
0.257568
-0.263672
0.163452
0.078369
-0.011993
0.142334
0.124390
0.006168
0.032562
0.017334
-0.027008
-0.152466
0.006966
-0.179321
-0.125366
0.213623
0.240601
-0.007492
-0.124695
-0.016922
0.135620
0.007565
-0.157471
-0.145752
0.001269
-0.410156
0.191528
-0.154541
0.142944
-0.196411
-0.162842
0.098816
-0.154663
-0.323730
0.117859
0.029922
-0.026810
-0.402100
-0.029617
-0.078369
0.194824
0.045380
0.010971
-0.192749
0.140991
-0.101135
-0.008812
-0.410645
0.031006
-0.255859
0.301514
0.115967
-0.460449
-0.352051
0.070129
0.124573
0.459717
0.311035
-0.367920
0.012703
0.575195
0.201904
0.220215
-0.059662
-0.112549
-0.079651
0.063110
0.178833
0.004189
-0.098450
0.050598
0.006554
0.006790
-0.302246
0.375488
0.395752
0.005150
-0.229614
0.051178
0.099670
0.166992
0.296631
0.059967
-0.136597
0.047821
-0.180054
0.078979
-0.060089
0.031494
-0.116333
-0.205078
-0.517090
-0.058197
0.077820
-0.318359
0.195923
-0.389648
-0.310547
0.049652
-0.026474
-0.248413
-0.086304
0.416504
-0.230957
0.136597
0.108643
0.254395
-0.358643
0.180420
-0.150879
0.135376
0.055725
0.340820
0.061829
-0.024124
0.089417
0.110840
0.070374
-0.320557
0.114929
-0.040253
-0.246338
0.114929
-0.291016
0.201660
0.533691
-0.208984
-0.023712
0.119080
0.319824
-0.050690
0.076721
0.156250
0.115967
-0.206665
-0.124512
0.328857
0.128174
1.247070
-0.026596
-0.455566
0.189209
0.044281
-0.016739
-0.148438
0.046875
0.088013
0.035828
0.041443
-0.054657
-0.025360
-0.147461
0.021545
-0.010040
0.338623
0.169800
-0.139893
0.346924
0.162598
-0.242676
0.026993
-0.162720
0.054169
0.111572
0.073669
-0.351318
0.288086
0.024994
-0.138672
-0.091858
0.231689
0.039978
-0.212036
0.151245
0.111511
0.017990
-0.327393
0.199341
-0.101562
0.130859
-0.347900
0.102783
0.039917
-0.165649
0.075012
0.270996
0.200439
-0.022003
0.339844
0.087463
-0.105774
0.257324
0.190552
-0.147095
0.143921
0.111511
0.108765
-0.013069
-0.013771
-0.358398
0.041412
0.188232
-0.068115
-0.086365
0.406250
-0.195679
0.067871
0.210571
0.517578
0.383545
0.188965
-0.081421
0.193481
0.199829
0.093811
0.167603
0.250732
-0.093689
0.218140
-0.188354
0.374268
-0.252441
-0.104614
0.094360
-0.447510
-0.238525
0.148682
0.130615
-0.083679
-0.568848
0.048584
-0.336182
0.134644
0.347656
-0.087646
-0.190430
-0.208130
-0.132690
-0.250000
-0.098999
0.172119
-0.305908
0.223877
-0.024704
-0.111450
-0.279785
0.458496
0.135254
0.511719
0.364014
-0.181152
0.047333
0.793945
0.319580
0.106567
-0.041260
-0.220825
0.123535
0.226074
-0.023773
-0.124268
0.019852
0.297852
-0.117249
-0.087341
-0.569824
0.371338
0.084412
-0.180420
-0.266113
0.113159
0.232788
0.117249
0.102295
0.398926
-0.350098
0.259521
-0.074402
0.419922
-0.173096
-0.141968
-0.221313
-0.138794
1.434570
-0.073303
-0.117615
-0.253418
0.120239
-0.276367
-0.069397
0.056793
-0.145142
-0.267822
0.966309
0.246704
0.092651
-0.040375
-0.014717
0.354248
-0.284424
0.452148
0.079102
0.577637
-0.082214
0.420898
0.076660
0.091553
0.040527
0.066772
0.390381
-0.346191
-0.008240
0.062683
-0.003426
0.686523
-0.127197
0.260498
0.459229
-0.120911
0.030487
0.267090
0.026260
0.298584
-0.112305
0.289307
0.151001
-0.153564
0.103333
0.068542
0.311768
0.447998
0.310791
-0.219360
-0.177246
-0.028732
0.059235
0.188843
0.119141
0.259521
-0.008179
0.262939
-0.136719
0.142944
-0.446533
0.063965
-0.089478
0.166138
0.223389
-0.089294
0.106750
-0.070923
-0.232300
-0.080017
0.024643
-0.077576
-0.059814
0.208008
-0.270264
-0.037445
-0.244019
-0.237915
0.108887
0.305420
0.275146
-0.398682
0.066711
0.309326
0.013031
-0.418457
0.150513
-0.160156
0.112122
-0.489258
0.283691
0.333740
-0.133545
0.156250
0.166382
0.209229
-0.086487
0.168579
0.003847
-0.120239
0.103027
0.159546
-0.116699
0.118042
0.089783
0.146118
-0.087341
-0.116272
-0.564453
0.049713
0.238281
-0.083069
-0.060699
0.750977
-0.213623
0.105469
0.219727
0.709473
0.538574
0.292480
-0.118164
0.240967
0.334961
0.217896
0.314453
0.352295
0.096252
0.195557
-0.184570
0.450195
-0.267334
-0.083374
0.021866
-0.667969
-0.203735
0.091675
0.101746
-0.009171
-0.614258
0.081970
-0.499512
0.028351
0.433838
-0.249512
-0.225220
-0.420898
-0.187744
-0.393799
0.087402
0.345459
-0.242798
0.174072
-0.102783
0.005901
-0.224854
0.678711
0.128174
0.654297
0.406250
-0.107056
0.115417
0.868652
0.353271
0.050446
0.027786
-0.226685
0.265137
0.355469
-0.153809
-0.251953
0.153198
0.461426
-0.115417
-0.196411
-0.748047
0.311768
-0.274902
-0.250000
-0.327393
0.126465
0.254639
0.150269
0.030991
0.603027
-0.412598
0.441895
-0.137085
0.380127
-0.184326
-0.203247
-0.283936
-0.081177
2.214844
-0.137817
-0.233765
-0.329102
0.106323
-0.217285
0.077576
0.042480
-0.213379
-0.234131
0.339844
0.180420
0.305420
-0.184570
-0.057526
0.347656
-0.197266
0.604492
0.176880
0.696777
-0.164917
0.413574
-0.039612
0.195190
0.079895
-0.065674
0.416260
-0.400391
-0.123718
0.072449
-0.031433
1.086914
-0.027008
0.163208
0.364014
-0.067749
0.239136
0.435303
0.028976
0.386963
-0.217773
0.347168
0.157471
-0.105530
0.231079
-0.049500
0.481689
-0.120850
0.560547
-0.123169
-0.369873
0.021362
0.079102
0.364990
0.111206
0.365723
-0.042786
0.351318
-0.134888
0.142334
-0.572266
0.200684
-0.091064
0.136475
0.263184
-0.125244
-0.044769
-0.147949
-0.257080
-0.091370
0.055206
-0.156616
-0.193604
0.356445
-0.336670
-0.341797
-0.396240
-0.329590
0.248901
0.420410
0.421631
-0.586426
-0.018723
0.429688
-0.043213
-0.442383
0.136475
-0.179321
0.073792
-0.488770
0.302979
0.386475
-0.118347
0.141724
0.145630
0.186035
-0.114319
0.062805
-0.062408
-0.112976
0.072510
0.149292
-0.124329
0.103210
0.088013
0.149170
-0.101868
-0.138184
-0.600098
0.041290
0.219849
-0.135498
-0.028000
0.818359
-0.232178
0.119934
0.233154
0.716797
0.570312
0.315674
-0.126709
0.185059
0.354492
0.206299
0.305908
0.349609
0.122314
0.182007
-0.152100
0.448975
-0.255615
-0.086609
-0.003050
-0.678223
-0.167358
0.058716
0.079773
0.014572
-0.606934
0.087463
-0.516602
-0.027466
0.414795
-0.284912
-0.237793
-0.451904
-0.203369
-0.407715
0.134155
0.405029
-0.184326
0.168579
-0.119751
0.030777
-0.194946
0.688965
0.133057
0.684570
0.390869
-0.040802
0.107300
0.851562
0.365479
0.001295
0.059601
-0.180542
0.280762
0.446289
-0.150879
-0.286133
0.170532
0.470215
-0.070007
-0.194458
-0.729004
0.290771
-0.411621
-0.246826
-0.306641
0.069824
0.204468
0.195557
0.040375
0.595215
-0.381592
0.489258
-0.157715
0.308105
-0.166504
-0.211060
-0.288818
-0.083374
2.226562
-0.171143
-0.244751
-0.303955
0.072388
-0.206543
0.164795
0.023132
-0.210449
-0.164429
0.316162
0.173706
0.424805
-0.192749
-0.053619
0.309814
-0.075439
0.595215
0.181519
0.653320
-0.198608
0.401611
-0.084900
0.175659
0.127075
-0.114807
0.354736
-0.360107
-0.215942
0.040955
-0.074097
1.126953
-0.024796
0.110901
0.196533
-0.018158
0.329590
0.450684
0.093933
0.340332
-0.229736
0.338379
0.152222
-0.109619
0.225830
-0.068481
0.535156
-0.370361
0.599121
-0.117981
-0.420654
0.063843
0.063049
0.430420
0.090881
0.366699
-0.048309
0.331055
-0.119690
0.145874
-0.560547
0.227905
-0.077332
0.155518
0.246948
-0.107300
-0.062561
-0.136230
-0.261475
-0.018570
0.041626
-0.188354
-0.158325
0.412842
-0.268311
-0.403076
-0.403320
-0.356689
0.254883
0.409424
0.442871
-0.553223
-0.082153
0.408691
-0.073547
-0.435791
0.148804
-0.165283
0.098877
-0.418213
0.179565
0.246826
-0.149658
0.126587
0.206421
0.162109
-0.098328
0.103577
-0.066467
-0.079407
0.173218
0.153687
-0.164062
0.079041
0.081543
0.134155
-0.058197
-0.112183
-0.490967
0.045105
0.177856
-0.149536
-0.037628
0.671387
-0.248535
0.098083
0.243408
0.628418
0.471436
0.230835
-0.101807
0.101807
0.294189
0.097473
0.231445
0.306396
0.021439
0.176514
-0.130127
0.387207
-0.277344
-0.108032
-0.000325
-0.591797
-0.210571
0.062042
0.041046
0.027466
-0.566895
0.082520
-0.453369
-0.018097
0.358154
-0.235474
-0.234375
-0.360352
-0.187744
-0.297607
0.051849
0.354492
-0.159424
0.213135
-0.090942
-0.070374
-0.211060
0.573730
0.156860
0.703613
0.355225
-0.033478
0.099426
0.791504
0.354004
-0.013351
0.070374
-0.109375
0.231445
0.451904
-0.098816
-0.263916
0.120239
0.423828
-0.002041
-0.191162
-0.631348
0.321045
-0.322510
-0.212769
-0.352051
0.025040
0.197632
0.202515
0.093018
0.479492
-0.339844
0.458740
-0.258789
0.139160
-0.164307
-0.189087
-0.285156
-0.092529
1.584961
-0.166260
-0.220093
-0.344482
0.074890
-0.261475
0.096069
0.043732
-0.194580
-0.222412
0.091248
0.239258
0.455566
-0.146240
-0.025864
0.277344
-0.103455
0.552246
0.138672
0.550781
-0.159302
0.419434
-0.107422
0.123779
0.153931
-0.051941
0.217773
-0.340332
-0.165527
-0.027161
-0.088074
0.913574
-0.089783
0.120361
0.147827
-0.031342
0.298096
0.405762
0.153198
0.168701
-0.191162
0.330322
0.110474
-0.152832
0.147583
0.015518
0.468018
-0.130371
0.531738
-0.203247
-0.324219
0.068848
0.037842
0.396973
0.087219
0.350830
-0.017029
0.250244
-0.075012
0.104187
-0.466309
0.164795
-0.026779
0.214233
0.254639
-0.095703
0.032135
-0.087830
-0.255371
0.053375
-0.064819
-0.193481
-0.063843
0.398438
-0.316650
-0.254395
-0.305664
-0.369385
0.207764
0.351807
0.390869
-0.434326
-0.019913
0.324951
-0.069885
-0.360352
0.105225
-0.114136
0.220093
-0.276611
-0.028656
0.013786
-0.190186
0.057343
0.311035
0.026642
-0.047028
0.197021
-0.025375
-0.066956
0.313232
0.210083
-0.250488
0.052032
0.097046
0.138184
-0.044403
-0.048859
-0.267822
0.025681
0.080383
-0.153931
-0.071533
0.349365
-0.382324
0.029617
0.241211
0.461670
0.270264
0.113892
-0.076172
-0.026566
0.136841
-0.119019
0.072205
0.144653
-0.176270
0.207275
-0.143921
0.237671
-0.193359
-0.185791
0.000929
-0.323242
-0.295654
0.055084
0.006351
0.055847
-0.466797
-0.017410
-0.302490
-0.019333
0.176270
-0.014633
-0.291016
-0.155762
-0.102173
-0.067871
-0.215332
0.215820
-0.163452
0.296387
-0.028961
-0.208740
-0.245850
0.351074
0.155396
0.643066
0.294189
-0.080322
-0.033478
0.698242
0.343018
0.043518
0.059296
-0.044281
0.085449
0.301270
0.001204
-0.189941
0.083496
0.262939
0.099243
-0.232056
-0.463135
0.344971
-0.164795
-0.092163
-0.323486
0.006287
0.123474
0.203369
0.180664
0.371826
-0.284180
0.375977
-0.309570
-0.162842
-0.124573
-0.133423
-0.211670
-0.102661
0.530273
-0.069824
-0.144043
-0.399658
-0.003607
-0.293213
-0.048706
0.022369
-0.185547
-0.119446
-1.442383
0.286377
0.308838
0.029602
0.006306
0.254639
-0.120605
0.414062
0.012985
0.289062
-0.114868
0.387939
-0.178955
-0.027985
0.162842
0.071533
0.003485
-0.254150
-0.118774
-0.072449
-0.092163
0.258301
-0.238037
0.173584
-0.027405
-0.124146
0.198364
0.192871
0.258057
-0.112427
-0.031494
0.251709
0.000478
-0.181763
-0.091187
0.219604
0.382324
0.538574
0.351562
-0.306152
-0.187256
0.077209
-0.001483
0.206299
0.016373
0.257080
0.064941
0.096375
0.022949
0.023834
-0.349121
0.104126
-0.021027
0.284424
0.290039
-0.135010
0.172119
-0.006218
-0.310791
0.083191
-0.228394
-0.182129
0.169434
0.344238
-0.281006
0.102600
-0.169434
-0.258545
0.096191
0.167847
0.315674
-0.224365
0.187134
0.170288
-0.003199
-0.312988
-0.014351
-0.065430
0.322998
-0.180908
-0.120850
-0.064453
-0.170044
-0.020538
0.332031
-0.172607
-0.021790
0.186157
0.013817
-0.038147
0.262695
0.259033
-0.347412
0.008186
0.124634
0.170776
-0.110779
-0.038910
-0.157349
-0.010887
0.032349
-0.148926
-0.099792
0.142090
-0.562500
-0.032990
0.236572
0.339600
0.196411
0.123962
-0.072266
-0.157959
-0.005585
-0.250732
-0.029938
-0.020599
-0.252197
0.254639
-0.181519
0.115112
-0.056061
-0.253662
-0.009644
-0.067993
-0.324951
0.038788
-0.009216
0.084351
-0.400879
-0.117004
-0.195923
-0.083374
0.024841
0.195679
-0.368896
-0.033325
-0.032928
0.131226
-0.392822
0.123230
-0.177124
0.335693
-0.008965
-0.175049
-0.261719
0.227905
0.139648
0.526855
0.227905
-0.071228
-0.213135
0.657227
0.348877
0.070190
0.066345
-0.014915
-0.040466
0.071533
0.076111
-0.140625
0.116089
0.118225
0.156372
-0.316650
-0.295410
0.295166
-0.130005
0.034637
-0.250244
0.009575
0.041870
0.193237
0.209229
0.383789
-0.236938
0.324951
-0.276367
-0.445068
-0.072876
-0.139404
-0.119385
-0.051392
0.048553
0.053741
-0.089905
-0.407715
-0.162720
-0.248657
-0.160889
-0.043243
-0.219971
0.099060
-3.597656
0.224121
0.148193
0.151489
-0.026733
0.222412
-0.037689
0.298584
-0.079224
0.052002
-0.083069
0.224121
-0.276611
-0.128052
0.166626
0.175659
-0.169556
-0.105774
-0.132446
-0.056976
-0.003941
-0.352539
-0.295410
0.204102
-0.225464
-0.196899
0.100342
-0.042023
0.209106
-0.279541
0.080566
0.148315
-0.132080
-0.169312
-0.277100
0.305176
0.328613
1.008789
0.214111
-0.303223
-0.207764
0.080383
-0.010414
0.070557
-0.078064
0.151978
0.174561
-0.049866
0.138672
-0.032288
-0.315918
0.104797
-0.069580
0.309082
0.345459
-0.164795
0.208862
-0.004028
-0.368164
0.046906
-0.331299
-0.200562
0.365234
0.320312
-0.162598
0.334473
-0.120117
-0.083130
0.051910
-0.052490
0.262939
-0.054321
0.343750
0.055756
0.070801
-0.262939
-0.094910
-0.097839
0.399414
-0.226685
-0.125610
-0.069092
-0.105347
-0.054565
0.323975
-0.177002
0.013496
0.249756
0.032318
-0.054626
0.273926
0.230347
-0.359619
0.035553
0.127197
0.193848
-0.159912
-0.035980
-0.149048
-0.026443
0.117981
-0.085205
-0.139160
0.081665
-0.653809
-0.025101
0.197266
0.398438
0.219360
0.087769
-0.101807
-0.151855
-0.034485
-0.243286
0.022964
-0.057373
-0.218384
0.331787
-0.199463
0.136963
-0.028259
-0.274658
0.003679
-0.032074
-0.327393
0.025513
0.021164
0.056183
-0.401123
-0.167725
-0.232178
-0.010468
0.054382
0.272217
-0.338379
-0.012970
0.069275
0.218994
-0.495117
0.071350
-0.164062
0.338623
-0.001182
-0.115601
-0.291992
0.232910
0.093018
0.437500
0.234131
-0.076538
-0.244141
0.684082
0.314453
0.107056
0.003212
-0.009171
-0.061462
0.041290
0.071350
-0.133911
0.063721
0.092407
0.063232
-0.487305
-0.375000
0.292480
-0.152832
0.060577
-0.386475
0.030060
0.097351
0.155762
0.169312
0.509277
-0.295166
0.387451
-0.333740
-0.606445
-0.106689
-0.162354
-0.122192
-0.023529
0.148926
0.132568
-0.146484
-0.537109
-0.218994
-0.209839
-0.178345
-0.034546
-0.255859
0.093079
-2.314453
0.192261
0.222412
0.156494
-0.083313
0.249390
-0.060181
0.332031
-0.048340
0.058075
-0.057281
0.214111
-0.356934
-0.145996
0.138672
0.259521
-0.241699
-0.081177
-0.120972
-0.044800
0.032349
-0.506836
-0.305176
0.258301
-0.322021
-0.246216
0.065125
-0.049316
0.182373
-0.402588
0.093445
0.177490
-0.231812
-0.163452
-0.270996
0.310547
0.346680
1.207031
0.303711
-0.275391
-0.248291
0.047028
0.004417
0.094116
-0.060730
0.154175
0.210938
-0.032715
0.199341
-0.040649
-0.358154
0.124329
-0.086670
0.279053
0.414795
-0.207031
0.167603
-0.070312
-0.380127
-0.033875
-0.415527
-0.238403
0.366455
0.382324
-0.274658
0.377686
-0.142822
-0.048676
0.060516
-0.100464
0.341797
-0.075012
0.457520
0.069946
0.127441
-0.183838
-0.154053
-0.167358
0.546875
-0.361816
-0.206787
-0.153198
-0.051514
-0.028870
0.378662
0.020218
0.091797
0.493896
0.114990
-0.087708
0.491211
0.158813
-0.349854
0.118469
0.074280
0.163818
-0.115234
0.002979
-0.072693
-0.017105
0.271973
0.115173
-0.248169
-0.001802
-0.677246
-0.063049
0.114380
0.550293
0.147095
-0.181396
-0.112427
-0.007973
-0.023270
-0.188843
0.148071
-0.037842
-0.218262
0.406982
-0.196533
0.202148
-0.139282
-0.255615
0.025970
-0.146240
-0.393311
0.014732
0.022766
0.013718
-0.407471
-0.218872
-0.303223
0.205566
0.189941
0.248657
-0.214844
0.023987
0.208374
0.350098
-0.665039
-0.009766
-0.094055
0.348145
0.069885
-0.220581
-0.387939
0.230103
0.011406
0.405273
0.298340
-0.223755
-0.088135
0.691895
0.171143
0.239990
-0.122925
0.022079
-0.002588
0.105530
0.020630
-0.128418
-0.108398
0.155884
-0.143677
-0.807617
-0.665527
0.343994
-0.090698
0.060272
-0.807617
0.109375
0.304932
0.066528
0.123779
0.605957
-0.432861
0.520020
-0.678223
-0.889648
-0.205688
-0.125854
-0.191772
-0.025894
-0.100830
0.155151
-0.268311
-0.958008
-0.124512
-0.235474
-0.323486
0.063293
-0.296875
-0.242432
1.701172
0.279297
0.434326
0.079041
-0.101868
0.311523
-0.342529
0.481689
0.035553
0.162354
0.037170
0.375977
-0.520508
-0.070557
0.084717
0.406250
-0.398926
-0.250488
0.042480
-0.122498
-0.065491
-0.418945
-0.346191
0.315918
-0.172119
-0.364014
0.117920
0.162842
0.330322
-0.676270
0.071350
0.342041
-0.324463
-0.149536
-0.186035
0.425781
0.345215
1.695312
0.527344
-0.324707
-0.088562
0.025055
0.023941
0.170410
0.004776
0.274902
0.223022
0.038239
0.273682
-0.139771
-0.366943
0.156738
-0.005909
0.253418
0.553223
-0.329590
0.142090
-0.129272
-0.386719
-0.100647
-0.634766
-0.262939
0.232178
0.547852
-0.812988
0.407959
-0.144775
-0.199707
0.086609
0.040161
0.480713
-0.268799
0.649414
0.167969
0.153076
-0.270020
-0.017563
-0.176758
0.489746
-0.367676
-0.242554
-0.188965
-0.168335
0.061584
0.419189
0.149536
0.076050
0.539062
0.128784
-0.084961
0.597656
0.165771
-0.322266
0.077454
0.041931
0.130981
-0.000986
0.004356
-0.063904
0.036530
0.218384
0.090088
-0.228760
0.075989
-0.522949
-0.047058
0.144531
0.555176
0.075378
-0.239258
-0.067017
0.039825
0.063416
-0.175293
0.152466
0.079834
-0.253906
0.311768
-0.163208
0.217407
-0.291992
-0.218384
0.018005
-0.313965
-0.435059
0.038544
-0.032654
0.038849
-0.420410
-0.129395
-0.318604
0.188599
0.238647
0.090393
-0.210327
-0.019821
0.107178
0.262207
-0.571289
0.047333
-0.097839
0.371826
0.055023
-0.404053
-0.374268
0.265869
0.065735
0.616211
0.314941
-0.267334
0.082642
0.677246
0.182495
0.217773
-0.066406
0.029999
0.077393
0.245972
-0.011589
-0.153442
-0.109558
0.272461
-0.044861
-0.687500
-0.703125
0.421387
-0.017914
-0.024231
-0.842285
0.103333
0.337402
0.080994
0.163208
0.470459
-0.428223
0.513184
-0.819336
-0.765625
-0.229736
-0.074402
-0.263672
-0.090881
-0.337402
0.042297
-0.256836
-1.000977
0.047943
-0.330811
-0.345215
0.134521
-0.242554
-0.480713
0.580078
0.401367
0.486816
0.020615
-0.022949
0.309326
-0.481689
0.530273
0.056732
0.255371
0.056885
0.526855
-0.474854
-0.009003
0.098267
0.319824
-0.355713
-0.389160
0.124084
-0.187134
-0.178955
-0.043701
-0.353271
0.278076
0.056610
-0.333008
0.186279
0.323975
0.445557
-0.653809
0.022339
0.418701
-0.225830
-0.177368
-0.107483
0.468018
0.319580
1.547852
0.555176
-0.411621
0.070984
0.046326
0.008125
0.212891
0.058075
0.355713
0.146973
0.085938
0.221436
-0.149414
-0.304932
0.107788
0.076111
0.299072
0.522461
-0.302734
0.202026
-0.064087
-0.344727
-0.004547
-0.625000
-0.227051
0.133789
0.528809
-0.973633
0.334961
-0.096252
-0.362549
0.082275
0.216553
0.454834
-0.345215
0.560059
0.208008
0.086426
-0.319092
0.045410
-0.191040
0.222656
-0.449463
0.151611
0.210815
-0.079102
0.075623
0.219116
0.146362
-0.043274
0.179321
-0.027100
-0.145142
0.245972
0.167969
-0.156860
0.165039
0.090698
0.166992
-0.138062
-0.078491
-0.424805
-0.003168
0.231934
-0.101257
-0.078369
0.535156
-0.400635
0.086609
0.187866
0.666992
0.449463
0.157593
-0.145630
0.098083
0.220947
0.057648
0.255859
0.236084
-0.011215
0.259277
-0.154541
0.390137
-0.187988
-0.151489
0.012932
-0.488770
-0.236328
0.036530
0.097473
-0.013199
-0.532227
-0.067627
-0.450195
0.050812
0.345703
-0.081360
-0.210205
-0.303467
-0.020920
-0.192139
-0.143433
0.252197
-0.133179
0.227295
-0.059174
-0.039124
-0.245728
0.530762
0.080017
0.542480
0.358887
-0.094910
0.009445
0.797363
0.324219
0.094238
-0.014549
-0.123230
0.190430
0.416016
-0.123718
-0.232056
0.072998
0.347656
-0.115906
-0.372070
-0.698242
0.335938
-0.344482
-0.158325
-0.417725
0.089050
0.226562
0.148926
0.070679
0.597168
-0.441650
0.509766
-0.294434
-0.035461
-0.188721
-0.184570
-0.265869
-0.124817
1.404297
-0.079407
-0.251221
-0.473389
-0.010254
-0.205811
0.050415
0.037598
-0.235474
-0.158081
1.977539
0.223755
0.430664
-0.065430
-0.048126
0.346680
-0.135376
0.591309
0.148071
0.542969
-0.194214
0.490723
-0.221802
0.038757
0.096558
0.076599
0.149292
-0.333008
-0.174072
-0.026855
-0.064209
0.622070
-0.165405
0.212036
-0.029175
-0.119141
0.269043
0.334473
0.214478
0.003994
-0.109314
0.349609
0.013283
-0.105591
0.036591
0.081726
0.552246
0.205078
0.588867
-0.175415
-0.311279
0.053741
0.038391
0.376709
0.059998
0.360107
0.015762
0.264404
-0.019653
0.098999
-0.521484
0.159668
-0.080627
0.149536
0.346191
-0.222168
0.003473
-0.130371
-0.309326
-0.005054
-0.143799
-0.226807
0.055054
0.478760
-0.353027
-0.095154
-0.337891
-0.316895
0.182251
0.290771
0.496338
-0.412598
0.187256
0.331055
0.004585
-0.229980
0.013390
-0.124756
0.183716
-0.368652
0.119934
0.193848
-0.025314
-0.052490
0.262207
0.026199
-0.071777
0.028290
-0.063293
-0.145264
0.234009
0.232178
-0.210938
0.227417
0.145630
0.118164
-0.167603
-0.022903
-0.385498
-0.038300
0.125244
-0.183594
-0.024689
0.515137
-0.483398
-0.016586
0.217896
0.543945
0.405762
0.192993
-0.157593
0.053436
0.149292
-0.038391
0.050110
0.030884
-0.118042
0.288818
-0.161133
0.327881
0.016556
-0.199097
0.014160
-0.291504
-0.167969
-0.015457
0.120667
-0.005302
-0.514160
-0.168945
-0.289062
-0.005680
0.115784
0.025345
-0.308350
-0.178345
-0.023056
-0.208984
-0.231934
0.274902
-0.109375
0.215210
-0.004944
-0.000078
-0.241455
0.405029
0.031113
0.394775
0.358643
-0.082703
-0.163818
0.740234
0.328369
0.140503
0.015114
-0.107605
0.071228
0.305664
0.007233
-0.168945
0.087524
0.178101
-0.076843
-0.240601
-0.571289
0.234741
-0.427246
-0.025635
-0.145386
0.019318
-0.004639
0.259277
0.166626
0.546387
-0.266846
0.391846
0.025238
0.032745
-0.059875
-0.143921
-0.140137
-0.148071
1.260742
-0.066956
-0.153809
-0.214355
-0.068054
-0.173950
0.226440
-0.081665
-0.185547
0.267090
3.486328
0.171143
0.134766
0.078186
-0.022781
0.305420
0.111084
0.366699
-0.025131
0.272461
-0.293457
0.313965
-0.089539
-0.092102
0.151489
-0.100830
0.145630
-0.200439
-0.349121
0.034515
-0.170166
0.298828
-0.218506
0.103699
-0.288330
-0.094177
0.309082
0.136719
0.315918
0.091370
0.001467
0.151367
0.074585
-0.091309
-0.088928
0.114502
0.575195
0.096619
0.369629
-0.193848
-0.402588
0.121277
-0.001904
0.142822
-0.045898
0.183960
0.014153
0.179688
-0.112793
0.073547
-0.469482
0.235718
-0.136719
0.209717
0.186768
-0.224731
0.043915
0.002666
-0.382324
-0.010269
-0.040283
-0.155518
0.161255
0.352539
0.042786
-0.072327
-0.308594
-0.116577
0.108643
0.180176
0.393799
-0.311768
0.100647
0.224487
-0.018860
-0.082275
-0.082031
-0.051788
0.279541
-0.249512
-0.117188
-0.062561
0.024963
-0.230103
0.399414
-0.078369
-0.021988
0.108276
0.010902
-0.106506
0.411133
0.259766
-0.359863
0.263916
0.171997
0.031708
-0.135986
0.089844
-0.138184
-0.061493
0.066223
-0.117493
-0.072144
0.219849
-0.609375
-0.198486
0.199951
0.360840
0.169678
0.006561
-0.147339
0.001358
-0.026840
-0.226685
-0.210083
-0.303467
-0.321045
0.388184
-0.182251
0.178101
0.196167
-0.285889
0.041718
0.031036
-0.178101
-0.063049
0.092163
-0.004196
-0.432129
-0.310547
-0.060730
0.078003
-0.163330
0.236450
-0.362305
0.146606
0.075195
0.038971
-0.582031
0.154541
-0.084045
0.257324
0.112915
-0.107483
-0.323242
0.121643
-0.062225
0.197021
0.334229
-0.182617
-0.308838
0.617188
0.213135
0.259277
-0.029373
-0.037140
-0.156616
0.049103
0.234619
-0.042542
-0.044556
-0.087463
-0.065247
-0.294678
-0.432129
0.153198
-0.289307
0.203979
-0.143188
-0.052948
-0.168457
0.315918
0.298584
0.466797
-0.077209
0.254395
0.085510
-0.316162
0.050385
-0.033325
0.000383
-0.129028
0.198975
0.063171
-0.058136
-0.263184
-0.101074
-0.185791
0.188721
-0.151001
-0.118347
0.512695
4.824219
0.188599
-0.159058
0.258301
-0.014450
0.241333
0.171387
0.074829
-0.243408
-0.186401
-0.198608
0.093018
-0.082764
-0.245605
0.180542
-0.123657
-0.149170
-0.073364
-0.337891
0.034912
-0.344971
-0.441162
-0.349365
0.043304
-0.472900
-0.200195
0.253174
-0.062561
0.505859
-0.204834
0.184448
-0.029007
-0.031143
-0.124268
-0.239502
0.306152
0.432373
0.801270
0.129028
-0.335938
-0.296875
0.157837
-0.044983
-0.224976
-0.122375
-0.042603
0.086853
0.005875
-0.057892
-0.085999
-0.288818
0.301758
-0.114502
0.339111
0.110229
-0.253174
0.177612
0.153687
-0.436035
-0.093689
-0.205322
-0.063110
0.256104
0.228882
0.043976
0.168213
-0.136230
0.121582
-0.043549
0.009705
0.260010
-0.202148
0.225830
0.051666
0.035553
-0.089478
-0.102722
-0.063049
0.335449
-0.245483
-0.191162
-0.130371
-0.001734
-0.221313
0.430420
-0.064758
-0.003834
0.179199
0.050476
-0.092957
0.469482
0.250977
-0.393066
0.227173
0.140747
0.028534
-0.100769
0.090027
-0.070068
-0.052521
0.073242
-0.055786
-0.119141
0.139038
-0.617188
-0.218750
0.180420
0.353027
0.093872
-0.082703
-0.130981
0.005241
-0.045227
-0.242188
-0.205933
-0.313232
-0.335449
0.381836
-0.172729
0.135498
0.153198
-0.289551
0.029266
0.038727
-0.211670
-0.071594
0.050568
0.023560
-0.394775
-0.299805
-0.065308
0.102600
-0.167847
0.227661
-0.345215
0.175659
0.092407
0.134644
-0.649414
0.123230
-0.069031
0.279297
0.125732
-0.189575
-0.342773
0.082153
-0.062286
0.231689
0.321777
-0.227295
-0.258789
0.584961
0.171265
0.278809
-0.046173
-0.009239
-0.164673
0.021591
0.245728
-0.041382
-0.074036
-0.087769
-0.055084
-0.387695
-0.439941
0.165161
-0.228760
0.221680
-0.253174
-0.047821
-0.124817
0.297607
0.304199
0.436035
-0.090393
0.271729
-0.092529
-0.492432
0.037750
0.004486
-0.008888
-0.109924
-0.153809
0.083191
-0.053192
-0.435791
-0.083008
-0.206909
0.042236
-0.121033
-0.118713
0.397217
3.583984
0.231567
-0.114380
0.254150
-0.006664
0.224976
0.071777
0.064514
-0.241455
-0.234253
-0.108704
0.105042
-0.196533
-0.214478
0.176880
-0.043854
-0.274658
-0.101501
-0.267822
-0.006161
-0.394287
-0.505859
-0.372070
0.057556
-0.390625
-0.256104
0.254639
-0.023102
0.574707
-0.362793
0.201294
0.013512
-0.094421
-0.132080
-0.256348
0.395264
0.379150
1.137695
0.151489
-0.372070
-0.174438
0.173462
-0.046539
-0.221558
-0.127563
-0.030823
0.111389
-0.032623
0.032806
-0.141602
-0.244629
0.320068
-0.079224
0.363281
0.180054
-0.281494
0.197876
0.154297
-0.433838
-0.080750
-0.333496
-0.061859
0.248657
0.288086
-0.157349
0.231812
-0.093018
0.078735
-0.064148
0.028091
0.260742
-0.221924
0.283936
0.050446
0.051941
-0.151001
0.070557
-0.048492
0.332520
-0.218262
-0.329590
-0.299072
-0.209839
-0.073181
0.570312
0.157471
-0.010269
0.314453
0.148804
-0.104248
0.757324
0.323486
-0.343994
0.234619
0.039154
-0.048645
0.109863
0.144043
0.071472
-0.006084
-0.050873
-0.008911
-0.168823
0.092651
-0.388672
-0.282471
0.193481
0.303955
-0.146729
-0.325195
-0.043182
0.127930
-0.004604
-0.242188
-0.244629
-0.171997
-0.498291
0.210449
-0.112366
0.079224
-0.063477
-0.223267
0.005054
-0.132935
-0.334717
-0.044128
-0.042938
0.087280
-0.333740
-0.234741
-0.027847
0.100159
-0.151001
-0.003399
-0.286621
0.175293
-0.016037
0.070679
-0.606934
0.120911
-0.040009
0.319580
0.184326
-0.588379
-0.370605
0.008987
0.011307
0.477051
0.349121
-0.453369
-0.005169
0.488770
0.121277
0.367676
-0.017807
0.000823
-0.071350
0.145386
0.185425
-0.029846
-0.079163
0.018616
0.022919
-0.228027
-0.451660
0.281006
0.014877
0.148071
-0.284668
0.035461
-0.033997
0.280518
0.398193
0.117920
-0.087524
0.182373
-0.380859
-0.418945
0.034424
0.135498
-0.065979
-0.243896
-1.220703
-0.108826
0.051849
-0.572754
0.188110
-0.359131
-0.264648
-0.020859
-0.043579
-0.007835
1.684570
0.479736
-0.242554
0.197754
0.168457
0.215210
-0.266357
0.133057
-0.259277
-0.154663
-0.048218
0.354004
-0.212891
-0.083191
0.180176
-0.025299
-0.268799
-0.380127
-0.053101
-0.143555
-0.608887
-0.055176
-0.413574
0.012184
0.183472
-0.285889
0.341797
0.182373
0.836914
-0.378906
0.195068
0.118408
0.065735
-0.123047
-0.279053
0.552246
0.324707
1.398438
0.076843
-0.526367
0.262695
0.241699
-0.083679
-0.230957
-0.114014
0.082947
0.035645
-0.028748
0.007164
-0.225098
-0.104126
0.250244
0.022568
0.417480
0.204834
-0.350098
0.328125
0.293945
-0.408447
0.111084
-0.371094
0.034454
0.199463
0.283691
-0.466309
0.265381
0.008743
-0.175415
-0.099243
0.321777
0.151978
-0.320557
0.240967
0.109192
-0.041260
-0.182739
0.229858
-0.012192
0.342773
-0.166260
-0.506348
-0.557129
-0.410400
0.055176
0.726074
0.386475
0.002769
0.537598
0.302979
-0.103699
1.084961
0.381592
-0.303467
0.259766
-0.067993
-0.155029
0.345947
0.222046
0.270996
0.036102
-0.158203
0.099304
-0.259277
-0.046387
-0.117981
-0.378662
0.188354
0.215454
-0.433838
-0.611328
0.043182
0.307617
-0.003914
-0.238770
-0.306641
-0.070557
-0.666016
0.051331
-0.065430
-0.010529
-0.265137
-0.156250
0.004623
-0.249023
-0.461670
-0.002081
-0.131470
0.142456
-0.246338
-0.155640
0.030121
0.176636
-0.156250
-0.215698
-0.186523
0.248413
-0.115723
0.052490
-0.615723
0.060425
-0.050079
0.349854
0.269043
-1.002930
-0.428223
-0.121521
0.071289
0.651367
0.374512
-0.747070
0.249512
0.377441
0.023666
0.487793
-0.043030
-0.015900
-0.034302
0.156860
0.167603
0.017044
-0.119263
0.060486
0.051605
-0.065857
-0.408691
0.384277
0.400879
0.107300
-0.338379
0.134644
0.071899
0.242798
0.484619
-0.212280
-0.053070
0.032623
-0.628418
-0.349121
0.041687
0.283691
-0.102905
-0.342773
-2.412109
-0.248779
0.190674
-0.722168
0.457275
-0.504395
-0.656250
0.072693
0.051788
-0.429688
-0.384766
0.712402
-0.466309
0.145508
0.324951
0.194824
-0.642578
0.143799
-0.299561
-0.124939
0.087646
0.516113
-0.206177
0.069519
0.156494
0.036743
-0.272949
-0.635254
0.227905
-0.247192
-0.809082
0.290283
-0.434326
-0.015015
0.876465
-0.346680
0.337891
0.358887
1.018555
-0.402588
0.202026
0.193481
0.198486
-0.126709
-0.282715
0.694824
0.193726
1.863281
-0.062744
-0.684570
0.729980
0.281982
-0.106934
-0.316895
-0.086548
0.142334
-0.019684
-0.046356
0.013184
-0.317383
0.066956
0.178345
0.114319
0.482910
0.222534
-0.428711
0.464844
0.422607
-0.356934
0.231934
-0.407471
0.168823
0.114990
0.223633
-0.831543
0.317383
0.142334
-0.356689
-0.170654
0.581543
-0.013313
-0.419434
0.201782
0.158569
-0.099243
-0.206299
0.266602
0.017166
0.264893
-0.142822
-0.428955
-0.494385
-0.397705
0.030319
0.674805
0.327148
-0.013527
0.476562
0.282227
-0.085144
0.931152
0.382812
-0.302490
0.225220
-0.021011
-0.136841
0.316162
0.206177
0.196045
0.041901
-0.163086
0.037903
-0.204834
0.006371
-0.096497
-0.336670
0.215698
0.180786
-0.334961
-0.453369
0.045105
0.277344
0.012466
-0.207642
-0.315430
-0.063354
-0.625488
0.056976
-0.090149
0.022339
-0.235840
-0.147461
0.032227
-0.224365
-0.404785
0.032990
-0.093811
0.099487
-0.300049
-0.109375
0.052887
0.133789
-0.140015
-0.182129
-0.226685
0.225098
-0.167603
-0.019333
-0.523926
0.083923
-0.120667
0.334473
0.234009
-0.880371
-0.398682
-0.072876
0.093872
0.622070
0.362305
-0.661621
0.185913
0.423584
0.083923
0.425781
-0.013153
-0.064270
-0.047607
0.099060
0.198975
0.031403
-0.091675
0.054779
0.079834
0.063171
-0.352295
0.364258
0.416992
0.086670
-0.190674
0.107788
0.015511
0.252197
0.467285
-0.208130
-0.021149
-0.021301
-0.428711
-0.113586
0.049072
0.240601
-0.079834
-0.325684
-1.888672
-0.226807
0.213989
-0.521484
0.421875
-0.485840
-0.553711
0.043823
0.058685
-0.322510
-0.629883
0.638672
-0.524414
0.157227
0.299561
0.201416
-0.541016
0.093933
-0.303711
-0.091064
0.069397
0.439209
-0.070190
0.054169
0.151978
-0.014183
-0.125366
-0.552246
0.178101
-0.175659
-0.700195
0.293701
-0.397949
-0.001475
0.851562
-0.298340
0.262451
0.278076
0.868652
-0.209106
0.178467
0.143555
0.248047
-0.141724
-0.251465
0.615723
0.156006
1.652344
-0.135742
-0.636230
0.610352
0.250488
-0.089783
-0.331543
-0.076721
0.092712
-0.025665
-0.039429
-0.055939
-0.246582
0.031738
0.152710
0.077515
0.463623
0.146362
-0.320801
0.453613
0.407959
-0.334229
0.200684
-0.279053
0.181763
0.107117
0.128906
-0.604980
0.288818
0.121216
-0.287354
-0.165283
0.515137
-0.055084
-0.365967
0.110352
0.138184
-0.099182
-0.228027
0.291748
0.030914
0.090271
-0.142090
-0.227051
-0.277100
-0.293213
-0.068359
0.529785
0.201904
-0.054443
0.262939
0.173950
-0.076050
0.588867
0.351807
-0.292725
0.180542
0.089050
-0.090759
0.204102
0.159058
-0.023178
0.034760
-0.127319
-0.122681
-0.064697
0.205933
-0.121826
-0.218262
0.262939
0.177734
-0.054779
-0.104004
0.011108
0.196289
0.080261
-0.128052
-0.308350
-0.070007
-0.476807
0.109192
-0.118103
0.136353
-0.126953
-0.143066
0.074463
-0.197632
-0.226562
0.058533
0.002792
0.006401
-0.423828
-0.050781
0.049896
0.050629
-0.101013
-0.118469
-0.311768
0.132324
-0.226929
-0.179932
-0.339111
0.184814
-0.198242
0.279785
0.139648
-0.540527
-0.312012
0.071594
0.090698
0.517090
0.342773
-0.416016
0.039795
0.523438
0.205811
0.277832
0.047272
-0.125610
-0.058441
0.099792
0.250977
0.024872
-0.050629
0.045990
0.107239
0.234009
-0.307617
0.299805
0.252441
0.054260
0.083191
-0.001822
-0.132935
0.307861
0.407471
-0.099121
0.025894
-0.035797
0.003750
0.318359
0.063843
0.135986
-0.043762
-0.295410
-0.461426
-0.185425
0.195801
-0.115845
0.300049
-0.391846
-0.154541
-0.033325
0.068604
0.021301
0.498291
0.447021
-0.479492
0.188599
0.218872
0.224854
-0.192993
-0.007851
-0.282715
-0.020844
-0.049194
0.300049
0.168457
-0.029205
0.159302
-0.188354
0.144165
-0.334229
-0.067444
-0.033295
-0.525879
0.330566
-0.330566
0.004833
0.512695
-0.164917
0.200073
0.135498
0.624023
0.135376
0.120117
0.052277
0.317871
-0.156372
-0.159180
0.429932
0.185181
0.931152
-0.173218
-0.492432
0.244507
0.209229
-0.061554
-0.281982
-0.063721
0.001999
-0.058716
0.013390
-0.207031
-0.067444
-0.085999
0.156128
-0.010727
0.399902
-0.020844
-0.122070
0.359863
0.352783
-0.305908
0.145020
-0.016357
0.164062
0.094360
0.023758
-0.068359
0.143066
0.023300
-0.145020
-0.142334
0.369629
-0.039825
-0.276611
-0.108032
0.111694
-0.105652
-0.232788
0.314453
0.066956
-0.008003
-0.106079
-0.103210
-0.157104
-0.229370
-0.122192
0.448486
0.082703
-0.079834
0.112366
0.094299
-0.062683
0.360596
0.363770
-0.281494
0.170532
0.173462
-0.047638
0.118958
0.137695
-0.147827
0.022491
-0.144531
-0.255127
0.037384
0.284180
-0.170532
-0.156982
0.308350
0.134399
0.124146
0.139404
-0.000038
0.099243
0.088318
-0.123413
-0.324463
-0.070496
-0.439697
0.136230
-0.136475
0.195190
-0.041382
-0.144287
0.102661
-0.125854
-0.141968
0.093628
0.075317
-0.058929
-0.503906
-0.035492
0.095093
-0.034729
-0.086731
-0.017593
-0.382080
0.080078
-0.267090
-0.270996
-0.222046
0.223022
-0.257568
0.258545
0.103088
-0.315430
-0.263184
0.130127
0.116516
0.427002
0.322754
-0.243408
-0.110535
0.583008
0.314941
0.186279
0.097778
-0.156372
-0.065308
0.070251
0.276123
0.032196
-0.006996
0.030090
0.131836
0.385986
-0.227905
0.266602
0.177734
0.038147
0.328125
-0.048492
-0.226685
0.333740
0.379639
-0.071533
0.051910
-0.074890
0.312012
0.654297
0.083008
0.039948
-0.003075
-0.276123
0.403076
-0.178955
0.193481
0.232422
0.180054
-0.344482
0.081665
-0.102051
0.047028
0.274902
1.430664
0.318359
-0.478027
0.227417
0.179810
0.234253
0.033112
-0.053131
-0.285645
0.034271
-0.170410
0.223633
0.353027
-0.107239
0.175781
-0.238525
0.344971
-0.189697
-0.226562
0.051605
-0.341797
0.274902
-0.303223
0.031113
0.284668
-0.067505
0.139160
-0.020676
0.425781
0.419922
0.093689
-0.032837
0.388916
-0.164429
-0.173584
0.317139
0.195923
0.468506
-0.259277
-0.401367
-0.009300
0.175171
-0.049652
-0.251465
-0.084045
-0.046814
-0.055786
0.016205
-0.323975
0.051086
-0.172852
0.116394
-0.079102
0.349365
-0.127808
0.017166
0.328857
0.323975
-0.312500
0.142212
0.170776
0.142212
0.166626
-0.063965
0.395996
0.128174
-0.041626
-0.052307
-0.113708
0.226074
-0.063354
-0.142578
-0.212158
0.064514
-0.116699
-0.265381
0.329102
0.048218
-0.011505
-0.130859
-0.098022
-0.153564
-0.259766
-0.059448
0.457031
0.140381
-0.092712
0.140625
0.083923
-0.069702
0.430908
0.342529
-0.246826
0.189209
0.142334
-0.060333
0.141724
0.123657
-0.159058
0.042084
-0.140747
-0.236694
0.016815
0.345703
-0.108643
-0.162109
0.310791
0.179077
0.096252
0.095032
-0.004192
0.148193
0.116760
-0.118713
-0.296875
-0.022171
-0.422119
0.105103
-0.131958
0.197388
-0.082581
-0.137085
0.085144
-0.213867
-0.181885
0.083740
0.051453
-0.018555
-0.488525
-0.010101
0.030914
-0.013054
-0.075439
-0.101257
-0.350830
0.057526
-0.289551
-0.319092
-0.178589
0.250244
-0.248413
0.250488
0.094238
-0.381836
-0.264893
0.150269
0.131348
0.513672
0.347900
-0.281250
-0.042755
0.583984
0.300049
0.177002
0.099182
-0.160156
-0.038086
0.125732
0.229248
-0.000258
0.023132
0.070007
0.133423
0.383545
-0.246704
0.279541
0.165771
0.003506
0.247559
-0.026810
-0.184082
0.340088
0.383789
-0.045441
0.037598
-0.048859
0.257568
0.619629
0.071655
0.054901
-0.050171
-0.277344
0.236694
-0.213135
0.166748
0.160034
0.242188
-0.372314
0.081421
-0.075012
0.056030
0.177490
0.860840
0.359619
-0.458496
0.178467
0.187988
0.229492
-0.028427
0.012611
-0.264404
0.076538
-0.171265
0.261719
0.336182
-0.074585
0.176758
-0.294189
0.345947
-0.268066
-0.176758
0.035309
-0.393799
0.446533
-0.270264
-0.001734
0.375000
-0.048920
0.168701
0.067871
0.439453
0.400635
0.069580
-0.005470
0.393555
-0.171631
-0.111084
0.265137
0.239990
0.316650
-0.190674
-0.427979
0.011391
0.160034
-0.052399
-0.244995
-0.046295
-0.005680
-0.084412
0.066467
-0.322021
0.040314
-0.167969
0.115662
-0.055084
0.371338
-0.109863
-0.036865
0.331543
0.328857
-0.292236
0.122131
0.176880
0.141479
0.088257
-0.059906
0.254639
0.031464
-0.043701
-0.088379
-0.094543
0.306641
-0.047394
-0.229370
-0.214111
0.099976
-0.126343
-0.270752
0.398926
0.025681
-0.032532
-0.125244
-0.153198
-0.282959
-0.331055
0.010338
0.513184
0.290771
-0.086914
0.281250
0.120300
-0.086609
0.637207
0.310303
-0.176880
0.237793
0.070679
-0.106018
0.234009
0.153687
-0.084534
0.062103
-0.131592
-0.180420
-0.039856
0.294434
0.065247
-0.154053
0.287109
0.188843
-0.011833
-0.050964
-0.000809
0.245605
0.129028
-0.101074
-0.277100
0.050995
-0.443848
0.056458
-0.099976
0.187012
-0.185791
-0.112000
0.091309
-0.306152
-0.238647
0.101379
0.030121
-0.004330
-0.430908
0.040894
-0.034607
0.103821
-0.043732
-0.238281
-0.224976
0.086121
-0.293213
-0.364258
-0.161499
0.211182
-0.249756
0.239624
0.103027
-0.553223
-0.284912
0.098999
0.152588
0.577148
0.372070
-0.398438
0.099304
0.538086
0.241821
0.193237
0.042633
-0.175049
-0.040192
0.221436
0.192139
0.002737
-0.017136
0.075623
0.101746
0.443359
-0.230347
0.346436
0.332764
-0.051788
0.123718
-0.005051
-0.087891
0.312988
0.403809
-0.114990
0.019516
-0.091858
0.146362
0.619141
0.045685
0.124634
-0.113281
-0.331787
-0.389648
-0.260498
0.189331
0.038788
0.400879
-0.442871
-0.035889
0.004597
0.120911
-0.098694
0.598145
0.480957
-0.516113
0.127563
0.232300
0.233765
-0.229370
0.070984
-0.238525
0.148560
-0.093506
0.374268
0.357422
-0.021332
0.138916
-0.289551
0.353271
-0.416016
-0.012848
-0.001010
-0.500488
0.693359
-0.245972
0.008949
0.685059
-0.053131
0.127075
0.209473
0.489746
0.337402
0.052795
0.052856
0.412354
-0.198120
-0.024567
0.207153
0.219238
0.379395
-0.166260
-0.511230
0.200317
0.118530
-0.060913
-0.276611
0.049774
0.029724
-0.145630
0.141846
-0.316406
0.038910
-0.092041
0.052948
-0.011398
0.391602
-0.094360
-0.101318
0.387451
0.362793
-0.208374
0.101257
0.172485
0.200439
-0.023529
-0.104797
-0.039062
-0.022675
0.020447
-0.146362
-0.134888
0.461426
-0.081299
-0.332031
-0.208740
0.143555
-0.121765
-0.257568
0.452881
0.022614
0.010246
-0.096130
-0.283691
-0.460938
-0.418701
0.062073
0.602051
0.401123
-0.059143
0.440430
0.186401
-0.099487
0.862793
0.322021
-0.157593
0.260742
0.011116
-0.147339
0.336670
0.198242
0.057159
0.076477
-0.161987
-0.121460
-0.098999
0.154053
0.154907
-0.183472
0.263672
0.154541
-0.180542
-0.240967
0.029663
0.302979
0.103455
-0.145752
-0.300781
0.082458
-0.543457
0.007889
-0.075073
0.135254
-0.281738
-0.100586
0.092163
-0.331299
-0.322754
0.114502
-0.013199
0.019547
-0.360596
0.046478
-0.023758
0.180786
-0.049347
-0.295166
-0.152466
0.156738
-0.276855
-0.312012
-0.241577
0.139648
-0.232056
0.270264
0.146606
-0.776367
-0.319336
-0.000877
0.167480
0.641602
0.375244
-0.540039
0.210571
0.467529
0.180664
0.254639
0.004047
-0.160156
-0.045258
0.267090
0.180054
0.024323
-0.070923
0.073242
0.108521
0.448242
-0.218628
0.423584
0.522461
-0.064148
0.013374
0.031952
-0.013405
0.277344
0.449951
-0.259766
-0.000955
-0.135254
-0.056610
0.509766
0.024551
0.206177
-0.144287
-0.392090
-1.255859
-0.296387
0.230713
-0.128540
0.520996
-0.521973
-0.238037
0.075439
0.161743
-0.351318
0.001721
0.622070
-0.556641
0.134277
0.301514
0.238770
-0.447754
0.095642
-0.248291
0.147583
-0.017120
0.509277
0.309814
0.005337
0.112732
-0.197510
0.271729
-0.544434
0.143066
-0.083679
-0.605957
0.731445
-0.300781
0.038391
0.930176
-0.110901
0.108948
0.289307
0.630859
0.178223
0.085510
0.117554
0.416504
-0.212158
-0.056335
0.312012
0.162231
0.791016
-0.194946
-0.616211
0.463379
0.122192
-0.080322
-0.315674
0.077087
0.070190
-0.160278
0.130859
-0.276611
-0.017960
0.005573
-0.009010
0.047028
0.421387
-0.045105
-0.162109
0.477051
0.416992
-0.184814
0.156006
0.072937
0.245850
-0.020126
-0.101990
-0.304199
0.088745
0.112305
-0.240845
-0.191406
0.563477
-0.121582
-0.350342
-0.131958
0.150391
-0.120361
-0.252441
0.419189
0.029388
0.108154
-0.091675
-0.394775
-0.551758
-0.449951
0.069458
0.663086
0.402344
-0.031891
0.522949
0.237549
-0.076599
0.963867
0.333008
-0.218994
0.233032
-0.014793
-0.166138
0.380859
0.215454
0.159668
0.084473
-0.177612
-0.045593
-0.151733
0.054779
0.113770
-0.253906
0.250488
0.138672
-0.302490
-0.377930
0.053009
0.304932
0.065186
-0.197754
-0.327393
0.032715
-0.613770
0.009659
-0.078064
0.070190
-0.311768
-0.115356
0.075378
-0.302979
-0.389404
0.099304
-0.072449
0.058472
-0.324951
0.019745
0.018402
0.195557
-0.090576
-0.272217
-0.165649
0.224609
-0.254883
-0.179077
-0.365723
0.101746
-0.202271
0.312744
0.189819
-0.900391
-0.361572
-0.065247
0.157227
0.688965
0.370361
-0.613281
0.248047
0.429688
0.127686
0.315918
-0.001711
-0.109802
-0.057617
0.202393
0.203857
0.034302
-0.104553
0.068604
0.128784
0.328125
-0.250732
0.427734
0.573242
-0.013496
-0.120972
0.051361
0.019318
0.265625
0.478516
-0.296875
0.012253
-0.115601
-0.254883
0.235229
0.028336
0.246460
-0.135498
-0.365967
-1.790039
-0.277832
0.229492
-0.322266
0.536133
-0.553223
-0.399170
0.091858
0.147339
-0.441162
-0.638184
0.675293
-0.538086
0.136353
0.319092
0.211914
-0.557129
0.084961
-0.281494
0.035034
0.061798
0.499512
0.182495
0.030884
0.133301
-0.126709
0.084473
-0.579102
0.229614
-0.145996
-0.675293
0.562012
-0.351562
0.020813
0.986816
-0.190918
0.145386
0.314453
0.742188
-0.024139
0.121704
0.137451
0.351074
-0.217407
-0.110779
0.456787
0.102600
1.215820
-0.193848
-0.683594
0.591797
0.156006
-0.091248
-0.361572
0.046783
0.080383
-0.110107
0.055725
-0.187988
-0.133423
0.071045
0.022293
0.102661
0.478027
0.021927
-0.212158
0.519531
0.443604
-0.219360
0.176636
-0.098633
0.241943
-0.005993
-0.050720
-0.526367
0.193115
0.171021
-0.279297
-0.203369
0.566406
-0.133179
-0.360107
-0.026718
0.127319
-0.117554
-0.251709
0.260010
0.008102
0.151001
-0.156128
-0.274170
-0.333496
-0.305420
-0.004677
0.563477
0.224487
-0.050140
0.334961
0.151123
-0.057709
0.715332
0.309326
-0.285645
0.203613
0.046112
-0.095825
0.213745
0.143921
0.014847
0.048401
-0.108459
-0.072937
-0.120789
0.185791
-0.114563
-0.243164
0.255127
0.227783
-0.115967
-0.210571
-0.002348
0.197266
0.059875
-0.183350
-0.275635
-0.052307
-0.487305
0.110718
-0.111877
0.103699
-0.167480
-0.159302
0.044983
-0.236206
-0.317139
0.043549
-0.044464
0.065125
-0.381836
-0.043945
-0.018509
0.103821
-0.101257
-0.151978
-0.261475
0.152344
-0.202759
-0.129150
-0.368164
0.170288
-0.162842
0.292969
0.152954
-0.622559
-0.341064
0.037994
0.111450
0.598633
0.359131
-0.446289
0.080383
0.511230
0.173706
0.263672
0.030319
-0.079651
-0.054352
0.132202
0.207397
-0.017410
-0.041473
0.061493
0.100586
0.131348
-0.313721
0.314941
0.241577
0.048065
-0.119995
0.015114
-0.045715
0.300049
0.411865
-0.043365
0.003223
0.022705
-0.167969
0.061188
0.044525
0.134033
-0.094727
-0.244385
-0.942871
-0.191040
0.124390
-0.293701
0.313721
-0.437256
-0.217529
-0.001883
0.033600
-0.122681
-0.001114
0.496582
-0.369385
0.130127
0.203247
0.188232
-0.295898
0.095154
-0.265381
-0.040253
-0.015793
0.313721
0.074890
-0.009171
0.183105
-0.143066
0.007057
-0.411133
0.031708
-0.085083
-0.549805
0.313232
-0.315674
-0.013283
0.549805
-0.175049
0.223999
0.212891
0.634766
-0.025894
0.106689
0.076172
0.241211
-0.190430
-0.132568
0.406006
0.199585
0.996582
-0.075378
-0.556152
0.257812
0.177734
-0.069397
-0.284668
-0.028137
0.053497
-0.033844
0.016464
-0.132568
-0.139404
-0.061035
0.153687
0.043243
0.456543
0.054169
-0.189941
0.392090
0.341064
-0.299805
0.105347
-0.134521
0.124756
0.046875
0.058472
-0.333984
0.126343
0.050659
-0.175415
-0.108521
0.387451
-0.020477
-0.332031
0.008308
0.109985
-0.096924
-0.223267
0.097961
-0.004498
0.172119
-0.208618
-0.127563
-0.100769
-0.138550
-0.107544
0.436768
0.022858
-0.065063
0.131836
0.056610
-0.050507
0.422607
0.286377
-0.336914
0.184204
0.130249
-0.017502
0.020844
0.080261
-0.143799
0.003084
-0.034241
-0.125854
-0.066772
0.305908
-0.353760
-0.212646
0.256592
0.293701
0.102661
0.011734
-0.067200
0.079224
0.049042
-0.163330
-0.232300
-0.155396
-0.353516
0.232544
-0.156738
0.154053
0.016907
-0.206543
0.033600
-0.128052
-0.215210
-0.001834
0.018814
0.039734
-0.447998
-0.128296
-0.038361
0.013222
-0.118469
0.018463
-0.361816
0.087463
-0.134888
-0.100403
-0.370117
0.222656
-0.150757
0.263916
0.105652
-0.283447
-0.308594
0.145874
0.052704
0.439941
0.341553
-0.246582
-0.132080
0.601074
0.236694
0.207275
0.053986
-0.069458
-0.079529
0.048370
0.220703
-0.050598
0.015244
0.024353
0.058838
-0.026337
-0.356201
0.195312
-0.084534
0.108948
-0.052765
-0.029846
-0.136353
0.327637
0.336670
0.229736
-0.005390
0.134644
0.039520
-0.019424
0.064148
0.010979
-0.035095
-0.134521
0.073547
-0.076111
0.030029
-0.175293
0.077942
-0.296875
0.037018
-0.106873
-0.064148
0.268066
1.499023
0.283936
-0.261230
0.153564
0.074341
0.190430
0.011238
0.077820
-0.251465
-0.100403
-0.120667
0.117920
0.039154
-0.090149
0.208252
-0.184204
-0.005711
-0.201660
-0.197510
0.009567
-0.386230
0.009842
-0.281494
-0.022644
0.044800
-0.148071
0.258301
0.059570
0.474121
0.030487
0.103333
-0.008308
0.141602
-0.157349
-0.151611
0.307373
0.301270
0.693848
0.011253
-0.405273
-0.126099
0.176880
-0.043671
-0.230225
-0.090881
-0.003645
0.034149
-0.001976
-0.123230
-0.102356
-0.208618
0.259033
-0.045074
0.401855
0.048431
-0.150879
0.252197
0.232910
-0.371094
0.003904
-0.103577
0.020828
0.115784
0.117249
-0.029495
0.066528
-0.079956
-0.012726
-0.029953
0.175659
0.094971
-0.270020
0.037231
0.083618
-0.056976
-0.187012
0.054657
-0.000607
0.180176
-0.218628
-0.140869
-0.097595
-0.074951
-0.182373
0.438477
-0.004665
-0.053192
0.112732
0.064758
-0.031281
0.382568
0.275391
-0.388428
0.183105
0.152832
-0.030487
0.007053
0.094971
-0.140503
-0.006477
-0.004993
-0.102539
-0.064270
0.285645
-0.409180
-0.245972
0.247559
0.284912
0.123718
0.012672
-0.073792
0.064575
0.033295
-0.156860
-0.262939
-0.235840
-0.347900
0.286865
-0.161621
0.160034
0.061951
-0.216309
0.046387
-0.067627
-0.166382
-0.017273
0.031464
0.013084
-0.469238
-0.152588
0.006863
0.037537
-0.140015
0.071777
-0.382080
0.130493
-0.106689
-0.038757
-0.432617
0.217041
-0.138184
0.259033
0.130249
-0.222412
-0.324219
0.128052
0.011673
0.352051
0.340332
-0.219116
-0.168091
0.597656
0.208252
0.223755
0.037994
-0.048523
-0.111816
-0.006886
0.288330
-0.027649
-0.043640
-0.015617
0.021240
-0.086243
-0.384033
0.153442
-0.115417
0.166870
-0.067627
-0.068298
-0.172607
0.337646
0.335938
0.256104
0.036682
0.135132
0.071045
-0.059692
0.080444
0.006157
0.001486
-0.104980
0.276855
-0.038116
0.027603
-0.165527
0.041443
-0.268066
0.085693
-0.133057
-0.065063
0.355469
2.820312
0.238159
-0.243530
0.168579
0.045258
0.175171
0.078064
0.003220
-0.275635
-0.181396
-0.090759
0.025162
0.048187
-0.103943
0.219727
-0.186646
-0.062622
-0.131348
-0.245483
0.031128
-0.405029
-0.115784
-0.290771
-0.032532
-0.050446
-0.159912
0.265137
0.030838
0.484863
0.001328
0.112183
-0.043762
0.116577
-0.161865
-0.142334
0.334961
0.262695
0.768066
-0.004417
-0.394287
-0.171021
0.194336
-0.039215
-0.251709
-0.108765
-0.058136
0.055756
-0.037567
-0.114624
-0.122498
-0.199951
0.312744
-0.047333
0.411133
0.018890
-0.104248
0.233032
0.227051
-0.380127
-0.024796
-0.135254
0.024429
0.102417
0.124451
0.000927
0.071167
-0.075073
0.036346
-0.041901
0.120117
0.091858
-0.260498
0.022141
0.058350
-0.052673
-0.214355
0.144043
0.008476
0.089233
-0.208496
-0.113953
-0.089966
-0.108398
-0.206299
0.414795
0.034851
-0.053192
0.129395
0.098022
-0.027283
0.312012
0.268311
-0.385742
0.120483
0.167847
-0.045868
0.061707
0.106323
-0.171997
0.025070
-0.002119
-0.117737
-0.025223
0.326172
-0.300537
-0.196655
0.256104
0.252441
0.149292
0.082520
-0.048737
0.110046
0.093994
-0.082153
-0.274658
-0.210938
-0.307129
0.270752
-0.162354
0.199097
0.014297
-0.187134
0.083374
-0.115417
-0.098206
0.016251
0.045502
-0.035614
-0.513184
-0.067078
0.023972
0.043396
-0.104248
0.019241
-0.394531
0.117310
-0.175171
-0.105835
-0.363037
0.245850
-0.213623
0.246216
0.091553
-0.212402
-0.295898
0.177490
0.013107
0.373047
0.336182
-0.198120
-0.102905
0.610840
0.218872
0.189453
0.052002
-0.097168
-0.114197
-0.010063
0.341797
0.001003
-0.081238
0.005661
0.057434
0.049500
-0.396484
0.165894
-0.016968
0.125366
0.012589
-0.113586
-0.206665
0.336914
0.330078
0.190063
0.080811
0.073486
0.171143
0.209595
0.076294
0.034851
0.004787
-0.135376
0.712891
-0.033173
0.087646
-0.059082
0.122253
-0.270752
0.150269
-0.109497
0.013763
0.322021
2.171875
0.227783
-0.288330
0.165649
0.053772
0.190430
0.087952
-0.097534
-0.265381
-0.138062
-0.028915
0.006390
0.179932
-0.078979
0.193115
-0.279297
0.069336
-0.094788
-0.250488
0.078735
-0.429443
0.064331
-0.268799
-0.016525
0.068298
-0.131470
0.205078
0.056824
0.440918
0.130981
0.078613
-0.033905
0.185547
-0.179565
-0.031525
0.320557
0.176636
0.650879
-0.060944
-0.381348
-0.137451
0.183472
-0.022018
-0.261475
-0.055267
-0.103638
-0.000128
-0.001455
-0.182129
-0.053711
-0.170166
0.297607
-0.040863
0.395508
-0.065735
0.018509
0.225220
0.241211
-0.308838
-0.033112
-0.037659
0.087891
-0.004810
0.037567
0.062561
0.004368
-0.049469
0.042847
-0.088196
0.169067
0.050201
-0.287109
-0.132935
0.073608
-0.062195
-0.330078
0.339355
0.038574
-0.123352
-0.167480
-0.019638
-0.043457
-0.210327
-0.166138
0.363037
0.098206
-0.102112
0.082764
0.100525
-0.001182
0.183716
0.259521
-0.336426
0.025620
0.175537
-0.072083
0.156738
0.090210
-0.272705
0.083130
-0.054962
-0.205811
0.056000
0.489746
-0.034485
-0.110046
0.307861
0.194702
0.215576
0.257080
-0.007114
0.169800
0.216064
0.033051
-0.287354
-0.085571
-0.231445
0.164795
-0.150757
0.245605
-0.088013
-0.122620
0.112976
-0.251221
-0.018127
0.084229
0.045319
-0.062866
-0.569824
0.128662
0.011391
-0.010109
-0.042816
-0.160156
-0.404785
0.033234
-0.370117
-0.331543
-0.098022
0.343994
-0.330566
0.208252
0.008644
-0.213867
-0.220825
0.277344
0.088074
0.509766
0.329834
-0.143555
0.012543
0.630371
0.283936
0.067200
0.123230
-0.185669
-0.078064
0.036621
0.365479
0.002100
-0.038940
0.080444
0.176880
0.401367
-0.307861
0.191895
0.117188
0.010971
0.226562
-0.173340
-0.264893
0.360107
0.328857
0.047546
0.160889
-0.053284
0.381836
0.737305
0.082520
0.052460
-0.016434
-0.170044
1.332031
-0.114136
0.181885
0.228271
0.263184
-0.304688
0.267822
-0.085022
0.129150
0.249146
-0.550781
0.222290
-0.387939
0.106995
0.088745
0.181885
0.118591
-0.188110
-0.240967
-0.007309
0.011002
-0.011917
0.438965
-0.007141
0.179810
-0.463379
0.365967
-0.091003
-0.248779
0.151123
-0.426758
0.539551
-0.172729
-0.038971
0.352783
-0.015152
0.124939
0.117493
0.301514
0.479492
-0.015343
-0.045349
0.364258
-0.217285
0.148682
0.183594
0.076111
0.125977
-0.168701
-0.366943
-0.132812
0.158081
-0.004410
-0.256836
0.031830
-0.144653
-0.108093
0.073303
-0.321533
0.080017
-0.135620
0.238037
-0.034668
0.393555
-0.228394
0.224976
0.235229
0.278076
-0.180054
-0.010231
0.211670
0.183838
-0.179688
-0.144409
0.236328
-0.186157
-0.031647
0.020813
-0.117004
0.273193
-0.069824
-0.321533
-0.440430
0.101440
-0.117554
-0.356445
0.398193
0.031952
-0.194458
-0.148193
0.017075
-0.030289
-0.228271
-0.163086
0.328613
0.101013
-0.108887
0.071167
0.075256
-0.001584
0.127808
0.243530
-0.305664
-0.007229
0.193970
-0.054169
0.160400
0.079468
-0.313477
0.094116
-0.050079
-0.267334
0.098328
0.512695
0.018921
-0.031860
0.320312
0.179443
0.271240
0.343506
-0.000518
0.141968
0.245850
0.047089
-0.269531
-0.032257
-0.196655
0.153198
-0.144287
0.280518
-0.119690
-0.111816
0.134888
-0.273926
0.013428
0.115723
0.064636
-0.097656
-0.592773
0.184692
-0.010437
-0.018326
0.003754
-0.171631
-0.396484
-0.000162
-0.395996
-0.387207
-0.020111
0.353271
-0.372070
0.203857
-0.038666
-0.172241
-0.184204
0.316895
0.114807
0.527344
0.310547
-0.071655
0.019577
0.645508
0.330322
0.000921
0.136841
-0.204590
-0.071777
0.099243
0.361084
0.001004
-0.041779
0.102783
0.216675
0.503906
-0.272705
0.227905
0.151001
-0.045563
0.286133
-0.210327
-0.271484
0.351318
0.314209
0.025238
0.146851
-0.069336
0.447266
0.894043
0.056396
0.034088
-0.040131
-0.194702
1.562500
-0.116699
0.186646
0.329102
0.276123
-0.309570
0.350098
-0.060730
0.159180
0.218262
-0.882812
0.213989
-0.341797
0.111877
0.085327
0.204468
0.148438
-0.194824
-0.205322
0.077637
0.003668
0.034119
0.529297
-0.032745
0.160034
-0.483887
0.463623
-0.062561
-0.261230
0.168823
-0.368896
0.622559
-0.163574
0.007305
0.326172
0.029831
0.059937
0.108459
0.227417
0.548828
-0.040802
-0.024918
0.387207
-0.240112
0.194580
0.120056
0.062103
-0.063843
-0.175293
-0.353760
-0.162109
0.118713
0.000098
-0.213257
0.081421
-0.144897
-0.139526
0.114197
-0.366455
0.163452
-0.144043
0.166870
-0.037598
0.367188
-0.270508
0.300049
0.239380
0.261963
-0.131836
0.000278
0.285156
0.190063
-0.186523
-0.190308
0.327637
-0.193848
-0.025620
0.016357
-0.133789
0.264160
-0.069275
-0.280273
-0.496582
0.095642
-0.111267
-0.344482
0.299316
-0.023636
-0.082153
-0.188477
0.061798
0.039764
-0.173950
-0.135742
0.261230
0.009171
-0.072754
0.097046
0.012070
-0.043671
0.067200
0.216797
-0.279541
-0.015373
0.215088
0.057678
0.024582
0.025299
-0.360352
0.072449
0.032837
-0.288818
0.090698
0.467773
-0.177002
0.072571
0.295654
0.278564
0.374512
0.401611
-0.040833
0.036560
0.221313
-0.009056
-0.131836
0.019669
-0.135742
0.225464
-0.176147
0.319092
-0.096191
-0.155762
0.123047
-0.247070
-0.038727
0.119324
0.101501
-0.103577
-0.593262
0.114685
-0.121887
-0.023209
0.088745
-0.017090
-0.396240
-0.070679
-0.266113
-0.294678
-0.080933
0.298096
-0.354248
0.231567
-0.088684
-0.044708
-0.171875
0.383545
0.113831
0.503906
0.287354
0.029709
-0.076355
0.712891
0.391602
-0.036835
0.115356
-0.183594
-0.042206
0.159058
0.252686
-0.054993
-0.004681
0.144653
0.187622
0.268799
-0.343262
0.275391
0.014229
-0.078857
0.147705
-0.171875
-0.178833
0.291260
0.231567
0.228638
-0.030685
0.094299
0.343262
0.649902
-0.033356
-0.063721
-0.096191
-0.167725
1.704102
-0.028305
0.045593
0.185913
0.121399
-0.262451
0.380371
-0.036652
0.047974
0.210938
-0.704590
0.165039
-0.077087
0.143555
0.008003
0.269043
0.156372
-0.017105
-0.104309
0.200195
-0.077820
0.152344
0.369873
-0.122498
0.127197
-0.323730
0.405273
-0.029465
-0.285156
0.149170
-0.165161
0.379150
-0.198242
0.135620
-0.008942
0.002586
0.008865
0.043457
0.122253
0.372803
-0.030563
0.061401
0.228027
-0.234375
0.120422
0.099609
0.179688
0.015007
0.016373
-0.283936
-0.304199
0.042236
0.013634
-0.060669
0.093445
-0.041931
-0.078186
0.155396
-0.276367
0.211304
-0.269531
0.095703
-0.072693
0.293945
-0.112244
0.215454
0.192139
0.125488
-0.173340
-0.034180
0.181519
0.043335
-0.040466
-0.058319
0.296143
-0.063904
-0.099060
0.004139
-0.071106
0.136475
0.112976
-0.197754
-0.259766
0.101807
-0.026215
-0.357178
0.172241
-0.093140
0.065491
-0.256836
0.121704
0.137939
-0.141479
-0.055603
0.191284
-0.063843
-0.048248
0.132080
-0.033447
-0.086731
0.018875
0.192871
-0.240479
-0.026062
0.198608
0.177734
-0.110718
-0.054108
-0.410645
0.046326
0.125000
-0.264893
0.045685
0.449707
-0.360352
0.164673
0.258545
0.419434
0.458252
0.423584
-0.086548
-0.030853
0.202881
-0.034302
0.060638
0.110596
-0.039581
0.270020
-0.205078
0.338867
-0.099548
-0.191650
0.080200
-0.273438
-0.126831
0.111145
0.110352
-0.066467
-0.567383
0.048828
-0.287842
-0.038635
0.195190
0.076904
-0.372070
-0.183594
-0.142090
-0.200562
-0.115479
0.253662
-0.324951
0.250488
-0.147461
0.052856
-0.163452
0.481201
0.122986
0.525391
0.273682
0.088867
-0.130249
0.781250
0.437500
-0.054077
0.084412
-0.165283
0.021774
0.215698
0.087402
-0.139526
0.080872
0.222778
0.140015
-0.025711
-0.439941
0.318604
-0.144531
-0.128174
-0.056458
-0.085205
-0.025864
0.205444
0.129150
0.476807
-0.248535
0.295410
0.141113
0.315430
-0.128784
-0.166016
-0.168579
-0.116516
1.783203
0.046875
-0.109375
-0.059937
-0.031799
-0.205078
0.302979
-0.005009
-0.094727
0.132935
-1.604492
0.121155
0.193115
0.115540
-0.073303
0.330811
0.095459
0.229736
0.025986
0.357178
-0.134155
0.274658
0.116516
-0.140015
0.086426
-0.119507
0.309570
-0.055176
-0.261475
0.117798
0.034973
0.221191
-0.199097
0.256592
-0.229248
-0.052795
-0.009010
0.040192
0.013817
0.174072
-0.043579
0.180176
0.042389
-0.201538
0.056702
0.061401
0.325684
0.134888
0.269043
-0.196655
-0.422119
-0.022629
0.035339
0.130493
0.097290
0.105896
-0.001910
0.206055
-0.133667
0.226562
-0.421387
0.057587
-0.109924
0.209717
0.115234
0.071167
0.108215
-0.046753
-0.226562
-0.083679
0.042175
-0.117065
0.073303
0.137817
0.124573
0.024673
-0.204712
-0.046417
0.033081
0.060150
0.316650
-0.189209
0.012627
0.152832
0.057678
-0.409424
0.139771
-0.159424
0.112305
-0.316162
0.201904
0.242188
-0.130981
0.026398
0.109985
-0.081299
-0.036865
0.141357
-0.093994
-0.114868
-0.053833
0.156128
-0.185913
-0.057037
0.195557
0.278320
-0.194946
-0.129272
-0.500977
0.047699
0.202026
-0.297607
0.052734
0.494873
-0.443115
0.295166
0.247559
0.539551
0.583984
0.499023
-0.108704
-0.104431
0.242554
-0.026428
0.237915
0.261719
0.057251
0.281982
-0.205933
0.404541
-0.169312
-0.194458
0.061035
-0.368652
-0.171753
0.131226
0.127075
-0.064636
-0.589355
0.057465
-0.435547
-0.065613
0.350342
0.102478
-0.346191
-0.326172
-0.084351
-0.186523
-0.051941
0.250732
-0.313477
0.267090
-0.217896
0.143311
-0.132568
0.606445
0.158813
0.597168
0.257324
0.192749
-0.124207
0.853516
0.509277
-0.128662
0.091431
-0.152466
0.117737
0.363525
-0.055817
-0.221802
0.132690
0.346924
0.133057
-0.179810
-0.521973
0.390869
-0.262939
-0.228027
-0.196777
-0.045868
0.109802
0.146118
0.037323
0.613770
-0.428223
0.454590
-0.004566
0.240601
-0.232666
-0.265137
-0.266602
-0.112366
2.125000
0.056580
-0.239868
-0.168823
-0.113220
-0.182861
0.323486
0.047150
-0.183228
-0.000358
-2.076172
0.104614
0.505859
0.070435
-0.124268
0.384766
0.066162
0.447266
0.168945
0.585938
-0.203613
0.443115
-0.003344
-0.150879
0.061981
0.004967
0.333496
-0.079895
-0.264404
0.081360
0.215698
0.311279
-0.184082
0.365479
-0.391113
-0.031769
-0.022293
0.082397
-0.099121
0.105103
-0.103027
0.312500
-0.043060
-0.195923
0.062622
-0.000380
0.436523
-0.036407
0.485352
-0.125000
-0.524414
-0.089294
0.052307
0.368652
0.142090
0.261475
0.015015
0.285156
-0.076538
0.308105
-0.541016
-0.026947
-0.122253
0.127808
0.251465
0.030746
0.047913
-0.184937
-0.223877
-0.065186
-0.007133
-0.247803
0.139038
0.278564
0.055450
0.041687
-0.289307
-0.153442
0.116943
0.038696
0.479980
-0.163940
0.131958
0.206299
0.096802
-0.402344
0.196655
-0.163574
0.031281
-0.335938
0.275635
0.298584
-0.112000
0.026031
0.083435
-0.020416
-0.051605
0.101990
-0.117737
-0.138062
-0.093018
0.152344
-0.128784
-0.014717
0.211304
0.270996
-0.194824
-0.124878
-0.569336
0.044769
0.215454
-0.343018
0.096680
0.576660
-0.378662
0.335938
0.255859
0.558105
0.664551
0.559082
-0.113831
-0.067566
0.287842
0.033386
0.263184
0.320312
0.083801
0.268799
-0.191528
0.475098
-0.184692
-0.160645
0.086792
-0.428955
-0.119263
0.151123
0.173950
-0.116089
-0.632812
0.084290
-0.443604
-0.054932
0.414551
0.054382
-0.318115
-0.376709
-0.108276
-0.303467
0.044189
0.279785
-0.322510
0.237061
-0.224731
0.201782
-0.113525
0.653320
0.159058
0.566895
0.275391
0.216064
-0.107849
0.877930
0.528809
-0.142212
0.086670
-0.188965
0.156494
0.443848
-0.075378
-0.217529
0.117554
0.376953
0.091675
-0.073853
-0.550781
0.405029
-0.270020
-0.273926
-0.107727
-0.048492
0.101440
0.148438
0.024231
0.577637
-0.442383
0.439941
0.099304
0.498047
-0.246094
-0.283203
-0.278076
-0.154297
2.509766
0.001630
-0.234009
-0.032715
-0.081604
-0.180298
0.422119
0.050873
-0.164185
0.000903
-0.407715
0.096558
0.528809
0.054596
-0.105957
0.418701
0.102661
0.466309
0.198364
0.705078
-0.266846
0.507812
0.106750
-0.142456
0.050446
-0.034210
0.489502
-0.095276
-0.308838
0.096008
0.233154
0.535156
-0.164185
0.368652
-0.362061
0.019852
-0.011841
0.108032
-0.122375
0.275635
-0.144287
0.330566
0.052887
-0.186401
0.106812
-0.059540
0.465332
-0.327148
0.478516
-0.090759
-0.557129
-0.092651
0.059235
0.428955
0.158691
0.284668
-0.032654
0.338379
-0.175049
0.376465
-0.579102
-0.053741
-0.135254
0.080017
0.192383
0.074219
0.024078
-0.184326
-0.208008
-0.028595
0.115723
-0.228882
0.115417
0.261475
0.196411
-0.027893
-0.327637
-0.195557
0.128174
0.088440
0.482666
-0.173462
0.027054
0.238647
0.059723
-0.313721
0.344727
-0.043793
-0.114807
-0.143677
0.099365
0.013039
-0.174561
-0.081665
0.242310
0.030136
-0.071167
0.091614
-0.063904
-0.104065
0.119019
0.237427
-0.149658
0.082275
0.222778
0.111511
-0.024841
0.023224
-0.368164
0.036438
0.021042
-0.408203
0.133301
0.384033
-0.187500
0.181274
0.305664
0.266846
0.446289
0.441406
-0.059570
-0.043671
0.187866
-0.074707
-0.067566
0.160278
-0.182129
0.193237
-0.140381
0.366943
-0.119263
-0.145996
0.139160
-0.234863
-0.076599
0.167358
0.172974
-0.149292
-0.575684
0.078857
-0.166260
-0.018005
0.178955
0.038544
-0.309570
-0.126099
-0.203125
-0.354492
-0.012466
0.233643
-0.335938
0.237549
-0.093750
-0.009956
-0.142578
0.360352
0.170654
0.448730
0.263428
0.082458
-0.140381
0.718262
0.474121
-0.072388
0.088135
-0.184326
0.002775
0.357666
0.137085
-0.068054
0.019867
0.158813
0.154297
0.354980
-0.250977
0.385986
0.044373
-0.165771
0.241211
-0.127563
-0.108032
0.243652
0.203613
0.165283
-0.164673
0.105835
0.399902
0.820801
-0.097534
-0.143677
-0.150146
-0.272949
1.562500
-0.094666
0.026245
0.340332
0.054932
-0.276367
0.410889
-0.007206
0.008644
0.156372
1.037109
0.200439
0.049347
0.191162
0.041504
0.337891
0.178467
0.151978
-0.026199
0.437744
-0.250732
0.404541
0.412354
-0.212158
0.095520
-0.163940
0.561035
-0.055573
-0.311035
0.096680
0.023926
0.437988
-0.229004
0.262939
-0.136597
0.070740
-0.064270
-0.027542
0.035583
0.447754
-0.039795
0.128418
0.269531
-0.224487
-0.000836
0.010948
0.313721
-0.274658
0.027084
-0.244385
-0.328369
-0.023239
-0.002302
0.113464
0.111267
0.077087
-0.091248
0.212891
-0.329834
0.357422
-0.347168
-0.104675
-0.124756
0.190308
-0.063538
0.153564
0.215332
0.074097
-0.172974
0.094604
0.286621
-0.025589
0.187988
-0.018997
0.535156
0.067200
-0.143188
-0.080627
-0.057892
0.096008
0.165161
-0.017029
-0.196777
0.093628
-0.019119
-0.196167
0.465576
0.114014
-0.270996
0.119141
-0.138672
-0.362061
-0.222534
-0.247437
0.432373
0.019989
-0.087891
0.076416
0.016556
-0.032166
0.330811
0.333740
-0.214966
0.180298
0.241211
-0.074951
0.152832
0.198853
-0.097168
0.012001
-0.199951
-0.466064
0.157104
0.074463
-0.000963
-0.023468
0.358643
-0.130737
0.180420
0.308105
0.008133
-0.064575
0.011086
-0.231445
-0.491699
-0.090454
-0.496338
0.128540
-0.088379
0.195557
0.001400
-0.144043
0.204834
0.091064
-0.018173
0.181885
0.165649
-0.186890
-0.480469
0.067078
0.193970
0.030197
-0.141602
0.075928
-0.298096
0.222046
-0.298096
-0.333252
-0.122131
0.137451
-0.356689
0.238770
0.065247
-0.218994
-0.188232
-0.040161
0.178345
0.238403
0.218750
-0.062378
-0.234253
0.505371
0.394043
0.000335
0.082581
-0.167603
-0.238647
0.149292
0.432617
0.128906
-0.104675
-0.162476
0.228638
0.835449
0.193237
0.330322
0.458496
0.011238
0.658203
-0.236450
-0.367432
0.347656
0.416748
-0.329346
0.199341
-0.323486
0.773438
1.116211
0.094421
0.010406
0.029739
-0.375977
0.317627
-0.157593
0.352783
0.794922
0.151855
-0.372314
0.349854
-0.094788
0.210205
0.391602
1.995117
0.291748
-0.546875
0.372070
0.194458
0.206421
0.311279
-0.269043
-0.314697
0.040161
-0.187866
0.181763
0.759766
-0.313721
0.155029
-0.262695
0.582520
0.066101
-0.299561
0.108704
-0.165894
0.135376
-0.290771
0.148560
0.101868
0.126953
-0.194214
-0.268311
0.141846
0.604492
0.099915
-0.155396
0.468262
-0.276611
-0.155273
0.080139
0.086853
-0.086609
-0.568359
-0.416260
-0.083679
0.042206
-0.070557
-0.290039
0.040100
-0.217041
-0.116150
0.004555
-0.459961
0.327881
-0.048523
-0.178467
-0.123230
0.330322
-0.354980
0.254395
0.448975
0.365967
-0.119812
0.221069
0.459961
0.209229
0.321533
-0.369873
0.969238
0.228760
0.101868
0.133789
-0.291992
0.011742
-0.257812
0.235107
-0.440674
-0.125488
-0.081238
-0.168091
0.508301
0.174316
-0.325928
0.224731
-0.228149
-0.491211
-0.255859
-0.301025
0.507324
-0.009628
-0.105530
0.046173
0.034973
-0.002502
0.404053
0.378418
-0.246094
0.202515
0.242554
-0.138062
0.214111
0.255127
0.005356
0.004620
-0.302734
-0.504883
0.168213
-0.024185
0.055939
-0.101562
0.383545
-0.283691
0.070801
0.268799
0.036377
-0.089355
-0.055634
-0.308594
-0.660156
-0.191040
-0.617188
0.093994
-0.068481
0.111877
0.056030
-0.151733
0.213867
0.218384
-0.007614
0.179565
0.144897
-0.175659
-0.433105
0.063782
0.323486
0.015945
-0.286133
0.083435
-0.314209
0.346436
-0.343262
-0.328613
-0.158691
0.114136
-0.363037
0.244385
0.113403
-0.308594
-0.195557
-0.190918
0.192627
0.192505
0.200317
-0.105530
-0.281006
0.419434
0.378906
0.015388
0.099426
-0.153809
-0.333984
0.070618
0.535645
0.191406
-0.117798
-0.282227
0.291992
1.023438
0.376953
0.305420
0.583496
0.079224
0.831055
-0.282959
-0.484131
0.398926
0.507812
-0.505371
0.343994
-0.485352
0.913574
1.190430
0.177856
0.072144
0.093628
-0.409180
-0.230835
-0.182861
0.475342
0.963379
0.185181
-0.410889
0.336426
-0.133667
0.288818
0.500488
1.521484
0.329346
-0.790039
0.447510
0.252197
0.149414
0.372070
-0.431885
-0.434082
-0.136719
-0.167358
0.088623
0.881348
-0.365723
0.184937
-0.318359
0.572266
0.109009
-0.302002
0.114807
-0.251465
-0.008354
-0.314941
0.094177
0.163940
0.152222
-0.238525
-0.365967
0.193604
0.643066
0.163452
-0.277344
0.531738
-0.303223
-0.223267
0.101929
0.009865
-0.016464
-0.791504
-0.491455
-0.001904
0.067566
-0.104614
-0.464355
0.010010
-0.338623
-0.126343
-0.074097
-0.497803
0.311523
0.071106
-0.200439
-0.125122
0.400879
-0.465820
0.294189
0.546387
0.484619
-0.100525
0.260010
0.519531
0.297119
0.377686
-0.511719
1.128906
0.284912
0.199951
0.232910
-0.382812
-0.026230
-0.420166
0.328369
-0.524902
-0.219238
-0.099915
-0.183716
0.488525
0.166504
-0.270996
0.194458
-0.240479
-0.468994
-0.281738
-0.263184
0.520508
0.006222
-0.107056
0.055420
0.049927
-0.012268
0.440918
0.391602
-0.256348
0.195557
0.220825
-0.137939
0.222046
0.243896
0.014137
0.009384
-0.313721
-0.470703
0.143188
0.011055
0.035828
-0.132446
0.379150
-0.244629
0.028305
0.216309
0.039429
-0.058105
-0.040863
-0.304199
-0.640625
-0.183228
-0.622559
0.077148
-0.071533
0.094360
0.040070
-0.154541
0.185303
0.171387
-0.046844
0.157837
0.111389
-0.132202
-0.419922
0.046539
0.303711
-0.007751
-0.295654
0.048370
-0.331787
0.322998
-0.346680
-0.318115
-0.179077
0.134399
-0.334717
0.255371
0.119629
-0.371094
-0.206177
-0.170654
0.186890
0.261230
0.215698
-0.158203
-0.243896
0.419678
0.361816
0.052704
0.112122
-0.144531
-0.300781
0.068298
0.499756
0.166992
-0.087097
-0.245850
0.303467
0.951172
0.314697
0.301514
0.536133
0.082764
0.770996
-0.245605
-0.467041
0.405029
0.518066
-0.481689
0.321289
-0.438477
0.799316
1.061523
0.183350
0.093201
0.085693
-0.399170
-0.406250
-0.200684
0.457031
0.835449
0.199707
-0.416992
0.258789
-0.132812
0.263428
0.469238
0.869141
0.357422
-0.791016
0.424316
0.265625
0.146973
0.310059
-0.390625
-0.438232
-0.157959
-0.166626
0.110840
0.776855
-0.325928
0.195312
-0.324463
0.503418
0.046112
-0.278564
0.084656
-0.308594
0.015152
-0.328369
0.055878
0.206909
0.111023
-0.155884
-0.313965
0.282715
0.576172
0.172974
-0.251465
0.518066
-0.280029
-0.249146
0.168091
0.038788
0.102600
-0.740234
-0.506836
0.046814
0.108826
-0.109619
-0.464844
-0.024368
-0.301025
-0.115295
-0.084534
-0.461670
0.242676
0.064270
-0.144897
-0.108582
0.419189
-0.413818
0.217529
0.538574
0.496826
-0.143311
0.269775
0.454590
0.287842
0.364014
-0.448486
1.003906
0.276123
0.184204
0.182251
-0.353516
0.029114
-0.390381
0.261719
-0.478516
-0.187744
-0.114197
-0.171021
0.334229
0.111877
-0.137085
0.074707
-0.158447
-0.323242
-0.180908
-0.247803
0.451416
-0.047729
-0.085205
0.055634
0.024612
-0.026520
0.347900
0.344727
-0.275146
0.202026
0.227783
-0.061554
0.092834
0.182373
-0.073181
-0.012718
-0.190308
-0.395020
0.097534
0.076660
-0.149780
-0.113159
0.337402
-0.072876
0.140625
0.243286
-0.016052
-0.073181
-0.039734
-0.263916
-0.487549
-0.182983
-0.510742
0.172485
-0.114380
0.142456
0.080078
-0.184204
0.159302
0.141113
-0.073914
0.123596
0.133911
-0.123840
-0.453857
-0.027557
0.191040
0.002680
-0.208984
0.131592
-0.341309
0.239258
-0.237427
-0.239136
-0.239502
0.131958
-0.300049
0.250488
0.102234
-0.216187
-0.232910
-0.057037
0.143677
0.223145
0.239990
-0.112122
-0.302246
0.511719
0.358643
0.068726
0.073669
-0.137817
-0.251465
0.040039
0.413574
0.106506
-0.060486
-0.190674
0.189575
0.628418
0.130127
0.265869
0.323242
0.090698
0.551270
-0.185669
-0.362305
0.359863
0.425781
-0.200439
0.179932
-0.253662
0.654785
0.782715
0.128906
0.013206
0.058197
-0.302734
0.055847
-0.116638
0.301025
0.604980
0.071167
-0.342041
0.249634
-0.144409
0.129761
0.486572
1.843750
0.273438
-0.591309
0.370361
0.163696
0.185669
0.287598
-0.233887
-0.357910
-0.095276
-0.189453
0.103088
0.580078
-0.302002
0.179199
-0.219604
0.399902
0.038910
-0.302002
0.097595
-0.209229
-0.111084
-0.312012
0.097290
0.021774
0.044006
-0.097107
-0.282227
0.231812
0.452393
0.153687
-0.189087
0.374268
-0.242920
-0.245972
0.155029
0.134766
0.244995
-0.506348
-0.419678
-0.114929
0.089600
-0.076904
-0.358154
-0.043610
-0.221191
-0.046692
-0.050201
-0.362549
0.196655
-0.080505
-0.051941
-0.136841
0.364014
-0.265869
0.139038
0.424316
0.357178
-0.217285
0.154053
0.315918
0.171997
0.354492
-0.275879
0.824707
0.264404
0.067566
0.174438
-0.245605
-0.023575
-0.212158
0.169312
-0.285156
-0.121033
-0.061310
-0.151245
0.133423
0.040741
0.037720
-0.059967
-0.077209
-0.156006
-0.054840
-0.249023
0.357910
-0.134766
-0.044281
0.068237
0.004013
-0.049377
0.218262
0.292236
-0.305664
0.184570
0.243530
0.041565
-0.072571
0.106445
-0.168213
-0.042236
-0.027740
-0.302002
0.046448
0.112854
-0.408203
-0.073303
0.281494
0.119385
0.278076
0.277100
-0.077393
-0.115112
-0.042908
-0.226929
-0.294189
-0.188721
-0.366699
0.302246
-0.168945
0.199951
0.126831
-0.224854
0.130371
0.130127
-0.097351
0.088440
0.160156
-0.121826
-0.488525
-0.128052
0.060547
0.014503
-0.100220
0.269531
-0.358398
0.147461
-0.082520
-0.091797
-0.342285
0.110291
-0.260498
0.256348
0.067810
-0.013649
-0.255859
0.083618
0.079773
0.155273
0.245972
-0.035767
-0.376709
0.617676
0.354980
0.089294
0.028473
-0.115051
-0.199707
0.009323
0.315674
0.037323
-0.044312
-0.124390
0.064026
0.206421
-0.092834
0.232056
0.070679
0.105713
0.275879
-0.121704
-0.236328
0.287598
0.302734
0.144409
-0.002199
-0.009537
0.454834
0.389160
0.046600
-0.092712
0.027328
-0.192139
0.605469
0.014084
0.109131
0.302002
-0.105469
-0.238892
0.243042
-0.146362
-0.031250
0.502930
2.863281
0.161377
-0.284912
0.322021
0.033417
0.237549
0.280029
-0.049591
-0.242920
-0.023926
-0.202148
0.099060
0.310303
-0.293701
0.152588
-0.058167
0.238281
0.070435
-0.335938
0.101440
-0.059052
-0.339111
-0.307617
0.172607
-0.280762
-0.045044
-0.047821
-0.264404
0.155151
0.236938
0.134766
-0.094849
0.161255
-0.198853
-0.247559
0.161011
0.244019
0.458740
-0.212280
-0.304688
-0.307861
0.059509
-0.034454
-0.193726
-0.060883
-0.116577
0.052612
-0.022141
-0.218750
0.151245
-0.247681
0.035095
-0.161377
0.286377
-0.063782
0.042419
0.279053
0.170654
-0.298340
0.032684
0.117249
0.012337
0.375000
-0.047699
0.609863
0.291748
-0.064331
0.163574
-0.124329
-0.121338
0.025772
0.098877
-0.026703
-0.054199
0.019135
-0.150146
-0.037842
-0.022705
0.173828
-0.159302
0.003979
-0.000270
0.057892
-0.254150
0.259033
-0.251465
-0.009789
0.055939
-0.038971
-0.058258
0.055725
0.241821
-0.337402
0.140625
0.270020
0.157104
-0.235962
0.026566
-0.264160
-0.065979
0.111328
-0.259277
0.021072
0.133057
-0.653320
-0.002794
0.243164
0.270020
0.434814
0.361328
-0.129028
-0.207886
-0.051941
-0.215454
-0.122620
-0.180298
-0.230103
0.416260
-0.214355
0.249023
0.168823
-0.267090
0.107788
0.145752
-0.109680
0.067810
0.187866
-0.126831
-0.523438
-0.200073
-0.060303
-0.001034
0.005650
0.422363
-0.384033
0.056610
0.049988
0.049957
-0.412109
0.089539
-0.236084
0.268555
0.016418
0.201416
-0.256592
0.208740
0.044495
0.100830
0.231079
0.090637
-0.472168
0.715332
0.385986
0.060547
0.003933
-0.086182
-0.159912
-0.006729
0.231567
-0.030319
-0.017532
-0.066345
-0.014519
-0.148560
-0.243408
0.215210
-0.157593
0.109131
0.060974
-0.089111
-0.134033
0.223022
0.185303
0.446777
-0.166138
0.206055
0.297607
0.061249
-0.032562
-0.208862
-0.007130
-0.089600
1.191406
0.141968
-0.063171
0.080933
-0.301514
-0.142578
0.262207
-0.150024
-0.177612
0.541016
3.125000
0.041077
0.025375
0.293213
-0.095764
0.281250
0.315430
0.105713
-0.131836
0.050781
-0.220825
0.087219
0.081482
-0.313477
0.132812
0.102051
0.107971
0.141602
-0.386719
0.110229
0.128784
-0.590332
-0.301270
0.269043
-0.615723
-0.102356
-0.043365
-0.289307
0.031921
0.051239
0.112610
-0.014915
-0.043549
-0.173340
-0.262939
0.152710
0.332275
0.603027
0.040771
-0.187500
-0.519531
0.014275
0.003162
-0.017700
-0.073120
-0.031525
0.149170
-0.006874
-0.078979
0.147339
-0.404053
0.081238
-0.197021
0.210327
0.115662
-0.007019
0.155029
-0.014626
-0.359619
-0.062256
-0.050751
-0.152100
0.430664
0.151855
0.490967
0.343018
-0.179321
0.167847
-0.017532
-0.259277
0.236206
0.097961
0.198120
-0.019012
0.101501
-0.164185
-0.083862
-0.036469
0.197876
-0.148193
0.053162
0.066589
0.094055
-0.266113
0.192505
-0.363770
-0.002029
0.001183
-0.089355
-0.053986
-0.088623
0.241455
-0.342285
0.088806
0.305664
0.240967
-0.326416
-0.019043
-0.316406
-0.083252
0.138794
-0.318604
0.054016
0.101807
-0.780273
0.081970
0.249634
0.276123
0.547363
0.487549
-0.139404
-0.336426
-0.072388
-0.245728
-0.060120
-0.149170
-0.183594
0.453369
-0.226440
0.268311
0.190918
-0.288818
0.106018
0.204346
-0.101257
0.085938
0.215332
-0.148560
-0.545898
-0.216553
-0.088501
-0.064209
0.058258
0.541016
-0.416260
-0.002712
0.093506
0.112488
-0.400635
0.069153
-0.249512
0.287598
-0.031342
0.344727
-0.225708
0.258545
0.064941
0.063110
0.184570
0.229126
-0.570801
0.756836
0.462158
-0.009018
0.023880
-0.070557
-0.147583
0.007179
0.199097
-0.056183
0.014778
-0.048798
0.009483
-0.221191
-0.218872
0.232666
-0.237671
0.088135
0.079651
-0.102112
-0.113708
0.189331
0.132202
0.517090
-0.241821
0.271484
0.294434
0.023224
-0.074707
-0.295410
-0.016098
-0.065979
1.537109
0.194702
-0.111816
0.118958
-0.440918
-0.099304
0.299561
-0.156250
-0.241699
0.602051
2.595703
-0.028717
0.188110
0.322998
-0.144775
0.305420
0.397949
0.153442
-0.077820
0.115356
-0.270508
0.108521
0.030319
-0.371582
0.127441
0.216187
0.107422
0.238281
-0.448730
0.112976
0.308350
-0.772461
-0.316895
0.363281
-0.852539
-0.091797
-0.099854
-0.387207
-0.086548
0.025055
0.105713
0.011574
-0.117859
-0.170898
-0.326904
0.138550
0.357178
0.597168
0.088013
-0.115356
-0.638184
-0.019241
0.014702
0.103088
-0.087769
-0.000127
0.199219
-0.024796
-0.038666
0.210938
-0.480225
0.028137
-0.232422
0.149902
0.177124
0.033173
0.120178
-0.104919
-0.377686
-0.040741
-0.078735
-0.240479
0.559082
0.215332
0.631836
0.450195
-0.221436
0.172974
0.014656
-0.394043
0.307617
0.224243
0.275391
-0.047150
0.142822
-0.190552
0.016129
-0.024368
0.125732
-0.060852
0.005020
-0.016205
0.014107
-0.258301
0.223999
-0.366211
-0.018661
-0.020142
-0.115234
-0.053162
-0.040009
0.271729
-0.321045
0.055664
0.299072
0.236450
-0.269287
-0.002831
-0.267090
-0.074829
0.051971
-0.416260
0.096375
0.048096
-0.699219
0.130249
0.277832
0.178223
0.495117
0.497070
-0.111023
-0.395752
-0.072815
-0.306152
-0.128662
-0.109741
-0.248901
0.386475
-0.186523
0.234375
0.151489
-0.284912
0.107849
0.226562
-0.101562
0.105896
0.195557
-0.138916
-0.511719
-0.168823
-0.053253
-0.107849
0.022461
0.511719
-0.416748
0.014877
0.043488
0.073486
-0.355469
0.068420
-0.260986
0.309326
-0.049469
0.250488
-0.184814
0.198242
0.118347
0.129272
0.149292
0.258301
-0.554688
0.701172
0.508301
-0.063477
0.061798
-0.052826
-0.166260
0.100342
0.220581
-0.044464
0.024918
-0.059021
0.130005
-0.038483
-0.090515
0.291504
-0.151978
0.053467
0.205322
-0.159180
-0.165894
0.210083
0.179443
0.356201
-0.196655
0.199707
0.334717
0.136108
-0.066101
-0.270508
-0.024338
-0.135254
1.224609
0.150391
-0.035828
0.248657
-0.396729
-0.144897
0.319336
-0.132935
-0.176758
0.575684
1.252930
0.029617
0.161255
0.374023
-0.088440
0.293701
0.430420
0.093811
-0.098389
0.114441
-0.280273
0.178101
0.110657
-0.422852
0.137329
0.194702
0.152588
0.259277
-0.459717
0.081360
0.291992
-0.742188
-0.351318
0.384277
-0.861328
-0.043396
-0.145020
-0.424805
-0.055054
0.037872
0.121094
0.004124
-0.065857
-0.203857
-0.366455
0.147705
0.331543
0.489014
-0.010292
-0.164429
-0.559082
-0.016174
-0.012131
0.104309
-0.067322
-0.020187
0.161621
-0.041931
-0.069946
0.272949
-0.406982
-0.070312
-0.220459
0.171387
0.119080
0.095642
0.195679
-0.048096
-0.330566
0.067749
-0.024719
-0.214233
0.641602
0.148682
0.764160
0.513184
-0.151733
0.151489
-0.051941
-0.396729
0.243286
0.343262
0.198975
-0.103943
0.126221
-0.252930
0.147217
-0.001284
0.052155
0.006569
-0.068115
-0.115173
-0.127686
-0.190918
0.294678
-0.287842
-0.051666
-0.000928
-0.099731
-0.038574
0.095581
0.299072
-0.303223
0.019714
0.246460
0.177734
-0.136475
0.020462
-0.193115
-0.038422
-0.069092
-0.447021
0.100464
0.066101
-0.506348
0.108215
0.310303
0.099365
0.345459
0.412842
-0.063782
-0.350830
-0.039368
-0.333496
-0.213379
-0.059784
-0.325684
0.263916
-0.144897
0.166138
0.059784
-0.260254
0.084595
0.152588
-0.140137
0.113159
0.118286
-0.073914
-0.456299
-0.079407
-0.028519
-0.142212
-0.037567
0.346924
-0.409180
0.036896
-0.076416
-0.013939
-0.279297
0.112488
-0.263916
0.321045
-0.049377
0.020111
-0.162720
0.136108
0.178955
0.313721
0.148804
0.173706
-0.426758
0.622559
0.500000
-0.083069
0.112427
-0.047791
-0.158691
0.166992
0.234863
-0.044830
0.058441
-0.036438
0.269287
0.173096
0.003469
0.331299
-0.028442
0.019424
0.273682
-0.186035
-0.206055
0.251953
0.263184
0.141113
-0.108521
0.103333
0.284912
0.229736
-0.031250
-0.173950
-0.038452
-0.192261
0.620605
0.051849
0.068115
0.275635
-0.236938
-0.234985
0.249268
-0.100708
-0.080811
0.444336
-1.449219
0.151367
0.035034
0.359619
0.008873
0.247925
0.349121
0.024506
-0.148804
0.066711
-0.234131
0.228271
0.166748
-0.382324
0.163818
0.083923
0.168823
0.171997
-0.387695
0.031128
0.134766
-0.507812
-0.360596
0.311279
-0.606934
-0.014305
-0.105896
-0.343018
0.076233
0.061676
0.121582
0.000660
0.038727
-0.230347
-0.347900
0.195068
0.271484
0.428711
-0.114075
-0.269775
-0.361084
0.030014
-0.041748
0.029800
-0.050262
-0.029236
0.093567
-0.059967
-0.102661
0.248169
-0.281250
-0.102173
-0.158691
0.247803
0.051178
0.119080
0.291504
0.076538
-0.281494
0.169678
0.010765
-0.128174
0.586914
0.066467
0.699219
0.473877
-0.058289
0.076172
-0.112305
-0.263672
0.126831
0.320312
0.073120
-0.117065
0.064331
-0.308594
0.192383
0.015945
0.043762
0.013077
-0.115479
-0.163818
-0.203247
-0.136963
0.331055
-0.234741
-0.063232
0.045135
-0.055206
-0.006668
0.158813
0.298096
-0.317871
-0.016434
0.208252
0.135132
-0.052368
0.022293
-0.156372
-0.007126
-0.105530
-0.397949
0.067383
0.085632
-0.396484
0.057770
0.319824
0.080261
0.255127
0.343994
-0.029587
-0.290039
-0.017776
-0.315186
-0.234619
-0.038910
-0.343750
0.203491
-0.137573
0.124878
-0.013817
-0.235840
0.070618
0.087158
-0.179565
0.117188
0.056946
-0.024063
-0.433350
-0.012947
-0.022476
-0.143555
-0.056580
0.237427
-0.400391
0.050018
-0.151489
-0.029892
-0.241821
0.133545
-0.272705
0.325195
-0.039215
-0.107849
-0.174683
0.120361
0.208252
0.432617
0.160278
0.097778
-0.322754
0.594727
0.465820
-0.077393
0.134888
-0.044952
-0.145996
0.130859
0.239746
-0.047821
0.071960
-0.004189
0.319824
0.222900
0.023605
0.332520
0.061310
0.009804
0.227905
-0.173218
-0.188354
0.258545
0.294189
0.066284
-0.053101
0.065186
0.189819
0.188232
-0.014557
-0.128052
-0.048798
-0.168213
0.284424
0.009148
0.097351
0.201538
-0.137207
-0.288086
0.130005
-0.076843
-0.056213
0.312012
-3.330078
0.209473
-0.029785
0.300537
0.040985
0.205811
0.231934
0.019073
-0.170776
0.021683
-0.148438
0.194336
0.161377
-0.297119
0.181763
0.042328
0.126953
0.096069
-0.279297
0.008636
0.051575
-0.377441
-0.331055
0.241699
-0.349854
-0.026993
-0.083557
-0.260498
0.107788
0.050354
0.101318
0.003315
0.068848
-0.248901
-0.297607
0.217896
0.198364
0.511719
-0.145142
-0.333984
-0.247803
0.050140
-0.043671
-0.025818
-0.039429
-0.025726
0.087341
-0.080872
-0.084656
0.175781
-0.206299
-0.080078
-0.103394
0.313965
0.044464
0.129272
0.331055
0.124512
-0.255859
0.173218
-0.018173
-0.082703
0.484863
0.019760
0.508789
0.416992
-0.007313
0.036407
-0.106323
-0.178345
0.050507
0.246704
0.036621
-0.102661
0.030060
-0.281738
0.149658
-0.009933
0.136719
-0.035126
-0.148926
-0.213745
-0.197021
-0.109070
0.349854
-0.165894
-0.023849
0.184326
0.012596
-0.021057
0.239746
0.277100
-0.311279
0.012413
0.175293
0.138062
-0.040741
0.029861
-0.110718
-0.010139
-0.032318
-0.281738
-0.009300
0.001772
-0.410156
0.038696
0.275391
0.139526
0.215820
0.233276
-0.037598
-0.220093
-0.037018
-0.279541
-0.161133
-0.018356
-0.336914
0.229370
-0.151123
0.132324
-0.063599
-0.227417
0.079468
0.057220
-0.232300
0.124634
0.061920
-0.037048
-0.420898
-0.037567
-0.064819
-0.052643
0.008957
0.242188
-0.335938
0.061035
-0.085876
0.051849
-0.324463
0.065063
-0.270508
0.330811
-0.009399
-0.151611
-0.228394
0.120544
0.185669
0.406982
0.175537
0.002857
-0.268799
0.611328
0.403076
-0.005878
0.061188
-0.056335
-0.129395
0.093689
0.201904
-0.039490
0.022781
0.009583
0.213257
0.061951
-0.068359
0.355957
0.145874
0.008888
0.045349
-0.092590
-0.059937
0.195923
0.258057
0.112061
-0.138794
0.100464
0.029953
0.078491
-0.056427
-0.117676
-0.072571
-0.163940
0.129883
0.036438
0.066528
-0.000117
-0.115295
-0.290527
-0.042999
-0.037903
-0.087830
0.141724
-2.822266
0.240967
-0.007332
0.263428
0.028870
0.235840
0.064758
0.105530
-0.126221
0.083801
-0.080383
0.246338
0.058075
-0.229980
0.137085
0.165527
0.077087
0.013542
-0.166748
-0.011299
0.056244
-0.350098
-0.327148
0.293457
-0.165039
-0.101685
-0.104126
-0.188965
0.111633
-0.043274
0.095337
0.078796
0.017120
-0.228760
-0.282471
0.250977
0.184448
0.838867
-0.071411
-0.329590
-0.144409
0.029755
-0.022659
0.005524
-0.022278
0.030487
0.112000
-0.059448
-0.018417
0.135986
-0.228516
-0.072266
-0.095459
0.282227
0.150635
0.048798
0.310059
0.074768
-0.261719
0.127319
-0.106201
-0.090027
0.443359
0.089905
0.251465
0.453613
-0.017761
-0.013687
-0.089355
-0.123169
0.090759
0.158325
0.143677
-0.042419
0.062805
-0.193604
0.090759
-0.078064
0.306641
-0.203735
-0.202515
-0.276611
-0.151611
-0.055817
0.405762
0.068481
0.059174
0.460449
0.118103
-0.079163
0.483154
0.215454
-0.278809
0.135376
0.116089
0.103333
-0.002642
0.073792
-0.046997
-0.000091
0.129150
-0.047729
-0.138672
-0.051483
-0.415771
-0.019989
0.178467
0.334961
0.137817
-0.049957
-0.060150
-0.011467
-0.015572
-0.193359
-0.012657
0.015106
-0.335449
0.302979
-0.167725
0.210693
-0.168701
-0.203125
0.102051
-0.096497
-0.318848
0.113159
0.080078
-0.079590
-0.433594
-0.108582
-0.151733
0.184937
0.155884
0.203369
-0.204590
0.083618
0.055145
0.137329
-0.497559
-0.021378
-0.214722
0.329102
0.076294
-0.269287
-0.342773
0.142578
0.096191
0.374756
0.271729
-0.214233
-0.106567
0.644531
0.247559
0.175781
-0.088318
-0.069946
-0.052765
0.127197
0.117859
-0.034637
-0.131714
0.084412
-0.043549
-0.271484
-0.407959
0.401611
0.217651
-0.001880
-0.384521
0.045471
0.174194
0.103821
0.206665
0.234375
-0.298096
0.226562
-0.300537
-0.133301
-0.150757
-0.077637
-0.144775
-0.166382
-0.072510
0.044220
-0.061279
-0.433838
0.006386
-0.321045
-0.230957
0.059296
-0.140625
-0.218018
1.293945
0.335693
0.129761
0.169434
0.014915
0.307861
-0.282959
0.302246
-0.042297
0.231079
-0.000917
0.424072
-0.095947
-0.120667
0.070251
0.302002
-0.022781
-0.215942
0.028030
-0.069214
-0.045532
-0.169556
-0.349121
0.338135
0.110107
-0.233398
-0.043121
0.050476
0.246704
-0.243164
0.070862
0.244873
-0.041748
-0.197754
-0.187988
0.354980
0.200439
1.347656
0.160889
-0.367920
0.028687
0.001102
0.005604
0.055267
0.041504
0.170776
0.112488
0.041901
0.035370
0.023697
-0.266846
-0.022903
-0.031830
0.246216
0.299072
-0.109314
0.275879
0.014549
-0.285156
0.026825
-0.299805
-0.101318
0.271484
0.241821
-0.324707
0.446045
-0.045441
-0.169922
-0.039001
0.065857
0.229370
-0.094482
0.349609
0.098022
0.089722
-0.292480
0.182129
-0.121033
0.234985
-0.380127
-0.001966
-0.013931
-0.180298
0.061707
0.327393
0.235352
0.020294
0.426514
0.115784
-0.125000
0.371094
0.194092
-0.202026
0.115784
0.103821
0.103088
0.019669
0.017426
-0.271240
0.062317
0.192261
-0.025986
-0.102844
0.345947
-0.281250
0.036041
0.187744
0.544922
0.274170
0.044067
-0.057739
0.195190
0.207886
0.027588
0.155151
0.199097
-0.165405
0.254395
-0.184814
0.367188
-0.284180
-0.132568
0.089355
-0.448975
-0.281738
0.120605
0.087097
-0.073792
-0.558105
-0.004601
-0.297119
0.158447
0.330811
-0.038177
-0.231689
-0.150635
-0.067749
-0.131714
-0.258545
0.155273
-0.249390
0.275146
0.003191
-0.234985
-0.304688
0.427246
0.088257
0.571777
0.375488
-0.226807
0.098328
0.763672
0.273682
0.177124
-0.034241
-0.160645
0.140259
0.256836
-0.011391
-0.114807
-0.058594
0.331787
-0.084900
-0.242310
-0.720215
0.403564
0.057648
-0.143921
-0.430176
0.105652
0.235840
0.107605
0.136597
0.389648
-0.385254
0.342773
-0.307861
0.190674
-0.200684
-0.089355
-0.231689
-0.161499
1.078125
-0.052277
-0.159180
-0.477783
0.164551
-0.311035
-0.082031
0.097839
-0.147339
-0.353271
1.790039
0.320557
0.225952
-0.000752
0.009766
0.376953
-0.386230
0.450195
0.067932
0.510254
-0.050385
0.526855
-0.034210
0.042694
0.043549
0.088745
0.215820
-0.397217
0.018860
-0.015015
-0.113586
0.535645
-0.248535
0.270020
0.337891
-0.196045
0.112915
0.316650
0.250244
0.037476
-0.062744
0.356201
0.095947
-0.153687
0.059998
0.273438
0.292236
0.804688
0.385742
-0.301514
-0.056824
0.010963
0.042755
0.171875
0.107056
0.298828
0.000979
0.239502
-0.100952
0.049591
-0.396973
0.078186
-0.011581
0.200439
0.262207
-0.099243
0.148804
-0.028381
-0.275879
-0.047882
-0.163574
-0.086853
-0.046814
0.288818
-0.475586
0.096252
-0.193359
-0.322998
0.084839
0.336182
0.350586
-0.420654
0.206299
0.296387
0.012848
-0.363770
0.189331
-0.138550
0.137451
-0.463379
0.194824
0.244873
-0.160034
0.099426
0.229126
0.236938
-0.052216
0.219604
0.051788
-0.141602
0.183960
0.202881
-0.157227
0.117249
0.108521
0.117981
-0.033875
-0.052032
-0.472656
0.055542
0.187012
-0.084839
-0.043793
0.659180
-0.238037
0.065369
0.215332
0.646484
0.439453
0.215942
-0.088928
0.250488
0.321777
0.173096
0.225830
0.282471
-0.019714
0.203369
-0.181519
0.435791
-0.259033
-0.094604
0.048798
-0.606934
-0.200928
0.091614
0.102234
-0.045441
-0.618164
0.033081
-0.384277
0.037781
0.375977
-0.183838
-0.274414
-0.334229
-0.170410
-0.346680
-0.036316
0.315430
-0.239990
0.210205
-0.057281
-0.098328
-0.244507
0.609863
0.094971
0.634766
0.408203
-0.164795
0.116699
0.833008
0.330566
0.129639
0.028900
-0.216064
0.238403
0.332275
-0.083618
-0.189941
0.072632
0.427734
-0.088013
-0.167969
-0.785645
0.335449
-0.189331
-0.202637
-0.281250
0.113525
0.186523
0.164307
0.095154
0.487793
-0.379150
0.397705
-0.162476
0.411377
-0.167969
-0.129761
-0.239624
-0.145386
1.969727
-0.131714
-0.178345
-0.337402
0.152954
-0.245117
0.064026
0.041138
-0.166748
-0.204956
1.417969
0.234985
0.223145
-0.095337
-0.002050
0.373779
-0.236206
0.495850
0.106812
0.606445
-0.150024
0.472900
-0.013901
0.136841
0.072693
-0.082214
0.381348
-0.404297
-0.130493
0.044891
-0.136230
0.944824
-0.143433
0.164551
0.334473
-0.120239
0.267334
0.400879
0.218506
0.314941
-0.147095
0.338379
0.199951
-0.100159
0.150269
0.140869
0.422363
0.177368
0.469238
-0.190796
-0.231934
0.074890
0.058380
0.274902
0.072571
0.327393
-0.052551
0.307373
-0.174072
0.096741
-0.506836
0.199097
-0.064514
0.160522
0.213745
-0.099121
0.020416
-0.057831
-0.294434
-0.036560
0.005955
-0.103027
-0.141724
0.337158
-0.303223
-0.192383
-0.335449
-0.354248
0.174561
0.433105
0.395996
-0.544922
0.005177
0.392822
-0.056549
-0.316650
0.091980
-0.101562
0.176758
-0.447998
0.175415
0.288818
-0.097656
0.029709
0.253906
0.131958
-0.076721
0.072632
0.026199
-0.124329
0.156250
0.250244
-0.230957
0.156982
0.130493
0.095093
-0.086304
-0.040466
-0.453125
0.018768
0.122925
-0.099243
-0.033997
0.678223
-0.371094
-0.058014
0.231812
0.607422
0.410156
0.207031
-0.103210
0.200073
0.260254
0.108154
0.113220
0.125610
-0.078857
0.227417
-0.187988
0.372314
-0.107544
-0.132446
0.014145
-0.482178
-0.178101
0.018936
0.083618
-0.002224
-0.598145
-0.074524
-0.283936
-0.047607
0.220215
-0.115540
-0.358887
-0.272217
-0.155396
-0.300781
-0.119568
0.353760
-0.166870
0.210449
-0.002224
-0.062439
-0.259277
0.541992
0.050568
0.557129
0.409912
-0.170288
-0.008522
0.801270
0.311523
0.183838
0.062866
-0.175049
0.191650
0.222778
-0.021698
-0.181030
0.112610
0.333496
-0.078064
-0.209961
-0.740723
0.224854
-0.358887
-0.078552
-0.167358
0.102173
0.052948
0.238403
0.149658
0.498047
-0.282959
0.389893
-0.082336
0.260254
-0.069580
-0.116394
-0.153931
-0.119812
1.793945
-0.136108
-0.144287
-0.281006
0.057587
-0.205322
0.103394
-0.062073
-0.192871
0.096313
2.042969
0.189819
0.100464
-0.041016
0.008812
0.319336
-0.065491
0.399170
0.001435
0.379639
-0.220093
0.322266
-0.077637
0.091614
0.143311
-0.151245
0.261230
-0.332275
-0.261475
0.046692
-0.218506
0.699219
-0.172974
0.048370
0.131104
-0.131226
0.395508
0.296875
0.340088
0.293945
-0.078308
0.217529
0.200684
-0.061707
0.020508
0.202881
0.480713
0.185181
0.386719
-0.186279
-0.301758
0.173096
0.033783
0.169800
-0.059723
0.251221
-0.010498
0.198364
-0.163330
0.006241
-0.497070
0.323975
-0.089844
0.207153
0.184570
-0.157593
0.011719
0.011093
-0.394287
-0.009125
-0.015991
-0.102844
-0.043610
0.369141
-0.119263
-0.187622
-0.351074
-0.265869
0.178101
0.357422
0.363525
-0.508301
-0.002359
0.335938
-0.091003
-0.184937
0.025467
-0.012650
0.173096
-0.274658
-0.042267
0.026672
-0.028336
-0.142334
0.393555
0.012917
-0.077515
0.013145
0.004623
-0.041901
0.327637
0.277588
-0.343262
0.248901
0.158081
-0.010910
-0.050903
0.067505
-0.234985
-0.033264
0.004562
-0.126709
-0.042755
0.400635
-0.439941
-0.247314
0.253174
0.362305
0.225708
0.061890
-0.097534
0.058777
0.053680
-0.113281
-0.196533
-0.172729
-0.319336
0.275635
-0.149902
0.212524
0.073547
-0.192505
0.028839
-0.131714
-0.164062
-0.029861
0.063599
0.006351
-0.505371
-0.184570
-0.028412
-0.006359
-0.073486
0.048492
-0.368896
0.033508
-0.104248
-0.123962
-0.342285
0.260742
-0.085205
0.233276
0.146484
-0.134766
-0.321045
0.192993
0.021835
0.335693
0.364746
-0.187988
-0.200317
0.638184
0.234009
0.224487
0.041992
-0.048950
-0.029495
0.066833
0.206543
-0.069153
0.002439
0.042694
-0.049896
-0.112122
-0.440430
0.134277
-0.266846
0.137939
-0.042877
-0.020111
-0.137573
0.336182
0.303467
0.290039
-0.016006
0.193604
0.083618
0.018585
0.075134
-0.058167
-0.007404
-0.099609
0.632812
-0.112488
-0.019562
-0.093201
-0.012161
-0.244141
0.119019
-0.162354
-0.137085
0.395996
4.613281
0.210083
-0.159424
0.107117
0.044922
0.180664
0.123840
0.126831
-0.232422
-0.071228
-0.205322
0.072266
0.025070
-0.062469
0.243408
-0.162354
0.012222
-0.169922
-0.311768
0.017822
-0.339355
0.057861
-0.256348
-0.060852
-0.078979
-0.121399
0.370117
0.060181
0.458008
0.140747
0.063904
-0.028534
0.178467
-0.119568
-0.170044
0.278809
0.367676
0.466309
0.058105
-0.327637
-0.272705
0.223389
-0.032990
-0.129761
-0.153198
0.021225
0.062317
-0.024750
-0.152710
-0.112976
-0.291260
0.335938
-0.074341
0.356934
0.037415
-0.130981
0.173340
0.187744
-0.428223
0.036499
-0.082947
-0.031799
0.144165
0.209351
0.115051
0.003107
-0.174805
-0.040710
0.049896
0.138306
0.135864
-0.264160
0.006859
0.106567
-0.102234
-0.145874
0.005371
0.031891
0.182617
-0.176880
-0.153809
-0.110779
-0.022430
-0.232178
0.441895
-0.078247
-0.057312
0.033447
0.033203
0.000310
0.355225
0.290771
-0.420166
0.220215
0.183472
-0.035370
-0.032043
0.108826
-0.121216
-0.040436
-0.036011
-0.133179
-0.044037
0.228516
-0.482910
-0.297119
0.261963
0.228027
0.139526
0.034576
-0.078613
-0.024796
-0.037750
-0.212158
-0.326660
-0.312500
-0.408936
0.310303
-0.155762
0.133301
0.139771
-0.231812
0.048218
0.052094
-0.157471
-0.027588
0.047516
-0.004196
-0.469727
-0.210205
0.092163
0.001863
-0.193726
0.164795
-0.399902
0.184937
-0.083801
0.004776
-0.466797
0.196777
-0.103516
0.263184
0.177612
-0.159058
-0.339111
0.056335
0.011940
0.252686
0.318115
-0.178711
-0.287598
0.578613
0.215576
0.226440
0.043243
-0.011047
-0.151001
-0.060852
0.329834
-0.006702
-0.054596
-0.085938
0.008659
-0.071716
-0.293701
0.111206
-0.154663
0.228271
0.011055
-0.084534
-0.224487
0.353760
0.357910
0.203125
0.086243
0.098450
0.142822
-0.087463
0.122253
-0.028152
0.060608
-0.087402
0.186646
-0.044983
0.051819
-0.033142
-0.053497
-0.254395
0.098633
-0.190186
-0.095703
0.504395
3.978516
0.203613
-0.273193
0.198975
0.047821
0.133545
0.191284
-0.034149
-0.322754
-0.274414
-0.142944
-0.050720
0.061096
-0.144897
0.261230
-0.134521
-0.100708
-0.053619
-0.309570
0.019531
-0.348389
-0.316162
-0.307373
-0.057037
-0.172363
-0.141235
0.281006
-0.078064
0.460205
0.034760
0.135498
-0.119751
0.126587
-0.154541
-0.245483
0.339111
0.259033
0.750488
-0.101990
-0.384521
-0.236328
0.220459
-0.049713
-0.268799
-0.175415
-0.096680
0.105530
-0.130615
-0.118408
-0.142578
-0.192261
0.313232
-0.065247
0.410400
-0.008789
-0.076355
0.249268
0.244629
-0.419434
0.032043
-0.138062
0.002920
0.228882
0.117737
0.204224
0.151367
-0.072815
0.081055
-0.034546
0.004581
0.037872
-0.128174
0.031616
-0.007492
-0.069092
-0.164673
-0.046722
0.013474
0.259033
-0.218994
-0.186523
-0.089905
-0.012283
-0.216553
0.454346
-0.086243
-0.048126
0.040039
0.030533
0.016342
0.369629
0.283691
-0.466064
0.191772
0.172729
-0.024719
-0.037292
0.089172
-0.116211
-0.035553
-0.017776
-0.093872
-0.070190
0.238159
-0.561035
-0.328613
0.258057
0.277832
0.125000
-0.022278
-0.074097
-0.045197
-0.034637
-0.231079
-0.298584
-0.318848
-0.411133
0.327393
-0.156006
0.124817
0.112061
-0.240601
0.021057
0.024780
-0.193481
-0.052124
0.007565
0.029419
-0.474609
-0.227905
0.077637
-0.013680
-0.179077
0.172729
-0.425049
0.171631
-0.063354
0.090942
-0.519043
0.211060
-0.052795
0.289062
0.192505
-0.187256
-0.361084
0.071411
0.006329
0.311768
0.320312
-0.178955
-0.264893
0.586914
0.197266
0.242188
0.058197
0.040771
-0.115662
-0.057068
0.313477
-0.037354
-0.059296
-0.040466
0.012558
-0.228271
-0.376709
0.106323
-0.234619
0.247681
-0.122498
-0.074890
-0.185181
0.354004
0.355225
0.240234
0.055328
0.186401
-0.040649
-0.303711
0.107239
-0.033478
0.041931
-0.057373
0.075012
-0.045837
-0.002802
-0.205566
-0.074890
-0.263672
0.040314
-0.180908
-0.147461
0.452148
3.968750
0.220825
-0.137695
0.171265
0.038330
0.121582
0.154297
0.018051
-0.311768
-0.306152
-0.124756
-0.036163
-0.074829
-0.116699
0.288086
-0.089844
-0.242310
-0.081299
-0.301270
-0.030045
-0.378906
-0.362793
-0.331787
-0.076416
-0.224365
-0.179932
0.366943
-0.025055
0.541992
-0.110474
0.130249
-0.075562
0.068665
-0.152832
-0.268311
0.431885
0.272461
0.917969
-0.010925
-0.400879
-0.218140
0.257324
-0.052856
-0.212280
-0.206665
-0.044830
0.142334
-0.165649
-0.046539
-0.218262
-0.197876
0.365723
-0.027664
0.438232
0.066467
-0.119507
0.240112
0.227417
-0.463379
0.061981
-0.272705
-0.045898
0.234863
0.229126
0.047760
0.174805
-0.081055
0.008400
0.004276
0.013245
0.093018
-0.160645
0.104004
0.001925
-0.079407
-0.201294
-0.001873
0.006477
0.177368
-0.240112
-0.092529
0.015327
-0.041138
-0.179321
0.417725
-0.056641
-0.096191
-0.047119
0.008026
-0.012321
0.319824
0.296143
-0.410400
0.196655
0.156372
-0.034607
-0.034973
0.065613
-0.197876
-0.029114
-0.040314
-0.129761
-0.044403
0.403809
-0.468018
-0.296143
0.267578
0.310547
0.164307
0.048279
-0.085449
0.029068
0.034485
-0.150757
-0.283936
-0.266846
-0.333008
0.271973
-0.151611
0.145264
0.122559
-0.218140
0.001923
-0.076660
-0.149658
-0.067505
0.009750
0.062225
-0.472168
-0.187012
0.014015
-0.060181
-0.187744
0.040558
-0.426025
0.084595
-0.135132
-0.072998
-0.380859
0.298828
-0.065186
0.243164
0.140503
-0.170776
-0.312256
0.151245
0.007988
0.365723
0.342773
-0.185303
-0.213501
0.596680
0.218140
0.216431
0.088745
-0.011322
-0.082092
0.000166
0.270996
-0.070435
0.027679
-0.007225
0.034698
-0.106812
-0.381104
0.081970
-0.311768
0.198120
-0.007240
-0.074829
-0.232788
0.393799
0.346436
0.279785
0.076660
0.175659
0.085022
-0.133423
0.133667
-0.015610
0.030243
-0.077393
0.363281
-0.088074
0.020126
-0.124451
-0.021088
-0.240479
0.119263
-0.194702
-0.108704
0.512207
2.953125
0.203613
-0.238525
0.133057
0.049347
0.125854
0.204102
0.013725
-0.303711
-0.255615
-0.163574
-0.054474
-0.020462
-0.072693
0.282715
-0.248779
-0.112793
-0.112244
-0.350098
0.018936
-0.439209
-0.084656
-0.262939
-0.140015
-0.153076
-0.130981
0.412354
0.029831
0.532715
0.049255
0.100037
-0.093628
0.139038
-0.129883
-0.191162
0.322998
0.346924
0.534180
0.009460
-0.359863
-0.267090
0.272461
-0.049011
-0.223511
-0.189819
-0.054626
0.073975
-0.091736
-0.106873
-0.174072
-0.228760
0.411133
-0.060394
0.429199
0.013573
-0.148926
0.188843
0.242676
-0.437500
0.035614
-0.132446
-0.009941
0.137695
0.197388
0.113037
-0.020691
-0.131104
0.028107
0.018616
0.113708
0.096130
-0.262207
-0.026993
0.061279
-0.104309
-0.317383
0.172607
0.042053
-0.041199
-0.127075
0.001538
0.002411
-0.162231
-0.129639
0.347412
-0.074524
-0.147705
-0.064148
0.007416
0.003124
0.183350
0.285645
-0.323975
0.101379
0.151367
-0.027206
0.016983
0.032928
-0.266113
0.006874
-0.098694
-0.239868
0.013748
0.460693
-0.193359
-0.157104
0.312988
0.199341
0.227661
0.267334
-0.063171
0.042938
0.092468
-0.083557
-0.290039
-0.135986
-0.235962
0.158691
-0.153564
0.136597
0.060486
-0.174438
0.029495
-0.118347
-0.092224
0.018372
0.020538
0.053314
-0.457764
0.015419
-0.045441
-0.106262
-0.158813
-0.091614
-0.392578
0.026779
-0.301270
-0.279053
-0.110657
0.326416
-0.231567
0.202026
0.017654
-0.140625
-0.215820
0.200317
0.115601
0.454102
0.298340
-0.125488
-0.171875
0.603027
0.314209
0.046936
0.127808
-0.138550
-0.120117
-0.004383
0.279297
-0.064697
0.129639
-0.014748
0.173950
0.293701
-0.122131
0.125244
-0.090637
0.074890
0.261475
-0.125244
-0.281006
0.385010
0.328369
0.151123
0.142944
-0.001523
0.368164
0.356934
0.134644
-0.015266
0.006355
-0.100159
0.685059
-0.104553
0.151245
0.206543
0.056305
-0.258301
0.166382
-0.167725
0.015701
0.449707
-2.382812
0.178589
-0.407959
0.117981
0.061127
0.110291
0.250244
-0.074463
-0.267090
-0.126831
-0.093567
-0.107788
0.234497
-0.049347
0.238159
-0.342773
0.204712
-0.047791
-0.303223
0.118286
-0.318848
0.228027
-0.139282
-0.090149
0.130249
-0.003315
0.173218
-0.017700
0.233154
0.370850
0.033447
-0.131836
0.248047
-0.185059
-0.046814
0.077209
0.240479
0.091003
-0.150879
-0.320557
-0.278320
0.172119
-0.025986
-0.245972
-0.073669
-0.128906
-0.010551
-0.018463
-0.184814
0.030212
-0.187866
0.260254
-0.103088
0.409912
-0.101196
0.040802
0.214600
0.239502
-0.261719
0.013931
0.150391
0.074646
0.050201
-0.050873
0.339111
-0.147827
-0.089294
0.112305
-0.046539
0.122009
-0.059662
-0.196289
-0.285400
0.049530
-0.088623
-0.320068
0.187012
0.040588
0.004227
-0.109924
-0.044312
-0.062683
-0.197876
-0.102661
0.360352
-0.069214
-0.117920
0.027603
0.033356
0.002478
0.216187
0.285645
-0.322510
0.073730
0.149170
-0.001941
0.031281
0.036865
-0.219238
0.015266
-0.091309
-0.228638
-0.004143
0.362305
-0.208862
-0.127808
0.305176
0.183472
0.192505
0.240601
-0.045410
0.018875
0.068604
-0.117188
-0.262695
-0.102295
-0.271729
0.159180
-0.160522
0.128052
0.009903
-0.179810
0.044067
-0.101501
-0.143433
0.052460
0.018311
0.038879
-0.451416
0.019547
-0.043457
-0.087830
-0.118896
-0.041077
-0.379883
0.039398
-0.275146
-0.215942
-0.154297
0.266846
-0.258789
0.233276
0.016525
-0.185059
-0.228394
0.183228
0.138184
0.478027
0.282227
-0.135010
-0.161987
0.605469
0.324707
0.050262
0.113770
-0.134521
-0.118896
-0.011597
0.259766
-0.052155
0.108459
0.004539
0.189087
0.259766
-0.116638
0.181885
0.013885
0.053925
0.200806
-0.098022
-0.220459
0.337646
0.322021
0.136597
0.081360
0.006947
0.270996
0.280273
0.093384
-0.022781
-0.015457
-0.102234
0.457520
-0.075012
0.136230
0.126221
0.050964
-0.281982
0.071594
-0.130981
-0.005562
0.335449
-2.812500
0.208130
-0.372559
0.134521
0.062378
0.142334
0.145996
-0.031769
-0.245728
-0.080688
-0.069031
-0.027328
0.199341
-0.062866
0.207275
-0.240479
0.176758
-0.073425
-0.222412
0.090332
-0.247192
0.114441
-0.179932
-0.018250
0.158936
-0.047058
0.106812
-0.033630
0.211304
0.283936
0.049500
-0.080933
0.204468
-0.194580
-0.090454
0.129028
0.202515
0.345459
-0.142090
-0.344727
-0.210327
0.140381
-0.023697
-0.227051
-0.059204
-0.090271
0.016983
-0.026138
-0.149292
0.025192
-0.188965
0.192627
-0.090393
0.393066
-0.044067
0.030991
0.252197
0.216431
-0.264893
0.016464
0.082642
0.057007
0.102051
-0.039062
0.248047
-0.010445
-0.063171
0.075317
-0.052277
0.096497
-0.041260
-0.153198
-0.173706
0.040100
-0.057892
-0.317627
0.227783
0.034668
0.053223
-0.079529
-0.151611
-0.195190
-0.266357
-0.072144
0.424316
-0.017136
-0.083618
0.158447
0.082581
-0.006279
0.357422
0.298096
-0.323730
0.057526
0.121765
-0.008072
0.096497
0.067871
-0.114075
0.036407
-0.110657
-0.197021
-0.038239
0.230469
-0.183960
-0.127686
0.294189
0.150513
0.074097
0.118042
-0.014206
0.024857
0.049805
-0.175659
-0.274414
-0.075806
-0.350098
0.137817
-0.148926
0.095703
-0.067566
-0.184082
0.051270
-0.101257
-0.211426
0.072876
-0.011627
0.047333
-0.414551
0.023361
-0.026733
-0.041687
-0.116333
-0.032227
-0.354980
0.091980
-0.252930
-0.137695
-0.238159
0.205566
-0.263428
0.274658
0.034607
-0.340088
-0.249390
0.120117
0.153442
0.538086
0.272461
-0.202393
-0.093567
0.566406
0.300781
0.084106
0.098450
-0.109436
-0.120483
0.015839
0.257568
-0.030518
0.063110
0.017197
0.222046
0.237305
-0.120483
0.255615
0.158691
0.044250
0.107971
-0.079041
-0.160645
0.301514
0.348633
0.046082
0.052643
-0.005886
0.107910
0.194214
0.057983
0.024506
-0.043518
-0.154541
-0.087646
-0.075256
0.153809
-0.010010
0.125732
-0.341553
-0.054230
-0.067749
0.019012
0.150879
-3.535156
0.304443
-0.352051
0.166504
0.102844
0.162231
-0.010323
-0.016434
-0.244995
-0.072144
-0.011879
0.089661
0.160889
-0.077759
0.184937
-0.164307
0.110596
-0.139893
-0.110779
0.031738
-0.289307
0.069153
-0.242676
0.038086
0.267334
-0.095337
0.059845
-0.005116
0.296143
0.128296
0.080383
-0.017334
0.179565
-0.214844
-0.121948
0.242554
0.148315
0.672363
-0.151489
-0.421631
-0.029739
0.123962
-0.035980
-0.240112
-0.030701
-0.053192
0.016113
-0.030914
-0.112061
-0.000706
-0.122192
0.117676
-0.042603
0.413818
0.004894
0.001256
0.325684
0.243652
-0.250977
0.052979
-0.011497
0.073853
0.126465
-0.036957
0.064636
0.121216
0.012978
0.008522
-0.096985
0.136719
-0.049103
-0.136719
-0.085938
0.028763
-0.040802
-0.193970
0.317383
0.026489
0.128784
-0.029251
-0.416504
-0.541016
-0.332520
-0.093079
0.613281
0.195923
-0.000950
0.418457
0.180786
-0.051910
0.787109
0.326660
-0.310059
0.168701
0.080811
-0.100952
0.265625
0.210815
0.155396
0.043640
-0.142456
-0.134888
-0.089172
-0.083191
-0.125000
-0.197388
0.255859
0.059021
-0.195435
-0.244507
0.036713
0.081787
-0.020081
-0.299805
-0.381348
-0.106323
-0.607910
0.129395
-0.086731
0.070129
-0.180176
-0.177856
0.105530
-0.060791
-0.297363
0.087891
-0.023911
-0.012833
-0.348877
-0.048889
0.102173
0.150269
-0.140137
-0.008476
-0.246216
0.291016
-0.147095
0.002272
-0.493164
0.051483
-0.191040
0.346191
0.168701
-0.681641
-0.334717
-0.109253
0.119873
0.503418
0.281494
-0.404541
0.032898
0.438721
0.183716
0.248535
0.007408
-0.033508
-0.155029
0.144043
0.312012
0.070251
-0.169312
-0.038177
0.172607
0.230835
-0.163086
0.395996
0.466553
0.072632
-0.044098
-0.064026
-0.092896
0.272217
0.455322
-0.236938
0.046417
-0.079224
-0.123413
0.096191
0.022003
0.156616
-0.067017
-0.329834
-1.410156
-0.137329
0.217773
-0.177612
0.308838
-0.472900
-0.218018
0.043884
0.113708
-0.148438
0.526367
0.542969
-0.365479
0.271973
0.238037
0.203125
-0.258301
-0.040985
-0.294189
-0.092468
0.031158
0.380615
0.172852
-0.147217
0.155151
-0.045532
-0.017502
-0.285889
0.048431
-0.117615
-0.493652
0.008415
-0.420410
0.103516
0.414551
-0.171387
0.045319
0.066650
0.622070
-0.155762
0.172729
0.076172
0.215088
-0.243408
-0.222412
0.490723
0.088562
1.251953
-0.239136
-0.612793
0.381104
0.135986
-0.090393
-0.300293
0.012932
-0.015930
-0.026855
-0.049286
-0.133057
-0.054352
0.052155
-0.023163
0.059845
0.451660
0.006241
-0.100830
0.500977
0.377686
-0.238647
0.204590
-0.151489
0.150635
0.222900
-0.029572
-0.174927
0.385498
0.185425
-0.139160
-0.243408
0.258057
-0.085205
-0.078186
0.020050
-0.012726
-0.052124
-0.232422
0.334717
-0.013832
-0.020523
-0.066162
-0.130249
-0.243286
-0.234741
-0.103577
0.406250
0.072571
-0.038788
0.217041
0.007446
-0.111084
0.441650
0.282959
-0.197021
0.155884
0.183594
0.029739
0.067627
0.116699
-0.133179
0.031830
-0.071655
-0.353516
0.064941
0.164429
-0.195557
0.036530
0.292236
0.155273
0.164795
0.166138
-0.032318
-0.029266
0.077271
-0.238281
-0.242432
0.016281
-0.398926
0.178345
-0.125854
0.239868
-0.087891
-0.190552
0.132935
-0.110413
-0.175659
0.124817
0.112122
-0.097778
-0.463623
-0.020462
-0.043091
0.055115
-0.009270
0.077820
-0.295166
0.084839
-0.147827
-0.223145
-0.248291
0.143066
-0.272705
0.290039
0.006844
-0.291748
-0.210693
0.126465
0.143799
0.444580
0.269287
-0.106873
-0.127319
0.591309
0.379150
0.057129
0.059326
-0.123535
-0.103333
0.300049
0.213257
-0.000339
-0.049500
0.028671
0.188232
0.346680
-0.160889
0.404297
0.203491
-0.057526
0.182861
-0.117615
-0.153809
0.287354
0.335693
0.020523
-0.074158
0.021851
0.267090
0.512207
-0.038971
-0.009102
-0.119141
-0.340576
0.109375
-0.098511
0.093323
0.170654
0.143188
-0.362793
0.250244
0.005806
0.067749
0.123230
1.407227
0.355469
-0.172485
0.295166
0.130615
0.298584
0.054077
0.063110
-0.166992
0.187988
-0.201782
0.433350
0.351074
-0.283447
0.118164
-0.177246
0.331055
-0.132324
-0.200562
0.010231
-0.193848
0.138794
-0.345215
0.202271
-0.077576
-0.008148
-0.041626
-0.053680
0.303711
0.160034
0.094849
0.075195
0.237305
-0.242310
-0.138916
0.194214
0.280273
0.248047
-0.098022
-0.419678
-0.074097
0.018509
-0.059418
-0.115479
0.076965
0.019409
-0.082092
0.128174
-0.281982
0.215210
-0.181274
-0.118774
-0.064331
0.311523
-0.063538
-0.004971
0.368652
0.235718
-0.210083
0.128540
0.139648
0.044952
0.273193
-0.060425
0.341553
0.234497
0.007271
-0.046143
-0.166504
0.128052
0.077393
0.005352
-0.067871
0.012520
-0.013893
-0.322266
0.285400
-0.085388
-0.021912
-0.202759
0.121582
0.067566
-0.184326
0.009575
0.237549
0.028351
-0.073059
0.130859
-0.112244
-0.160156
0.222046
0.219116
-0.101196
0.135620
0.198853
0.144775
-0.091919
-0.011353
-0.391357
0.044189
0.041626
-0.403809
0.099365
0.468750
-0.260986
0.191650
0.294189
0.386963
0.420166
0.392334
-0.099487
-0.015015
0.203491
-0.137451
0.002672
0.186279
-0.156128
0.204834
-0.174683
0.366699
-0.088135
-0.191284
0.093567
-0.315918
-0.177368
0.126343
0.152832
-0.070862
-0.537109
0.012016
-0.294189
-0.005486
0.157227
0.033356
-0.310303
-0.163574
-0.146484
-0.384766
-0.045929
0.252197
-0.300537
0.244629
-0.127808
-0.051147
-0.142212
0.409668
0.161377
0.549805
0.310303
0.038574
-0.137329
0.749023
0.485352
-0.054443
0.093201
-0.185425
0.029083
0.422119
0.013107
-0.139526
0.117371
0.200684
0.154419
0.213867
-0.336670
0.402100
-0.107544
-0.195068
0.096558
-0.061981
-0.059021
0.265869
0.197266
0.372314
-0.261475
0.235718
0.320801
0.570801
-0.124512
-0.144531
-0.225830
-0.277100
1.229492
-0.080566
-0.104492
0.140381
0.049438
-0.278809
0.474609
0.011253
-0.036133
0.152222
0.650879
0.232788
0.094788
0.186646
0.020233
0.372314
0.123840
0.320312
0.000192
0.476074
-0.343018
0.502930
0.296387
-0.263672
0.093994
-0.253418
0.497803
-0.160889
-0.285645
0.078796
0.001260
0.424316
-0.233398
0.235962
-0.297607
0.060272
-0.006989
0.023300
0.081360
0.299072
-0.014076
0.163452
0.181763
-0.216919
-0.002934
-0.040985
0.491455
-0.422119
0.216553
-0.265137
-0.411377
-0.068665
-0.017090
0.089844
0.137451
0.162598
-0.104187
0.312012
-0.303223
0.325684
-0.415283
-0.104004
-0.123962
0.214600
0.022888
-0.058136
0.206909
0.059692
-0.219604
-0.001698
0.241699
-0.085632
0.176514
0.039276
0.351318
-0.004105
-0.192627
-0.070007
-0.002844
0.144775
0.301025
-0.131348
-0.022812
0.140503
0.019638
-0.408936
0.195557
-0.159546
0.027573
-0.331787
0.294922
0.301758
-0.140381
0.103760
0.103455
-0.013748
-0.088318
0.088013
-0.177979
-0.172119
0.036804
0.152222
-0.063049
0.078552
0.189209
0.248413
-0.217896
-0.133789
-0.579102
0.046997
0.166626
-0.380859
0.085999
0.666992
-0.346436
0.305420
0.276611
0.594238
0.616699
0.531250
-0.146973
-0.023407
0.283691
-0.037598
0.237793
0.322510
0.060486
0.234131
-0.210205
0.446777
-0.127808
-0.188354
0.049408
-0.474854
-0.194336
0.119812
0.159058
-0.035431
-0.583008
0.046753
-0.515137
-0.051270
0.324707
-0.003077
-0.304688
-0.367920
-0.121765
-0.418945
0.081299
0.316406
-0.301758
0.220459
-0.231934
0.132812
-0.107117
0.634277
0.177856
0.643066
0.321777
0.151245
-0.125122
0.876465
0.542969
-0.141846
0.103149
-0.209961
0.142578
0.492188
-0.147095
-0.261963
0.227905
0.352783
0.110596
-0.011902
-0.493408
0.397461
-0.347900
-0.289795
-0.089050
-0.011307
0.076050
0.214478
0.065063
0.660156
-0.433838
0.442383
0.185547
0.427246
-0.211304
-0.260986
-0.315674
-0.170654
1.999023
-0.042816
-0.275635
-0.034729
-0.050629
-0.215820
0.499756
0.032013
-0.162842
0.066345
-0.911621
0.140991
0.395752
0.057373
-0.088867
0.406006
0.104858
0.550781
0.159058
0.680176
-0.365723
0.529297
0.126099
-0.185913
0.074585
-0.187256
0.507812
-0.189331
-0.295898
0.101501
0.170410
0.590332
-0.136353
0.283936
-0.390381
0.064575
0.031204
0.121704
-0.095276
0.288818
-0.112732
0.271240
0.065857
-0.195923
0.098999
-0.180542
0.606934
-0.628418
0.511719
-0.140625
-0.622070
-0.123169
0.031158
0.308838
0.171753
0.296387
-0.070496
0.406738
-0.214111
0.356934
-0.588867
-0.059723
-0.146118
0.141968
0.177490
-0.083008
0.064087
-0.124451
-0.228882
-0.093506
0.187500
-0.224854
0.099609
0.199585
0.176636
-0.145020
-0.340576
-0.135376
0.147583
0.141479
0.485840
-0.244019
0.074036
0.249023
0.059052
-0.422607
0.109985
-0.183716
0.067810
-0.339844
0.344727
0.378174
-0.107544
0.093323
0.033722
-0.121399
-0.085449
0.052521
-0.189575
-0.177979
-0.098694
0.141357
-0.075195
0.020920
0.196533
0.315918
-0.306396
-0.185791
-0.622070
0.028198
0.216797
-0.378174
0.076172
0.655273
-0.450195
0.366455
0.256592
0.625000
0.692383
0.620605
-0.169434
-0.083313
0.268799
-0.026505
0.309570
0.320801
0.161377
0.269043
-0.234253
0.438232
-0.082642
-0.213867
0.031616
-0.427002
-0.178589
0.111206
0.166382
-0.020157
-0.564453
0.033722
-0.584961
-0.091064
0.342041
0.062622
-0.320801
-0.417969
-0.075317
-0.352051
0.075806
0.302979
-0.315430
0.215088
-0.295166
0.259033
-0.076904
0.692383
0.168823
0.603027
0.283691
0.227173
-0.188110
0.904297
0.573730
-0.183838
0.098877
-0.217407
0.130615
0.446289
-0.180298
-0.291504
0.284424
0.347900
0.116760
-0.131958
-0.478516
0.376953
-0.433594
-0.288574
-0.109497
-0.009888
0.089600
0.177856
-0.000389
0.802734
-0.495117
0.509766
0.184326
0.286377
-0.236572
-0.315674
-0.318115
-0.124451
2.253906
0.045044
-0.311035
-0.086487
-0.164795
-0.142822
0.491455
0.023193
-0.207031
0.130493
-2.664062
0.057068
0.471191
0.064941
-0.158081
0.418701
0.170044
0.580078
0.212769
0.696777
-0.355713
0.475586
0.023544
-0.206055
0.047485
-0.111633
0.473145
-0.104004
-0.329346
0.137695
0.293701
0.435059
-0.104492
0.345947
-0.549316
0.048309
-0.035583
0.057922
-0.228882
0.217285
-0.114319
0.287109
-0.052887
-0.179565
0.089111
-0.241333
0.644531
-0.586426
0.589844
-0.054626
-0.730957
-0.159424
0.052124
0.377930
0.171875
0.298584
-0.028046
0.413330
-0.123108
0.403320
-0.653320
-0.058289
-0.197998
0.093201
0.262451
-0.108826
-0.008255
-0.226807
-0.222412
-0.152344
0.153931
-0.288574
0.148438
0.256348
0.186523
-0.130005
-0.390381
-0.068115
0.172607
0.044220
0.561035
-0.207886
0.145874
0.253174
0.125977
-0.404541
0.104553
-0.191284
0.086670
-0.362061
0.333252
0.378662
-0.090271
0.061646
0.032837
-0.105164
-0.063660
0.074585
-0.162354
-0.182373
-0.111328
0.140625
-0.096008
0.007957
0.205566
0.314941
-0.299072
-0.172729
-0.617188
0.031433
0.243774
-0.350586
0.075806
0.637207
-0.472656
0.364502
0.243652
0.634277
0.694824
0.606445
-0.165894
-0.071533
0.278564
-0.001869
0.315186
0.302246
0.165405
0.295166
-0.234741
0.457031
-0.089783
-0.212280
0.045471
-0.424561
-0.157104
0.111267
0.176880
-0.049164
-0.585938
0.024384
-0.564453
-0.071838
0.361084
0.085449
-0.329590
-0.413330
-0.054291
-0.316162
0.030930
0.293945
-0.318359
0.220459
-0.286133
0.267578
-0.086792
0.704590
0.141357
0.572754
0.283936
0.225098
-0.172974
0.910156
0.556641
-0.156128
0.084900
-0.215454
0.133789
0.435303
-0.156738
-0.273682
0.234009
0.354736
0.092834
-0.182129
-0.539551
0.376221
-0.426025
-0.276367
-0.140503
-0.016373
0.094788
0.163086
-0.010979
0.809082
-0.498779
0.522461
0.161011
0.293701
-0.247314
-0.310791
-0.308105
-0.128418
2.433594
0.066284
-0.309082
-0.114624
-0.159058
-0.128418
0.492432
0.031021
-0.202026
0.122070
-1.966797
0.046082
0.501953
0.070007
-0.165405
0.430908
0.162231
0.552734
0.220947
0.697754
-0.329590
0.475098
0.013672
-0.200317
0.037018
-0.098145
0.459961
-0.085266
-0.339355
0.142212
0.281982
0.422119
-0.121094
0.362305
-0.563965
0.025986
-0.033112
0.068359
-0.208740
0.195312
-0.114380
0.307373
-0.061279
-0.170654
0.104919
-0.193115
0.619141
-0.502441
0.602539
-0.045349
-0.711426
-0.149780
0.060089
0.396240
0.173706
0.293213
-0.026840
0.411621
-0.119141
0.401855
-0.651855
-0.040375
-0.193726
0.078674
0.264160
-0.087402
-0.026688
-0.239014
-0.222168
-0.156128
0.125610
-0.285400
0.131714
0.275879
0.163208
-0.113708
-0.390137
-0.079773
0.162354
0.047302
0.581055
-0.216553
0.140747
0.259521
0.129639
-0.372314
0.123840
-0.177979
0.043854
-0.412598
0.356445
0.389160
-0.053680
0.049286
0.061707
0.004807
-0.074402
0.083069
-0.137451
-0.179443
-0.052399
0.124146
-0.080566
0.094421
0.197876
0.236450
-0.251953
-0.134888
-0.636230
0.040344
0.264160
-0.285156
0.060059
0.724609
-0.375977
0.281250
0.239746
0.665527
0.684570
0.542480
-0.175659
0.063477
0.307373
0.078613
0.287354
0.273682
0.161621
0.297607
-0.228394
0.494873
-0.085205
-0.178101
0.067383
-0.493896
-0.124695
0.100891
0.194092
-0.072449
-0.623535
0.033020
-0.540527
0.006001
0.358887
-0.011070
-0.292236
-0.388672
-0.090088
-0.404053
0.059937
0.330322
-0.307129
0.175537
-0.228638
0.249634
-0.127563
0.703125
0.102478
0.530273
0.347656
0.138672
-0.110229
0.917480
0.482910
-0.092896
0.051300
-0.240723
0.143066
0.408936
-0.124268
-0.248047
0.182739
0.343994
-0.014359
-0.138184
-0.612305
0.325684
-0.407471
-0.254639
-0.153809
0.001651
0.089417
0.188721
0.007381
0.797363
-0.430420
0.476807
0.243652
0.426514
-0.210205
-0.276123
-0.285645
-0.125244
2.589844
0.014931
-0.290771
-0.079468
-0.065674
-0.135010
0.525879
0.011292
-0.170044
0.125488
0.633789
0.051117
0.386963
0.007549
-0.150391
0.417725
0.138916
0.521484
0.186401
0.679199
-0.317139
0.405762
0.106934
-0.123596
0.046753
-0.209473
0.517090
-0.148438
-0.322510
0.170654
0.159302
0.646484
-0.073425
0.264648
-0.362793
0.036407
0.038361
0.162476
-0.166870
0.328369
-0.145508
0.269043
0.034973
-0.156250
0.203125
-0.224609
0.606934
-0.651855
0.578125
-0.059235
-0.701660
-0.119324
0.066895
0.319092
0.178955
0.263428
-0.065125
0.438965
-0.197632
0.355469
-0.633789
0.046234
-0.180542
0.100647
0.186035
-0.104309
-0.047150
-0.190918
-0.220703
-0.206909
0.202148
-0.217041
-0.029099
0.230347
0.108276
-0.277100
-0.404785
-0.073242
0.174683
0.155518
0.528320
-0.361328
0.028427
0.304932
0.075195
-0.246826
0.147339
-0.076111
0.045135
-0.305176
0.135254
0.113892
-0.058075
-0.075562
0.243164
0.062500
-0.058533
0.146362
-0.018143
-0.130859
0.186890
0.190918
-0.176880
0.197144
0.190796
0.076599
-0.104309
0.010857
-0.400146
0.022644
0.144653
-0.203857
0.015366
0.499268
-0.304443
0.036194
0.243896
0.454834
0.424561
0.303955
-0.131958
0.132202
0.181274
-0.004906
0.000931
0.035706
-0.094849
0.291016
-0.204590
0.372070
-0.007713
-0.177734
0.103943
-0.292480
-0.117920
0.075317
0.169067
-0.088989
-0.566895
-0.044556
-0.260742
0.090942
0.129639
0.018280
-0.293701
-0.104980
-0.106323
-0.307861
-0.149048
0.252441
-0.274170
0.190674
-0.044861
0.031921
-0.227295
0.413330
0.049011
0.374268
0.363281
-0.072083
-0.129150
0.770508
0.341553
0.074524
0.008575
-0.206787
-0.004135
0.204102
0.092712
-0.099243
0.037323
0.134277
-0.052612
0.011673
-0.472656
0.256348
-0.148071
-0.073120
-0.032410
-0.018967
-0.046265
0.254395
0.165161
0.506836
-0.191406
0.228638
0.341064
0.429199
-0.072266
-0.125122
-0.144775
-0.173828
1.562500
-0.020096
-0.100464
0.010071
0.047943
-0.203369
0.375732
-0.050079
-0.064392
0.238892
3.287109
0.144897
-0.055969
0.104248
-0.045288
0.340088
0.102722
0.246460
-0.042267
0.332520
-0.230469
0.243042
0.237427
-0.130005
0.089111
-0.259277
0.399414
-0.154907
-0.266357
0.152222
-0.105347
0.398193
-0.153687
0.139160
-0.103149
-0.027588
0.059387
0.086060
0.076233
0.314453
-0.023346
0.097778
0.148682
-0.162598
0.090210
-0.047394
0.438477
-0.136230
0.230591
-0.214966
-0.438721
-0.016586
0.021011
-0.014862
0.090759
0.075867
-0.058014
0.279053
-0.253906
0.201050
-0.423828
0.118958
-0.147583
0.222168
0.030807
-0.107971
0.099854
0.029633
-0.250977
-0.169800
0.186890
-0.038879
-0.013123
0.069031
0.146484
-0.158569
-0.242432
0.033356
0.034210
0.175903
0.277832
-0.329346
-0.046906
0.200928
0.020142
-0.189575
0.139893
-0.044861
0.098511
-0.285889
-0.004536
-0.034851
-0.085266
-0.085876
0.367676
0.144897
-0.054504
0.201538
0.044495
-0.117065
0.416992
0.223145
-0.219849
0.276611
0.144165
-0.022018
-0.007812
0.084106
-0.253662
0.013947
0.077148
-0.118042
-0.049622
0.413818
-0.257080
-0.128052
0.234253
0.401611
0.224243
0.075256
-0.112000
0.207764
0.126831
-0.053467
-0.125854
-0.068298
-0.241577
0.266846
-0.177734
0.288574
0.002806
-0.179443
0.086365
-0.256592
-0.171265
0.028717
0.115540
-0.044556
-0.504395
-0.101318
-0.155884
0.146240
0.004322
-0.039093
-0.269775
0.025711
-0.109253
-0.255859
-0.277100
0.227539
-0.202026
0.200195
0.067017
-0.179565
-0.298340
0.258301
0.017731
0.367188
0.398682
-0.252197
-0.077026
0.674316
0.230957
0.202148
-0.019287
-0.164062
-0.044739
0.145386
0.155396
-0.054779
-0.021469
0.062195
-0.082336
0.011429
-0.460205
0.222900
-0.063416
0.019058
-0.081726
0.001698
-0.068542
0.294922
0.261719
0.373291
-0.086365
0.151245
0.241943
0.288330
0.002951
-0.021515
-0.099365
-0.195312
0.726074
-0.083496
-0.028732
-0.079651
0.144165
-0.261230
0.232300
-0.067078
-0.025970
0.212036
4.343750
0.248291
-0.249390
0.106445
0.032990
0.276367
0.006805
0.176147
-0.153442
0.144653
-0.182251
0.202271
0.203857
-0.087341
0.132690
-0.291260
0.249756
-0.249146
-0.198242
0.095093
-0.327148
0.377197
-0.189575
0.027130
0.100220
-0.075745
0.167480
0.139282
0.298340
0.223755
0.034027
0.039459
0.195557
-0.153809
0.033936
0.068542
0.401855
0.142456
0.125610
-0.329102
-0.244629
0.067932
-0.012276
-0.170532
0.037598
0.033356
-0.057739
0.201660
-0.243408
0.054077
-0.304443
0.196777
-0.094788
0.312012
0.002548
-0.197510
0.177612
0.158813
-0.287109
-0.127319
0.101257
0.037903
-0.032898
0.054962
-0.009560
-0.147339
-0.163208
0.020172
-0.009895
0.269043
0.172241
-0.391357
-0.043182
0.182251
-0.029617
-0.261475
0.075562
-0.141602
0.147095
-0.468750
0.150269
0.183716
-0.061981
0.034424
0.276367
0.252197
-0.070679
0.198975
0.031433
-0.158203
0.357422
0.166870
-0.148682
0.279785
0.076904
0.025589
-0.058472
-0.008545
-0.415527
0.016113
0.210449
-0.015656
-0.107300
0.650879
-0.242065
-0.062103
0.186890
0.653809
0.352783
0.068481
-0.154785
0.333496
0.249634
0.133423
0.127930
0.107178
-0.028610
0.255859
-0.175537
0.379639
-0.101990
-0.134033
0.031311
-0.525879
-0.184204
0.002321
0.103943
0.002842
-0.531250
-0.065735
-0.394287
0.158813
0.204834
-0.218994
-0.196411
-0.199463
-0.096985
-0.340332
-0.143677
0.308105
-0.154785
0.150757
0.005527
-0.110779
-0.286377
0.479736
0.004440
0.477295
0.453857
-0.271484
0.072388
0.760742
0.207642
0.205688
-0.054230
-0.196533
0.120789
0.289062
-0.027405
-0.177856
0.049866
0.255615
-0.207275
-0.225830
-0.722656
0.224487
-0.283691
-0.086670
-0.334473
0.090393
0.114990
0.238281
0.135864
0.601562
-0.261230
0.365479
-0.011635
0.156494
-0.077515
-0.076782
-0.203003
-0.131470
1.348633
-0.113464
-0.174927
-0.364014
0.157837
-0.209961
0.158325
-0.016205
-0.119995
-0.017319
3.843750
0.226196
0.040894
-0.083252
-0.024597
0.304688
-0.117310
0.437012
0.022476
0.392090
-0.167358
0.297852
-0.018509
0.093933
0.105957
-0.227417
0.248291
-0.391602
-0.166992
0.075378
-0.315430
0.836914
-0.080933
0.026398
0.232666
-0.095276
0.310791
0.394775
0.273193
0.208862
-0.089661
0.206787
0.139160
-0.097595
0.190674
-0.026703
0.537109
-0.030975
0.462158
-0.224487
-0.304199
0.071350
0.031097
0.086426
0.081909
0.214600
-0.068787
0.326172
-0.157715
0.044830
-0.447510
0.297607
-0.089600
0.232544
0.167725
-0.287109
0.006660
0.001666
-0.286865
-0.170044
0.031433
-0.060059
-0.203003
0.283203
-0.369141
-0.383301
-0.314941
-0.152710
0.133179
0.437012
0.364014
-0.635742
-0.007389
0.368408
-0.036743
-0.346436
0.043335
-0.200928
0.202515
-0.553711
0.248535
0.336182
-0.069397
0.112427
0.177368
0.236084
-0.058563
0.196655
0.016785
-0.163574
0.192627
0.139282
-0.135254
0.173218
0.069153
0.127319
-0.116272
-0.099182
-0.530273
0.027786
0.296875
0.002724
-0.109253
0.731934
-0.312500
0.056427
0.170288
0.781250
0.489990
0.166260
-0.155518
0.293701
0.319824
0.222900
0.328369
0.261719
0.112976
0.255371
-0.185303
0.446289
-0.206177
-0.112915
0.007439
-0.657227
-0.199097
0.024673
0.100769
0.002998
-0.580566
-0.018082
-0.532227
0.095825
0.392822
-0.230103
-0.203613
-0.383789
-0.087891
-0.310059
-0.053650
0.333984
-0.164673
0.165161
-0.076111
-0.009972
-0.256348
0.662109
0.035614
0.579102
0.431885
-0.175781
0.123474
0.851074
0.265137
0.144043
-0.033875
-0.198853
0.245728
0.363281
-0.151001
-0.256592
0.100708
0.423096
-0.208984
-0.408936
-0.863770
0.269287
-0.390625
-0.184204
-0.475830
0.139038
0.258057
0.166260
0.025803
0.725586
-0.432129
0.537109
-0.237671
0.078003
-0.176147
-0.163818
-0.277588
-0.078064
1.984375
-0.090942
-0.280518
-0.539551
0.083313
-0.172729
0.070007
0.031708
-0.221802
-0.185059
2.105469
0.183960
0.357422
-0.173706
-0.078552
0.349365
-0.186768
0.612793
0.174072
0.600586
-0.148438
0.398682
-0.204956
0.182129
0.080078
-0.081177
0.244385
-0.410400
-0.153320
0.046753
-0.151001
0.981445
-0.053497
0.116699
0.212646
-0.122864
0.336670
0.482910
0.175537
0.162964
-0.174683
0.361816
0.060822
-0.072571
0.224731
-0.008858
0.569336
0.003096
0.677246
-0.123779
-0.354980
0.062103
0.073181
0.351807
0.091248
0.365234
-0.029785
0.358398
-0.062073
0.071960
-0.571777
0.296875
-0.084778
0.144897
0.327393
-0.270752
-0.094849
-0.152710
-0.296387
-0.137451
-0.065002
-0.180420
-0.205688
0.472656
-0.517090
-0.378906
-0.411865
-0.310791
0.238892
0.446533
0.518066
-0.668457
0.066833
0.454834
-0.016357
-0.332031
0.000172
-0.172363
0.309570
-0.424805
0.040131
0.149170
-0.126709
0.077576
0.279785
0.101196
-0.036041
0.219238
0.014755
-0.124268
0.321777
0.186401
-0.240356
0.103516
0.064331
0.138550
-0.092529
-0.072021
-0.334961
0.019211
0.185791
-0.030579
-0.132446
0.486572
-0.452148
-0.002739
0.184814
0.639160
0.297363
0.042389
-0.118591
0.116516
0.193359
-0.005859
0.185303
0.138794
-0.061218
0.251709
-0.169067
0.286865
-0.168091
-0.186401
-0.030411
-0.448730
-0.289307
-0.005505
0.013588
0.080505
-0.476562
-0.086243
-0.413574
0.030334
0.222290
-0.083252
-0.272705
-0.232788
-0.037292
-0.076294
-0.260498
0.259521
-0.109863
0.258057
-0.036560
-0.173584
-0.269287
0.466309
0.062927
0.625488
0.360840
-0.172241
0.039246
0.743652
0.268066
0.147095
0.010300
-0.075317
0.149902
0.306641
-0.077637
-0.233276
0.096863
0.324219
-0.041992
-0.477295
-0.702148
0.293457
-0.342773
-0.079895
-0.502441
0.086670
0.188599
0.186035
0.120667
0.600586
-0.374023
0.519531
-0.421875
-0.343750
-0.142578
-0.121216
-0.238403
-0.082336
0.850586
-0.043854
-0.233154
-0.657227
0.005280
-0.221191
-0.060120
0.022934
-0.227173
-0.126221
-0.220825
0.254883
0.357910
-0.040771
-0.038025
0.292480
-0.175537
0.512695
0.069641
0.335449
-0.120972
0.395996
-0.353516
0.049957
0.132568
0.026794
-0.054352
-0.341553
-0.133545
-0.053619
-0.190308
0.422363
-0.194458
0.131836
-0.025391
-0.189087
0.326904
0.335449
0.346191
-0.192383
-0.048279
0.320557
-0.064697
-0.106140
-0.008698
0.215942
0.511719
0.554199
0.569824
-0.239746
-0.219971
0.107971
0.019501
0.254639
0.009338
0.318848
0.051697
0.185425
0.072693
-0.028305
-0.445068
0.253662
-0.040222
0.239136
0.388672
-0.302246
0.041382
-0.073608
-0.357910
-0.028473
-0.293701
-0.207153
0.031891
0.503418
-0.540527
-0.067383
-0.277344
-0.283447
0.158447
0.293457
0.470215
-0.463623
0.245361
0.298584
0.013115
-0.283203
-0.069458
-0.085327
0.383057
-0.208496
-0.106323
0.007324
-0.151855
-0.030167
0.325684
-0.216675
-0.019165
0.118591
-0.006386
-0.090576
0.257812
0.303467
-0.350586
0.023071
0.134155
0.207153
-0.170776
-0.046448
-0.169067
-0.035248
0.012222
-0.180420
-0.083923
0.174438
-0.694336
-0.029236
0.230347
0.380127
0.200439
0.122437
-0.088989
-0.185669
-0.003315
-0.284180
-0.019623
-0.040131
-0.262207
0.269775
-0.183960
0.113525
0.007248
-0.286621
-0.042084
-0.051086
-0.328125
-0.004520
-0.003063
0.109619
-0.386963
-0.213867
-0.201294
-0.149902
-0.010574
0.251709
-0.423096
-0.068176
0.023697
0.146118
-0.457520
0.145508
-0.119141
0.349854
-0.017456
-0.163452
-0.243774
0.254883
0.101196
0.519531
0.228271
-0.069641
-0.265869
0.660645
0.371582
0.117676
0.085938
-0.002110
-0.014381
0.124146
0.033295
-0.163330
0.160278
0.131226
0.171387
-0.406494
-0.364990
0.292969
-0.294189
0.057739
-0.213501
0.027390
-0.006004
0.206909
0.217285
0.444336
-0.290527
0.413086
-0.316162
-0.560547
-0.070190
-0.138184
-0.106079
-0.090942
0.045776
0.060486
-0.110107
-0.471436
-0.227661
-0.207764
-0.125366
-0.066833
-0.256592
0.231201
-3.455078
0.216187
0.192139
0.213257
-0.015106
0.259033
0.025711
0.320801
-0.083557
0.031891
-0.181152
0.299561
-0.398926
-0.188721
0.173096
0.179932
-0.219482
-0.096802
-0.235840
-0.081360
-0.035461
-0.467529
-0.364014
0.203491
-0.467041
-0.231201
0.202271
-0.078003
0.348145
-0.366699
0.130493
0.170288
-0.161011
-0.117004
-0.389160
0.405518
0.449219
1.059570
0.276367
-0.276123
-0.229370
0.140747
-0.027588
0.109802
-0.150391
0.186646
0.184570
-0.057129
0.154907
-0.046631
-0.372070
0.147705
-0.097107
0.277588
0.397461
-0.257080
0.174927
-0.003868
-0.453125
0.097046
-0.379395
-0.244141
0.482910
0.433105
-0.082520
0.399170
-0.172241
-0.111572
0.062225
-0.064880
0.364258
-0.033386
0.417969
0.065613
0.071655
-0.140625
-0.131592
-0.088745
0.487061
-0.166382
-0.242676
-0.135132
-0.098083
-0.139038
0.401367
-0.236206
0.043915
0.165894
0.026825
-0.135376
0.385742
0.358887
-0.386719
0.097534
0.157959
0.208374
-0.187378
0.031250
-0.018173
-0.089600
0.004200
-0.183594
-0.090271
-0.087402
-0.872559
-0.066040
0.194092
0.306152
0.118896
-0.013245
-0.082825
-0.270264
-0.115234
-0.400391
-0.099182
-0.153931
-0.416016
0.337891
-0.162231
0.089600
0.075989
-0.324219
-0.013969
0.140625
-0.329834
-0.024323
0.037964
0.046936
-0.347656
-0.374512
-0.074280
-0.103699
-0.070007
0.450439
-0.418701
0.059235
0.184570
0.330811
-0.709473
0.017136
-0.041687
0.401123
0.068359
-0.205566
-0.286133
0.099487
0.037811
0.330078
0.190308
-0.107666
-0.369141
0.594727
0.336670
0.236572
0.024811
0.063232
-0.075989
0.138062
0.089600
-0.087585
0.031738
0.024399
0.115234
-0.524414
-0.366943
0.334717
-0.247070
0.152466
-0.201660
0.024979
-0.037842
0.185181
0.257812
0.342529
-0.318359
0.404053
-0.380615
-0.715332
-0.073242
-0.112122
-0.051300
-0.190796
-0.509766
0.100037
-0.071289
-0.504883
-0.299561
-0.201294
-0.184204
-0.068909
-0.259521
0.304199
-0.323730
0.266113
0.207886
0.370117
0.024460
0.294678
0.052032
0.269043
-0.127197
-0.052765
-0.220703
0.417480
-0.474121
-0.323730
0.158203
0.356689
-0.344482
-0.036560
-0.291016
-0.153198
-0.050934
-0.858398
-0.520996
0.293457
-0.715820
-0.299805
0.188354
-0.205566
0.524414
-0.581543
0.243286
0.180908
-0.210571
-0.091553
-0.599609
0.602539
0.467529
1.541016
0.198120
-0.304932
-0.104980
0.175049
-0.061920
0.114075
-0.212402
0.170532
0.225708
-0.137451
0.188232
-0.052887
-0.330811
0.085571
-0.113342
0.243408
0.436279
-0.323242
0.228271
0.029190
-0.512207
0.216675
-0.495605
-0.260742
0.745117
0.511230
0.034790
0.700195
-0.117188
-0.117065
-0.026352
-0.163940
0.396973
0.154175
0.558594
-0.011215
0.105103
-0.156738
-0.027954
-0.104187
0.358154
-0.204102
-0.211060
-0.160645
-0.104736
-0.136597
0.398438
-0.066162
0.028214
0.226929
0.043762
-0.129517
0.446289
0.289307
-0.333496
0.128662
0.129883
0.132812
-0.093262
0.054962
-0.051483
-0.056305
0.061218
-0.145020
-0.088562
0.011719
-0.643066
-0.041016
0.186401
0.335693
0.131226
-0.043976
-0.088318
-0.127808
-0.033173
-0.275391
-0.084290
-0.103455
-0.347656
0.316650
-0.136597
0.156250
-0.009827
-0.267822
0.025436
-0.003891
-0.265137
-0.002504
0.051086
-0.000265
-0.375488
-0.260742
-0.122681
0.023834
-0.001065
0.265381
-0.318115
0.056519
0.117188
0.192993
-0.593750
0.058807
-0.070679
0.345215
0.055176
-0.235474
-0.286621
0.132080
0.023590
0.342773
0.235352
-0.150879
-0.213379
0.585449
0.276123
0.209351
-0.015411
0.014977
-0.067383
0.219849
0.122375
-0.076843
-0.053986
0.043335
0.052155
-0.389648
-0.413574
0.339355
-0.142212
0.091492
-0.257080
-0.021545
-0.011932
0.197144
0.250488
0.305908
-0.263672
0.348877
-0.314941
-0.504395
-0.083801
-0.061127
-0.091248
-0.206055
-0.327637
0.054962
-0.065186
-0.476074
-0.134155
-0.232788
-0.109619
-0.018478
-0.162109
0.137451
1.322266
0.301514
0.198486
0.281982
0.035492
0.286133
-0.009720
0.235229
-0.102173
0.022446
-0.142822
0.413330
-0.316895
-0.241333
0.138794
0.233032
-0.240479
-0.104248
-0.221558
-0.125732
-0.171265
-0.471436
-0.445068
0.249146
-0.456543
-0.250488
0.167603
-0.041473
0.514160
-0.474854
0.169678
0.199585
-0.127930
-0.130615
-0.380615
0.483154
0.404541
1.281250
0.216797
-0.340576
-0.052734
0.142700
-0.049652
0.087097
-0.094238
0.147217
0.135010
-0.035858
0.101929
-0.019073
-0.277100
0.095520
-0.067261
0.262939
0.327148
-0.263672
0.223877
0.056824
-0.401367
0.152588
-0.401123
-0.174438
0.499512
0.418701
-0.121094
0.489746
-0.085876
-0.138184
-0.057281
-0.008064
0.350830
0.001019
0.382568
0.043854
0.074951
-0.199341
0.035095
-0.119324
0.164429
-0.299316
0.017136
0.012482
-0.024857
-0.124084
0.285400
0.033752
-0.021759
0.183716
-0.006359
-0.120850
0.287598
0.180786
-0.237671
0.185425
0.148193
0.096985
-0.115906
0.018967
-0.281738
-0.024719
0.178589
-0.140625
-0.053467
0.309082
-0.428955
0.022415
0.191895
0.452881
0.348389
0.144653
-0.143677
0.036377
0.097107
-0.065613
0.012154
-0.021790
-0.130737
0.338379
-0.163208
0.305420
-0.016602
-0.207031
0.073120
-0.186768
-0.143677
0.029251
0.129395
-0.066772
-0.485596
-0.118652
-0.256836
0.124756
0.119080
0.090393
-0.242188
-0.049713
0.020523
-0.086243
-0.326172
0.165405
-0.168335
0.227173
-0.009499
-0.019363
-0.259033
0.307617
0.018570
0.304688
0.313721
-0.081665
-0.148926
0.696289
0.279541
0.111023
-0.050629
-0.106384
-0.035492
0.244995
0.110535
-0.103516
-0.042511
0.088745
-0.080994
-0.224243
-0.479736
0.275146
-0.182251
-0.005795
-0.229004
-0.049042
0.013329
0.215088
0.165527
0.486328
-0.231812
0.315918
0.012535
-0.035309
-0.091553
-0.111511
-0.135010
-0.143311
0.932129
0.036743
-0.120239
-0.257324
-0.042694
-0.193726
0.179077
-0.027069
-0.113953
0.142700
3.287109
0.190186
0.158936
0.130005
-0.050201
0.298340
0.057495
0.261963
-0.026917
0.215210
-0.140259
0.276123
-0.029510
-0.142944
0.105469
-0.007469
0.080933
-0.120117
-0.246826
0.041168
-0.141113
0.072998
-0.238037
0.198853
-0.253418
-0.119080
0.110901
0.089600
0.233887
-0.062927
0.026901
0.156372
-0.014755
-0.162964
-0.033569
0.114685
0.413574
0.453369
0.297852
-0.248657
-0.314697
0.035919
0.005314
0.078430
0.049774
0.102112
0.031860
0.162109
-0.063599
0.108826
-0.369141
0.140869
-0.106018
0.229004
0.171753
-0.140259
0.109009
-0.006474
-0.281982
-0.073120
-0.107544
-0.115601
0.142700
0.254395
-0.075073
0.052979
-0.186890
-0.034332
0.003212
0.096191
0.336426
-0.228638
0.136841
0.155029
0.056763
-0.260010
0.049103
-0.134033
0.119263
-0.360596
0.130005
0.129883
-0.013214
-0.075989
0.210083
0.053894
-0.038757
0.175903
-0.018433
-0.110657
0.174805
0.132324
-0.205688
0.158813
0.155518
0.113098
-0.138916
-0.029053
-0.407471
0.004166
0.243530
-0.123535
-0.047455
0.465820
-0.364258
0.065491
0.199951
0.536133
0.460205
0.256104
-0.158569
0.094727
0.172607
0.032227
0.104065
0.049194
-0.000982
0.340820
-0.191162
0.373047
-0.049683
-0.185303
0.077393
-0.314697
-0.126343
0.048126
0.145630
-0.073059
-0.546875
-0.046051
-0.356201
0.135498
0.202881
0.015549
-0.237427
-0.142944
-0.034363
-0.180176
-0.193970
0.227417
-0.227661
0.190308
-0.065063
0.078125
-0.243652
0.446289
0.032623
0.358154
0.339844
-0.035126
-0.098999
0.777832
0.302734
0.051331
-0.036377
-0.156128
0.007988
0.239990
0.062744
-0.144409
0.002138
0.162354
-0.110474
-0.217041
-0.539062
0.254150
-0.226318
-0.074158
-0.270020
-0.032227
0.069031
0.208130
0.098083
0.620117
-0.253174
0.342773
0.115662
0.153809
-0.113464
-0.161621
-0.179810
-0.105896
1.633789
0.029922
-0.171387
-0.203735
-0.014694
-0.171387
0.281250
-0.020004
-0.117981
0.106812
2.734375
0.122314
0.178711
0.029556
-0.103943
0.305908
0.066162
0.331055
0.039459
0.347900
-0.133423
0.212891
0.049347
-0.071899
0.092590
-0.127563
0.227783
-0.135742
-0.238892
0.117065
-0.079956
0.377441
-0.114380
0.182861
-0.133911
-0.056274
0.080566
0.165894
0.035278
0.120972
-0.067322
0.166870
0.006672
-0.167603
0.148071
-0.075500
0.438232
-0.003815
0.388672
-0.179932
-0.456543
-0.025223
0.042908
0.125488
0.122498
0.127686
-0.005970
0.264160
-0.106995
0.172363
-0.441162
0.159180
-0.123474
0.203979
0.159790
-0.116150
0.029877
-0.074768
-0.225952
-0.186401
0.021255
-0.122070
-0.041199
0.206909
-0.105042
-0.181030
-0.258057
-0.006874
0.069275
0.153564
0.358887
-0.360840
0.036713
0.230835
0.056335
-0.368408
0.292725
-0.093079
-0.111572
-0.238281
0.145386
0.080750
-0.147461
-0.073975
0.189453
0.079590
-0.071106
0.136230
-0.027924
-0.076843
0.072510
0.147827
-0.176636
0.023788
0.188843
0.095398
-0.014290
-0.019196
-0.439453
0.064087
0.140015
-0.287598
0.075745
0.502441
-0.120667
0.186401
0.274658
0.376221
0.488281
0.434082
-0.088501
0.051544
0.261719
0.057983
0.020874
0.163086
-0.012787
0.229248
-0.156738
0.398682
-0.169067
-0.135620
0.129028
-0.362793
-0.045044
0.140991
0.145752
-0.128418
-0.595703
0.150146
-0.294922
0.056946
0.237183
-0.083984
-0.273682
-0.172119
-0.222412
-0.342285
0.023605
0.283691
-0.353271
0.198486
-0.145264
0.031860
-0.154175
0.472656
0.133423
0.492188
0.287109
0.074585
-0.019730
0.762695
0.406494
-0.102356
0.058899
-0.203247
0.008766
0.329834
0.139526
-0.109558
-0.001877
0.204102
0.097656
0.211914
-0.361816
0.336426
-0.010529
-0.184937
0.016342
-0.147827
-0.032684
0.239014
0.138916
0.349121
-0.149170
0.174561
0.334961
0.721191
-0.111206
-0.135620
-0.191406
-0.192871
2.009766
-0.046997
-0.033447
0.163452
0.111877
-0.239258
0.421631
0.019592
0.026825
0.052551
0.034119
0.153320
0.113464
0.059448
-0.033783
0.302734
0.141479
0.169800
0.036865
0.443115
-0.105286
0.255859
0.353271
-0.087708
0.088623
-0.273682
0.504395
-0.065247
-0.261230
0.149292
-0.055664
0.685059
-0.100525
0.212158
0.020447
0.074524
-0.046844
0.140625
-0.059174
0.404053
-0.122559
0.155518
0.190186
-0.236816
0.242188
-0.121399
0.293945
-0.437012
0.189697
-0.208374
-0.388916
-0.046356
0.036896
0.136719
0.202637
0.065857
-0.110352
0.286133
-0.260498
0.339111
-0.351807
0.012741
-0.100647
0.212036
-0.034058
0.148682
0.113220
0.001810
-0.091736
-0.062866
0.254883
-0.025024
-0.085510
-0.003344
0.207397
-0.209595
-0.169800
-0.042389
-0.024109
0.187866
0.209229
-0.241211
-0.273926
0.180542
0.003502
-0.383789
0.450928
-0.053253
-0.285645
-0.114258
0.108215
-0.031830
-0.217896
-0.112366
0.219482
0.109863
-0.098755
0.091614
-0.042267
-0.057343
0.094482
0.170044
-0.145996
0.007507
0.203613
0.044006
0.080811
0.027847
-0.399170
0.077881
0.043365
-0.411865
0.152832
0.456055
0.056702
0.226196
0.319580
0.209229
0.453125
0.488770
-0.050079
0.014786
0.267090
0.030777
-0.113281
0.176270
-0.084900
0.155029
-0.106689
0.383789
-0.196655
-0.110291
0.170654
-0.317627
0.018982
0.184814
0.156006
-0.171997
-0.586914
0.239746
-0.202759
0.038239
0.185303
-0.145996
-0.256836
-0.119202
-0.322510
-0.446533
0.124207
0.289795
-0.400879
0.191772
-0.157959
-0.034058
-0.108276
0.386719
0.184082
0.493408
0.247437
0.112793
-0.001028
0.692383
0.445312
-0.173706
0.095093
-0.214355
-0.048615
0.399658
0.228882
-0.053802
-0.038239
0.142700
0.212524
0.560547
-0.153931
0.376465
0.166992
-0.215698
0.267090
-0.248047
-0.146851
0.280518
0.208130
0.092773
-0.019653
-0.005466
0.548828
1.073242
-0.072266
-0.090820
-0.170288
-0.291504
1.829102
-0.121521
0.112915
0.486084
0.205200
-0.294678
0.519531
0.030930
0.164551
0.068420
-0.440430
0.202637
-0.036194
0.116089
0.042725
0.272705
0.238770
0.014816
-0.011810
0.428223
-0.104309
0.265381
0.599609
-0.141724
0.096985
-0.375244
0.659668
-0.003368
-0.284668
0.158813
-0.088867
0.823242
-0.099243
0.206909
0.107544
0.180298
-0.144653
0.083618
-0.088501
0.575195
-0.124329
0.092529
0.330811
-0.285156
0.262939
-0.184692
0.210327
-0.759277
-0.029953
-0.262451
-0.306885
-0.053864
0.009987
0.080383
0.251953
-0.024872
-0.187988
0.275635
-0.377197
0.455078
-0.234009
-0.113586
-0.094482
0.235962
-0.207764
0.280762
0.207642
0.107117
0.011765
0.048431
0.438721
0.072021
-0.053070
-0.189209
0.490967
-0.211304
-0.067383
-0.011940
-0.136841
0.193970
0.048920
-0.098999
-0.500488
0.103088
-0.036560
-0.375488
0.394043
-0.031158
-0.208252
-0.093262
-0.001454
-0.095825
-0.216797
-0.137695
0.292969
0.053680
-0.096741
0.083374
-0.047119
-0.011772
0.178223
0.179199
-0.239258
-0.006386
0.197510
0.016617
0.097839
0.042114
-0.312012
0.082764
-0.006039
-0.385010
0.125732
0.403320
-0.028122
0.117554
0.329590
0.176514
0.336670
0.379883
-0.035675
-0.039093
0.208984
-0.077454
-0.206543
0.055328
-0.178223
0.172363
-0.105530
0.302734
-0.157227
-0.147949
0.140991
-0.234985
-0.029266
0.137207
0.085449
-0.110901
-0.554199
0.196777
-0.124146
0.012115
0.065979
-0.095154
-0.315674
-0.019852
-0.309326
-0.326172
-0.002020
0.293457
-0.341797
0.232544
-0.102051
-0.127563
-0.144775
0.287354
0.173584
0.541016
0.244385
0.089294
-0.035461
0.645996
0.405029
-0.145142
0.127197
-0.128784
-0.092590
0.320312
0.294434
-0.048248
-0.052246
0.097351
0.274414
0.465088
-0.136597
0.333740
0.115723
-0.118835
0.183228
-0.276367
-0.198853
0.328857
0.278809
0.069519
0.059479
0.009689
0.410889
0.744141
-0.026169
-0.054443
-0.136475
-0.230591
1.241211
-0.103943
0.099304
0.352051
0.187012
-0.331543
0.474365
0.001393
0.139282
0.125977
-0.697754
0.234985
-0.035889
0.140015
0.049866
0.210083
0.233276
-0.048492
-0.104370
0.197266
-0.068542
0.176270
0.502930
-0.169312
0.160645
-0.383789
0.421875
0.001214
-0.271973
0.104309
-0.195312
0.522949
-0.165527
0.125366
0.002495
0.126587
-0.054169
0.059692
0.072632
0.366699
-0.064880
0.035400
0.268311
-0.309814
0.180176
-0.040741
0.163818
-0.424316
-0.058105
-0.359375
-0.272461
0.002783
-0.016205
-0.037048
0.183716
-0.068726
-0.130615
0.161133
-0.308350
0.298828
-0.156982
-0.038513
-0.033295
0.346436
-0.198608
0.276123
0.275635
0.181885
-0.056183
0.056427
0.267578
0.063477
-0.020142
-0.167236
0.368896
-0.122437
-0.000080
0.007317
-0.140991
0.138184
0.015129
-0.084778
-0.400391
0.028503
-0.054993
-0.274414
0.258301
0.001479
-0.065186
-0.056274
-0.173218
-0.250488
-0.160889
-0.213257
0.398193
-0.011826
-0.063660
0.153687
-0.001715
0.015404
0.345703
0.193726
-0.339844
0.053436
0.180908
-0.040161
0.095520
0.097534
-0.132568
0.057587
-0.021667
-0.274902
0.041321
0.207397
-0.175903
-0.050049
0.300537
0.114258
0.155518
0.168335
-0.040375
-0.054108
0.069214
-0.217163
-0.332520
-0.165894
-0.305420
0.239746
-0.125244
0.177246
-0.037994
-0.208984
0.120728
-0.043518
-0.088867
0.075256
0.034332
-0.058014
-0.465088
0.065918
-0.015671
0.078735
-0.117920
0.029037
-0.326172
0.183960
-0.207397
-0.103882
-0.266113
0.210571
-0.265869
0.264404
-0.002703
-0.220825
-0.220703
0.091675
0.101807
0.428223
0.245483
-0.025742
-0.111511
0.556152
0.294434
-0.031036
0.083740
-0.050690
-0.213501
0.138306
0.389893
-0.001874
-0.106812
-0.058655
0.231689
0.277832
-0.093506
0.258545
0.134888
0.055817
0.056458
-0.266846
-0.238647
0.353027
0.344482
0.087585
0.140503
-0.002237
0.295654
0.238647
0.035950
0.004025
-0.067932
-0.170654
0.237671
-0.019333
0.096436
0.139648
0.127197
-0.335449
0.340332
-0.044739
0.112122
0.230591
0.200195
0.256348
-0.140137
0.209473
0.038849
0.145386
0.209106
-0.135010
-0.230103
-0.120972
-0.006039
0.030991
0.353027
-0.229370
0.198730
-0.310791
0.096985
0.026382
-0.220215
0.060577
-0.303955
-0.017548
-0.242798
0.060364
-0.120056
0.017288
-0.024826
-0.028442
0.232910
0.044739
0.051605
-0.055023
0.131104
-0.313721
0.044922
0.108582
0.124390
0.205078
-0.119324
-0.453369
-0.204346
0.035370
-0.042999
-0.246094
0.101807
-0.154419
-0.036560
0.025452
-0.186768
0.113403
-0.060059
0.043304
-0.002640
0.449463
-0.148926
0.142944
0.341553
0.248779
-0.134033
-0.003811
0.048279
0.068604
0.051971
-0.140381
0.184570
0.033203
0.085999
0.126465
-0.180298
0.032104
-0.025253
-0.060333
-0.199463
-0.066223
-0.015572
-0.198486
0.193604
0.044434
0.034363
0.019440
-0.359131
-0.446289
-0.168091
-0.270264
0.515625
-0.061310
-0.033966
0.236694
0.061035
0.033539
0.527832
0.230835
-0.420898
0.090820
0.170166
-0.093201
0.131104
0.162231
0.056641
0.040192
-0.082825
-0.211914
-0.023285
-0.010155
-0.249512
-0.185059
0.289307
0.007435
-0.045105
-0.010880
-0.023010
-0.074158
-0.059570
-0.359863
-0.481201
-0.341309
-0.463379
0.267090
-0.134155
0.050720
0.039429
-0.259521
0.117126
0.141846
-0.153320
0.040710
-0.010529
-0.014503
-0.376709
-0.024750
0.107178
0.127686
-0.294189
0.132690
-0.339355
0.383057
-0.143188
0.069580
-0.493896
0.118347
-0.228149
0.306885
0.087524
-0.368896
-0.285645
-0.111511
0.070007
0.356445
0.235596
-0.147217
-0.174927
0.465820
0.215698
0.069824
0.051788
0.002449
-0.334961
-0.016907
0.488281
0.064148
-0.159180
-0.205933
0.244751
0.217896
0.011444
0.230469
0.252686
0.190918
0.020172
-0.266846
-0.300049
0.370361
0.434326
0.016800
0.231812
-0.077026
0.231079
-0.101379
0.094910
0.075623
-0.000314
-0.151611
-0.808105
0.038666
0.157349
0.018784
0.113647
-0.371338
0.187622
-0.069214
0.124878
0.299072
0.157837
0.314209
-0.323975
0.307129
0.066650
0.100708
0.163818
-0.254639
-0.364014
-0.392578
0.057526
-0.062164
0.281006
-0.296143
0.222778
-0.249756
-0.138306
0.046082
-0.148682
0.022293
-0.401611
-0.477295
-0.328369
0.024353
-0.146606
-0.074829
-0.052917
-0.134521
0.362793
-0.200195
0.174438
-0.141602
0.046143
-0.330322
-0.102478
0.257080
0.057587
0.788574
-0.253174
-0.563965
-0.070679
0.064941
-0.077271
-0.453613
0.040558
-0.244873
0.030411
-0.100220
-0.101318
-0.019379
0.057495
0.064270
0.021255
0.546387
-0.127075
0.049042
0.446289
0.338867
-0.184326
-0.020844
-0.112000
0.108765
0.155151
-0.177734
0.080933
0.225098
0.198975
0.225342
-0.255371
-0.049866
-0.109314
0.014259
-0.055176
-0.166626
0.018143
-0.176758
0.277832
0.058929
-0.056458
0.059631
-0.346436
-0.477783
-0.192993
-0.277832
0.530762
-0.004543
-0.051880
0.199829
0.051941
0.008163
0.563477
0.260010
-0.364502
0.137573
0.170776
-0.117126
0.170532
0.197266
0.064453
0.027695
-0.134766
-0.281738
0.017746
-0.011757
-0.153931
-0.163574
0.302490
-0.052582
-0.047821
0.003117
-0.015900
-0.061005
-0.050537
-0.347900
-0.526367
-0.302734
-0.508789
0.218994
-0.098145
0.068909
0.029770
-0.232300
0.136963
0.136230
-0.116760
0.057526
0.020294
-0.051849
-0.373779
-0.015640
0.149780
0.123413
-0.295898
0.085510
-0.306396
0.382568
-0.172607
-0.036316
-0.429443
0.121338
-0.229858
0.289551
0.098389
-0.401367
-0.263184
-0.144287
0.085876
0.322510
0.233398
-0.161133
-0.163574
0.430176
0.233521
0.070740
0.051025
-0.021439
-0.330566
0.073547
0.494141
0.092712
-0.174438
-0.223022
0.250488
0.405762
0.076965
0.260498
0.318848
0.159180
0.183472
-0.281982
-0.341309
0.383057
0.464844
-0.125488
0.251953
-0.161255
0.356934
0.181396
0.112427
0.103577
0.009270
-0.250244
-0.823730
-0.035614
0.237793
0.201904
0.171265
-0.386719
0.235962
-0.068787
0.188599
0.313721
1.278320
0.354980
-0.421875
0.344727
0.130493
0.121033
0.200562
-0.299072
-0.380127
-0.326172
-0.003233
0.030655
0.405762
-0.319336
0.207764
-0.289062
0.006920
0.028503
-0.192017
0.018494
-0.444824
-0.296631
-0.341553
0.032684
-0.080078
-0.022903
-0.060791
-0.141113
0.411133
-0.053680
0.177979
-0.151245
0.167236
-0.317383
-0.120422
0.232666
0.075439
0.565918
-0.354004
-0.565918
-0.001681
0.082336
-0.095581
-0.445557
0.044769
-0.258301
-0.034668
-0.071777
-0.202026
0.060455
0.079468
0.007874
-0.000527
0.509277
-0.209595
0.076172
0.471191
0.391846
-0.158691
0.067688
0.027557
0.163452
0.199341
-0.232422
0.276855
0.219849
0.206787
0.196045
-0.310303
0.010269
-0.159912
0.057770
-0.177124
-0.166504
-0.019424
-0.187256
0.324707
0.048859
-0.118774
-0.014526
-0.157837
-0.306885
-0.173950
-0.203125
0.449219
0.071228
-0.078369
0.138428
0.023239
-0.049438
0.453857
0.275146
-0.242920
0.223145
0.184448
-0.083740
0.118164
0.167480
-0.095764
0.012558
-0.106201
-0.321045
0.056488
0.161621
-0.091125
-0.102600
0.307861
0.045166
0.122620
0.140259
-0.039673
0.025131
0.025925
-0.214111
-0.403809
-0.140991
-0.432373
0.182373
-0.106812
0.184814
0.010109
-0.175049
0.148804
-0.006924
-0.092651
0.095642
0.109375
-0.102539
-0.447998
-0.005215
0.074219
0.100098
-0.150146
0.017212
-0.271973
0.213257
-0.211426
-0.253662
-0.239136
0.163208
-0.263672
0.233887
0.080933
-0.273193
-0.242920
0.001019
0.111450
0.300049
0.282715
-0.158813
-0.164185
0.523438
0.295410
0.076660
0.037811
-0.124329
-0.210938
0.151855
0.363525
0.062134
-0.097046
-0.127197
0.133911
0.501465
-0.006935
0.278564
0.264160
0.051666
0.316162
-0.180786
-0.275635
0.358887
0.395752
-0.080139
0.140991
-0.151001
0.506348
0.626953
0.084167
0.037109
-0.023911
-0.300293
0.007202
-0.125977
0.211060
0.385010
0.171631
-0.354492
0.291260
-0.081177
0.146973
0.308350
2.722656
0.316406
-0.440186
0.279541
0.142334
0.191406
0.196533
-0.137207
-0.290039
-0.033020
-0.143433
0.153687
0.506836
-0.247070
0.169922
-0.299072
0.329102
-0.057373
-0.241821
0.072205
-0.323242
0.144409
-0.264160
0.058075
0.072388
0.047211
-0.035919
-0.091858
0.281494
0.316895
0.101196
-0.106384
0.321289
-0.256836
-0.082764
0.088745
0.193359
0.069153
-0.308105
-0.443604
-0.101135
0.062744
-0.067993
-0.304199
0.046356
-0.156006
-0.090271
0.051849
-0.331787
0.176025
-0.075562
-0.019760
-0.078796
0.385010
-0.221924
0.056061
0.382324
0.331543
-0.169678
0.086670
0.251953
0.153687
0.180176
-0.213745
0.487061
0.078857
0.057892
0.115601
-0.221558
0.111389
-0.117554
-0.009674
-0.273438
-0.044617
-0.059143
-0.255127
0.384277
0.036957
-0.036102
-0.115479
-0.154175
-0.251221
-0.297852
-0.030029
0.507324
0.235840
-0.090454
0.208984
0.086914
-0.082520
0.583984
0.326904
-0.206665
0.233521
0.105713
-0.099060
0.206299
0.155518
-0.095398
0.051361
-0.152100
-0.230713
0.001396
0.301758
-0.009506
-0.163696
0.303711
0.163940
0.017426
-0.010559
0.000852
0.184937
0.118652
-0.141235
-0.312988
0.010117
-0.469727
0.072998
-0.099365
0.191284
-0.140503
-0.124451
0.091553
-0.254150
-0.211182
0.088013
0.036285
-0.018188
-0.451172
0.010124
0.020294
0.054626
-0.072388
-0.174683
-0.277100
0.096375
-0.286865
-0.341553
-0.182251
0.229614
-0.223877
0.251953
0.113647
-0.502930
-0.273438
0.090088
0.141968
0.549805
0.358154
-0.342041
0.036316
0.537598
0.265625
0.184937
0.074036
-0.142212
-0.039032
0.222656
0.220825
0.006798
-0.020355
0.063232
0.131836
0.443848
-0.223755
0.327637
0.253418
-0.020706
0.193604
-0.035187
-0.150024
0.337158
0.416016
-0.132568
0.043365
-0.078552
0.194946
0.628418
0.058746
0.102539
-0.086243
-0.339111
-0.225708
-0.260986
0.188110
0.123596
0.340088
-0.426758
0.061279
-0.027466
0.108215
0.031006
1.414062
0.450684
-0.457520
0.168457
0.234009
0.227905
-0.109863
0.032318
-0.260986
0.102051
-0.150391
0.356445
0.368652
-0.077454
0.169067
-0.304932
0.341553
-0.343262
-0.108582
-0.009735
-0.476807
0.582520
-0.282715
-0.003107
0.485596
-0.032135
0.163086
0.142700
0.515137
0.343262
0.066101
0.025284
0.425049
-0.193604
-0.082031
0.256348
0.235718
0.283936
-0.194824
-0.496826
0.130737
0.150024
-0.069702
-0.254883
0.005268
0.015259
-0.128784
0.097900
-0.340576
0.047058
-0.101990
0.055267
-0.016159
0.390869
-0.126099
-0.063110
0.386230
0.374756
-0.244995
0.159302
0.177368
0.174316
0.063232
-0.087769
0.139282
0.021881
0.010620
-0.138794
-0.135254
0.393311
-0.072693
-0.247070
-0.228638
0.101746
-0.141724
-0.303955
0.495605
0.028702
0.000718
-0.121887
-0.269775
-0.374023
-0.458740
0.099365
0.616211
0.427002
-0.087219
0.325928
0.162354
-0.091309
0.830566
0.374512
-0.175781
0.232788
0.012436
-0.149658
0.370117
0.186401
0.019302
0.081177
-0.235596
-0.168823
-0.054657
0.267090
0.145264
-0.211060
0.298584
0.166504
-0.174194
-0.242188
0.067627
0.282471
0.156860
-0.130737
-0.306152
0.141479
-0.590820
-0.057404
-0.038208
0.148438
-0.336670
-0.068237
0.059448
-0.416748
-0.322021
0.100403
-0.049561
0.044342
-0.400146
0.055725
0.027679
0.057953
-0.024765
-0.361084
-0.218628
0.073608
-0.351318
-0.364258
-0.169678
0.225342
-0.168579
0.289795
0.171021
-0.832031
-0.305420
0.041931
0.195312
0.761719
0.381348
-0.526367
0.253418
0.462891
0.211670
0.268311
0.083435
-0.114380
0.062439
0.352783
0.151001
-0.004349
-0.037170
0.180786
0.175781
0.484375
-0.293457
0.427734
0.407959
-0.081543
0.084656
0.038239
-0.043274
0.307861
0.480469
-0.385986
0.012321
-0.094910
-0.163940
0.575684
0.037445
0.202271
-0.139038
-0.418457
-1.121094
-0.412354
0.247314
-0.090820
0.541016
-0.550293
-0.250488
0.063110
0.130615
-0.350830
0.146118
0.659668
-0.458008
0.102600
0.369141
0.220215
-0.421387
0.122437
-0.255127
0.169556
-0.084473
0.586914
0.262695
0.059601
0.175171
-0.217285
0.270996
-0.587402
0.074585
-0.154175
-0.654785
0.917969
-0.339355
-0.033936
0.935547
-0.094727
0.289551
0.345703
0.779785
0.250732
0.054840
0.153442
0.523438
-0.178589
-0.123596
0.452881
0.189087
0.668457
-0.200928
-0.623047
0.510254
0.235474
-0.096008
-0.204712
-0.007088
0.144653
-0.162964
0.072144
-0.313232
-0.066956
0.001229
0.032043
0.087097
0.429443
-0.057648
-0.126953
0.477539
0.462402
-0.252197
0.346191
0.056732
0.223633
0.039795
-0.007835
-0.205322
0.091309
0.083008
-0.411377
-0.141113
0.631836
-0.123169
-0.330322
-0.215332
0.163818
-0.222534
-0.272949
0.463135
0.051666
0.094910
-0.075623
-0.381104
-0.493164
-0.489258
0.104370
0.680176
0.414062
-0.058411
0.385010
0.214600
-0.071472
0.925781
0.420410
-0.215454
0.235107
-0.012848
-0.152222
0.400879
0.215332
0.146851
0.057220
-0.279785
-0.120605
-0.103149
0.083801
0.091064
-0.276123
0.283936
0.100830
-0.285889
-0.365967
0.096558
0.230957
0.071594
-0.199341
-0.342285
0.115662
-0.707031
-0.073486
-0.023773
0.071899
-0.359863
-0.072937
0.046509
-0.323975
-0.391113
0.102966
-0.081665
0.061615
-0.347412
-0.003292
0.107544
0.046814
-0.051758
-0.294678
-0.207275
0.141479
-0.307129
-0.223511
-0.286377
0.139404
-0.130981
0.335693
0.240601
-0.940430
-0.350586
-0.068542
0.211426
0.737305
0.351562
-0.600098
0.235840
0.405762
0.179810
0.336670
0.065063
-0.067383
0.048737
0.295654
0.159912
0.024460
-0.066772
0.148804
0.173950
0.415527
-0.250488
0.453369
0.510254
-0.031616
0.042389
0.083069
0.003132
0.269775
0.511719
-0.516113
-0.005371
-0.122498
-0.349121
0.408936
0.044403
0.224976
-0.109802
-0.434814
-1.772461
-0.421387
0.291260
-0.195679
0.513672
-0.580078
-0.497314
0.068481
0.100525
-0.436523
-0.282959
0.725098
-0.488770
0.131714
0.414307
0.200684
-0.534180
0.132812
-0.287109
0.105713
-0.042877
0.634766
0.144775
0.074707
0.184082
-0.031189
0.139038
-0.620605
0.151611
-0.234741
-0.657227
0.724609
-0.406982
0.002157
1.038086
-0.166748
0.298096
0.308838
0.877441
0.115417
0.103577
0.171997
0.498047
-0.160767
-0.277588
0.605469
0.132202
1.172852
-0.275391
-0.665527
0.687500
0.275879
-0.112305
-0.205688
-0.074097
0.170166
-0.101501
-0.034027
-0.230713
-0.146606
0.052917
0.008339
0.105713
0.433838
0.023743
-0.166382
0.535645
0.484131
-0.295898
0.444336
-0.078857
0.217163
0.177979
0.056488
-0.286133
0.298096
0.134766
-0.475586
-0.160767
0.605469
-0.167725
-0.242432
-0.099243
0.129395
-0.220337
-0.199829
0.298340
0.067261
0.206055
-0.010460
-0.412598
-0.478271
-0.371338
-0.036285
0.630859
0.144287
-0.012077
0.289795
0.182129
-0.044464
0.717773
0.453125
-0.321777
0.172729
0.079224
-0.044312
0.239502
0.197754
0.171753
-0.009598
-0.258789
-0.180054
-0.073853
-0.132812
-0.245972
-0.247681
0.277100
0.016510
-0.186768
-0.235840
0.082581
-0.031281
-0.070312
-0.324219
-0.370850
-0.023209
-0.737305
0.050232
-0.054382
0.033875
-0.202881
-0.145508
0.058350
-0.017700
-0.354492
0.096436
-0.028976
0.009857
-0.354248
-0.136963
0.213501
-0.045990
-0.099121
0.057434
-0.309570
0.195435
-0.164062
0.034241
-0.468994
0.035675
-0.116333
0.389404
0.244751
-0.705566
-0.349121
-0.128418
0.185181
0.517578
0.250000
-0.416016
-0.047760
0.424805
0.249268
0.314697
0.068420
0.002895
-0.037933
0.149292
0.228149
0.060181
-0.085510
0.036804
0.188232
0.222046
-0.153076
0.417236
0.406982
0.080872
0.118530
0.042023
-0.061920
0.235718
0.470703
-0.440918
-0.036377
-0.073547
-0.309326
0.164795
0.041565
0.112793
-0.017319
-0.372559
-1.547852
-0.263428
0.270020
-0.119995
0.203491
-0.481934
-0.488525
-0.005619
-0.011497
-0.136597
0.123474
0.583008
-0.354980
0.278809
0.333252
0.202637
-0.309570
0.070129
-0.303223
-0.027145
-0.086487
0.526855
0.020340
-0.084351
0.197754
0.204590
-0.013115
-0.351074
0.000285
-0.229248
-0.393799
-0.006317
-0.500000
0.125854
0.505859
-0.215210
0.201782
0.001717
0.748047
-0.048004
0.187378
0.117249
0.326416
-0.148560
-0.515625
0.705566
0.119629
1.535156
-0.337646
-0.566895
0.506836
0.274414
-0.107422
-0.135254
-0.184448
0.115173
0.051971
-0.196167
-0.114807
-0.121887
-0.010635
-0.024841
0.032196
0.376465
0.107422
-0.108826
0.512207
0.385010
-0.385742
0.484619
-0.210205
0.089233
0.518555
0.145996
0.048553
0.629395
0.117371
-0.350586
-0.164673
0.246582
-0.113708
0.076355
0.088745
-0.006767
-0.137207
-0.243774
0.175903
0.059418
0.183716
0.018753
-0.247314
-0.260742
-0.268066
-0.110474
0.457031
-0.160278
-0.037292
0.087830
0.068054
-0.024063
0.324707
0.430420
-0.360107
0.048462
0.166992
0.094971
0.025406
0.090393
0.001715
-0.039917
-0.211426
-0.309570
0.006844
-0.058868
-0.462646
-0.108826
0.302734
0.022552
0.067017
0.119934
0.029282
-0.240112
-0.089172
-0.346680
-0.308838
-0.065613
-0.557129
0.136230
-0.113037
0.048370
-0.038147
-0.209106
0.044312
0.128174
-0.265625
0.094543
0.020950
0.003206
-0.393066
-0.143066
0.142822
-0.200195
-0.107605
0.255859
-0.427979
0.097412
-0.133423
0.069092
-0.396240
0.072449
-0.186035
0.375977
0.104492
-0.331299
-0.255371
0.001029
0.193726
0.425781
0.172119
-0.123718
-0.292969
0.524414
0.396484
0.139160
0.130005
-0.014885
-0.090942
0.052032
0.225586
0.007381
0.050476
-0.002678
0.273438
0.153076
-0.037201
0.343262
0.156738
0.089417
0.272217
-0.030838
-0.158691
0.240112
0.366455
-0.173706
-0.068054
0.014778
-0.048309
0.137329
0.036377
-0.048157
0.014580
-0.258301
-0.471924
-0.104370
0.202393
0.084473
-0.098816
-0.332275
-0.236816
-0.097473
-0.094971
0.251221
-2.640625
0.335449
-0.215820
0.336670
0.180054
0.205078
0.048126
0.035950
-0.251465
-0.042816
-0.168213
0.322021
0.000814
-0.208740
0.201416
0.199219
0.032227
-0.054108
-0.219971
-0.108215
-0.076599
-0.390137
-0.441406
0.205444
-0.052277
-0.146729
0.079834
-0.246948
0.408691
0.017242
0.176147
0.034912
0.173706
-0.149170
-0.546875
0.527344
0.192383
1.141602
-0.281494
-0.378418
0.081543
0.206787
-0.074097
-0.041626
-0.211426
0.044830
0.129883
-0.214111
-0.055878
0.024002
-0.163208
-0.025970
-0.090332
0.304199
0.130981
-0.006603
0.386963
0.222656
-0.395508
0.385254
-0.132324
-0.042877
0.657227
0.154663
0.465088
0.628906
0.007111
-0.138916
-0.108398
-0.063049
-0.017029
0.252686
0.107971
-0.075562
-0.045410
-0.265625
0.172974
0.043549
0.134766
0.045166
-0.212891
-0.221191
-0.247559
-0.148071
0.418701
-0.247192
-0.055664
0.018906
-0.006329
-0.026016
0.256836
0.400879
-0.364990
0.010223
0.196289
0.121399
-0.022446
0.065674
-0.044617
-0.035248
-0.210083
-0.395020
0.053558
-0.010040
-0.487549
-0.042389
0.321289
0.017471
0.122009
0.224365
0.001504
-0.310059
-0.073547
-0.388672
-0.327881
-0.097839
-0.498047
0.163818
-0.117126
0.050842
0.021011
-0.249268
0.041077
0.163818
-0.225342
0.081116
0.025528
0.013733
-0.389893
-0.118958
0.099365
-0.225464
-0.157227
0.285400
-0.461914
0.094727
-0.132690
0.045410
-0.368652
0.111145
-0.205566
0.370117
0.037537
-0.250977
-0.203613
0.024063
0.194580
0.435303
0.149780
-0.010292
-0.352783
0.534180
0.448242
0.045227
0.158813
-0.007000
-0.138916
0.091980
0.253174
-0.014313
0.084229
-0.034515
0.355957
0.192749
0.027512
0.334229
0.059845
0.084290
0.319092
-0.119446
-0.241821
0.282471
0.371338
-0.088562
-0.033569
0.037781
0.077209
0.104919
0.038055
-0.067444
0.009422
-0.240112
-0.287842
-0.048035
0.180298
0.158203
-0.145142
-0.309082
-0.039368
-0.108765
-0.068054
0.385254
-3.591797
0.281982
-0.158203
0.382324
0.134888
0.200195
0.199829
-0.026398
-0.256836
-0.095093
-0.194336
0.263428
0.047485
-0.308350
0.212036
0.100037
0.030334
0.054169
-0.305176
-0.064758
-0.055634
-0.518066
-0.440430
0.207764
-0.330811
-0.096252
0.033356
-0.309570
0.353027
-0.022644
0.186646
-0.006908
0.116089
-0.189941
-0.508789
0.454590
0.219727
0.889648
-0.253418
-0.376709
-0.064758
0.170166
-0.081360
-0.069336
-0.174194
-0.016281
0.112549
-0.189697
-0.059998
0.084534
-0.165161
-0.041260
-0.105957
0.329590
0.082092
0.039886
0.382812
0.216431
-0.364502
0.329346
-0.098694
-0.063782
0.660645
0.100952
0.579590
0.593262
0.017731
-0.037903
-0.135742
-0.152100
0.015419
0.306396
0.085083
-0.127319
-0.013588
-0.129639
0.119202
0.038330
0.154175
0.031738
-0.282471
-0.312012
-0.140747
-0.267822
0.471680
-0.193481
-0.019775
0.054443
0.006241
-0.047516
0.385742
0.380371
-0.386230
0.130249
0.218384
0.056458
-0.024445
0.143921
0.029617
-0.067261
-0.157593
-0.353516
0.044281
-0.107788
-0.544922
-0.116211
0.287354
0.004143
0.082703
0.100464
-0.026154
-0.282959
-0.130371
-0.419189
-0.408936
-0.245483
-0.566895
0.258545
-0.109131
0.074524
0.106323
-0.268066
0.085266
0.265137
-0.178101
0.044403
0.073669
-0.058319
-0.388184
-0.223999
0.179199
-0.092224
-0.215210
0.367676
-0.416260
0.237549
-0.022812
0.114197
-0.539062
0.054626
-0.140991
0.361084
0.120239
-0.240601
-0.257812
-0.086731
0.098633
0.237671
0.173218
-0.058960
-0.403320
0.496094
0.358643
0.140015
0.076843
0.024414
-0.218140
0.091370
0.344238
0.050812
-0.070435
-0.153076
0.229492
0.129150
-0.022232
0.302490
0.059967
0.177246
0.267822
-0.156494
-0.291748
0.303711
0.408691
-0.089539
0.017380
0.016251
0.138184
0.003956
0.059998
-0.026031
0.055847
-0.272461
-0.565430
-0.011047
0.182129
0.143188
-0.137695
-0.301758
0.047455
-0.122253
-0.034851
0.474365
1.397461
0.298584
-0.193604
0.449707
0.135010
0.204102
0.253906
-0.107117
-0.311279
-0.216797
-0.192871
0.238647
0.085144
-0.383545
0.209229
0.100159
-0.062073
0.088989
-0.342285
-0.074585
-0.164795
-0.715332
-0.502930
0.188477
-0.478516
-0.125732
0.052521
-0.333496
0.477295
-0.140625
0.247559
-0.051697
0.099121
-0.193481
-0.526855
0.502441
0.226074
1.053711
-0.288330
-0.421875
-0.046906
0.183716
-0.098083
-0.162842
-0.171997
-0.090210
0.112061
-0.205933
-0.092285
0.045441
-0.115356
-0.013214
-0.096619
0.345459
0.021774
-0.000598
0.404297
0.270996
-0.376709
0.304199
-0.143311
-0.031219
0.681641
0.090576
0.580566
0.640625
0.058044
0.032898
-0.200806
-0.181519
0.022110
0.323242
0.117065
-0.167603
-0.004669
-0.142212
0.030579
-0.035065
0.202515
-0.234619
-0.072144
-0.039154
-0.032349
-0.184937
0.372803
-0.033600
-0.027054
0.108276
0.021210
-0.095276
0.322510
0.279541
-0.323730
0.213989
0.185669
0.047791
-0.089417
0.081116
-0.190796
-0.040955
0.043243
-0.161621
-0.029877
0.247925
-0.510742
-0.133911
0.227905
0.331787
0.234375
0.096558
-0.103333
0.001687
0.026581
-0.159424
-0.169800
-0.169800
-0.316895
0.326416
-0.169922
0.228516
0.084961
-0.228882
0.067871
-0.043213
-0.160522
0.007927
0.110779
-0.050079
-0.488037
-0.212769
-0.046753
0.036102
-0.048218
0.186890
-0.360840
0.063843
-0.011894
-0.045624
-0.439697
0.167114
-0.140015
0.258789
0.094666
-0.099487
-0.297119
0.181030
0.005123
0.261475
0.320801
-0.142700
-0.253662
0.644043
0.270264
0.213013
0.002655
-0.071533
-0.080688
0.090576
0.207764
-0.036987
-0.040497
0.006214
-0.030869
-0.143677
-0.423828
0.211792
-0.170288
0.115662
-0.039490
-0.041229
-0.133789
0.278809
0.274170
0.325684
-0.104004
0.207031
0.103027
-0.005383
0.010796
-0.062622
-0.018982
-0.160767
0.562988
-0.002958
-0.021255
-0.126465
-0.057220
-0.219971
0.140137
-0.114929
-0.114197
0.372070
4.195312
0.207153
-0.104980
0.222046
0.021744
0.260742
0.116028
0.112488
-0.190308
-0.011070
-0.195190
0.184814
0.016968
-0.183350
0.165039
-0.060760
0.030670
-0.095581
-0.303711
0.029327
-0.233643
-0.188232
-0.330322
0.094666
-0.269775
-0.158203
0.202515
-0.040802
0.398193
-0.000031
0.118652
0.029556
0.082703
-0.132812
-0.215698
0.312012
0.361084
0.697266
0.071411
-0.308838
-0.247559
0.145020
-0.029434
-0.107056
-0.098267
0.015976
0.067200
0.016586
-0.123352
-0.012024
-0.303955
0.212402
-0.106689
0.295166
0.086121
-0.150146
0.190552
0.135864
-0.395508
0.008774
-0.112793
-0.053772
0.259521
0.199219
0.153198
0.190918
-0.145386
0.006702
-0.023071
0.047302
0.210327
-0.144043
0.125000
0.073425
-0.007866
-0.159668
-0.162842
-0.141968
0.385498
-0.409668
-0.004147
0.105835
0.050598
-0.108215
0.300049
-0.037872
-0.000371
0.196533
-0.003796
-0.128784
0.326660
0.175049
-0.320068
0.215698
0.139404
0.125610
-0.216675
-0.011536
-0.276855
-0.035248
0.231934
-0.018753
-0.131348
0.358398
-0.676270
-0.097351
0.160400
0.598145
0.303711
0.036377
-0.182129
0.049561
0.062317
-0.122009
0.059601
-0.141846
-0.125732
0.430420
-0.218018
0.271484
0.083740
-0.276611
0.010559
-0.177734
-0.241333
-0.055206
0.087097
0.020035
-0.478027
-0.271729
-0.297119
0.114258
0.050781
0.187378
-0.319336
-0.035706
0.128052
0.060516
-0.519531
0.180786
-0.085205
0.249390
0.031677
-0.011070
-0.326416
0.339355
-0.057281
0.319580
0.365723
-0.139893
-0.211426
0.739746
0.220947
0.219971
-0.054199
-0.049927
-0.020630
0.124451
0.059082
-0.152954
0.007519
0.100098
-0.152466
-0.611816
-0.678711
0.187866
-0.435791
0.094788
-0.486572
0.034790
0.054199
0.227295
0.158203
0.758301
-0.300537
0.490967
-0.189697
-0.514160
-0.077759
-0.121704
-0.124573
-0.051056
0.793457
0.106262
-0.260986
-0.599609
-0.131714
-0.149902
0.138184
-0.073730
-0.237061
0.254150
3.953125
0.153442
0.193481
0.108215
-0.114014
0.303467
0.006847
0.361328
-0.054718
0.073792
-0.173340
0.203735
-0.293945
-0.140259
0.133301
-0.022842
-0.172852
-0.182129
-0.253174
0.030334
-0.212646
-0.201904
-0.269775
0.121399
-0.447021
-0.237061
0.277344
0.118774
0.364014
-0.311768
0.076843
0.153809
-0.168213
-0.108398
-0.095154
0.224854
0.524902
0.754395
0.489502
-0.244507
-0.403320
0.080078
0.007107
0.009964
-0.044220
0.149414
0.112000
0.137695
0.048523
-0.081360
-0.449463
0.326172
-0.099731
0.266602
0.317139
-0.346191
0.048462
-0.039307
-0.433350
-0.212280
-0.327393
-0.193115
0.111633
0.421631
-0.354492
0.044006
-0.265625
-0.005192
0.105042
0.083374
0.478516
-0.392578
0.387207
0.196655
0.085144
-0.216553
-0.090881
-0.159180
0.399658
-0.360107
-0.146118
-0.071533
-0.079773
0.011375
0.409180
0.080872
-0.016479
0.283936
0.000807
-0.096375
0.596191
0.172363
-0.291992
0.221191
0.041656
0.081543
-0.085571
-0.000659
-0.139893
-0.016678
0.155151
0.004959
-0.197266
0.267578
-0.529297
-0.133545
0.166016
0.560059
0.113525
-0.183472
-0.145752
0.044128
0.038391
-0.199341
0.034882
-0.052002
-0.234375
0.312988
-0.144897
0.182861
-0.069702
-0.252197
-0.035736
-0.256592
-0.367432
-0.060974
-0.015526
0.112061
-0.375977
-0.213501
-0.323975
0.136963
0.041565
0.028000
-0.219971
-0.004570
0.089172
0.088135
-0.502930
0.160767
-0.011093
0.286621
0.072083
-0.302979
-0.347900
0.216187
0.026337
0.510254
0.358887
-0.242920
-0.055023
0.636230
0.177979
0.207397
-0.049164
0.034210
0.006454
0.271240
0.008049
-0.182983
0.005322
0.137451
-0.075745
-0.566895
-0.584961
0.272461
-0.309326
0.054626
-0.640137
0.044250
0.159668
0.222046
0.223999
0.568359
-0.289551
0.468018
-0.503906
-0.743164
-0.089233
-0.057159
-0.195923
-0.078918
-0.393799
-0.011169
-0.228027
-0.785156
0.005299
-0.275879
-0.103394
0.005524
-0.217896
-0.078613
2.158203
0.339111
0.232788
0.039001
-0.024597
0.239868
-0.211304
0.448486
-0.057617
0.061768
-0.100830
0.337646
-0.394775
-0.066406
0.168457
0.058990
-0.335449
-0.356934
-0.075806
-0.112000
-0.344971
-0.033966
-0.282471
0.088379
-0.152344
-0.244629
0.332520
0.268066
0.521973
-0.505859
0.067627
0.221191
-0.166016
-0.149780
-0.124939
0.274902
0.497803
0.939453
0.495850
-0.390137
-0.138306
0.107239
-0.029282
0.034332
-0.015137
0.227051
0.100159
0.098206
0.136353
-0.172363
-0.316162
0.262695
-0.002581
0.350586
0.383301
-0.405273
0.166138
0.032104
-0.395264
-0.077820
-0.463379
-0.181763
0.118408
0.457520
-0.699707
0.083313
-0.157593
-0.168213
0.090820
0.213623
0.408936
-0.403320
0.433105
0.187500
0.039764
-0.238770
0.197388
-0.074158
0.337402
-0.204712
-0.445312
-0.500000
-0.357422
0.091797
0.645508
0.348145
0.011353
0.566406
0.197021
-0.072388
1.017578
0.261475
-0.281738
0.208130
-0.053986
-0.087158
0.272705
0.149658
0.178833
0.057037
-0.041077
0.072754
-0.249268
0.002193
-0.150391
-0.251465
0.185913
0.318359
-0.298340
-0.526855
0.004601
0.207642
0.023926
-0.255127
-0.168823
0.006290
-0.538574
0.115723
-0.076477
0.057922
-0.320312
-0.174683
0.008461
-0.308350
-0.477051
0.018097
-0.125977
0.127197
-0.281250
-0.084290
-0.123840
0.229370
-0.030457
-0.182983
-0.138184
0.191406
-0.066956
0.082092
-0.548828
0.065796
-0.058258
0.353516
0.191284
-0.866211
-0.405029
-0.034424
0.104919
0.708496
0.360107
-0.565430
0.239136
0.448242
0.069214
0.329346
-0.048645
0.030289
-0.015717
0.272217
0.111694
-0.058014
-0.129517
0.127808
0.057495
-0.192261
-0.447266
0.422363
0.297852
0.029709
-0.576660
0.072083
0.180664
0.210571
0.400879
-0.017197
-0.142700
0.175415
-0.712891
-0.526855
-0.055023
0.175781
-0.198486
-0.250488
-2.070312
-0.182251
0.022263
-0.819336
0.389893
-0.505371
-0.504395
0.127075
-0.015594
-0.558105
-0.095825
0.661621
-0.101562
0.065735
0.213257
0.196777
-0.622559
0.293457
-0.180786
-0.008804
0.102966
0.528809
-0.236450
0.038910
0.156616
0.083313
-0.328125
-0.593262
0.256104
-0.252686
-0.644531
0.255127
-0.383301
0.056091
0.648926
-0.297363
0.273193
0.405029
0.822754
-0.531250
0.116089
0.264404
0.056061
-0.204590
-0.153198
0.539062
0.215820
1.604492
0.156494
-0.665039
0.518066
0.164062
-0.081238
-0.176392
0.026855
0.210083
0.010170
0.019180
0.067871
-0.272217
0.004780
0.112427
0.153198
0.478516
0.283447
-0.360840
0.436279
0.294678
-0.295654
0.136597
-0.483643
0.050842
0.049713
0.259033
-0.992676
0.262451
0.120544
-0.361816
-0.095276
0.487061
0.105957
-0.407227
0.300781
0.151245
-0.049805
-0.228882
0.244507
-0.042725
0.267822
-0.145874
-0.417236
-0.522949
-0.336182
0.008667
0.592285
0.262939
0.042389
0.603027
0.211426
-0.064453
0.863770
0.245361
-0.297119
0.141479
0.023926
-0.061035
0.247681
0.162109
0.147827
0.073547
-0.009781
0.015701
-0.191895
-0.067017
-0.148560
-0.167969
0.199097
0.238403
-0.212402
-0.351074
0.010704
0.162720
0.017914
-0.254395
-0.198120
-0.029800
-0.504883
0.174194
-0.126587
0.095337
-0.279297
-0.188232
0.081482
-0.204224
-0.403809
0.085205
-0.058563
0.032928
-0.339355
-0.039032
-0.075012
0.254150
-0.017136
-0.045319
-0.181641
0.237061
-0.074036
0.087463
-0.550781
0.019333
-0.193604
0.355957
0.140015
-0.724609
-0.377930
-0.012985
0.107300
0.611816
0.322998
-0.462158
0.151245
0.498779
0.129028
0.264893
-0.052887
-0.035675
-0.096497
0.163330
0.201660
0.003288
-0.173950
0.068359
0.090942
-0.076355
-0.365967
0.434814
0.439453
0.021378
-0.444824
0.014153
0.117798
0.192505
0.377686
-0.003016
-0.115967
0.091370
-0.464355
-0.263672
-0.075806
0.148193
-0.167603
-0.244995
-1.518555
-0.066101
0.056122
-0.618652
0.349121
-0.481445
-0.367920
0.127197
0.036957
-0.458496
-0.327148
0.576172
-0.161377
0.155151
0.162476
0.239014
-0.530273
0.163940
-0.184937
0.014473
0.144531
0.457520
-0.041809
-0.052795
0.104248
0.058746
-0.170288
-0.433838
0.229004
-0.149536
-0.489746
0.062469
-0.389160
0.158203
0.542969
-0.273926
0.054840
0.251953
0.611328
-0.413086
0.128174
0.220703
0.048584
-0.251953
-0.106140
0.485352
0.102173
1.592773
0.046814
-0.627441
0.418701
0.069946
-0.057678
-0.235596
0.092407
0.110413
0.004711
0.039337
0.000829
-0.145752
-0.003963
0.015182
0.111389
0.449463
0.190674
-0.206909
0.451660
0.264160
-0.232666
0.046875
-0.370361
0.081909
0.056183
0.099609
-0.755371
0.344238
0.152832
-0.221191
-0.164429
0.346436
0.069275
-0.289062
0.254395
0.093384
0.015350
-0.339844
0.065430
-0.064026
0.260010
-0.190796
-0.119263
-0.093323
-0.194458
-0.015297
0.331543
-0.113464
-0.013779
0.268066
0.029312
-0.028427
0.276855
0.210693
-0.339600
-0.020172
0.141235
0.146362
-0.062744
-0.026581
-0.180054
0.041626
0.065125
-0.148560
-0.080078
0.194092
-0.461426
0.001970
0.247314
0.347656
0.197998
0.153076
-0.059021
-0.098450
0.048859
-0.227783
-0.034302
-0.007973
-0.223389
0.266602
-0.203735
0.163940
-0.103027
-0.246948
0.035339
-0.136108
-0.309814
0.073242
-0.002672
0.049225
-0.444824
-0.035248
-0.214355
-0.011108
0.048370
0.155273
-0.364990
-0.006050
-0.073853
0.070007
-0.356689
0.144531
-0.247437
0.332275
-0.042694
-0.192993
-0.259277
0.267090
0.141113
0.585449
0.252686
-0.058533
-0.141602
0.687500
0.346924
0.028122
0.074097
-0.048401
-0.056824
0.072510
0.114563
-0.124146
0.068970
0.135620
0.184448
-0.232910
-0.330322
0.319336
-0.033081
-0.007950
-0.294434
-0.028870
0.039001
0.203247
0.216064
0.407959
-0.207031
0.294434
-0.202637
-0.304688
-0.098328
-0.110413
-0.155396
-0.062744
0.218018
0.074890
-0.109253
-0.397949
-0.049438
-0.287842
-0.035736
0.002321
-0.150391
0.014076
-3.232422
0.240845
0.121582
0.137207
-0.041321
0.247803
-0.090271
0.255615
-0.078308
0.087097
-0.034180
0.224609
-0.125854
-0.139404
0.141724
0.029739
-0.083435
-0.126587
-0.069397
-0.008759
-0.046265
-0.235840
-0.276611
0.203613
-0.146729
-0.174805
0.019211
0.011536
0.162109
-0.238159
0.054047
0.156128
-0.112000
-0.224487
-0.126953
0.249390
0.263428
0.879883
0.227051
-0.352295
-0.217407
0.010345
-0.002178
-0.012642
0.024979
0.118591
0.117188
0.037262
0.060913
-0.001555
-0.286865
0.071167
-0.032776
0.346191
0.265381
-0.112610
0.242310
0.023026
-0.301514
-0.063232
-0.272461
-0.142334
0.192993
0.197021
-0.256592
0.246582
-0.077332
-0.045471
0.023285
0.002216
0.249268
-0.141602
0.283691
0.066833
0.082642
-0.351074
0.004162
-0.119385
0.319092
-0.283691
-0.047882
0.055817
-0.162842
0.018692
0.295654
-0.101257
-0.028442
0.184570
-0.017899
-0.067139
0.247192
0.215210
-0.324951
-0.005928
0.121094
0.187988
-0.120056
-0.070496
-0.256104
0.021957
0.092712
-0.144653
-0.080444
0.328369
-0.555664
0.022232
0.230103
0.479492
0.260254
0.143921
-0.085754
-0.093750
0.104065
-0.182007
0.063782
0.043762
-0.158569
0.269043
-0.187134
0.203857
-0.104126
-0.246338
-0.017456
-0.237549
-0.311279
0.022400
-0.011978
0.086975
-0.456055
-0.084595
-0.299316
-0.070923
0.102539
0.111084
-0.381836
-0.129395
-0.037781
0.048279
-0.337891
0.211304
-0.162964
0.323242
-0.059601
-0.156250
-0.243164
0.366211
0.115295
0.635254
0.275391
-0.038940
-0.122437
0.716797
0.354248
0.049500
0.087036
-0.023819
0.041962
0.194092
0.018402
-0.196411
0.118042
0.230103
0.152222
-0.397217
-0.497070
0.309570
-0.277588
-0.028549
-0.374023
-0.000539
0.074341
0.209106
0.178467
0.516113
-0.302734
0.446045
-0.346680
-0.415527
-0.119080
-0.138184
-0.186279
-0.060730
0.526367
0.031921
-0.189209
-0.526367
-0.096069
-0.243530
-0.008926
-0.005260
-0.218872
0.033142
-2.833984
0.229980
0.309326
0.095398
-0.049408
0.267822
-0.066650
0.374268
-0.016647
0.160889
-0.117554
0.314453
-0.292236
-0.106628
0.161499
0.046143
-0.133301
-0.179077
-0.163696
-0.049347
-0.086060
-0.092285
-0.282959
0.185059
-0.289551
-0.184937
0.193237
0.101624
0.285889
-0.289062
0.030365
0.230835
-0.130859
-0.170776
-0.147339
0.291260
0.405029
0.772949
0.407715
-0.294678
-0.265869
0.072754
-0.002502
0.135132
-0.025146
0.216675
0.115417
0.070312
0.094788
-0.025574
-0.377930
0.163696
-0.039520
0.301514
0.349121
-0.180786
0.151733
-0.027420
-0.370850
-0.011406
-0.336914
-0.217773
0.214233
0.382568
-0.308350
0.179810
-0.176147
-0.158936
0.097473
0.066101
0.388916
-0.222168
0.319824
0.139893
0.056427
-0.328125
-0.010796
-0.183350
0.307373
-0.472412
0.154907
0.330566
-0.074890
0.044037
0.216797
0.026337
-0.045837
0.083679
-0.047485
-0.146729
0.131348
0.224121
-0.246948
0.082642
0.126587
0.207397
-0.185913
-0.101746
-0.453125
0.000757
0.187378
-0.123779
-0.049805
0.611816
-0.582031
0.061920
0.200806
0.691895
0.450928
0.203125
-0.127197
0.051086
0.244873
0.025986
0.232300
0.162964
-0.022247
0.287109
-0.181030
0.370361
-0.119568
-0.188477
-0.027374
-0.456787
-0.228149
-0.004471
0.064880
0.039154
-0.565918
-0.125122
-0.398682
-0.079102
0.271729
0.004246
-0.372559
-0.341309
-0.026108
-0.134521
-0.218140
0.317139
-0.112000
0.261230
-0.066650
-0.008293
-0.229248
0.583984
0.048981
0.601074
0.363037
-0.038361
-0.052094
0.816406
0.360352
0.126953
0.064758
-0.082397
0.215210
0.349854
-0.101624
-0.252930
0.131348
0.394531
-0.027267
-0.497070
-0.833008
0.285156
-0.541016
-0.101440
-0.381348
0.072205
0.133911
0.203125
0.093628
0.670898
-0.431152
0.597656
-0.337402
-0.177124
-0.160034
-0.182129
-0.213745
-0.081970
1.690430
-0.041443
-0.292969
-0.550781
-0.074585
-0.171997
0.106018
-0.013382
-0.284668
0.044861
1.316406
0.176270
0.456543
-0.001415
-0.062622
0.355957
-0.068604
0.527344
0.087891
0.416016
-0.249023
0.449463
-0.320068
0.001945
0.138916
0.006702
0.050751
-0.283691
-0.288330
-0.024460
-0.119080
0.374023
-0.250977
0.163696
-0.289551
-0.189087
0.400391
0.274902
0.372070
-0.062042
-0.057404
0.334961
-0.020309
-0.073730
-0.058472
0.293213
0.566406
0.458740
0.615723
-0.168701
-0.374023
0.133545
0.027603
0.331787
-0.048889
0.342773
0.057983
0.205322
-0.015045
0.003401
-0.561035
0.290283
-0.077515
0.183594
0.356934
-0.225952
-0.015327
-0.100647
-0.438721
-0.002329
-0.250000
-0.256836
0.098145
0.555664
-0.284912
-0.020660
-0.369141
-0.313232
0.215210
0.242432
0.569336
-0.427734
0.251465
0.315430
-0.009689
-0.336670
0.002193
-0.146484
0.258301
-0.459961
0.222168
0.343018
-0.087585
0.054077
0.177490
0.038605
-0.052917
0.104004
0.039551
-0.141235
0.025970
0.244751
-0.216064
0.085510
0.117004
0.199707
-0.176392
-0.106262
-0.480469
-0.012024
0.203369
-0.066223
-0.077271
0.592285
-0.482666
0.054474
0.187378
0.655762
0.494141
0.277832
-0.120789
0.135986
0.231079
0.144653
0.259521
0.199341
0.035736
0.251709
-0.205200
0.364014
-0.120667
-0.143677
-0.003525
-0.447510
-0.192627
0.039612
0.102539
0.007713
-0.565918
-0.081177
-0.396973
-0.071167
0.316162
-0.036560
-0.329590
-0.366699
-0.077820
-0.191040
-0.128418
0.283203
-0.197754
0.216553
-0.070129
0.057312
-0.234253
0.609375
0.064453
0.511719
0.356201
-0.109680
-0.050659
0.835449
0.348633
0.149414
0.022141
-0.191772
0.206055
0.200806
-0.103699
-0.215942
0.167114
0.365234
-0.108215
-0.389160
-0.745605
0.258301
-0.375244
-0.114929
-0.249023
0.146729
0.164673
0.148926
0.046112
0.634766
-0.427979
0.480469
-0.205078
0.080750
-0.142212
-0.188110
-0.179077
-0.068848
2.005859
-0.023331
-0.196899
-0.428711
-0.078247
-0.131836
-0.054230
-0.034546
-0.271240
0.025955
-0.437012
0.120178
0.248779
-0.040741
-0.066223
0.354492
-0.104919
0.496094
0.106323
0.491211
-0.173340
0.352539
-0.257568
0.107971
0.084717
0.078308
0.223267
-0.273682
-0.230225
0.055389
-0.020584
0.522949
-0.151855
0.196167
0.055542
-0.189575
0.277588
0.245728
0.178833
0.175537
-0.085693
0.307129
0.037567
-0.035309
-0.019882
0.181763
0.494629
0.505859
0.501953
-0.079834
-0.341064
0.109680
0.065613
0.321777
-0.049408
0.304932
0.059448
0.210205
-0.013756
0.065857
-0.588867
0.285400
-0.150757
0.112610
0.358154
-0.191040
-0.067688
-0.150757
-0.388672
-0.052124
-0.116455
-0.201172
0.049530
0.487793
-0.207642
-0.073425
-0.405273
-0.260254
0.209473
0.257812
0.471436
-0.452148
0.148804
0.364990
0.011627
-0.325684
0.056213
-0.080688
0.240601
-0.303955
-0.017197
0.024582
-0.163696
0.037079
0.338379
0.053101
-0.057068
0.193481
0.060638
-0.056366
0.311035
0.243042
-0.272705
0.114624
0.077942
0.087769
-0.034668
-0.027283
-0.252197
0.004314
0.081177
-0.055725
-0.124512
0.363770
-0.361328
-0.086182
0.223877
0.458496
0.236084
0.067810
-0.079895
0.085022
0.103333
-0.042267
0.036255
0.070190
-0.178589
0.205933
-0.163696
0.208252
-0.136597
-0.168579
-0.000760
-0.299805
-0.280029
0.035187
0.012268
0.064270
-0.458252
-0.051575
-0.256836
-0.001842
0.123413
-0.057434
-0.281006
-0.122437
-0.117249
-0.081238
-0.236816
0.210815
-0.166504
0.258057
0.025696
-0.208374
-0.291992
0.327393
0.116516
0.549805
0.329590
-0.206909
-0.035889
0.690430
0.273682
0.144043
0.024490
-0.096375
0.063232
0.129395
0.034119
-0.149902
0.093384
0.203735
-0.003693
-0.234741
-0.467285
0.264648
-0.123535
-0.022598
-0.276123
0.075073
0.108704
0.205322
0.193970
0.381348
-0.231689
0.300049
-0.244995
-0.136963
-0.060272
-0.098328
-0.148071
-0.065979
0.525879
-0.070068
-0.082336
-0.401123
0.012344
-0.264404
-0.179932
-0.029007
-0.187378
-0.047699
-1.274414
0.255615
0.048004
-0.002817
0.007843
0.231323
-0.161865
0.356934
-0.046356
0.205933
-0.070862
0.245850
-0.179199
0.063477
0.153809
0.066589
0.016052
-0.289551
-0.083984
-0.018631
-0.163452
0.275146
-0.185547
0.109253
0.224731
-0.176270
0.218994
0.197510
0.261719
0.002844
-0.014618
0.180298
0.039337
-0.132080
-0.088745
0.210571
0.351562
0.757812
0.270996
-0.286133
-0.149780
0.116211
0.010658
0.082275
-0.040192
0.190308
0.080566
0.069336
0.024063
-0.049286
-0.354492
0.220581
-0.064941
0.287598
0.280762
-0.185059
0.137329
0.017899
-0.341064
0.000619
-0.198486
-0.114868
0.088440
0.316406
-0.321045
0.033844
-0.196045
-0.182495
0.104431
0.215210
0.239990
-0.338135
0.151123
0.209961
-0.012024
-0.358154
0.058258
0.015244
0.200073
-0.126343
-0.154419
-0.128662
-0.194336
-0.027328
0.391602
-0.149902
-0.073975
0.132202
0.020203
0.069275
0.284424
0.245239
-0.394043
0.021439
0.124207
0.055847
-0.007694
-0.008904
-0.143677
0.021927
-0.045349
-0.137573
-0.094238
0.216797
-0.377686
-0.170410
0.293457
0.234253
0.129272
0.117126
-0.040497
-0.109802
-0.018311
-0.243774
-0.182129
-0.098083
-0.308350
0.200317
-0.173340
0.062317
-0.053833
-0.220459
0.000804
-0.058929
-0.304932
0.043365
-0.058655
0.111389
-0.415283
-0.011650
-0.086670
-0.080811
-0.087524
0.073059
-0.375244
0.063965
-0.188965
0.040466
-0.285156
0.191650
-0.202148
0.306885
0.049957
-0.239502
-0.290283
0.140869
0.183594
0.572266
0.255371
-0.103149
-0.181641
0.613770
0.307617
0.031921
0.114258
-0.002184
-0.096619
-0.065613
0.199341
-0.105225
0.111694
0.056122
0.204468
-0.072327
-0.139404
0.204834
-0.019409
0.083496
-0.154297
-0.046906
-0.046570
0.275391
0.293701
0.244629
-0.001496
0.148071
-0.105652
-0.306885
0.030960
-0.100464
-0.066406
0.030960
-0.142944
-0.017456
-0.006943
-0.211670
-0.056213
-0.323486
-0.138062
-0.091797
-0.156860
0.143921
-3.576172
0.229126
-0.097839
0.070312
-0.001657
0.097839
-0.009804
0.153564
-0.207642
-0.133911
-0.004425
-0.031525
-0.061249
-0.044952
0.248657
-0.005577
-0.150635
-0.109863
-0.068848
-0.012146
-0.110840
-0.251709
-0.205078
0.022995
0.073242
-0.131714
0.109558
-0.026215
0.149170
-0.070374
0.044556
-0.018921
-0.008270
-0.233887
-0.172729
0.216431
0.176147
0.800781
0.012733
-0.400879
-0.225464
0.096802
-0.019379
-0.145630
-0.072144
0.016449
0.164551
-0.122559
0.052521
-0.126343
-0.191284
0.169922
-0.015717
0.453125
0.165161
-0.046570
0.291748
0.125366
-0.324463
-0.002985
-0.233154
-0.090576
0.182251
0.098694
-0.135498
0.164062
-0.037079
0.013641
0.049805
-0.029861
0.026810
-0.104431
0.144531
-0.005188
-0.012306
0.000000
-0.000000
0.000000
-0.000000
-0.000000
-0.000000
0.000000
-0.000000
-0.000000
-0.000000
-0.000000
-0.000000
-0.000000
-0.000000
0.000000
-0.000000
0.000000
-0.000000
-0.000000
-0.000000
0.000000
-0.000000
0.000000
0.000000
-0.000000
-0.000000
0.000000
-0.000000
-0.000000
-0.000000
-0.000000
-0.000000
0.000000
0.000000
0.000000
0.000000
-0.000000
-0.000000
0.000000
-0.000000
-0.000000
0.000000
-0.000000
-0.000000
0.000000
0.000000
0.000000
0.000000
-0.000000
-0.000000
0.000000
-0.000000
-0.000000
0.000000
-0.000000
-0.000000
-0.000000
0.000000
0.000000
0.000000
-0.000000
-0.000000
0.000000
-0.000000
0.000000
-0.000000
-0.000000
-0.000000
0.000000
0.000000
-0.000000
-0.000000
-0.000000
0.000000
-0.000000
0.000000
-0.000000
-0.000000
-0.000000
-0.000000
0.000000
-0.000000
0.000000
-0.000000
-0.000000
0.000000
0.000000
0.000000
-0.000000
0.000000
0.000000
-0.000000
0.000000
0.000000
-0.000000
0.000000
-0.000000
-0.000000
-0.000000
0.000000
-0.000000
0.000000
-0.000000
-0.000000
-0.000000
0.000000
-0.000000
-0.000000
-0.000000
0.000000
0.000000
0.000000
-0.000000
-0.000000
0.000000
-0.000000
-0.000000
-0.000000
0.000000
-0.000000
-0.000000
-0.000000
-0.000000
-0.000000
0.000000
0.000000
0.000000
0.000000
0.000000
-0.000000
-0.000000
0.000000
-0.000000
-0.000000
-0.000000
-0.000000
-0.000000
-0.000000
-0.000000
0.000000
0.000000
0.000000
0.000000
-0.000000
-0.000000
-0.000000
-0.000000
-0.000000
0.000000
0.000000
-0.000000
0.000000
-0.000000
-0.000000
-0.000000
-0.000000
-0.000000
-0.000000
-0.000000
0.000000
-0.000000
-0.000000
-0.000000
0.000000
-0.000000
-0.000000
0.000000
0.000000
-0.000000
0.000000
-0.000000
-0.000000
0.000000
0.000000
0.000000
0.000000
0.000000
-0.000000
0.000000
-0.000000
0.000000
-0.000000
-0.000000
-0.000000
0.000000
0.000000
-0.000000
0.000000
0.000000
0.000000
0.000000
0.000000
0.000000
-0.000000
0.000000
-0.000000
-0.000000
-0.000000
0.000000
-0.000000
-0.000000
-0.000000
-0.000000
-0.000000
-0.000000
-0.000000
0.000000
-0.000000
0.000000
-0.000000
-0.000000
-0.000000
0.000000
-0.000000
0.000000
0.000000
-0.000000
-0.000000
0.000000
-0.000000
-0.000000
-0.000000
-0.000000
-0.000000
0.000000
0.000000
0.000000
0.000000
-0.000000
-0.000000
0.000000
-0.000000
-0.000000
0.000000
-0.000000
-0.000000
0.000000
0.000000
0.000000
0.000000
-0.000000
-0.000000
0.000000
-0.000000
-0.000000
0.000000
-0.000000
-0.000000
-0.000000
0.000000
0.000000
0.000000
-0.000000
-0.000000
0.000000
-0.000000
0.000000
-0.000000
-0.000000
-0.000000
0.000000
0.000000
-0.000000
-0.000000
-0.000000
0.000000
-0.000000
0.000000
-0.000000
-0.000000
-0.000000
-0.000000
0.000000
-0.000000
0.000000
-0.000000
-0.000000
0.000000
0.000000
0.000000
-0.000000
0.000000
0.000000
-0.000000
0.000000
0.000000
-0.000000
0.000000
-0.000000
-0.000000
-0.000000
0.000000
-0.000000
0.000000
-0.000000
-0.000000
-0.000000
0.000000
-0.000000
-0.000000
-0.000000
0.000000
0.000000
0.000000
-0.000000
-0.000000
0.000000
-0.000000
-0.000000
-0.000000
0.000000
-0.000000
-0.000000
-0.000000
-0.000000
-0.000000
0.000000
0.000000
0.000000
0.000000
0.000000
-0.000000
-0.000000
0.000000
-0.000000
-0.000000
-0.000000
-0.000000
-0.000000
-0.000000
-0.000000
0.000000
0.000000
0.000000
0.000000
-0.000000
-0.000000
-0.000000
-0.000000
-0.000000
0.000000
0.000000
-0.000000
0.000000
-0.000000
-0.000000
-0.000000
-0.000000
-0.000000
-0.000000
-0.000000
0.000000
-0.000000
-0.000000
-0.000000
0.000000
-0.000000
-0.000000
0.000000
0.000000
-0.000000
0.000000
-0.000000
-0.000000
0.000000
0.000000
0.000000
0.000000
0.000000
-0.000000
0.000000
-0.000000
0.000000
-0.000000
-0.000000
-0.000000
0.000000
0.000000
-0.000000
0.000000
0.000000
0.000000
0.000000
0.000000
0.000000
-0.000000
0.000000
-0.000000
-0.000000
-0.000000
0.000000
-0.000000
-0.000000
-0.000000
-0.000000
-0.000000
-0.000000
-0.000000
0.000000
-0.000000
0.000000
-0.000000
-0.000000
-0.000000
0.000000
-0.000000
0.000000
0.000000
-0.000000
-0.000000
0.000000
-0.000000
-0.000000
-0.000000
-0.000000
-0.000000
0.000000
0.000000
0.000000
0.000000
-0.000000
-0.000000
0.000000
-0.000000
-0.000000
0.000000
-0.000000
-0.000000
0.000000
0.000000
0.000000
0.000000
-0.000000
-0.000000
0.000000
-0.000000
-0.000000
0.000000
-0.000000
-0.000000
-0.000000
0.000000
0.000000
0.000000
-0.000000
-0.000000
0.000000
-0.000000
0.000000
-0.000000
-0.000000
-0.000000
0.000000
0.000000
-0.000000
-0.000000
-0.000000
0.000000
-0.000000
0.000000
-0.000000
-0.000000
-0.000000
-0.000000
0.000000
-0.000000
0.000000
-0.000000
-0.000000
0.000000
0.000000
0.000000
-0.000000
0.000000
0.000000
-0.000000
0.000000
0.000000
-0.000000
0.000000
-0.000000
-0.000000
-0.000000
0.000000
-0.000000
0.000000
-0.000000
-0.000000
-0.000000
0.000000
-0.000000
-0.000000
-0.000000
0.000000
0.000000
0.000000
-0.000000
-0.000000
0.000000
-0.000000
-0.000000
-0.000000
0.000000
-0.000000
-0.000000
-0.000000
-0.000000
-0.000000
0.000000
0.000000
0.000000
0.000000
0.000000
-0.000000
-0.000000
0.000000
-0.000000
-0.000000
-0.000000
-0.000000
-0.000000
-0.000000
-0.000000
0.000000
0.000000
0.000000
0.000000
-0.000000
-0.000000
-0.000000
-0.000000
-0.000000
0.000000
0.000000
-0.000000
0.000000
-0.000000
-0.000000
-0.000000
-0.000000
-0.000000
-0.000000
-0.000000
0.000000
-0.000000
-0.000000
-0.000000
0.000000
-0.000000
-0.000000
0.000000
0.000000
-0.000000
0.000000
-0.000000
-0.000000
0.000000
0.000000
0.000000
0.000000
0.000000
-0.000000
0.000000
-0.000000
0.000000
-0.000000
-0.000000
-0.000000
0.000000
0.000000
-0.000000
0.000000
0.000000
0.000000
0.000000
0.000000
0.000000
-0.000000
0.000000
-0.000000
-0.000000
-0.000000
0.000000
-0.000000
-0.000000
-0.000000
-0.000000
-0.000000
-0.000000
-0.000000
0.000000
-0.000000
0.000000
-0.000000
-0.000000
-0.000000
0.000000
-0.000000
0.000000
0.000000
-0.000000
-0.000000
0.000000
-0.000000
-0.000000
-0.000000
-0.000000
-0.000000
0.000000
0.000000
0.000000
0.000000
-0.000000
-0.000000
0.000000
-0.000000
-0.000000
0.000000
-0.000000
-0.000000
0.000000
0.000000
0.000000
0.000000
-0.000000
-0.000000
0.000000
-0.000000
-0.000000
0.000000
-0.000000
-0.000000
-0.000000
0.000000
0.000000
0.000000
-0.000000
-0.000000
0.000000
-0.000000
0.000000
-0.000000
-0.000000
-0.000000
0.000000
0.000000
-0.000000
-0.000000
-0.000000
0.000000
-0.000000
0.000000
-0.000000
-0.000000
-0.000000
-0.000000
0.000000
-0.000000
0.000000
-0.000000
-0.000000
0.000000
0.000000
0.000000
-0.000000
0.000000
0.000000
-0.000000
0.000000
0.000000
-0.000000
0.000000
-0.000000
-0.000000
-0.000000
0.000000
-0.000000
0.000000
-0.000000
-0.000000
-0.000000
0.000000
-0.000000
-0.000000
-0.000000
0.000000
0.000000
0.000000
-0.000000
-0.000000
0.000000
-0.000000
-0.000000
-0.000000
0.000000
-0.000000
-0.000000
-0.000000
-0.000000
-0.000000
0.000000
0.000000
0.000000
0.000000
0.000000
-0.000000
-0.000000
0.000000
-0.000000
-0.000000
-0.000000
-0.000000
-0.000000
-0.000000
-0.000000
0.000000
0.000000
0.000000
0.000000
-0.000000
-0.000000
-0.000000
-0.000000
-0.000000
0.000000
0.000000
-0.000000
0.000000
-0.000000
-0.000000
-0.000000
-0.000000
-0.000000
-0.000000
-0.000000
0.000000
-0.000000
-0.000000
-0.000000
0.000000
-0.000000
-0.000000
0.000000
0.000000
-0.000000
0.000000
-0.000000
-0.000000
0.000000
0.000000
0.000000
0.000000
0.000000
-0.000000
0.000000
-0.000000
0.000000
-0.000000
-0.000000
-0.000000
0.000000
0.000000
-0.000000
0.000000
0.000000
0.000000
0.000000
0.000000
0.000000
-0.000000
0.000000
-0.000000
-0.000000
-0.000000
0.000000
-0.000000
-0.000000
-0.000000
-0.000000
-0.000000
-0.000000
-0.000000
0.000000
-0.000000
0.000000
-0.000000
-0.000000
-0.000000
0.000000
-0.000000
0.000000
0.000000
-0.000000
-0.000000
0.000000
-0.000000
-0.000000
-0.000000
-0.000000
-0.000000
0.000000
0.000000
0.000000
0.000000
-0.000000
-0.000000
0.000000
-0.000000
-0.000000
0.000000
-0.000000
-0.000000
0.000000
0.000000
0.000000
0.000000
-0.000000
-0.000000
0.000000
-0.000000
-0.000000
0.000000
-0.000000
-0.000000
-0.000000
0.000000
0.000000
0.000000
-0.000000
-0.000000
0.000000
-0.000000
0.000000
-0.000000
-0.000000
-0.000000
0.000000
0.000000
-0.000000
-0.000000
-0.000000
0.000000
-0.000000
0.000000
-0.000000
-0.000000
-0.000000
-0.000000
0.000000
-0.000000
0.000000
-0.000000
-0.000000
0.000000
0.000000
0.000000
-0.000000
0.000000
0.000000
-0.000000
0.000000
0.000000
-0.000000
0.000000
-0.000000
-0.000000
-0.000000
0.000000
-0.000000
0.000000
-0.000000
-0.000000
-0.000000
0.000000
-0.000000
-0.000000
-0.000000
0.000000
0.000000
0.000000
-0.000000
-0.000000
0.000000
-0.000000
-0.000000
-0.000000
0.000000
-0.000000
-0.000000
-0.000000
-0.000000
-0.000000
0.000000
0.000000
0.000000
0.000000
0.000000
-0.000000
-0.000000
0.000000
-0.000000
-0.000000
-0.000000
-0.000000
-0.000000
-0.000000
-0.000000
0.000000
0.000000
0.000000
0.000000
-0.000000
-0.000000
-0.000000
-0.000000
-0.000000
0.000000
0.000000
-0.000000
0.000000
-0.000000
-0.000000
-0.000000
-0.000000
-0.000000
-0.000000
-0.000000
0.000000
-0.000000
-0.000000
-0.000000
0.000000
-0.000000
-0.000000
0.000000
0.000000
-0.000000
0.000000
-0.000000
-0.000000
0.000000
0.000000
0.000000
0.000000
0.000000
-0.000000
0.000000
-0.000000
0.000000
-0.000000
-0.000000
-0.000000
0.000000
0.000000
-0.000000
0.000000
0.000000
0.000000
0.000000
0.000000
0.000000
-0.000000
0.000000
-0.000000
-0.000000
-0.000000
0.000000
-0.000000
-0.000000
-0.000000
-0.000000
-0.000000
-0.000000
-0.000000
0.000000
-0.000000
0.000000
-0.000000
-0.000000
-0.000000
0.000000
-0.000000
0.000000
0.000000
-0.000000
-0.000000
0.000000
-0.000000
-0.000000
-0.000000
-0.000000
-0.000000
0.000000
0.000000
0.000000
0.000000
-0.000000
-0.000000
0.000000
-0.000000
-0.000000
0.000000
-0.000000
-0.000000
0.000000
0.000000
0.000000
0.000000
-0.000000
-0.000000
0.000000
-0.000000
-0.000000
0.000000
-0.000000
-0.000000
-0.000000
0.000000
0.000000
0.000000
-0.000000
-0.000000
0.000000
-0.000000
0.000000
-0.000000
-0.000000
-0.000000
0.000000
0.000000
-0.000000
-0.000000
-0.000000
0.000000
-0.000000
0.000000
-0.000000
-0.000000
-0.000000
-0.000000
0.000000
-0.000000
0.000000
-0.000000
-0.000000
0.000000
0.000000
0.000000
-0.000000
0.000000
0.000000
-0.000000
0.000000
0.000000
-0.000000
0.000000
-0.000000
-0.000000
-0.000000
0.000000
-0.000000
0.000000
-0.000000
-0.000000
-0.000000
0.000000
-0.000000
-0.000000
-0.000000
0.000000
0.000000
0.000000
-0.000000
-0.000000
0.000000
-0.000000
-0.000000
-0.000000
0.000000
-0.000000
-0.000000
-0.000000
-0.000000
-0.000000
0.000000
0.000000
0.000000
0.000000
0.000000
-0.000000
-0.000000
0.000000
-0.000000
-0.000000
-0.000000
-0.000000
-0.000000
-0.000000
-0.000000
0.000000
0.000000
0.000000
0.000000
-0.000000
-0.000000
-0.000000
-0.000000
-0.000000
0.000000
0.000000
-0.000000
0.000000
-0.000000
-0.000000
-0.000000
-0.000000
-0.000000
-0.000000
-0.000000
0.000000
-0.000000
-0.000000
-0.000000
0.000000
-0.000000
-0.000000
0.000000
0.000000
-0.000000
0.000000
-0.000000
-0.000000
0.000000
0.000000
0.000000
0.000000
0.000000
-0.000000
0.000000
-0.000000
0.000000
-0.000000
-0.000000
-0.000000
0.000000
0.000000
-0.000000
0.000000
0.000000
0.000000
0.000000
0.000000
0.000000
-0.000000
0.000000
-0.000000
-0.000000
-0.000000
0.000000
-0.000000
-0.000000
-0.000000
-0.000000
-0.000000
-0.000000
-0.000000
0.000000
-0.000000
0.000000
-0.000000
-0.000000
-0.000000
0.000000
-0.000000
0.000000
0.000000
-0.000000
-0.000000
0.000000
-0.000000
-0.000000
-0.000000
-0.000000
-0.000000
0.000000
0.000000
0.000000
0.000000
-0.000000
-0.000000
0.000000
-0.000000
-0.000000
0.000000
-0.000000
-0.000000
0.000000
0.000000
0.000000
0.000000
-0.000000
-0.000000
0.000000
-0.000000
-0.000000
0.000000
-0.000000
-0.000000
-0.000000
0.000000
0.000000
0.000000
-0.000000
-0.000000
0.000000
-0.000000
0.000000
-0.000000
-0.000000
-0.000000
0.000000
0.000000
-0.000000
-0.000000
-0.000000
0.000000
-0.000000
0.000000
-0.000000
-0.000000
-0.000000
-0.000000
0.000000
-0.000000
0.000000
-0.000000
-0.000000
0.000000
0.000000
0.000000
-0.000000
0.000000
0.000000
-0.000000
0.000000
0.000000
-0.000000
0.000000
-0.000000
-0.000000
-0.000000
0.000000
-0.000000
0.000000
-0.000000
-0.000000
-0.000000
0.000000
-0.000000
-0.000000
-0.000000
0.000000
0.000000
0.000000
-0.000000
-0.000000
0.000000
-0.000000
-0.000000
-0.000000
0.000000
-0.000000
-0.000000
-0.000000
-0.000000
-0.000000
0.000000
0.000000
0.000000
0.000000
0.000000
-0.000000
-0.000000
0.000000
-0.000000
-0.000000
-0.000000
-0.000000
-0.000000
-0.000000
-0.000000
0.000000
0.000000
0.000000
0.000000
-0.000000
-0.000000
-0.000000
-0.000000
-0.000000
0.000000
0.000000
-0.000000
0.000000
-0.000000
-0.000000
-0.000000
-0.000000
-0.000000
-0.000000
-0.000000
0.000000
-0.000000
-0.000000
-0.000000
0.000000
-0.000000
-0.000000
0.000000
0.000000
-0.000000
0.000000
-0.000000
-0.000000
0.000000
0.000000
0.000000
0.000000
0.000000
-0.000000
0.000000
-0.000000
0.000000
-0.000000
-0.000000
-0.000000
0.000000
0.000000
-0.000000
0.000000
0.000000
0.000000
0.000000
0.000000
0.000000
-0.000000
0.000000
-0.000000
-0.000000
-0.000000
0.000000
-0.000000
-0.000000
-0.000000
-0.000000
-0.000000
-0.000000
-0.000000
0.000000
-0.000000
0.000000
-0.000000
-0.000000
-0.000000
0.000000
-0.000000
0.000000
0.000000
-0.000000
-0.000000
0.000000
-0.000000
-0.000000
-0.000000
-0.000000
-0.000000
0.000000
0.000000
0.000000
0.000000
-0.000000
-0.000000
0.000000
-0.000000
-0.000000
0.000000
-0.000000
-0.000000
0.000000
0.000000
0.000000
0.000000
-0.000000
-0.000000
0.000000
-0.000000
-0.000000
0.000000
-0.000000
-0.000000
-0.000000
0.000000
0.000000
0.000000
-0.000000
-0.000000
0.000000
-0.000000
0.000000
-0.000000
-0.000000
-0.000000
0.000000
0.000000
-0.000000
-0.000000
-0.000000
0.000000
-0.000000
0.000000
-0.000000
-0.000000
-0.000000
-0.000000
0.000000
-0.000000
0.000000
-0.000000
-0.000000
0.000000
0.000000
0.000000
-0.000000
0.000000
0.000000
-0.000000
0.000000
0.000000
-0.000000
0.000000
-0.000000
-0.000000
-0.000000
0.000000
-0.000000
0.000000
-0.000000
-0.000000
-0.000000
0.000000
-0.000000
-0.000000
-0.000000
0.000000
0.000000
0.000000
-0.000000
-0.000000
0.000000
-0.000000
-0.000000
-0.000000
0.000000
-0.000000
-0.000000
-0.000000
-0.000000
-0.000000
0.000000
0.000000
0.000000
0.000000
0.000000
-0.000000
-0.000000
0.000000
-0.000000
-0.000000
-0.000000
-0.000000
-0.000000
-0.000000
-0.000000
0.000000
0.000000
0.000000
0.000000
-0.000000
-0.000000
-0.000000
-0.000000
-0.000000
0.000000
0.000000
-0.000000
0.000000
-0.000000
-0.000000
-0.000000
-0.000000
-0.000000
-0.000000
-0.000000
0.000000
-0.000000
-0.000000
-0.000000
0.000000
-0.000000
-0.000000
0.000000
0.000000
-0.000000
0.000000
-0.000000
-0.000000
0.000000
0.000000
0.000000
0.000000
0.000000
-0.000000
0.000000
-0.000000
0.000000
-0.000000
-0.000000
-0.000000
0.000000
0.000000
-0.000000
0.000000
0.000000
0.000000
0.000000
0.000000
0.000000
-0.000000
0.000000
-0.000000
-0.000000
-0.000000
0.000000
-0.000000
-0.000000
-0.000000
-0.000000
-0.000000
-0.000000
-0.000000
0.000000
-0.000000
0.000000
-0.000000
-0.000000
-0.000000
0.000000
-0.000000
0.000000
0.000000
-0.000000
-0.000000
0.000000
-0.000000
-0.000000
-0.000000
-0.000000
-0.000000
0.000000
0.000000
0.000000
0.000000
-0.000000
-0.000000
0.000000
-0.000000
-0.000000
0.000000
-0.000000
-0.000000
0.000000
0.000000
0.000000
0.000000
-0.000000
-0.000000
0.000000
-0.000000
-0.000000
0.000000
-0.000000
-0.000000
-0.000000
0.000000
0.000000
0.000000
-0.000000
-0.000000
0.000000
-0.000000
0.000000
-0.000000
-0.000000
-0.000000
0.000000
0.000000
-0.000000
-0.000000
-0.000000
0.000000
-0.000000
0.000000
-0.000000
-0.000000
-0.000000
-0.000000
0.000000
-0.000000
0.000000
-0.000000
-0.000000
0.000000
0.000000
0.000000
-0.000000
0.000000
0.000000
-0.000000
0.000000
0.000000
-0.000000
0.000000
-0.000000
-0.000000
-0.000000
0.000000
-0.000000
0.000000
-0.000000
-0.000000
-0.000000
0.000000
-0.000000
-0.000000
-0.000000
0.000000
0.000000
0.000000
-0.000000
-0.000000
0.000000
-0.000000
-0.000000
-0.000000
0.000000
-0.000000
-0.000000
-0.000000
-0.000000
-0.000000
0.000000
0.000000
0.000000
0.000000
0.000000
-0.000000
-0.000000
0.000000
-0.000000
-0.000000
-0.000000
-0.000000
-0.000000
-0.000000
-0.000000
0.000000
0.000000
0.000000
0.000000
-0.000000
-0.000000
-0.000000
-0.000000
-0.000000
0.000000
0.000000
-0.000000
0.000000
-0.000000
-0.000000
-0.000000
-0.000000
-0.000000
-0.000000
-0.000000
0.000000
-0.000000
-0.000000
-0.000000
0.000000
-0.000000
-0.000000
0.000000
0.000000
-0.000000
0.000000
-0.000000
-0.000000
0.000000
0.000000
0.000000
0.000000
0.000000
-0.000000
0.000000
-0.000000
0.000000
-0.000000
-0.000000
-0.000000
0.000000
0.000000
-0.000000
0.000000
0.000000
0.000000
0.000000
0.000000
0.000000
-0.000000
0.000000
-0.000000
-0.000000
-0.000000
0.000000
-0.000000
-0.000000
-0.000000
-0.000000
-0.000000
-0.000000
-0.000000
0.000000
-0.000000
0.000000
-0.000000
-0.000000
-0.000000
0.000000
-0.000000
0.000000
0.000000
-0.000000
-0.000000
0.000000
-0.000000
-0.000000
-0.000000
-0.000000
-0.000000
0.000000
0.000000
0.000000
0.000000
-0.000000
-0.000000
0.000000
-0.000000
-0.000000
0.000000
-0.000000
-0.000000
0.000000
0.000000
0.000000
0.000000
-0.000000
-0.000000
0.000000
-0.000000
-0.000000
0.000000
-0.000000
-0.000000
-0.000000
0.000000
0.000000
0.000000
-0.000000
-0.000000
0.000000
-0.000000
0.000000
-0.000000
-0.000000
-0.000000
0.000000
0.000000
-0.000000
-0.000000
-0.000000
0.000000
-0.000000
0.000000
-0.000000
-0.000000
-0.000000
-0.000000
0.000000
-0.000000
0.000000
-0.000000
-0.000000
0.000000
0.000000
0.000000
-0.000000
0.000000
0.000000
-0.000000
0.000000
0.000000
-0.000000
0.000000
-0.000000
-0.000000
-0.000000
0.000000
-0.000000
0.000000
-0.000000
-0.000000
-0.000000
0.000000
-0.000000
-0.000000
-0.000000
0.000000
0.000000
0.000000
-0.000000
-0.000000
0.000000
-0.000000
-0.000000
-0.000000
0.000000
-0.000000
-0.000000
-0.000000
-0.000000
-0.000000
0.000000
0.000000
0.000000
0.000000
0.000000
-0.000000
-0.000000
0.000000
-0.000000
-0.000000
-0.000000
-0.000000
-0.000000
-0.000000
-0.000000
0.000000
0.000000
0.000000
0.000000
-0.000000
-0.000000
-0.000000
-0.000000
-0.000000
0.000000
0.000000
-0.000000
0.000000
-0.000000
-0.000000
-0.000000
-0.000000
-0.000000
-0.000000
-0.000000
0.000000
-0.000000
-0.000000
-0.000000
0.000000
-0.000000
-0.000000
0.000000
0.000000
-0.000000
0.000000
-0.000000
-0.000000
0.000000
0.000000
0.000000
0.000000
0.000000
-0.000000
0.000000
-0.000000
0.000000
-0.000000
-0.000000
-0.000000
0.000000
0.000000
-0.000000
0.000000
0.000000
0.000000
0.000000
0.000000
0.000000
-0.000000
0.000000
-0.000000
-0.000000
-0.000000
0.000000
-0.000000
-0.000000
-0.000000
-0.000000
-0.000000
-0.000000
-0.000000
0.000000
-0.000000
0.000000
-0.000000
-0.000000
-0.000000
0.000000
-0.000000
0.000000
0.000000
-0.000000
-0.000000
0.000000
-0.000000
-0.000000
-0.000000
-0.000000
-0.000000
0.000000
0.000000
0.000000
0.000000
-0.000000
-0.000000
0.000000
-0.000000
-0.000000
0.000000
-0.000000
-0.000000
0.000000
0.000000
0.000000
0.000000
-0.000000
-0.000000
0.000000
-0.000000
-0.000000
0.000000
-0.000000
-0.000000
-0.000000
0.000000
0.000000
0.000000
-0.000000
-0.000000
0.000000
-0.000000
0.000000
-0.000000
-0.000000
-0.000000
0.000000
0.000000
-0.000000
-0.000000
-0.000000
0.000000
-0.000000
0.000000
-0.000000
-0.000000
-0.000000
-0.000000
0.000000
-0.000000
0.000000
-0.000000
-0.000000
0.000000
0.000000
0.000000
-0.000000
0.000000
0.000000
-0.000000
0.000000
0.000000
-0.000000
0.000000
-0.000000
-0.000000
-0.000000
0.000000
-0.000000
0.000000
-0.000000
-0.000000
-0.000000
0.000000
-0.000000
-0.000000
-0.000000
0.000000
0.000000
0.000000
-0.000000
-0.000000
0.000000
-0.000000
-0.000000
-0.000000
0.000000
-0.000000
-0.000000
-0.000000
-0.000000
-0.000000
0.000000
0.000000
0.000000
0.000000
0.000000
-0.000000
-0.000000
0.000000
-0.000000
-0.000000
-0.000000
-0.000000
-0.000000
-0.000000
-0.000000
0.000000
0.000000
0.000000
0.000000
-0.000000
-0.000000
-0.000000
-0.000000
-0.000000
0.000000
0.000000
-0.000000
0.000000
-0.000000
-0.000000
-0.000000
-0.000000
-0.000000
-0.000000
-0.000000
0.000000
-0.000000
-0.000000
-0.000000
0.000000
-0.000000
-0.000000
0.000000
0.000000
-0.000000
0.000000
-0.000000
-0.000000
0.000000
0.000000
0.000000
0.000000
0.000000
-0.000000
0.000000
-0.000000
0.000000
-0.000000
-0.000000
-0.000000
0.000000
0.000000
-0.000000
0.000000
0.000000
0.000000
0.000000
0.000000
0.000000
-0.000000
0.000000
-0.000000
-0.000000
-0.000000
0.000000
-0.000000
-0.000000
-0.000000
-0.000000
-0.000000
-0.000000
-0.000000
0.000000
-0.000000
0.000000
-0.000000
-0.000000
-0.000000
0.000000
-0.000000
0.000000
0.000000
-0.000000
-0.000000
0.000000
-0.000000
-0.000000
-0.000000
-0.000000
-0.000000
0.000000
0.000000
0.000000
0.000000
-0.000000
-0.000000
0.000000
-0.000000
-0.000000
0.000000
-0.000000
-0.000000
0.000000
0.000000
0.000000
0.000000
-0.000000
-0.000000
0.000000
-0.000000
-0.000000
0.000000
-0.000000
-0.000000
-0.000000
0.000000
0.000000
0.000000
-0.000000
-0.000000
0.000000
-0.000000
0.000000
-0.000000
-0.000000
-0.000000
0.000000
0.000000
-0.000000
-0.000000
-0.000000
0.000000
-0.000000
0.000000
-0.000000
-0.000000
-0.000000
-0.000000
0.000000
-0.000000
0.000000
-0.000000
-0.000000
0.000000
0.000000
0.000000
-0.000000
0.000000
0.000000
-0.000000
0.000000
0.000000
-0.000000
0.000000
-0.000000
-0.000000
-0.000000
0.000000
-0.000000
0.000000
-0.000000
-0.000000
-0.000000
0.000000
-0.000000
-0.000000
-0.000000
0.000000
0.000000
0.000000
-0.000000
-0.000000
0.000000
-0.000000
-0.000000
-0.000000
0.000000
-0.000000
-0.000000
-0.000000
-0.000000
-0.000000
0.000000
0.000000
0.000000
0.000000
0.000000
-0.000000
-0.000000
0.000000
-0.000000
-0.000000
-0.000000
-0.000000
-0.000000
-0.000000
-0.000000
0.000000
0.000000
0.000000
0.000000
-0.000000
-0.000000
-0.000000
-0.000000
-0.000000
0.000000
0.000000
-0.000000
0.000000
-0.000000
-0.000000
-0.000000
-0.000000
-0.000000
-0.000000
-0.000000
0.000000
-0.000000
-0.000000
-0.000000
0.000000
-0.000000
-0.000000
0.000000
0.000000
-0.000000
0.000000
-0.000000
-0.000000
0.000000
0.000000
0.000000
0.000000
0.000000
-0.000000
0.000000
-0.000000
0.000000
-0.000000
-0.000000
-0.000000
0.000000
0.000000
-0.000000
0.000000
0.000000
0.000000
0.000000
0.000000
0.000000
-0.000000
0.000000
-0.000000
-0.000000
-0.000000
0.000000
-0.000000
-0.000000
-0.000000
-0.000000
-0.000000
-0.000000
-0.000000
0.000000
-0.000000
0.000000
-0.000000
-0.000000
-0.000000
0.000000
-0.000000
0.000000
0.000000
-0.000000
-0.000000
0.000000
-0.000000
-0.000000
-0.000000
-0.000000
-0.000000
0.000000
0.000000
0.000000
0.000000
-0.000000
-0.000000
0.000000
-0.000000
-0.000000
0.000000
-0.000000
-0.000000
0.000000
0.000000
0.000000
0.000000
-0.000000
-0.000000
0.000000
-0.000000
-0.000000
0.000000
-0.000000
-0.000000
-0.000000
0.000000
0.000000
0.000000
-0.000000
-0.000000
0.000000
-0.000000
0.000000
-0.000000
-0.000000
-0.000000
0.000000
0.000000
-0.000000
-0.000000
-0.000000
0.000000
-0.000000
0.000000
-0.000000
-0.000000
-0.000000
-0.000000
0.000000
-0.000000
0.000000
-0.000000
-0.000000
0.000000
0.000000
0.000000
-0.000000
0.000000
0.000000
-0.000000
0.000000
0.000000
-0.000000
0.000000
-0.000000
-0.000000
-0.000000
0.000000
-0.000000
0.000000
-0.000000
-0.000000
-0.000000
0.000000
-0.000000
-0.000000
-0.000000
0.000000
0.000000
0.000000
-0.000000
-0.000000
0.000000
-0.000000
-0.000000
-0.000000
0.000000
-0.000000
-0.000000
-0.000000
-0.000000
-0.000000
0.000000
0.000000
0.000000
0.000000
0.000000
-0.000000
-0.000000
0.000000
-0.000000
-0.000000
-0.000000
-0.000000
-0.000000
-0.000000
-0.000000
0.000000
0.000000
0.000000
0.000000
-0.000000
-0.000000
-0.000000
-0.000000
-0.000000
0.000000
0.000000
-0.000000
0.000000
-0.000000
-0.000000
-0.000000
-0.000000
-0.000000
-0.000000
-0.000000
0.000000
-0.000000
-0.000000
-0.000000
0.000000
-0.000000
-0.000000
0.000000
0.000000
-0.000000
0.000000
-0.000000
-0.000000
0.000000
0.000000
0.000000
0.000000
0.000000
-0.000000
0.000000
-0.000000
0.000000
-0.000000
-0.000000
-0.000000
0.000000
0.000000
-0.000000
0.000000
0.000000
0.000000
0.000000
0.000000
0.000000
-0.000000
0.000000
-0.000000
-0.000000
-0.000000
0.000000
-0.000000
-0.000000
-0.000000
-0.000000
-0.000000
-0.000000
-0.000000
0.000000
-0.000000
0.000000
-0.000000
-0.000000
-0.000000
0.000000
-0.000000
0.000000
0.000000
-0.000000
-0.000000
0.000000
-0.000000
-0.000000
-0.000000
-0.000000
-0.000000
0.000000
0.000000
0.000000
0.000000
-0.000000
-0.000000
0.000000
-0.000000
-0.000000
0.000000
-0.000000
-0.000000
0.000000
0.000000
0.000000
0.000000
-0.000000
-0.000000
0.000000
-0.000000
-0.000000
0.000000
-0.000000
-0.000000
-0.000000
0.000000
0.000000
0.000000
-0.000000
-0.000000
0.000000
-0.000000
0.000000
-0.000000
-0.000000
-0.000000
0.000000
0.000000
-0.000000
-0.000000
-0.000000
0.000000
-0.000000
0.000000
-0.000000
-0.000000
-0.000000
-0.000000
0.000000
-0.000000
0.000000
-0.000000
-0.000000
0.000000
0.000000
0.000000
-0.000000
0.000000
0.000000
-0.000000
0.000000
0.000000
-0.000000
0.000000
-0.000000
-0.000000
-0.000000
0.000000
-0.000000
0.000000
-0.000000
-0.000000
-0.000000
0.000000
-0.000000
-0.000000
-0.000000
0.000000
0.000000
0.000000
-0.000000
-0.000000
0.000000
-0.000000
-0.000000
-0.000000
0.000000
-0.000000
-0.000000
-0.000000
-0.000000
-0.000000
0.000000
0.000000
0.000000
0.000000
0.000000
-0.000000
-0.000000
0.000000
-0.000000
-0.000000
-0.000000
-0.000000
-0.000000
-0.000000
-0.000000
0.000000
0.000000
0.000000
0.000000
-0.000000
-0.000000
-0.000000
-0.000000
-0.000000
0.000000
0.000000
-0.000000
0.000000
-0.000000
-0.000000
-0.000000
-0.000000
-0.000000
-0.000000
-0.000000
0.000000
-0.000000
-0.000000
-0.000000
0.000000
-0.000000
-0.000000
0.000000
0.000000
-0.000000
0.000000
-0.000000
-0.000000
0.000000
0.000000
0.000000
0.000000
0.000000
-0.000000
0.000000
-0.000000
0.000000
-0.000000
-0.000000
-0.000000
0.000000
0.000000
-0.000000
0.000000
0.000000
0.000000
0.000000
0.000000
0.000000
-0.000000
0.000000
-0.000000
-0.000000
-0.000000
0.000000
-0.000000
-0.000000
-0.000000
-0.000000
-0.000000
-0.000000
-0.000000
0.000000
-0.000000
0.000000
-0.000000
-0.000000
-0.000000
0.000000
-0.000000
0.000000
0.000000
-0.000000
-0.000000
0.000000
-0.000000
-0.000000
-0.000000
-0.000000
-0.000000
0.000000
0.000000
0.000000
0.000000
-0.000000
-0.000000
0.000000
-0.000000
-0.000000
0.000000
-0.000000
-0.000000
0.000000
0.000000
0.000000
0.000000
-0.000000
-0.000000
0.000000
-0.000000
-0.000000
0.000000
-0.000000
-0.000000
-0.000000
0.000000
0.000000
0.000000
-0.000000
-0.000000
0.000000
-0.000000
0.000000
-0.000000
-0.000000
-0.000000
0.000000
0.000000
-0.000000
-0.000000
-0.000000
0.000000
-0.000000
0.000000
-0.000000
-0.000000
-0.000000
-0.000000
0.000000
-0.000000
0.000000
-0.000000
-0.000000
0.000000
0.000000
0.000000
-0.000000
0.000000
0.000000
-0.000000
0.000000
0.000000
-0.000000
0.000000
-0.000000
-0.000000
-0.000000
0.000000
-0.000000
0.000000
-0.000000
-0.000000
-0.000000
0.000000
-0.000000
-0.000000
-0.000000
0.000000
0.000000
0.000000
-0.000000
-0.000000
0.000000
-0.000000
-0.000000
-0.000000
0.000000
-0.000000
-0.000000
-0.000000
-0.000000
-0.000000
0.000000
0.000000
0.000000
0.000000
0.000000
-0.000000
-0.000000
0.000000
-0.000000
-0.000000
-0.000000
-0.000000
-0.000000
-0.000000
-0.000000
0.000000
0.000000
0.000000
0.000000
-0.000000
-0.000000
-0.000000
-0.000000
-0.000000
0.000000
0.000000
-0.000000
0.000000
-0.000000
-0.000000
-0.000000
-0.000000
-0.000000
-0.000000
-0.000000
0.000000
-0.000000
-0.000000
-0.000000
0.000000
-0.000000
-0.000000
0.000000
0.000000
-0.000000
0.000000
-0.000000
-0.000000
0.000000
0.000000
0.000000
0.000000
0.000000
-0.000000
0.000000
-0.000000
0.000000
-0.000000
-0.000000
-0.000000
0.000000
0.000000
-0.000000
0.000000
0.000000
0.000000
0.000000
0.000000
0.000000
-0.000000
0.000000
-0.000000
-0.000000
-0.000000
0.000000
-0.000000
-0.000000
-0.000000
-0.000000
-0.000000
-0.000000
-0.000000
0.000000
-0.000000
0.000000
-0.000000
-0.000000
-0.000000
0.000000
-0.000000
0.000000
0.000000
-0.000000
-0.000000
0.000000
-0.000000
-0.000000
-0.000000
-0.000000
-0.000000
0.000000
0.000000
0.000000
0.000000
-0.000000
-0.000000
0.000000
-0.000000
-0.000000
0.000000
-0.000000
-0.000000
0.000000
0.000000
0.000000
0.000000
-0.000000
-0.000000
0.000000
-0.000000
-0.000000
0.000000
-0.000000
-0.000000
-0.000000
0.000000
0.000000
0.000000
-0.000000
-0.000000
0.000000
-0.000000
0.000000
-0.000000
-0.000000
-0.000000
0.000000
0.000000
-0.000000
-0.000000
-0.000000
0.000000
-0.000000
0.000000
-0.000000
-0.000000
-0.000000
-0.000000
0.000000
-0.000000
0.000000
-0.000000
-0.000000
0.000000
0.000000
0.000000
-0.000000
0.000000
0.000000
-0.000000
0.000000
0.000000
-0.000000
0.000000
-0.000000
-0.000000
-0.000000
0.000000
-0.000000
0.000000
-0.000000
-0.000000
-0.000000
0.000000
-0.000000
-0.000000
-0.000000
0.000000
0.000000
0.000000
-0.000000
-0.000000
0.000000
-0.000000
-0.000000
-0.000000
0.000000
-0.000000
-0.000000
-0.000000
-0.000000
-0.000000
0.000000
0.000000
0.000000
0.000000
0.000000
-0.000000
-0.000000
0.000000
-0.000000
-0.000000
-0.000000
-0.000000
-0.000000
-0.000000
-0.000000
0.000000
0.000000
0.000000
0.000000
-0.000000
-0.000000
-0.000000
-0.000000
-0.000000
0.000000
0.000000
-0.000000
0.000000
-0.000000
-0.000000
-0.000000
-0.000000
-0.000000
-0.000000
-0.000000
0.000000
-0.000000
-0.000000
-0.000000
0.000000
-0.000000
-0.000000
0.000000
0.000000
-0.000000
0.000000
-0.000000
-0.000000
0.000000
0.000000
0.000000
0.000000
0.000000
-0.000000
0.000000
-0.000000
0.000000
-0.000000
-0.000000
-0.000000
0.000000
0.000000
-0.000000
0.000000
0.000000
0.000000
0.000000
0.000000
0.000000
-0.000000
0.000000
-0.000000
-0.000000
-0.000000
0.000000
-0.000000
-0.000000
-0.000000
-0.000000
-0.000000
-0.000000
-0.000000
0.000000
-0.000000
0.000000
-0.000000
-0.000000
-0.000000
0.000000
-0.000000
0.000000
0.000000
-0.000000
-0.000000
0.000000
-0.000000
-0.000000
-0.000000
-0.000000
-0.000000
0.000000
0.000000
0.000000
0.000000
-0.000000
-0.000000
0.000000
-0.000000
-0.000000
0.000000
-0.000000
-0.000000
0.000000
0.000000
0.000000
0.000000
-0.000000
-0.000000
0.000000
-0.000000
-0.000000
0.000000
-0.000000
-0.000000
-0.000000
0.000000
0.000000
0.000000
-0.000000
-0.000000
0.000000
-0.000000
0.000000
-0.000000
-0.000000
-0.000000
0.000000
0.000000
-0.000000
-0.000000
-0.000000
0.000000
-0.000000
0.000000
-0.000000
-0.000000
-0.000000
-0.000000
0.000000
-0.000000
0.000000
-0.000000
-0.000000
0.000000
0.000000
0.000000
-0.000000
0.000000
0.000000
-0.000000
0.000000
0.000000
-0.000000
0.000000
-0.000000
-0.000000
-0.000000
0.000000
-0.000000
0.000000
-0.000000
-0.000000
-0.000000
0.000000
-0.000000
-0.000000
-0.000000
0.000000
0.000000
0.000000
-0.000000
-0.000000
0.000000
-0.000000
-0.000000
-0.000000
0.000000
-0.000000
-0.000000
-0.000000
-0.000000
-0.000000
0.000000
0.000000
0.000000
0.000000
0.000000
-0.000000
-0.000000
0.000000
-0.000000
-0.000000
-0.000000
-0.000000
-0.000000
-0.000000
-0.000000
0.000000
0.000000
0.000000
0.000000
-0.000000
-0.000000
-0.000000
-0.000000
-0.000000
0.000000
0.000000
-0.000000
0.000000
-0.000000
-0.000000
-0.000000
-0.000000
-0.000000
-0.000000
-0.000000
0.000000
-0.000000
-0.000000
-0.000000
0.000000
-0.000000
-0.000000
0.000000
0.000000
-0.000000
0.000000
-0.000000
-0.000000
0.000000
0.000000
0.000000
0.000000
0.000000
-0.000000
0.000000
-0.000000
0.000000
-0.000000
-0.000000
-0.000000
0.000000
0.000000
-0.000000
0.000000
0.000000
0.000000
0.000000
0.000000
0.000000
-0.000000
0.000000
-0.000000
-0.000000
-0.000000
0.000000
-0.000000
-0.000000
-0.000000
-0.000000
-0.000000
-0.000000
-0.000000
0.000000
-0.000000
0.000000
-0.000000
-0.000000
-0.000000
0.000000
-0.000000
0.000000
0.000000
-0.000000
-0.000000
0.000000
-0.000000
-0.000000
-0.000000
-0.000000
-0.000000
0.000000
0.000000
0.000000
0.000000
-0.000000
-0.000000
0.000000
-0.000000
-0.000000
0.000000
-0.000000
-0.000000
0.000000
0.000000
0.000000
0.000000
-0.000000
-0.000000
0.000000
-0.000000
-0.000000
0.000000
-0.000000
-0.000000
-0.000000
0.000000
0.000000
0.000000
-0.000000
-0.000000
0.000000
-0.000000
0.000000
-0.000000
-0.000000
-0.000000
0.000000
0.000000
-0.000000
-0.000000
-0.000000
0.000000
-0.000000
0.000000
-0.000000
-0.000000
-0.000000
-0.000000
0.000000
-0.000000
0.000000
-0.000000
-0.000000
0.000000
0.000000
0.000000
-0.000000
0.000000
0.000000
-0.000000
0.000000
0.000000
-0.000000
0.000000
-0.000000
-0.000000
-0.000000
0.000000
-0.000000
0.000000
-0.000000
-0.000000
-0.000000
0.000000
-0.000000
-0.000000
-0.000000
0.000000
0.000000
0.000000
-0.000000
-0.000000
0.000000
-0.000000
-0.000000
-0.000000
0.000000
-0.000000
-0.000000
-0.000000
-0.000000
-0.000000
0.000000
0.000000
0.000000
0.000000
0.000000
-0.000000
-0.000000
0.000000
-0.000000
-0.000000
-0.000000
-0.000000
-0.000000
-0.000000
-0.000000
0.000000
0.000000
0.000000
0.000000
-0.000000
-0.000000
-0.000000
-0.000000
-0.000000
0.000000
0.000000
-0.000000
0.000000
-0.000000
-0.000000
-0.000000
-0.000000
-0.000000
-0.000000
-0.000000
0.000000
-0.000000
-0.000000
-0.000000
0.000000
-0.000000
-0.000000
0.000000
0.000000
-0.000000
0.000000
-0.000000
-0.000000
0.000000
0.000000
0.000000
0.000000
0.000000
-0.000000
0.000000
-0.000000
0.000000
-0.000000
-0.000000
-0.000000
0.000000
0.000000
-0.000000
0.000000
0.000000
0.000000
0.000000
0.000000
0.000000
-0.000000
0.000000
-0.000000
-0.000000
-0.000000
0.000000
-0.000000
-0.000000
-0.000000
-0.000000
-0.000000
-0.000000
-0.000000
0.000000
-0.000000
0.000000
-0.000000
-0.000000
-0.000000
0.000000
-0.000000
0.000000
0.000000
-0.000000
-0.000000
0.000000
-0.000000
-0.000000
-0.000000
-0.000000
-0.000000
0.000000
0.000000
0.000000
0.000000
-0.000000
-0.000000
0.000000
-0.000000
-0.000000
0.000000
-0.000000
-0.000000
0.000000
0.000000
0.000000
0.000000
-0.000000
-0.000000
0.000000
-0.000000
-0.000000
0.000000
-0.000000
-0.000000
-0.000000
0.000000
0.000000
0.000000
-0.000000
-0.000000
0.000000
-0.000000
0.000000
-0.000000
-0.000000
-0.000000
0.000000
0.000000
-0.000000
-0.000000
-0.000000
0.000000
-0.000000
0.000000
-0.000000
-0.000000
-0.000000
-0.000000
0.000000
-0.000000
0.000000
-0.000000
-0.000000
0.000000
0.000000
0.000000
-0.000000
0.000000
0.000000
-0.000000
0.000000
0.000000
-0.000000
0.000000
-0.000000
-0.000000
-0.000000
0.000000
-0.000000
0.000000
-0.000000
-0.000000
-0.000000
0.000000
-0.000000
-0.000000
-0.000000
0.000000
0.000000
0.000000
-0.000000
-0.000000
0.000000
-0.000000
-0.000000
-0.000000
0.000000
-0.000000
-0.000000
-0.000000
-0.000000
-0.000000
0.000000
0.000000
0.000000
0.000000
0.000000
-0.000000
-0.000000
0.000000
-0.000000
-0.000000
-0.000000
-0.000000
-0.000000
-0.000000
-0.000000
0.000000
0.000000
0.000000
0.000000
-0.000000
-0.000000
-0.000000
-0.000000
-0.000000
0.000000
0.000000
-0.000000
0.000000
-0.000000
-0.000000
-0.000000
-0.000000
-0.000000
-0.000000
-0.000000
0.000000
-0.000000
-0.000000
-0.000000
0.000000
-0.000000
-0.000000
0.000000
0.000000
-0.000000
0.000000
-0.000000
-0.000000
0.000000
0.000000
0.000000
0.000000
0.000000
-0.000000
0.000000
-0.000000
0.000000
-0.000000
-0.000000
-0.000000
0.000000
0.000000
-0.000000
0.000000
0.000000
0.000000
0.000000
0.000000
0.000000
-0.000000
0.000000
-0.000000
-0.000000
-0.000000
0.000000
-0.000000
-0.000000
-0.000000
-0.000000
-0.000000
-0.000000
-0.000000
0.000000
-0.000000
0.000000
-0.000000
-0.000000
-0.000000
0.000000
-0.000000
0.000000
0.000000
-0.000000
-0.000000
0.000000
-0.000000
-0.000000
-0.000000
-0.000000
-0.000000
0.000000
0.000000
0.000000
0.000000
-0.000000
-0.000000
0.000000
-0.000000
-0.000000
0.000000
-0.000000
-0.000000
0.000000
0.000000
0.000000
0.000000
-0.000000
-0.000000
0.000000
-0.000000
-0.000000
0.000000
-0.000000
-0.000000
-0.000000
0.000000
0.000000
0.000000
-0.000000
-0.000000
0.000000
-0.000000
0.000000
-0.000000
-0.000000
-0.000000
0.000000
0.000000
-0.000000
-0.000000
-0.000000
0.000000
-0.000000
0.000000
-0.000000
-0.000000
-0.000000
-0.000000
0.000000
-0.000000
0.000000
-0.000000
-0.000000
0.000000
0.000000
0.000000
-0.000000
0.000000
0.000000
-0.000000
0.000000
0.000000
-0.000000
0.000000
-0.000000
-0.000000
-0.000000
0.000000
-0.000000
0.000000
-0.000000
-0.000000
-0.000000
0.000000
-0.000000
-0.000000
-0.000000
0.000000
0.000000
0.000000
-0.000000
-0.000000
0.000000
-0.000000
-0.000000
-0.000000
0.000000
-0.000000
-0.000000
-0.000000
-0.000000
-0.000000
0.000000
0.000000
0.000000
0.000000
0.000000
-0.000000
-0.000000
0.000000
-0.000000
-0.000000
-0.000000
-0.000000
-0.000000
-0.000000
-0.000000
0.000000
0.000000
0.000000
0.000000
-0.000000
-0.000000
-0.000000
-0.000000
-0.000000
0.000000
0.000000
-0.000000
0.000000
-0.000000
-0.000000
-0.000000
-0.000000
-0.000000
-0.000000
-0.000000
0.000000
-0.000000
-0.000000
-0.000000
0.000000
-0.000000
-0.000000
0.000000
0.000000
-0.000000
0.000000
-0.000000
-0.000000
0.000000
0.000000
0.000000
0.000000
0.000000
-0.000000
0.000000
-0.000000
0.000000
-0.000000
-0.000000
-0.000000
0.000000
0.000000
-0.000000
0.000000
0.000000
0.000000
0.000000
0.000000
0.000000
-0.000000
0.000000
-0.000000
-0.000000
-0.000000
0.000000
-0.000000
-0.000000
-0.000000
-0.000000
-0.000000
-0.000000
-0.000000
0.000000
-0.000000
0.000000
-0.000000
-0.000000
-0.000000
0.000000
-0.000000
0.000000
0.000000
-0.000000
-0.000000
0.000000
-0.000000
-0.000000
-0.000000
-0.000000
-0.000000
0.000000
0.000000
0.000000
0.000000
-0.000000
-0.000000
0.000000
-0.000000
-0.000000
0.000000
-0.000000
-0.000000
0.000000
0.000000
0.000000
0.000000
-0.000000
-0.000000
0.000000
-0.000000
-0.000000
0.000000
-0.000000
-0.000000
-0.000000
0.000000
0.000000
0.000000
-0.000000
-0.000000
0.000000
-0.000000
0.000000
-0.000000
-0.000000
-0.000000
0.000000
0.000000
-0.000000
-0.000000
-0.000000
0.000000
-0.000000
0.000000
-0.000000
-0.000000
-0.000000
-0.000000
0.000000
-0.000000
0.000000
-0.000000
-0.000000
0.000000
0.000000
0.000000
-0.000000
0.000000
0.000000
-0.000000
0.000000
0.000000
-0.000000
0.000000
-0.000000
-0.000000
-0.000000
0.000000
-0.000000
0.000000
-0.000000
-0.000000
-0.000000
0.000000
-0.000000
-0.000000
-0.000000
0.000000
0.000000
0.000000
-0.000000
-0.000000
0.000000
-0.000000
-0.000000
-0.000000
0.000000
-0.000000
-0.000000
-0.000000
-0.000000
-0.000000
0.000000
0.000000
0.000000
0.000000
0.000000
-0.000000
-0.000000
0.000000
-0.000000
-0.000000
-0.000000
-0.000000
-0.000000
-0.000000
-0.000000
0.000000
0.000000
0.000000
0.000000
-0.000000
-0.000000
-0.000000
-0.000000
-0.000000
0.000000
0.000000
-0.000000
0.000000
-0.000000
-0.000000
-0.000000
-0.000000
-0.000000
-0.000000
-0.000000
0.000000
-0.000000
-0.000000
-0.000000
0.000000
-0.000000
-0.000000
0.000000
0.000000
-0.000000
0.000000
-0.000000
-0.000000
0.000000
0.000000
0.000000
0.000000
0.000000
-0.000000
0.000000
-0.000000
0.000000
-0.000000
-0.000000
-0.000000
0.000000
0.000000
-0.000000
0.000000
0.000000
0.000000
0.000000
0.000000
