-0.324951
-0.121948
-0.303223
-0.241943
-0.336182
-0.295166
-0.135986
-0.292480
-0.347900
-0.270020
-0.175415
-0.475830
-0.013878
-0.136108
-0.355713
-0.319092
-0.255615
-0.456543
-0.286377
-0.429688
-0.250244
-0.364258
-0.451416
-0.306885
-0.362305
-0.351562
-0.281982
-0.410645
-0.086365
-0.093689
-0.180908
-0.422363
-0.300293
-0.460938
-0.261475
-0.292480
-0.075623
-0.340576
-0.061371
-0.393555
-0.307617
-0.289551
-0.269531
-0.215576
-0.373291
-0.284912
-0.355225
-0.444824
-0.333008
-0.289795
-0.378418
-0.447266
-0.370850
-0.380615
-0.220947
-0.269287
-0.116882
-0.144287
-0.275391
-0.269043
-0.105347
-0.280518
-0.056458
-0.300537
-0.383789
-0.131348
-0.395508
-0.280273
-0.358154
-0.409424
-0.336670
-0.322510
-0.214722
-0.264893
-0.035461
-0.091431
-0.404053
-0.410889
-0.239624
-0.175049
-0.008965
-0.250732
-0.088806
-0.243042
-0.450195
-0.353027
-0.293213
-0.293945
-0.020554
-0.200806
-0.366455
-0.092957
-0.318115
-0.147461
-0.158691
-0.122864
-0.346680
-0.366211
0.014420
-0.370361
-0.359863
0.089172
0.126953
-0.388672
-0.251465
-0.412354
-0.190674
-0.157471
-0.161987
-0.119446
-0.152222
-0.174561
-0.361084
0.116577
-0.309570
-0.222778
-0.102112
-0.282715
-0.323975
-0.134766
-0.297607
-0.266846
-0.232666
-0.059845
-0.144531
-0.283203
-0.231201
0.058502
-0.237549
0.034332
-0.141479
-0.264893
-0.148804
-0.052521
-0.206909
-0.069946
-0.131348
-0.215210
-0.099915
-0.226440
-0.225220
0.041351
-0.283203
-0.127075
-0.220337
-0.000027
-0.004986
-0.359619
-0.241089
-0.263672
-0.285400
-0.099121
-0.189331
-0.236938
-0.205811
-0.270996
-0.291748
-0.036804
-0.140625
-0.402344
0.061218
-0.262695
-0.257080
-0.312744
-0.152344
-0.040466
-0.199951
-0.299561
-0.319824
-0.271973
-0.277832
-0.020889
-0.158081
-0.305420
-0.303223
-0.193970
0.019806
-0.021713
-0.225464
0.055115
0.019104
0.010803
-0.227539
-0.365234
-0.102722
-0.215454
-0.190552
-0.397217
0.028519
-0.003738
-0.383057
-0.207031
-0.322754
-0.122009
-0.304932
-0.243042
-0.333496
-0.294189
-0.143188
-0.295410
-0.350830
-0.271973
-0.179810
-0.477295
-0.012863
-0.135010
-0.358154
-0.318359
-0.251953
-0.456299
-0.284668
-0.430908
-0.255127
-0.364014
-0.452637
-0.303223
-0.360840
-0.354492
-0.279053
-0.407959
-0.088928
-0.095703
-0.183838
-0.421875
-0.302246
-0.463135
-0.265869
-0.286133
-0.084290
-0.346191
-0.064514
-0.394043
-0.310059
-0.294189
-0.270996
-0.212769
-0.370850
-0.283691
-0.356689
-0.449219
-0.337402
-0.291016
-0.374023
-0.446289
-0.372070
-0.376709
-0.222656
-0.270752
-0.113220
-0.147583
-0.276367
-0.268066
-0.113464
-0.276855
-0.058258
-0.295410
-0.387939
-0.131348
-0.394043
-0.286865
-0.359131
-0.411377
-0.342285
-0.323486
-0.210693
-0.271240
-0.036560
-0.090088
-0.403320
-0.409180
-0.237183
-0.177612
-0.004822
-0.251953
-0.085632
-0.239014
-0.448730
-0.352295
-0.287598
-0.294678
-0.016510
-0.196899
-0.364502
-0.094055
-0.320557
-0.150269
-0.160400
-0.127075
-0.346924
-0.369873
0.015038
-0.370850
-0.365234
0.083984
0.131470
-0.391846
-0.255615
-0.417236
-0.192383
-0.166626
-0.164307
-0.124695
-0.150879
-0.176270
-0.361328
0.123352
-0.310547
-0.219360
-0.105103
-0.261230
-0.319336
-0.139404
-0.296631
-0.264160
-0.234863
-0.062805
-0.148804
-0.284180
-0.231812
0.065125
-0.241821
0.030884
-0.146484
-0.266846
-0.153442
-0.055756
-0.207275
-0.072998
-0.131958
-0.216919
-0.102173
-0.226074
-0.228516
0.036102
-0.279785
-0.131714
-0.221436
-0.007652
-0.003721
-0.358643
-0.246582
-0.267090
-0.285400
-0.094055
-0.184570
-0.238037
-0.175781
-0.272461
-0.299072
-0.038788
-0.142090
-0.404297
0.062347
-0.267334
-0.255615
-0.316895
-0.160278
-0.039795
-0.196777
-0.300781
-0.322754
-0.276123
-0.283203
-0.021179
-0.157959
-0.303955
-0.306152
-0.196045
0.017960
-0.022324
-0.226074
0.042786
0.015335
0.009369
-0.231079
-0.368408
-0.112610
-0.215454
-0.191528
-0.402100
0.020370
-0.002146
-0.383057
-0.208130
-0.326172
-0.121643
-0.315918
-0.245850
-0.342041
-0.302002
-0.134155
-0.296631
-0.352295
-0.279785
-0.188721
-0.480713
-0.018005
-0.139648
-0.360596
-0.320801
-0.263916
-0.463135
-0.287842
-0.433838
-0.256592
-0.368408
-0.453857
-0.305908
-0.367188
-0.361084
-0.284912
-0.411377
-0.089172
-0.091980
-0.182861
-0.424316
-0.312256
-0.466309
-0.268066
-0.283936
-0.089233
-0.346680
-0.058228
-0.396240
-0.318848
-0.299805
-0.279297
-0.216187
-0.378662
-0.288818
-0.357666
-0.455078
-0.343506
-0.295166
-0.382812
-0.450684
-0.375732
-0.383545
-0.221802
-0.275879
-0.119446
-0.161865
-0.276611
-0.270020
-0.117004
-0.280518
-0.059875
-0.302246
-0.392822
-0.138428
-0.397949
-0.287109
-0.363770
-0.416748
-0.347900
-0.330811
-0.215820
-0.270752
-0.034302
-0.106384
-0.410156
-0.414307
-0.246460
-0.183228
0.000058
-0.256104
-0.087769
-0.243286
-0.455078
-0.358643
-0.288818
-0.301270
-0.013229
-0.200684
-0.367920
-0.100037
-0.327881
-0.150024
-0.162964
-0.135620
-0.353027
-0.377441
0.014923
-0.378174
-0.368896
0.083252
0.139038
-0.394775
-0.262207
-0.425293
-0.191162
-0.152832
-0.171143
-0.130127
-0.155884
-0.178711
-0.369385
0.118530
-0.310303
-0.228882
-0.107910
-0.190796
-0.322266
-0.140503
-0.304688
-0.255371
-0.242065
-0.056763
-0.145020
-0.291504
-0.241821
0.071228
-0.245483
0.029144
-0.146240
-0.271973
-0.157471
-0.064697
-0.212524
-0.080566
-0.131470
-0.223389
-0.104309
-0.224121
-0.234375
0.038940
-0.283203
-0.135742
-0.227905
-0.013374
-0.003216
-0.360352
-0.250977
-0.270508
-0.290527
-0.101807
-0.187012
-0.244385
-0.181152
-0.277344
-0.304199
-0.035645
-0.143555
-0.408203
0.061859
-0.270752
-0.263428
-0.324463
-0.158691
-0.040924
-0.204712
-0.307861
-0.323242
-0.282715
-0.289307
-0.019363
-0.158203
-0.313965
-0.309082
-0.200806
0.004547
-0.018280
-0.225098
0.045197
0.014877
0.012901
-0.235474
-0.375732
-0.106079
-0.223267
-0.197876
-0.406006
0.025009
-0.001269
-0.388428
-0.212036
-0.329346
-0.133789
-0.307861
-0.253174
-0.339600
-0.300781
-0.143677
-0.304443
-0.363037
-0.280273
-0.184937
-0.492432
-0.016678
-0.134644
-0.365479
-0.322021
-0.271240
-0.464355
-0.294189
-0.440186
-0.263916
-0.373535
-0.463623
-0.318115
-0.372314
-0.374023
-0.285645
-0.415039
-0.108398
-0.107361
-0.182617
-0.431396
-0.306641
-0.477295
-0.277100
-0.288086
-0.094666
-0.360596
-0.072876
-0.408936
-0.318604
-0.301270
-0.270996
-0.216675
-0.383057
-0.295654
-0.366943
-0.456543
-0.343018
-0.300781
-0.385254
-0.453369
-0.383789
-0.381836
-0.226440
-0.271240
-0.121521
-0.160034
-0.280273
-0.279785
-0.109680
-0.289062
-0.069275
-0.304688
-0.399170
-0.140137
-0.402100
-0.292969
-0.372559
-0.419434
-0.353271
-0.340576
-0.220215
-0.279541
-0.039307
-0.093689
-0.415039
-0.423828
-0.252686
-0.183594
-0.003601
-0.259277
-0.095337
-0.248535
-0.459473
-0.365723
-0.301270
-0.305176
-0.028198
-0.196533
-0.375977
-0.110046
-0.324951
-0.158813
-0.161011
-0.136475
-0.360352
-0.374268
0.009171
-0.384766
-0.378662
0.064331
0.131592
-0.404541
-0.260498
-0.434814
-0.190430
-0.138428
-0.164185
-0.130737
-0.160278
-0.196289
-0.366455
0.117798
-0.326416
-0.235107
-0.113159
0.079590
-0.316650
-0.146851
-0.303467
-0.263428
-0.244263
-0.072205
-0.164673
-0.299316
-0.247192
0.065552
-0.244995
0.030579
-0.162231
-0.280273
-0.161987
-0.066895
-0.219116
-0.084045
-0.135498
-0.225098
-0.110474
-0.237061
-0.236938
0.024124
-0.287842
-0.146606
-0.231812
-0.008553
-0.003429
-0.365723
-0.262207
-0.281250
-0.304688
-0.097473
-0.192261
-0.242798
-0.152954
-0.292725
-0.315430
-0.043243
-0.152954
-0.418701
0.043945
-0.282715
-0.250488
-0.329102
-0.168701
-0.062195
-0.201538
-0.306885
-0.330811
-0.293945
-0.314209
-0.028152
-0.149414
-0.312012
-0.322266
-0.201416
0.003500
-0.030518
-0.233887
0.036926
0.012711
0.010170
-0.241577
-0.379883
-0.117859
-0.227783
-0.201904
-0.418457
0.013466
-0.008881
-0.390381
-0.208496
-0.331543
-0.133667
-0.306152
-0.256104
-0.340576
-0.298340
-0.150146
-0.304443
-0.360352
-0.277832
-0.179810
-0.492920
-0.017868
-0.133789
-0.368652
-0.324951
-0.264404
-0.470459
-0.297119
-0.442627
-0.263916
-0.375000
-0.467041
-0.316895
-0.374268
-0.372314
-0.292480
-0.416992
-0.109436
-0.109680
-0.187744
-0.432617
-0.303955
-0.478271
-0.275146
-0.297852
-0.097412
-0.360840
-0.067810
-0.410645
-0.317871
-0.302734
-0.271973
-0.215942
-0.380615
-0.295166
-0.366943
-0.459473
-0.339600
-0.301758
-0.387451
-0.457764
-0.383545
-0.382812
-0.227539
-0.274658
-0.120850
-0.150269
-0.286865
-0.281250
-0.106934
-0.291504
-0.071106
-0.308105
-0.397217
-0.136108
-0.405762
-0.293213
-0.372803
-0.421143
-0.350586
-0.339111
-0.220947
-0.280273
-0.040100
-0.086853
-0.416016
-0.424805
-0.249023
-0.183350
-0.001167
-0.258057
-0.096252
-0.250244
-0.464111
-0.366211
-0.304199
-0.304199
-0.029480
-0.199707
-0.379639
-0.105774
-0.327637
-0.158569
-0.161499
-0.136841
-0.359131
-0.375732
0.013626
-0.383301
-0.381592
0.071716
0.127930
-0.406494
-0.259277
-0.436035
-0.195801
-0.151611
-0.165894
-0.136719
-0.159424
-0.194946
-0.368652
0.124268
-0.326904
-0.234985
-0.112610
-0.189087
-0.324951
-0.149292
-0.303955
-0.272461
-0.240601
-0.072754
-0.165649
-0.294922
-0.245483
0.064209
-0.248901
0.030655
-0.160034
-0.273682
-0.162109
-0.059174
-0.217773
-0.081299
-0.140015
-0.227295
-0.115540
-0.242188
-0.236206
0.027008
-0.282959
-0.139282
-0.232056
-0.001507
-0.006382
-0.367432
-0.256592
-0.280029
-0.301758
-0.097046
-0.194702
-0.242188
-0.177368
-0.291260
-0.312500
-0.039398
-0.152100
-0.417969
0.044281
-0.276855
-0.255127
-0.329346
-0.165527
-0.059937
-0.202026
-0.305664
-0.333496
-0.293945
-0.309814
-0.032196
-0.149780
-0.311768
-0.321777
-0.198853
0.007416
-0.033661
-0.239868
0.042236
0.013832
0.010246
-0.241943
-0.378418
-0.121826
-0.223633
-0.195801
-0.421631
0.013863
-0.009232
-0.391602
-0.206055
-0.320801
-0.131836
-0.298096
-0.245239
-0.332031
-0.285645
-0.145630
-0.292969
-0.346436
-0.270264
-0.171021
-0.477539
-0.020294
-0.125488
-0.356689
-0.312012
-0.252441
-0.456787
-0.285400
-0.430176
-0.255127
-0.364014
-0.452881
-0.308350
-0.359131
-0.350830
-0.286133
-0.407959
-0.099731
-0.098083
-0.185913
-0.422119
-0.291748
-0.456299
-0.259766
-0.295166
-0.084290
-0.345459
-0.056580
-0.397217
-0.303711
-0.286133
-0.268066
-0.205688
-0.366455
-0.285400
-0.354736
-0.446533
-0.325439
-0.291992
-0.372559
-0.441895
-0.367676
-0.371338
-0.217529
-0.264893
-0.121399
-0.134155
-0.277344
-0.270752
-0.097534
-0.280762
-0.065430
-0.302002
-0.385986
-0.128296
-0.395264
-0.277100
-0.355225
-0.408691
-0.333008
-0.325684
-0.214111
-0.266357
-0.040161
-0.084839
-0.406250
-0.413330
-0.235840
-0.184082
-0.003143
-0.253662
-0.090210
-0.251221
-0.448242
-0.354736
-0.287598
-0.290283
-0.022812
-0.192871
-0.368164
-0.095642
-0.314209
-0.148315
-0.157715
-0.127808
-0.346924
-0.367432
0.019867
-0.360596
-0.367188
0.087585
0.119019
-0.394043
-0.247681
-0.418945
-0.195801
-0.121338
-0.151123
-0.128052
-0.141479
-0.176636
-0.355225
0.121582
-0.308105
-0.224976
-0.105469
-0.259766
-0.322998
-0.134766
-0.290039
-0.265869
-0.226685
-0.065125
-0.148438
-0.281494
-0.230225
0.059235
-0.239624
0.030426
-0.147095
-0.260986
-0.148682
-0.039978
-0.206421
-0.067688
-0.136475
-0.216431
-0.101074
-0.238403
-0.223511
0.032196
-0.270020
-0.124512
-0.218262
0.001777
0.003994
-0.358154
-0.235962
-0.265381
-0.288574
-0.091248
-0.182983
-0.230225
-0.163818
-0.270752
-0.296875
-0.036438
-0.139160
-0.405029
0.054596
-0.265625
-0.256104
-0.313477
-0.154541
-0.047180
-0.193481
-0.287109
-0.317383
-0.277344
-0.283203
-0.030899
-0.145752
-0.300049
-0.308105
-0.186890
0.019180
-0.027740
-0.236084
0.055084
0.024902
0.019547
-0.228760
-0.358643
-0.112976
-0.214844
-0.180908
-0.398682
0.026962
-0.002794
-0.380127
-0.200806
-0.319092
-0.130859
-0.301514
-0.244385
-0.333496
-0.283691
-0.139404
-0.294434
-0.340820
-0.269287
-0.167603
-0.472900
-0.026459
-0.125732
-0.354492
-0.313232
-0.246704
-0.453613
-0.284668
-0.430420
-0.251953
-0.364014
-0.448242
-0.309082
-0.354980
-0.346436
-0.286377
-0.408936
-0.098022
-0.093811
-0.187622
-0.417969
-0.292969
-0.452148
-0.257080
-0.294922
-0.076965
-0.339844
-0.049438
-0.392334
-0.299072
-0.279541
-0.267334
-0.207031
-0.366455
-0.286865
-0.346680
-0.440674
-0.321533
-0.292236
-0.368896
-0.438721
-0.363281
-0.371582
-0.216187
-0.262695
-0.125854
-0.129395
-0.273682
-0.266846
-0.093628
-0.278809
-0.068359
-0.305420
-0.383545
-0.126099
-0.395020
-0.272217
-0.356445
-0.406250
-0.330322
-0.321045
-0.214722
-0.257324
-0.040894
-0.089905
-0.405518
-0.411133
-0.232056
-0.183228
-0.002285
-0.253418
-0.086975
-0.253418
-0.445312
-0.349609
-0.282471
-0.287842
-0.021103
-0.191895
-0.365479
-0.090515
-0.311768
-0.144653
-0.155518
-0.129883
-0.342773
-0.365234
0.024902
-0.354980
-0.359619
0.094788
0.117859
-0.391357
-0.245239
-0.415771
-0.197388
-0.147705
-0.150635
-0.124878
-0.135010
-0.172119
-0.356201
0.116699
-0.300049
-0.224243
-0.105408
-0.228760
-0.330566
-0.132935
-0.286865
-0.265137
-0.224365
-0.060547
-0.134766
-0.278564
-0.228027
0.057007
-0.239502
0.031235
-0.142212
-0.255615
-0.147339
-0.038025
-0.200195
-0.060089
-0.135498
-0.214600
-0.097900
-0.234985
-0.220947
0.032776
-0.267822
-0.117981
-0.216309
-0.002413
0.006424
-0.356689
-0.225586
-0.260986
-0.285156
-0.095581
-0.182129
-0.226196
-0.178833
-0.264404
-0.291016
-0.034851
-0.132935
-0.398682
0.059265
-0.262695
-0.262207
-0.305420
-0.147339
-0.041809
-0.194580
-0.281494
-0.312988
-0.270752
-0.272949
-0.032196
-0.151367
-0.299561
-0.299561
-0.182007
0.019058
-0.027267
-0.236816
0.066467
0.032013
0.022507
-0.227295
-0.353271
-0.105835
-0.212402
-0.176147
-0.388672
0.033722
0.002874
-0.378418
-0.200439
-0.316650
-0.121033
-0.304443
-0.235107
-0.332275
-0.282959
-0.134521
-0.290771
-0.338379
-0.267822
-0.169556
-0.472168
-0.017029
-0.132935
-0.350830
-0.314941
-0.242920
-0.450439
-0.280518
-0.426758
-0.246704
-0.359375
-0.445312
-0.304443
-0.351807
-0.340820
-0.284668
-0.406494
-0.083069
-0.080872
-0.184937
-0.416260
-0.295898
-0.448975
-0.256104
-0.289795
-0.064697
-0.335205
-0.050903
-0.387451
-0.297607
-0.281006
-0.269775
-0.207886
-0.365967
-0.284668
-0.343994
-0.440918
-0.323975
-0.287598
-0.371582
-0.438965
-0.359131
-0.375000
-0.214600
-0.265137
-0.117737
-0.137085
-0.267578
-0.261719
-0.102356
-0.278320
-0.058685
-0.295898
-0.378906
-0.125366
-0.392334
-0.277588
-0.354248
-0.405518
-0.326172
-0.317871
-0.207642
-0.257568
-0.039734
-0.100281
-0.401367
-0.406250
-0.232788
-0.177368
-0.005554
-0.248169
-0.082336
-0.244995
-0.442383
-0.345215
-0.281250
-0.285889
-0.009483
-0.190308
-0.359619
-0.084900
-0.312012
-0.141479
-0.155640
-0.121704
-0.340332
-0.363281
0.027725
-0.358154
-0.352539
0.106079
0.129028
-0.387695
-0.245850
-0.408203
-0.192383
-0.126099
-0.160400
-0.117126
-0.133301
-0.163574
-0.358887
0.120728
-0.293701
-0.218384
-0.097107
-0.010704
-0.324707
-0.122498
-0.285889
-0.258301
-0.229492
-0.052826
-0.128174
-0.276855
-0.225342
0.056519
-0.234375
0.036591
-0.136230
-0.256348
-0.139648
-0.043121
-0.196777
-0.059784
-0.132324
-0.211548
-0.085876
-0.222656
-0.216431
0.050171
-0.272461
-0.113159
-0.210693
-0.002211
-0.001623
-0.348389
-0.226929
-0.259277
-0.275879
-0.092712
-0.173218
-0.224731
-0.152466
-0.254883
-0.284424
-0.033661
-0.128540
-0.396729
0.077393
-0.257568
-0.262695
-0.305908
-0.145264
-0.030029
-0.196167
-0.290039
-0.311523
-0.266846
-0.262451
-0.022186
-0.152710
-0.298828
-0.291016
-0.181274
0.025543
-0.018066
-0.229492
0.064636
0.034454
0.019745
-0.218262
-0.353027
-0.095581
-0.208496
-0.178711
-0.381348
0.040192
0.006374
-0.374756
-0.206177
-0.321533
-0.133911
-0.304199
-0.243042
-0.332031
-0.285645
-0.143311
-0.296143
-0.346924
-0.269043
-0.174072
-0.480469
-0.018677
-0.126587
-0.356934
-0.310303
-0.252197
-0.457275
-0.288818
-0.431641
-0.251465
-0.361572
-0.452637
-0.310547
-0.359131
-0.349365
-0.285889
-0.409668
-0.098450
-0.095642
-0.187134
-0.424316
-0.297119
-0.456543
-0.257812
-0.296875
-0.075317
-0.346436
-0.056244
-0.396240
-0.302246
-0.288086
-0.267578
-0.209473
-0.371826
-0.286621
-0.352295
-0.445312
-0.325928
-0.291504
-0.371826
-0.445801
-0.370850
-0.377441
-0.217651
-0.265869
-0.118591
-0.139771
-0.277588
-0.270752
-0.098999
-0.283447
-0.066101
-0.302246
-0.386719
-0.128418
-0.394043
-0.281982
-0.355469
-0.408691
-0.336182
-0.326172
-0.211304
-0.270020
-0.038513
-0.089783
-0.406738
-0.415039
-0.235718
-0.176636
-0.003952
-0.251465
-0.086121
-0.250244
-0.448975
-0.354492
-0.288818
-0.293457
-0.015778
-0.188843
-0.369629
-0.095337
-0.316406
-0.145020
-0.152466
-0.126465
-0.343750
-0.368408
0.021332
-0.366455
-0.367188
0.092407
0.129883
-0.394531
-0.248413
-0.416504
-0.194092
-0.092651
-0.154297
-0.123657
-0.137329
-0.175049
-0.357178
0.122314
-0.304688
-0.225708
-0.105103
0.105591
-0.318359
-0.125854
-0.290039
-0.263672
-0.231201
-0.063477
-0.145874
-0.282227
-0.229126
0.058990
-0.236328
0.040527
-0.145386
-0.264160
-0.150269
-0.039062
-0.203369
-0.061127
-0.136719
-0.216797
-0.093994
-0.233398
-0.218506
0.039032
-0.272949
-0.125610
-0.217896
-0.002028
0.004486
-0.357422
-0.238525
-0.273438
-0.291016
-0.094910
-0.179321
-0.230103
-0.130981
-0.266113
-0.294434
-0.035522
-0.138794
-0.405029
0.066711
-0.268555
-0.256104
-0.316406
-0.156860
-0.042175
-0.196533
-0.289795
-0.317383
-0.277832
-0.279541
-0.025497
-0.145752
-0.299316
-0.304688
-0.191162
0.028961
-0.023407
-0.234375
0.056702
0.029266
0.015121
-0.224365
-0.362061
-0.107971
-0.214722
-0.184570
-0.395508
0.027985
0.000052
-0.382080
-0.209473
-0.325684
-0.129272
-0.307129
-0.245605
-0.335205
-0.290039
-0.150513
-0.300049
-0.352295
-0.273926
-0.185303
-0.486328
-0.017334
-0.128174
-0.361572
-0.312256
-0.269043
-0.461914
-0.292725
-0.436279
-0.254883
-0.366699
-0.458740
-0.314453
-0.366943
-0.361572
-0.287109
-0.411865
-0.106323
-0.100891
-0.183960
-0.432129
-0.302734
-0.466064
-0.261230
-0.295410
-0.088257
-0.355713
-0.065674
-0.403076
-0.315674
-0.297363
-0.270996
-0.211792
-0.372559
-0.288818
-0.363525
-0.454834
-0.335938
-0.297119
-0.378418
-0.449463
-0.376221
-0.381592
-0.221558
-0.270752
-0.116821
-0.149536
-0.280518
-0.273438
-0.113342
-0.287842
-0.067200
-0.303223
-0.390625
-0.136597
-0.395264
-0.292480
-0.358398
-0.415039
-0.345703
-0.334961
-0.215088
-0.286865
-0.034302
-0.088318
-0.411621
-0.419922
-0.244385
-0.173950
0.000069
-0.254639
-0.087280
-0.249146
-0.455322
-0.363281
-0.299561
-0.301270
-0.016144
-0.195801
-0.372314
-0.102234
-0.327637
-0.153076
-0.151978
-0.128296
-0.353760
-0.373047
0.015038
-0.380859
-0.378418
0.075989
0.137573
-0.401367
-0.252441
-0.426270
-0.191528
-0.088440
-0.161865
-0.132324
-0.155396
-0.184448
-0.363525
0.118225
-0.315674
-0.229248
-0.105530
-0.130371
-0.311035
-0.132202
-0.299805
-0.264404
-0.240234
-0.070801
-0.157837
-0.288574
-0.236572
0.062500
-0.241821
0.038483
-0.156738
-0.271240
-0.158447
-0.053741
-0.213989
-0.071655
-0.138672
-0.222900
-0.101196
-0.236572
-0.228149
0.038330
-0.278564
-0.142334
-0.224976
0.008926
-0.001068
-0.364990
-0.253662
-0.285889
-0.298340
-0.095825
-0.180176
-0.236206
-0.135986
-0.278809
-0.305664
-0.037659
-0.149780
-0.413086
0.053650
-0.278564
-0.252197
-0.330322
-0.162598
-0.054596
-0.197021
-0.302002
-0.325684
-0.289551
-0.298340
-0.028046
-0.141113
-0.310303
-0.317139
-0.199951
0.016113
-0.022293
-0.235840
0.048523
0.012390
0.010544
-0.232910
-0.376709
-0.115784
-0.220459
-0.197144
-0.411133
0.018738
-0.006718
-0.388916
-0.210449
-0.334717
-0.128174
-0.310303
-0.250732
-0.339600
-0.298828
-0.161987
-0.301758
-0.359375
-0.279541
-0.193726
-0.492920
-0.014290
-0.136475
-0.365479
-0.323975
-0.273682
-0.469727
-0.301025
-0.444092
-0.260010
-0.369141
-0.465820
-0.320068
-0.375000
-0.371338
-0.290039
-0.419678
-0.108582
-0.110779
-0.187866
-0.435059
-0.309326
-0.480469
-0.272949
-0.301025
-0.095825
-0.359619
-0.077881
-0.408447
-0.322510
-0.309082
-0.274658
-0.218506
-0.379639
-0.291504
-0.372559
-0.462646
-0.349854
-0.299805
-0.389893
-0.458984
-0.386475
-0.391357
-0.229614
-0.279541
-0.117798
-0.162598
-0.291016
-0.277344
-0.128052
-0.293213
-0.070557
-0.309326
-0.396240
-0.144043
-0.403809
-0.306885
-0.367432
-0.420898
-0.355469
-0.339355
-0.218750
-0.299072
-0.038788
-0.087646
-0.417969
-0.427002
-0.251465
-0.175903
-0.010498
-0.260498
-0.094238
-0.247437
-0.464355
-0.368164
-0.310547
-0.310059
-0.027786
-0.205811
-0.376465
-0.110168
-0.335693
-0.166870
-0.157837
-0.129272
-0.362793
-0.380859
0.005291
-0.392578
-0.389648
0.059692
0.130859
-0.409180
-0.263916
-0.430664
-0.199463
-0.163208
-0.173340
-0.135132
-0.178101
-0.193359
-0.373047
0.115356
-0.322266
-0.230835
-0.109924
-0.263184
-0.311279
-0.151123
-0.312012
-0.269775
-0.250244
-0.082581
-0.172729
-0.294678
-0.246094
0.060150
-0.251709
0.027542
-0.165894
-0.276611
-0.174316
-0.063049
-0.221069
-0.086304
-0.144409
-0.234253
-0.117737
-0.241943
-0.233154
0.028641
-0.288574
-0.153931
-0.235840
0.004002
-0.016006
-0.370361
-0.268555
-0.297607
-0.307373
-0.095947
-0.194946
-0.249023
-0.187012
-0.289795
-0.317383
-0.045074
-0.156982
-0.419434
0.044250
-0.284424
-0.252197
-0.345947
-0.174316
-0.058472
-0.205200
-0.316895
-0.334473
-0.298828
-0.316650
-0.027771
-0.156738
-0.320557
-0.327637
-0.211792
0.011024
-0.024704
-0.236206
0.034546
0.000124
-0.004230
-0.239502
-0.389404
-0.126953
-0.224365
-0.209961
-0.424805
0.008324
-0.018341
-0.394775
-0.213745
-0.328125
-0.121399
-0.303223
-0.244019
-0.331543
-0.291992
-0.156128
-0.295166
-0.350586
-0.275391
-0.185913
-0.485840
-0.007732
-0.133789
-0.359619
-0.316162
-0.266357
-0.459473
-0.292236
-0.437256
-0.252686
-0.363037
-0.458740
-0.314453
-0.366455
-0.360107
-0.281982
-0.414551
-0.095581
-0.104492
-0.184326
-0.430176
-0.302490
-0.467285
-0.262939
-0.294434
-0.086121
-0.350098
-0.078979
-0.400635
-0.314697
-0.301025
-0.271240
-0.213745
-0.372803
-0.283936
-0.363770
-0.456543
-0.341797
-0.292725
-0.383789
-0.451660
-0.375244
-0.385498
-0.224121
-0.274414
-0.112793
-0.155396
-0.281738
-0.268799
-0.127319
-0.287842
-0.061554
-0.298584
-0.389893
-0.138062
-0.397949
-0.300293
-0.355225
-0.414551
-0.344971
-0.330322
-0.209473
-0.291748
-0.035980
-0.085876
-0.411377
-0.418457
-0.244385
-0.172729
-0.013466
-0.254150
-0.089966
-0.242065
-0.456299
-0.360352
-0.304688
-0.301758
-0.024078
-0.197876
-0.367920
-0.101074
-0.331543
-0.157227
-0.154297
-0.123108
-0.354248
-0.372803
0.010719
-0.382324
-0.378906
0.070618
0.136230
-0.400879
-0.255615
-0.418213
-0.193726
-0.127808
-0.168335
-0.126953
-0.168457
-0.184692
-0.365479
0.119812
-0.312744
-0.222656
-0.104309
-0.103088
-0.307861
-0.137817
-0.301758
-0.266846
-0.244995
-0.072083
-0.164062
-0.288574
-0.236572
0.059814
-0.244629
0.034637
-0.160278
-0.270020
-0.160767
-0.056824
-0.216064
-0.082336
-0.139038
-0.223145
-0.107727
-0.234131
-0.226807
0.040131
-0.284424
-0.145996
-0.226562
0.012596
-0.012650
-0.364990
-0.258545
-0.287109
-0.296631
-0.091675
-0.184448
-0.241577
-0.166138
-0.278809
-0.305420
-0.039459
-0.147949
-0.410645
0.051086
-0.275391
-0.247803
-0.334717
-0.166748
-0.049622
-0.198120
-0.309814
-0.327393
-0.287598
-0.302246
-0.023178
-0.151245
-0.312256
-0.317627
-0.204834
0.019058
-0.018158
-0.229980
0.041229
0.005341
0.004276
-0.227905
-0.379395
-0.118164
-0.219238
-0.201416
-0.413086
0.013939
-0.012726
-0.387695
-0.210083
-0.322021
-0.118042
-0.302734
-0.235229
-0.331055
-0.288818
-0.145752
-0.292236
-0.342529
-0.270752
-0.177002
-0.478027
-0.006783
-0.133301
-0.353271
-0.316162
-0.251953
-0.453125
-0.284668
-0.430908
-0.247437
-0.357666
-0.451660
-0.307617
-0.357666
-0.347168
-0.281494
-0.409668
-0.086060
-0.086426
-0.182129
-0.421143
-0.295654
-0.456543
-0.257568
-0.291260
-0.071411
-0.339844
-0.063293
-0.389404
-0.302979
-0.288330
-0.269043
-0.210815
-0.370605
-0.282959
-0.354004
-0.448242
-0.329834
-0.288574
-0.376953
-0.447510
-0.365967
-0.379639
-0.219238
-0.267334
-0.111389
-0.145752
-0.271240
-0.261230
-0.112671
-0.278564
-0.056946
-0.294434
-0.382080
-0.127075
-0.394531
-0.289551
-0.353516
-0.408691
-0.331787
-0.320557
-0.204346
-0.273438
-0.036194
-0.089417
-0.405273
-0.411377
-0.237183
-0.171387
-0.008774
-0.248047
-0.082886
-0.238403
-0.448975
-0.349854
-0.291016
-0.292236
-0.010948
-0.188965
-0.364014
-0.087097
-0.319092
-0.148926
-0.153076
-0.120850
-0.345459
-0.363037
0.025650
-0.367188
-0.360352
0.097534
0.140625
-0.395996
-0.248413
-0.410156
-0.188599
-0.119324
-0.164795
-0.117065
-0.144897
-0.170166
-0.361572
0.128906
-0.301514
-0.218872
-0.096863
0.267090
-0.314941
-0.121887
-0.291016
-0.264648
-0.234009
-0.059540
-0.140503
-0.280273
-0.224854
0.059906
-0.236816
0.040009
-0.143799
-0.262207
-0.141479
-0.045258
-0.202393
-0.068970
-0.134644
-0.214600
-0.087097
-0.224976
-0.218384
0.051147
-0.276123
-0.124756
-0.213135
0.010147
-0.004402
-0.354492
-0.238403
-0.268799
-0.280762
-0.091553
-0.175415
-0.231201
-0.150391
-0.260254
-0.287109
-0.035889
-0.133423
-0.403076
0.074707
-0.265381
-0.252930
-0.319336
-0.153442
-0.032715
-0.195312
-0.299072
-0.316650
-0.274170
-0.274658
-0.016815
-0.146240
-0.301514
-0.298584
-0.191528
0.031525
-0.014626
-0.227417
0.056183
0.025620
0.017014
-0.217529
-0.361816
-0.099487
-0.212402
-0.190063
-0.394287
0.032013
0.002529
-0.377197
-0.205566
-0.318359
-0.120483
-0.301025
-0.232178
-0.328369
-0.284180
-0.145752
-0.291504
-0.342041
-0.270264
-0.171875
-0.472656
-0.010674
-0.133667
-0.351074
-0.318115
-0.245239
-0.451660
-0.281982
-0.427734
-0.248779
-0.356934
-0.447510
-0.305664
-0.352051
-0.342285
-0.280273
-0.408691
-0.080811
-0.082397
-0.181274
-0.417480
-0.290771
-0.454346
-0.257568
-0.292480
-0.065918
-0.337891
-0.062256
-0.385986
-0.298584
-0.283936
-0.269043
-0.208618
-0.367188
-0.282715
-0.350830
-0.443848
-0.329590
-0.285889
-0.373779
-0.441895
-0.361816
-0.375488
-0.219360
-0.264893
-0.109802
-0.140991
-0.271729
-0.258545
-0.108276
-0.276611
-0.053619
-0.292969
-0.379150
-0.126099
-0.392822
-0.283691
-0.354980
-0.404785
-0.327637
-0.315918
-0.207642
-0.267334
-0.039703
-0.089600
-0.401123
-0.407959
-0.231812
-0.170410
-0.011353
-0.243286
-0.084534
-0.236816
-0.442383
-0.344482
-0.287598
-0.289062
-0.011032
-0.188232
-0.361084
-0.086060
-0.314453
-0.146362
-0.154175
-0.118530
-0.339600
-0.361572
0.023193
-0.361572
-0.356689
0.102844
0.133179
-0.390137
-0.245605
-0.403320
-0.190552
-0.147339
-0.163086
-0.113403
-0.141479
-0.165649
-0.360107
0.127808
-0.297119
-0.214233
-0.096802
0.025787
-0.316895
-0.120911
-0.287109
-0.264893
-0.228516
-0.059814
-0.139404
-0.276123
-0.219116
0.057495
-0.233398
0.035065
-0.140381
-0.258301
-0.137573
-0.040680
-0.198730
-0.063904
-0.136841
-0.211914
-0.083862
-0.226562
-0.215698
0.049774
-0.275391
-0.121155
-0.212891
0.005207
-0.005318
-0.351807
-0.234985
-0.262451
-0.276611
-0.090576
-0.175659
-0.228271
-0.168823
-0.254395
-0.285889
-0.036102
-0.131104
-0.397705
0.077332
-0.257080
-0.255859
-0.311768
-0.153809
-0.029510
-0.195435
-0.294922
-0.314453
-0.265869
-0.266602
-0.016006
-0.151123
-0.296875
-0.293457
-0.188843
0.036407
-0.016678
-0.226318
0.056458
0.030106
0.012581
-0.214722
-0.358154
-0.099060
-0.207886
-0.187378
-0.387939
0.032593
0.002188
-0.374268
-0.206299
-0.320312
-0.121521
-0.302490
-0.233032
-0.330078
-0.288818
-0.150391
-0.289307
-0.343750
-0.271729
-0.178101
-0.474365
-0.009087
-0.136963
-0.352539
-0.320312
-0.242554
-0.454590
-0.282715
-0.426025
-0.248535
-0.355957
-0.450439
-0.302246
-0.351074
-0.344971
-0.282715
-0.409668
-0.070862
-0.085938
-0.181519
-0.421631
-0.290039
-0.457520
-0.259277
-0.295410
-0.072632
-0.335693
-0.064453
-0.387939
-0.302490
-0.289551
-0.275146
-0.207642
-0.368896
-0.281250
-0.353760
-0.449463
-0.333252
-0.284668
-0.381592
-0.444336
-0.364746
-0.376953
-0.221680
-0.268066
-0.108948
-0.148071
-0.279053
-0.260742
-0.114868
-0.280518
-0.050293
-0.296143
-0.380615
-0.126099
-0.397705
-0.281982
-0.353027
-0.407959
-0.329834
-0.311279
-0.205688
-0.277100
-0.040161
-0.089111
-0.404053
-0.407471
-0.233276
-0.176392
-0.012901
-0.242065
-0.084839
-0.237793
-0.445801
-0.344482
-0.291260
-0.289062
-0.009003
-0.190063
-0.361572
-0.087891
-0.320801
-0.143066
-0.160767
-0.121948
-0.335693
-0.365723
0.023041
-0.366211
-0.363037
0.107849
0.133423
-0.385010
-0.251709
-0.398438
-0.193726
-0.156494
-0.167725
-0.118469
-0.148560
-0.170410
-0.362549
0.132690
-0.295166
-0.213867
-0.102600
0.121338
-0.320801
-0.118896
-0.293701
-0.264648
-0.231201
-0.063171
-0.146851
-0.274414
-0.218506
0.058472
-0.237305
0.029053
-0.143311
-0.257080
-0.140259
-0.036865
-0.201294
-0.065186
-0.142700
-0.215332
-0.088745
-0.232788
-0.215820
0.056549
-0.272949
-0.121582
-0.217773
0.000523
-0.005089
-0.352539
-0.238892
-0.264893
-0.277100
-0.091492
-0.177124
-0.233276
-0.169312
-0.260010
-0.288818
-0.028580
-0.135498
-0.395752
0.082764
-0.249023
-0.254639
-0.320801
-0.162354
-0.028000
-0.199219
-0.297852
-0.316406
-0.265625
-0.267090
-0.017349
-0.151367
-0.296875
-0.297119
-0.195068
0.036865
-0.016022
-0.224731
0.048492
0.034027
0.010399
-0.213013
-0.364258
-0.105896
-0.205688
-0.193848
-0.390137
0.027679
-0.004353
-0.378906
-0.210083
-0.324463
-0.126831
-0.302246
-0.235352
-0.329590
-0.288330
-0.156250
-0.288086
-0.348877
-0.273193
-0.181641
-0.478760
-0.010056
-0.136230
-0.356934
-0.320068
-0.242432
-0.458740
-0.283203
-0.424805
-0.253662
-0.358398
-0.455322
-0.304688
-0.352783
-0.348633
-0.286377
-0.411621
-0.072327
-0.093079
-0.182129
-0.427734
-0.290283
-0.459961
-0.259766
-0.299805
-0.083923
-0.338379
-0.068298
-0.394043
-0.307373
-0.293701
-0.280029
-0.207397
-0.368896
-0.280762
-0.359619
-0.454102
-0.336914
-0.287109
-0.385010
-0.445068
-0.369629
-0.377197
-0.226318
-0.268555
-0.106812
-0.149170
-0.287109
-0.265625
-0.118835
-0.285889
-0.051025
-0.300049
-0.382324
-0.131104
-0.402344
-0.277100
-0.352783
-0.411865
-0.332520
-0.311523
-0.204712
-0.284912
-0.039856
-0.082153
-0.406738
-0.409668
-0.232910
-0.180420
-0.013550
-0.240479
-0.090271
-0.240356
-0.448242
-0.349121
-0.296875
-0.290039
-0.008774
-0.192383
-0.362793
-0.093933
-0.324951
-0.140381
-0.163940
-0.125122
-0.331055
-0.369629
0.019272
-0.374268
-0.373047
0.106567
0.132690
-0.384521
-0.253174
-0.399902
-0.197998
-0.143311
-0.164062
-0.122498
-0.151367
-0.176392
-0.363037
0.136841
-0.298584
-0.213379
-0.110474
0.025726
-0.319092
-0.119751
-0.299072
-0.266602
-0.229736
-0.072754
-0.159668
-0.274170
-0.213867
0.059662
-0.239014
0.022919
-0.148804
-0.258057
-0.147949
-0.028183
-0.206543
-0.068481
-0.150391
-0.218262
-0.095276
-0.244019
-0.215576
0.054382
-0.271484
-0.129517
-0.224365
-0.000604
0.002848
-0.357666
-0.246704
-0.271729
-0.285156
-0.089417
-0.175415
-0.236084
-0.156616
-0.268555
-0.294922
-0.022873
-0.145020
-0.397949
0.075562
-0.243896
-0.252686
-0.326904
-0.171631
-0.032623
-0.201294
-0.298340
-0.317383
-0.266357
-0.272705
-0.020432
-0.149048
-0.293457
-0.307129
-0.200684
0.041595
-0.020737
-0.229858
0.038269
0.036896
0.007950
-0.218628
-0.370850
-0.119446
-0.206299
-0.195923
-0.397461
0.018585
-0.010849
-0.383545
-0.213623
-0.324219
-0.133301
-0.302002
-0.236938
-0.331299
-0.287354
-0.161011
-0.291504
-0.350098
-0.271973
-0.180664
-0.478271
-0.014259
-0.134155
-0.357422
-0.319580
-0.244629
-0.462402
-0.287598
-0.428467
-0.254395
-0.358398
-0.456299
-0.308105
-0.353027
-0.344727
-0.287354
-0.412598
-0.080688
-0.096497
-0.186401
-0.428711
-0.289551
-0.460205
-0.262207
-0.302979
-0.080139
-0.341064
-0.067688
-0.395264
-0.307861
-0.289551
-0.274170
-0.210693
-0.369141
-0.281494
-0.360840
-0.451660
-0.332520
-0.285645
-0.380371
-0.445801
-0.373291
-0.378906
-0.223755
-0.267334
-0.109741
-0.144409
-0.289551
-0.264404
-0.120544
-0.281738
-0.053619
-0.303223
-0.385010
-0.132935
-0.401855
-0.281738
-0.354004
-0.411133
-0.335449
-0.313721
-0.209351
-0.285156
-0.040161
-0.078247
-0.407471
-0.412598
-0.233398
-0.182129
-0.014877
-0.247192
-0.088562
-0.244385
-0.448975
-0.353271
-0.297852
-0.291992
-0.014496
-0.196777
-0.364746
-0.095886
-0.324707
-0.146240
-0.159058
-0.122375
-0.335449
-0.370361
0.015053
-0.371094
-0.374756
0.098572
0.121277
-0.391113
-0.250732
-0.401367
-0.200806
-0.150024
-0.160522
-0.122864
-0.149780
-0.177246
-0.360596
0.130737
-0.299072
-0.216431
-0.110413
-0.287842
-0.317627
-0.124634
-0.297363
-0.269287
-0.228394
-0.075500
-0.161255
-0.274658
-0.215576
0.056305
-0.241333
0.023239
-0.148438
-0.258301
-0.152588
-0.023590
-0.205322
-0.065552
-0.148682
-0.218872
-0.097778
-0.242798
-0.215576
0.044983
-0.272217
-0.130249
-0.221680
-0.000063
0.001734
-0.359619
-0.245361
-0.274170
-0.287598
-0.090820
-0.180420
-0.238647
-0.170776
-0.267334
-0.297119
-0.030792
-0.143433
-0.401855
0.071228
-0.254883
-0.256104
-0.326416
-0.170654
-0.033875
-0.199219
-0.296387
-0.319580
-0.269531
-0.274658
-0.019547
-0.152588
-0.296387
-0.308594
-0.200928
0.040497
-0.022491
-0.229004
0.039917
0.033844
0.004986
-0.220215
-0.368652
-0.123718
-0.206787
-0.191895
-0.395508
0.019516
-0.011635
-0.383545
-0.212646
-0.327881
-0.135498
-0.304688
-0.239868
-0.333252
-0.290771
-0.151123
-0.296387
-0.349854
-0.274902
-0.184570
-0.484131
-0.013412
-0.135254
-0.361572
-0.315186
-0.250244
-0.462646
-0.287109
-0.430176
-0.252930
-0.360107
-0.459717
-0.305908
-0.356689
-0.351318
-0.290039
-0.412842
-0.079041
-0.097534
-0.185913
-0.432617
-0.295410
-0.459229
-0.262207
-0.299316
-0.083740
-0.343994
-0.063904
-0.397217
-0.312744
-0.293945
-0.276123
-0.210205
-0.371826
-0.282715
-0.361572
-0.457764
-0.336670
-0.292236
-0.382568
-0.449707
-0.374512
-0.381836
-0.224121
-0.268799
-0.108826
-0.149170
-0.286377
-0.267090
-0.116699
-0.286865
-0.053802
-0.301514
-0.387695
-0.135010
-0.405029
-0.282959
-0.353027
-0.415283
-0.338379
-0.319092
-0.208740
-0.282959
-0.034912
-0.085571
-0.407227
-0.414062
-0.236206
-0.182251
-0.011276
-0.247314
-0.087891
-0.244141
-0.451904
-0.355225
-0.296631
-0.294678
-0.012535
-0.192749
-0.367188
-0.096252
-0.329590
-0.142700
-0.158081
-0.127808
-0.340820
-0.371826
0.016464
-0.378662
-0.379395
0.096680
0.130737
-0.389648
-0.256348
-0.406982
-0.196289
-0.083740
-0.162231
-0.127441
-0.148438
-0.181274
-0.363770
0.130615
-0.302246
-0.218384
-0.107605
-0.076477
-0.319336
-0.119202
-0.299316
-0.266113
-0.231567
-0.070007
-0.161133
-0.277344
-0.220581
0.064087
-0.239990
0.026306
-0.149414
-0.265869
-0.151855
-0.032013
-0.210083
-0.067017
-0.148193
-0.218262
-0.096436
-0.238281
-0.219727
0.054169
-0.272949
-0.130005
-0.222900
-0.000216
0.008598
-0.360107
-0.249390
-0.276123
-0.291992
-0.092468
-0.173828
-0.238037
-0.131836
-0.271973
-0.299561
-0.028046
-0.144531
-0.405273
0.072815
-0.254395
-0.254639
-0.327637
-0.170166
-0.037384
-0.198853
-0.299805
-0.321045
-0.275146
-0.281006
-0.020279
-0.144409
-0.297363
-0.315430
-0.202637
0.033936
-0.022003
-0.231567
0.040009
0.031738
0.012115
-0.225342
-0.372803
-0.121887
-0.209595
-0.197021
-0.400879
0.020065
-0.012489
-0.385498
-0.215576
-0.326904
-0.131104
-0.310303
-0.245850
-0.339600
-0.298828
-0.144165
-0.297119
-0.354004
-0.278564
-0.189087
-0.486328
-0.019592
-0.136719
-0.361816
-0.316650
-0.260010
-0.466064
-0.291504
-0.432373
-0.258301
-0.364258
-0.463867
-0.306885
-0.366211
-0.367920
-0.290283
-0.412842
-0.092834
-0.106201
-0.182739
-0.431885
-0.302246
-0.469482
-0.268066
-0.297363
-0.096619
-0.351807
-0.064392
-0.402832
-0.317871
-0.303711
-0.280273
-0.211792
-0.377441
-0.285156
-0.364990
-0.461670
-0.344482
-0.296143
-0.389893
-0.451660
-0.379395
-0.382080
-0.225708
-0.274658
-0.115662
-0.158203
-0.285400
-0.277832
-0.113098
-0.290039
-0.061890
-0.306396
-0.390625
-0.136353
-0.406006
-0.288086
-0.361816
-0.419922
-0.347168
-0.328857
-0.211182
-0.286621
-0.034546
-0.094788
-0.411377
-0.419189
-0.244751
-0.183350
-0.003948
-0.254639
-0.090820
-0.243042
-0.455811
-0.358643
-0.301025
-0.300781
-0.017624
-0.198853
-0.372803
-0.104614
-0.336182
-0.146606
-0.165161
-0.137939
-0.346436
-0.378662
0.010262
-0.388184
-0.383301
0.077393
0.135742
-0.389404
-0.266113
-0.423340
-0.191528
-0.099792
-0.167725
-0.136963
-0.165283
-0.191772
-0.368652
0.122131
-0.312256
-0.226807
-0.112122
-0.063293
-0.319092
-0.135010
-0.307373
-0.262939
-0.242432
-0.072998
-0.162842
-0.286621
-0.238037
0.071167
-0.242798
0.022781
-0.157349
-0.270996
-0.161255
-0.053894
-0.218872
-0.077271
-0.147095
-0.226929
-0.109802
-0.240601
-0.226929
0.043213
-0.278809
-0.140259
-0.233398
-0.007263
-0.001776
-0.363037
-0.259521
-0.281250
-0.297852
-0.095032
-0.183838
-0.241943
-0.151855
-0.287598
-0.311279
-0.029816
-0.155396
-0.408447
0.056000
-0.260986
-0.251953
-0.334229
-0.174561
-0.051270
-0.204834
-0.304688
-0.328613
-0.288086
-0.302979
-0.025101
-0.144043
-0.308105
-0.322754
-0.207153
0.007484
-0.024567
-0.236328
0.035278
0.017258
0.010559
-0.236572
-0.381104
-0.125610
-0.216431
-0.203857
-0.412598
0.015175
-0.010612
-0.391357
-0.212769
-0.329590
-0.131348
-0.308350
-0.254150
-0.342285
-0.303223
-0.139282
-0.298096
-0.359619
-0.281494
-0.186401
-0.491211
-0.025726
-0.136353
-0.364502
-0.323242
-0.263428
-0.471436
-0.294434
-0.436279
-0.262939
-0.372070
-0.468994
-0.311279
-0.372803
-0.378174
-0.291016
-0.415771
-0.102478
-0.113403
-0.185669
-0.434326
-0.304932
-0.474365
-0.271973
-0.297607
-0.105164
-0.358398
-0.065857
-0.410645
-0.319580
-0.308594
-0.278076
-0.211792
-0.380615
-0.290283
-0.364746
-0.459961
-0.347412
-0.301025
-0.392822
-0.451660
-0.383057
-0.380615
-0.228516
-0.278076
-0.121948
-0.159180
-0.287354
-0.284180
-0.105835
-0.292969
-0.069336
-0.308594
-0.393799
-0.138428
-0.410156
-0.289795
-0.370117
-0.420410
-0.350098
-0.336182
-0.219238
-0.282471
-0.038818
-0.099976
-0.413330
-0.422119
-0.248291
-0.185425
-0.000629
-0.257080
-0.098022
-0.245972
-0.460449
-0.362793
-0.303467
-0.302979
-0.029114
-0.201904
-0.378418
-0.108215
-0.334229
-0.149292
-0.167603
-0.142334
-0.352539
-0.380371
0.006371
-0.388672
-0.386963
0.068115
0.130859
-0.393066
-0.267334
-0.432861
-0.194092
-0.139160
-0.166016
-0.139282
-0.167969
-0.194458
-0.374023
0.118591
-0.323242
-0.232788
-0.112732
-0.208496
-0.327881
-0.151489
-0.308350
-0.263916
-0.244629
-0.075867
-0.164551
-0.295898
-0.248657
0.072205
-0.246582
0.021301
-0.161743
-0.275635
-0.165405
-0.064392
-0.223633
-0.079834
-0.146606
-0.228027
-0.118958
-0.244141
-0.235107
0.032837
-0.285156
-0.143311
-0.238403
-0.012589
-0.006577
-0.365723
-0.264404
-0.280273
-0.302246
-0.099609
-0.190552
-0.243896
-0.167358
-0.297119
-0.320312
-0.033813
-0.160522
-0.411865
0.041046
-0.269043
-0.253418
-0.330811
-0.174072
-0.063354
-0.204712
-0.309082
-0.335205
-0.293457
-0.314209
-0.031677
-0.150513
-0.312500
-0.328857
-0.204224
-0.005951
-0.028824
-0.241455
0.035522
0.010857
0.009697
-0.242676
-0.384277
-0.128174
-0.220581
-0.202637
-0.420898
0.009171
-0.011711
-0.394287
-0.210449
-0.330322
-0.130859
-0.310303
-0.255371
-0.344238
-0.304443
-0.135864
-0.296631
-0.360107
-0.284424
-0.184204
-0.492432
-0.031036
-0.143433
-0.364746
-0.328857
-0.260010
-0.471924
-0.294922
-0.435791
-0.266846
-0.373291
-0.469482
-0.303467
-0.375977
-0.382568
-0.294922
-0.419434
-0.094421
-0.117554
-0.186768
-0.436035
-0.307861
-0.476562
-0.275146
-0.299805
-0.113159
-0.356689
-0.061340
-0.412354
-0.322998
-0.314941
-0.286865
-0.210571
-0.381592
-0.291748
-0.365234
-0.465820
-0.349854
-0.301025
-0.399902
-0.453857
-0.383545
-0.383545
-0.232544
-0.281494
-0.121155
-0.161377
-0.290771
-0.290527
-0.104065
-0.299072
-0.068359
-0.309570
-0.395020
-0.135742
-0.413574
-0.286621
-0.374023
-0.423584
-0.353516
-0.333740
-0.218628
-0.281738
-0.038086
-0.105225
-0.415283
-0.420654
-0.246704
-0.190918
-0.002052
-0.254150
-0.102051
-0.246338
-0.463379
-0.364014
-0.303223
-0.301270
-0.031616
-0.208740
-0.379883
-0.108093
-0.337646
-0.145508
-0.176758
-0.148438
-0.350098
-0.386475
0.004543
-0.389160
-0.392578
0.070984
0.127075
-0.387939
-0.273926
-0.435303
-0.201050
-0.152466
-0.171875
-0.146240
-0.172363
-0.196777
-0.380859
0.123657
-0.324219
-0.233765
-0.115295
-0.280762
-0.333984
-0.156860
-0.315186
-0.268066
-0.246826
-0.077637
-0.166870
-0.297607
-0.246948
0.074158
-0.250244
0.009415
-0.161133
-0.273438
-0.169067
-0.062561
-0.226318
-0.079529
-0.147461
-0.230347
-0.124939
-0.249878
-0.238892
0.036133
-0.283203
-0.137573
-0.245605
-0.022598
-0.005650
-0.365234
-0.266113
-0.277100
-0.300049
-0.103027
-0.193970
-0.248413
-0.185791
-0.302002
-0.324219
-0.030930
-0.164185
-0.407715
0.040100
-0.256348
-0.259277
-0.332764
-0.181152
-0.062134
-0.205933
-0.311523
-0.338135
-0.287842
-0.313232
-0.033569
-0.154907
-0.315674
-0.332275
-0.207031
-0.010201
-0.030853
-0.243042
0.030624
0.012047
0.008141
-0.244873
-0.388428
-0.130493
-0.218750
-0.203491
-0.424805
0.005157
-0.014389
-0.398193
-0.213379
-0.328125
-0.128662
-0.311768
-0.249756
-0.343750
-0.302734
-0.134521
-0.294922
-0.357910
-0.285645
-0.183594
-0.489014
-0.029633
-0.146484
-0.362793
-0.329346
-0.254395
-0.467773
-0.291016
-0.432373
-0.266846
-0.370850
-0.465820
-0.300049
-0.371338
-0.376709
-0.293457
-0.420654
-0.082214
-0.109802
-0.186523
-0.435547
-0.308105
-0.472900
-0.272461
-0.297363
-0.107666
-0.351807
-0.056091
-0.407959
-0.321533
-0.312988
-0.290527
-0.209351
-0.379883
-0.289795
-0.361084
-0.466064
-0.352051
-0.296387
-0.398438
-0.451660
-0.380127
-0.384033
-0.233643
-0.281738
-0.118896
-0.163208
-0.290771
-0.285645
-0.109192
-0.297852
-0.063416
-0.307617
-0.392090
-0.134155
-0.410645
-0.280029
-0.369385
-0.423828
-0.350342
-0.329590
-0.217773
-0.278076
-0.039581
-0.109619
-0.413574
-0.416016
-0.242188
-0.190308
-0.006371
-0.252686
-0.100464
-0.243408
-0.457764
-0.360840
-0.300537
-0.299316
-0.029190
-0.207764
-0.375244
-0.104858
-0.337646
-0.140137
-0.178223
-0.146240
-0.345947
-0.386719
0.004200
-0.387451
-0.387451
0.075806
0.128662
-0.381104
-0.275391
-0.427246
-0.202026
-0.165039
-0.174072
-0.144897
-0.171753
-0.191040
-0.381348
0.122498
-0.316895
-0.229126
-0.114990
-0.371094
-0.332520
-0.149902
-0.313721
-0.266602
-0.243896
-0.073486
-0.162476
-0.294922
-0.240234
0.074402
-0.248779
0.006489
-0.156616
-0.269531
-0.163940
-0.058563
-0.224121
-0.079956
-0.147705
-0.227905
-0.123047
-0.247803
-0.235474
0.041626
-0.281982
-0.133179
-0.243408
-0.026825
-0.004856
-0.362793
-0.262451
-0.271729
-0.297607
-0.104614
-0.189575
-0.246338
-0.192627
-0.293457
-0.320557
-0.029221
-0.161865
-0.402100
0.050873
-0.247437
-0.265137
-0.331299
-0.179199
-0.052094
-0.208130
-0.310791
-0.334473
-0.279297
-0.302979
-0.026840
-0.158203
-0.310547
-0.325684
-0.204956
-0.007027
-0.024750
-0.240112
0.029388
0.012260
0.005947
-0.242432
-0.386963
-0.127686
-0.214844
-0.201782
-0.418945
0.005871
-0.012131
-0.396240
-0.217651
-0.322754
-0.122986
-0.310547
-0.240723
-0.340088
-0.296387
-0.129883
-0.291748
-0.349854
-0.279541
-0.179565
-0.481445
-0.024643
-0.137695
-0.356201
-0.316406
-0.248169
-0.461914
-0.285645
-0.427246
-0.256592
-0.364014
-0.459473
-0.296631
-0.362793
-0.362793
-0.291016
-0.413574
-0.078552
-0.098267
-0.182983
-0.426514
-0.302490
-0.459717
-0.262451
-0.295166
-0.094116
-0.344238
-0.054169
-0.396729
-0.314209
-0.300781
-0.285400
-0.207642
-0.372803
-0.285400
-0.354736
-0.458984
-0.341553
-0.293213
-0.388916
-0.445801
-0.368652
-0.379639
-0.224854
-0.271973
-0.118469
-0.154785
-0.281982
-0.275879
-0.108826
-0.290039
-0.057861
-0.301514
-0.385986
-0.130981
-0.404297
-0.276855
-0.358154
-0.415771
-0.338135
-0.324707
-0.206543
-0.273193
-0.034515
-0.105347
-0.406738
-0.410400
-0.235840
-0.187988
-0.000233
-0.250488
-0.089661
-0.242432
-0.452148
-0.354248
-0.292480
-0.291504
-0.016159
-0.196777
-0.368896
-0.095276
-0.332275
-0.132324
-0.171387
-0.140015
-0.340088
-0.377197
0.015327
-0.375732
-0.373779
0.089783
0.139771
-0.381348
-0.263672
-0.418213
-0.193604
-0.106934
-0.167480
-0.134766
-0.154541
-0.182251
-0.369629
0.125244
-0.306641
-0.224243
-0.107666
-0.166626
-0.327881
-0.131592
-0.304443
-0.262451
-0.237671
-0.064758
-0.146851
-0.287109
-0.231445
0.070801
-0.239990
0.016602
-0.149658
-0.262451
-0.150391
-0.049500
-0.213135
-0.072266
-0.144043
-0.218750
-0.105347
-0.237183
-0.227661
0.053070
-0.273926
-0.124084
-0.229004
-0.017212
0.000452
-0.356201
-0.248413
-0.268555
-0.289062
-0.099182
-0.175415
-0.237793
-0.145874
-0.277832
-0.307129
-0.023407
-0.152344
-0.399658
0.063477
-0.245850
-0.261963
-0.321533
-0.169556
-0.043182
-0.203491
-0.303223
-0.323486
-0.271973
-0.283936
-0.022552
-0.145874
-0.302246
-0.312744
-0.199341
0.007130
-0.017776
-0.235962
0.042877
0.024963
0.017029
-0.231079
-0.375732
-0.117371
-0.208862
-0.193237
-0.405518
0.021484
-0.004921
-0.389648
-0.211670
-0.319092
-0.125488
-0.310791
-0.234619
-0.335449
-0.285400
-0.133545
-0.291748
-0.345947
-0.272949
-0.173706
-0.478027
-0.019241
-0.133301
-0.353271
-0.314209
-0.242310
-0.455078
-0.284912
-0.427490
-0.251709
-0.362061
-0.453125
-0.300537
-0.356445
-0.346436
-0.291504
-0.410156
-0.079773
-0.082336
-0.182739
-0.422607
-0.299072
-0.451660
-0.256836
-0.294434
-0.072937
-0.339844
-0.050659
-0.390381
-0.302246
-0.284668
-0.275879
-0.210205
-0.368896
-0.285156
-0.349609
-0.448486
-0.330078
-0.289307
-0.376953
-0.442383
-0.363037
-0.376709
-0.220703
-0.266357
-0.117493
-0.142578
-0.274902
-0.265381
-0.102905
-0.284424
-0.056213
-0.297852
-0.382080
-0.126709
-0.397705
-0.281006
-0.354248
-0.409180
-0.328613
-0.319336
-0.204956
-0.266113
-0.036682
-0.101624
-0.403076
-0.408936
-0.233032
-0.181763
-0.003490
-0.248535
-0.080383
-0.246094
-0.446533
-0.349365
-0.284912
-0.287842
-0.004349
-0.191040
-0.364258
-0.085205
-0.319336
-0.134033
-0.158203
-0.126099
-0.339844
-0.367432
0.024948
-0.364746
-0.361084
0.104858
0.137573
-0.387451
-0.248901
-0.410400
-0.192749
-0.087891
-0.160889
-0.119751
-0.133667
-0.168335
-0.361084
0.124939
-0.298096
-0.221313
-0.100464
0.099487
-0.325195
-0.119507
-0.292236
-0.260742
-0.231567
-0.056366
-0.131104
-0.281738
-0.222168
0.060516
-0.234863
0.032684
-0.139404
-0.257812
-0.140991
-0.036926
-0.200073
-0.059540
-0.139526
-0.211914
-0.085144
-0.228882
-0.217651
0.053345
-0.273193
-0.116150
-0.215942
-0.008163
0.003952
-0.351318
-0.235596
-0.264648
-0.279297
-0.095947
-0.169556
-0.228882
-0.123230
-0.258789
-0.290527
-0.028885
-0.135986
-0.399902
0.077942
-0.253662
-0.262451
-0.313477
-0.156250
-0.030869
-0.198975
-0.295654
-0.316162
-0.267334
-0.264893
-0.018509
-0.148438
-0.296387
-0.296143
-0.187134
0.028809
-0.014732
-0.232422
0.057648
0.036469
0.017944
-0.220093
-0.361816
-0.102356
-0.206299
-0.183716
-0.390137
0.035553
0.005089
-0.381348
-0.210815
-0.321045
-0.135498
-0.307373
-0.241455
-0.333496
-0.284424
-0.143799
-0.297607
-0.350586
-0.271973
-0.172119
-0.480225
-0.021835
-0.126465
-0.355469
-0.312012
-0.250244
-0.456787
-0.290771
-0.431885
-0.256104
-0.363770
-0.453369
-0.307861
-0.360107
-0.349609
-0.290039
-0.411621
-0.097717
-0.093933
-0.184814
-0.422607
-0.297607
-0.458252
-0.260254
-0.298584
-0.076538
-0.347168
-0.053772
-0.396240
-0.304688
-0.287109
-0.267334
-0.211060
-0.372803
-0.287842
-0.352051
-0.445557
-0.328613
-0.291260
-0.374023
-0.444092
-0.369873
-0.376221
-0.220581
-0.265137
-0.120300
-0.138794
-0.279785
-0.270508
-0.097656
-0.285400
-0.064453
-0.301514
-0.385986
-0.128540
-0.395996
-0.283691
-0.357178
-0.408203
-0.337891
-0.325928
-0.210815
-0.270752
-0.038147
-0.093018
-0.407227
-0.414795
-0.234985
-0.177612
-0.004765
-0.252686
-0.087097
-0.251465
-0.448730
-0.354492
-0.288330
-0.293701
-0.015297
-0.192261
-0.369141
-0.094910
-0.317627
-0.143555
-0.154175
-0.127075
-0.343506
-0.367920
0.020416
-0.366943
-0.369385
0.088745
0.128540
-0.394287
-0.247070
-0.415771
-0.194824
-0.110291
-0.153931
-0.124023
-0.137329
-0.174927
-0.356689
0.118896
-0.307129
-0.225708
-0.107544
-0.089722
-0.320557
-0.127563
-0.291016
-0.268066
-0.230957
-0.064697
-0.142578
-0.285156
-0.226807
0.056793
-0.238525
0.037384
-0.145874
-0.261963
-0.150635
-0.036346
-0.204712
-0.059509
-0.140015
-0.216431
-0.094482
-0.234741
-0.219116
0.033966
-0.274170
-0.126221
-0.219238
-0.006386
0.005676
-0.357178
-0.241089
-0.274170
-0.290771
-0.098022
-0.178101
-0.231567
-0.138916
-0.265381
-0.295654
-0.037445
-0.138672
-0.404297
0.064514
-0.265381
-0.257568
-0.315918
-0.162231
-0.040863
-0.198975
-0.293457
-0.318848
-0.274414
-0.278320
-0.023148
-0.147461
-0.299072
-0.302490
-0.191406
0.028076
-0.023499
-0.236450
0.054413
0.028442
0.011444
-0.226807
-0.364014
-0.109741
-0.212402
-0.183350
-0.396484
0.026276
-0.000133
-0.383057
-0.211182
-0.328369
-0.132202
-0.313477
-0.245605
-0.338135
-0.291748
-0.149170
-0.302979
-0.354736
-0.276367
-0.184937
-0.488037
-0.017502
-0.131348
-0.362549
-0.316406
-0.266357
-0.463867
-0.296143
-0.437744
-0.257812
-0.369629
-0.459473
-0.313965
-0.368652
-0.362305
-0.290527
-0.416016
-0.102600
-0.097961
-0.184937
-0.434326
-0.305176
-0.467529
-0.264648
-0.298096
-0.084961
-0.356934
-0.064209
-0.403564
-0.317627
-0.296875
-0.273682
-0.215210
-0.376709
-0.291504
-0.363281
-0.456787
-0.340332
-0.296875
-0.380859
-0.451172
-0.377686
-0.384521
-0.226562
-0.272705
-0.118225
-0.152588
-0.282715
-0.274902
-0.112915
-0.290527
-0.066467
-0.304932
-0.391602
-0.137573
-0.397949
-0.293701
-0.362061
-0.417969
-0.348145
-0.334229
-0.214478
-0.286133
-0.033783
-0.093262
-0.413330
-0.421875
-0.244873
-0.176392
-0.003756
-0.258301
-0.087158
-0.250732
-0.456543
-0.364014
-0.301514
-0.302002
-0.015701
-0.199707
-0.373779
-0.101868
-0.328369
-0.152100
-0.154053
-0.129639
-0.355225
-0.375244
0.016357
-0.382568
-0.379150
0.075928
0.136230
-0.400879
-0.253174
-0.427246
-0.193970
-0.103394
-0.164062
-0.130737
-0.154419
-0.183228
-0.365967
0.116882
-0.316895
-0.229614
-0.107178
-0.175171
-0.313965
-0.133911
-0.303223
-0.266602
-0.240723
-0.069946
-0.154785
-0.291504
-0.236328
0.062073
-0.242432
0.036255
-0.154541
-0.272217
-0.158691
-0.050812
-0.214478
-0.069946
-0.141479
-0.223267
-0.100525
-0.236084
-0.228271
0.037170
-0.281250
-0.140381
-0.227173
0.002892
-0.000880
-0.364990
-0.255371
-0.287109
-0.297607
-0.100159
-0.180664
-0.238647
-0.140503
-0.278076
-0.307861
-0.039093
-0.149170
-0.414307
0.057922
-0.277100
-0.256348
-0.330566
-0.166504
-0.048676
-0.201294
-0.305908
-0.326660
-0.285889
-0.295410
-0.025162
-0.146362
-0.311523
-0.316162
-0.202026
0.017105
-0.020706
-0.236694
0.047089
0.016739
0.007771
-0.234985
-0.379150
-0.115295
-0.220215
-0.196899
-0.411377
0.019363
-0.008255
-0.389893
-0.214233
-0.333984
-0.128906
-0.315918
-0.249878
-0.340820
-0.299316
-0.154297
-0.303223
-0.358398
-0.279297
-0.192383
-0.491699
-0.015884
-0.136719
-0.363770
-0.323486
-0.270996
-0.468262
-0.300537
-0.442627
-0.259766
-0.369873
-0.462891
-0.317139
-0.374268
-0.369629
-0.290283
-0.419922
-0.102234
-0.104980
-0.187012
-0.435547
-0.309814
-0.476562
-0.271484
-0.300293
-0.090820
-0.359375
-0.072327
-0.406494
-0.322266
-0.306152
-0.275391
-0.219604
-0.380127
-0.291748
-0.368408
-0.462158
-0.350098
-0.297852
-0.387451
-0.456787
-0.384033
-0.390625
-0.230835
-0.277588
-0.118225
-0.163940
-0.290283
-0.276123
-0.124817
-0.292725
-0.067993
-0.308350
-0.395264
-0.144287
-0.402100
-0.304443
-0.366211
-0.420654
-0.353760
-0.335938
-0.216064
-0.295166
-0.036072
-0.093567
-0.416748
-0.425049
-0.248901
-0.176147
-0.010765
-0.260742
-0.090210
-0.247314
-0.462158
-0.366211
-0.307861
-0.308350
-0.023193
-0.206055
-0.375977
-0.107422
-0.336182
-0.160645
-0.157715
-0.129150
-0.361816
-0.381592
0.007973
-0.390625
-0.386475
0.062988
0.133179
-0.404053
-0.262695
-0.429199
-0.199341
-0.148315
-0.174072
-0.131836
-0.172241
-0.189087
-0.372803
0.112976
-0.319824
-0.229492
-0.109436
-0.241211
-0.312744
-0.147339
-0.312256
-0.267090
-0.249146
-0.077881
-0.165405
-0.295166
-0.243774
0.061981
-0.247314
0.029160
-0.160889
-0.276855
-0.170776
-0.060425
-0.218750
-0.081360
-0.144165
-0.230713
-0.112183
-0.237305
-0.231812
0.032959
-0.288818
-0.148071
-0.233521
-0.001110
-0.012871
-0.368164
-0.266602
-0.295410
-0.304932
-0.100830
-0.190063
-0.246948
-0.176392
-0.284668
-0.316406
-0.043793
-0.154053
-0.418457
0.051880
-0.281250
-0.255615
-0.342041
-0.174316
-0.051727
-0.207153
-0.316162
-0.332520
-0.293213
-0.309082
-0.023682
-0.157715
-0.319336
-0.323975
-0.210938
0.011452
-0.020599
-0.233765
0.035645
0.005558
-0.003008
-0.238403
-0.389648
-0.121826
-0.222412
-0.207275
-0.419189
0.011238
-0.015900
-0.393311
-0.217285
-0.329102
-0.126709
-0.312744
-0.246948
-0.336670
-0.295898
-0.151367
-0.296143
-0.354004
-0.277832
-0.191895
-0.485596
-0.015640
-0.137451
-0.358398
-0.320068
-0.266357
-0.463135
-0.295166
-0.437744
-0.256104
-0.366455
-0.457764
-0.312988
-0.367676
-0.363525
-0.285156
-0.416504
-0.093079
-0.104004
-0.186157
-0.431641
-0.308350
-0.468018
-0.266113
-0.294922
-0.085571
-0.353516
-0.075562
-0.402832
-0.319580
-0.304688
-0.275391
-0.215698
-0.375244
-0.287598
-0.364258
-0.458740
-0.349609
-0.292725
-0.384033
-0.450928
-0.377930
-0.387695
-0.228027
-0.277344
-0.114929
-0.165161
-0.287354
-0.270264
-0.130249
-0.289551
-0.063354
-0.303711
-0.392822
-0.143677
-0.398438
-0.301758
-0.358154
-0.416504
-0.348145
-0.330322
-0.210815
-0.290527
-0.036743
-0.095154
-0.411133
-0.418457
-0.243652
-0.175903
-0.016037
-0.256348
-0.089539
-0.245605
-0.456299
-0.362549
-0.304688
-0.303955
-0.023880
-0.205444
-0.370117
-0.106506
-0.335205
-0.157715
-0.158203
-0.127075
-0.358154
-0.380371
0.005196
-0.385986
-0.382812
0.064819
0.129272
-0.398438
-0.261475
-0.420410
-0.198486
-0.150879
-0.172363
-0.126465
-0.174072
-0.182129
-0.370850
0.109619
-0.311523
-0.224609
-0.107239
-0.302490
-0.309814
-0.144897
-0.307861
-0.261475
-0.247437
-0.076111
-0.163208
-0.291016
-0.240356
0.060913
-0.245361
0.025436
-0.159180
-0.272705
-0.169556
-0.059418
-0.217529
-0.081482
-0.141724
-0.226807
-0.110168
-0.233032
-0.228027
0.037354
-0.287598
-0.146729
-0.228394
0.000152
-0.011879
-0.364258
-0.263672
-0.292236
-0.300293
-0.097290
-0.188354
-0.244263
-0.181396
-0.281494
-0.313477
-0.043396
-0.150146
-0.412354
0.051880
-0.275146
-0.256104
-0.337646
-0.173828
-0.046509
-0.204224
-0.313965
-0.328125
-0.287598
-0.304932
-0.020782
-0.160400
-0.317383
-0.321289
-0.210327
0.012062
-0.016388
-0.228882
0.034943
0.004578
-0.003628
-0.232300
-0.386963
-0.119568
-0.219360
-0.206909
-0.411865
0.010941
-0.018341
-0.389404
-0.217041
-0.333008
-0.126709
-0.316650
-0.248779
-0.340088
-0.300293
-0.153931
-0.301025
-0.355225
-0.280518
-0.193970
-0.489502
-0.014694
-0.140869
-0.362061
-0.325439
-0.268311
-0.465576
-0.297607
-0.441650
-0.258057
-0.368896
-0.461182
-0.316895
-0.371582
-0.366455
-0.288818
-0.419189
-0.096497
-0.104004
-0.187988
-0.433594
-0.311279
-0.473877
-0.271240
-0.296631
-0.087646
-0.354736
-0.074890
-0.403564
-0.322266
-0.306152
-0.277832
-0.218384
-0.379883
-0.291992
-0.365479
-0.461426
-0.350586
-0.296387
-0.387695
-0.456543
-0.380859
-0.390137
-0.229370
-0.279297
-0.117310
-0.165527
-0.288086
-0.273438
-0.129639
-0.289551
-0.066101
-0.307617
-0.395508
-0.142944
-0.401611
-0.302979
-0.365234
-0.419922
-0.351074
-0.333496
-0.213745
-0.291992
-0.037781
-0.095947
-0.415283
-0.423340
-0.249512
-0.177856
-0.014351
-0.260254
-0.090698
-0.245850
-0.460449
-0.366211
-0.306152
-0.307129
-0.023514
-0.204712
-0.372803
-0.106140
-0.335693
-0.161743
-0.160400
-0.128662
-0.360596
-0.381836
0.008141
-0.388672
-0.381836
0.067322
0.131348
-0.403076
-0.262939
-0.425781
-0.199219
-0.167725
-0.175415
-0.129639
-0.173218
-0.185913
-0.373779
0.112122
-0.314209
-0.227173
-0.109070
-0.237671
-0.312744
-0.146118
-0.310547
-0.263672
-0.248413
-0.074280
-0.161133
-0.293945
-0.242188
0.061188
-0.248291
0.026443
-0.158813
-0.275635
-0.168579
-0.061890
-0.217285
-0.083130
-0.141479
-0.230835
-0.112793
-0.234375
-0.230591
0.035492
-0.288818
-0.145752
-0.230225
-0.001348
-0.014679
-0.365234
-0.262695
-0.292725
-0.300537
-0.099182
-0.190308
-0.246216
-0.190430
-0.282471
-0.312744
-0.043945
-0.151001
-0.415527
0.056000
-0.278320
-0.257568
-0.340332
-0.172119
-0.045319
-0.207886
-0.315430
-0.329346
-0.290527
-0.305176
-0.022018
-0.159790
-0.319824
-0.320557
-0.210327
0.011429
-0.017212
-0.230713
0.037994
0.006451
-0.000207
-0.235596
-0.386719
-0.118591
-0.222046
-0.208862
-0.414062
0.013466
-0.015671
-0.391846
-0.217163
-0.330322
-0.123291
-0.312012
-0.246582
-0.336670
-0.297119
-0.153198
-0.302490
-0.353271
-0.278320
-0.188477
-0.486328
-0.014778
-0.136841
-0.362305
-0.321777
-0.269043
-0.462402
-0.296143
-0.439941
-0.257080
-0.367676
-0.461182
-0.318848
-0.372314
-0.365234
-0.286865
-0.415527
-0.104614
-0.104675
-0.186157
-0.429932
-0.306885
-0.475098
-0.269287
-0.295654
-0.089661
-0.355225
-0.072144
-0.403076
-0.318359
-0.299805
-0.272461
-0.216919
-0.378174
-0.292236
-0.363525
-0.457275
-0.347900
-0.297607
-0.382080
-0.454102
-0.375977
-0.386475
-0.226807
-0.276123
-0.118164
-0.157715
-0.283936
-0.275146
-0.124023
-0.288330
-0.068604
-0.303955
-0.391602
-0.140259
-0.397949
-0.299561
-0.367676
-0.416504
-0.350098
-0.337891
-0.215942
-0.288086
-0.038025
-0.090332
-0.412354
-0.422363
-0.249146
-0.170776
-0.007111
-0.259033
-0.090881
-0.243652
-0.456299
-0.363037
-0.303223
-0.306152
-0.024155
-0.198975
-0.371826
-0.104675
-0.333740
-0.162354
-0.155273
-0.126831
-0.361328
-0.375732
0.008667
-0.386230
-0.377930
0.063599
0.135132
-0.402832
-0.257324
-0.429688
-0.193604
-0.161377
-0.172119
-0.131104
-0.169556
-0.186890
-0.368408
0.111267
-0.318604
-0.228149
-0.107361
-0.161255
-0.309326
-0.148193
-0.306152
-0.265381
-0.246338
-0.073608
-0.160889
-0.291504
-0.244385
0.060730
-0.247803
0.034088
-0.157471
-0.274902
-0.164795
-0.065491
-0.215820
-0.083313
-0.139526
-0.229370
-0.112793
-0.232544
-0.228638
0.030014
-0.287598
-0.145020
-0.229492
0.004551
-0.016632
-0.365234
-0.260742
-0.290039
-0.301270
-0.094299
-0.191162
-0.242065
-0.184326
-0.281494
-0.311035
-0.046265
-0.148438
-0.412598
0.051331
-0.281738
-0.254639
-0.334717
-0.165283
-0.053314
-0.203491
-0.311523
-0.327881
-0.294189
-0.306641
-0.022308
-0.153076
-0.315674
-0.319092
-0.204468
0.011276
-0.022079
-0.232666
0.040924
0.003727
-0.000669
-0.235596
-0.381348
-0.119934
-0.221680
-0.203857
-0.415283
0.014183
-0.010887
-0.388428
-0.211548
-0.329346
-0.125732
-0.310547
-0.252441
-0.340576
-0.298096
-0.149048
-0.302979
-0.355225
-0.277344
-0.184448
-0.489746
-0.017670
-0.133301
-0.364258
-0.319824
-0.270264
-0.466309
-0.298584
-0.442383
-0.258789
-0.370605
-0.463379
-0.316895
-0.376953
-0.370361
-0.287598
-0.413818
-0.115112
-0.110229
-0.187622
-0.428223
-0.306641
-0.476562
-0.271484
-0.296631
-0.096313
-0.359131
-0.069458
-0.406494
-0.318359
-0.302002
-0.271729
-0.217041
-0.381348
-0.294189
-0.364014
-0.456299
-0.341553
-0.299316
-0.385010
-0.456787
-0.380371
-0.385498
-0.223145
-0.274902
-0.122253
-0.153931
-0.282959
-0.280762
-0.113098
-0.289307
-0.073059
-0.306641
-0.394043
-0.137085
-0.400879
-0.297607
-0.371094
-0.417236
-0.352295
-0.342041
-0.217285
-0.285645
-0.037292
-0.089905
-0.414062
-0.423096
-0.252686
-0.174194
0.000565
-0.262451
-0.089905
-0.246704
-0.459961
-0.365479
-0.302734
-0.307617
-0.026428
-0.200439
-0.375000
-0.106323
-0.329346
-0.163086
-0.157227
-0.134521
-0.362793
-0.374023
0.012276
-0.385986
-0.380615
0.062927
0.134521
-0.405273
-0.259033
-0.437012
-0.192505
-0.148804
-0.168335
-0.136108
-0.165405
-0.188599
-0.365723
0.114075
-0.325439
-0.233398
-0.109680
-0.212769
-0.314941
-0.152832
-0.306396
-0.267334
-0.245361
-0.073120
-0.161987
-0.295654
-0.249023
0.063354
-0.249512
0.037415
-0.157471
-0.276123
-0.164673
-0.067139
-0.216553
-0.081055
-0.135742
-0.229858
-0.115295
-0.234619
-0.232422
0.025848
-0.285889
-0.143311
-0.230225
0.004539
-0.013084
-0.366699
-0.259521
-0.289307
-0.303955
-0.096802
-0.192505
-0.243530
-0.178833
-0.284668
-0.311768
-0.045319
-0.150757
-0.416016
0.044556
-0.286133
-0.253174
-0.332520
-0.164429
-0.059296
-0.201782
-0.309326
-0.333252
-0.298096
-0.310059
-0.027664
-0.151489
-0.318359
-0.319824
-0.204590
0.006580
-0.026733
-0.236084
0.044556
0.002415
0.003550
-0.240356
-0.380615
-0.118408
-0.223389
-0.198608
-0.418945
0.013329
-0.007648
-0.389648
-0.208984
-0.326416
-0.124634
-0.307617
-0.252686
-0.340088
-0.296387
-0.147095
-0.299072
-0.352539
-0.276367
-0.178589
-0.487061
-0.019943
-0.131226
-0.359863
-0.320312
-0.266602
-0.463135
-0.295166
-0.438477
-0.258301
-0.372803
-0.460693
-0.317139
-0.373291
-0.370850
-0.287109
-0.412109
-0.114685
-0.108704
-0.186157
-0.425781
-0.306641
-0.474365
-0.272949
-0.293701
-0.094177
-0.357910
-0.066711
-0.405762
-0.314209
-0.300537
-0.270996
-0.215576
-0.379395
-0.291504
-0.360352
-0.453369
-0.340576
-0.299561
-0.383301
-0.450684
-0.378174
-0.381592
-0.223389
-0.275391
-0.123962
-0.152588
-0.281006
-0.281494
-0.108765
-0.290527
-0.073547
-0.306396
-0.390869
-0.136841
-0.399658
-0.292969
-0.371338
-0.415283
-0.350098
-0.339844
-0.218872
-0.280273
-0.040558
-0.092896
-0.412354
-0.422852
-0.250244
-0.176514
0.000192
-0.260254
-0.091370
-0.247314
-0.456055
-0.362305
-0.301514
-0.303223
-0.028595
-0.200806
-0.373779
-0.106140
-0.324219
-0.162354
-0.157837
-0.134277
-0.359375
-0.371338
0.010941
-0.382568
-0.379639
0.062378
0.129761
-0.399658
-0.258301
-0.433350
-0.191040
-0.166260
-0.162598
-0.135864
-0.164551
-0.188721
-0.363037
0.111511
-0.324463
-0.233521
-0.110413
-0.274902
-0.317627
-0.156250
-0.303223
-0.266357
-0.243042
-0.072083
-0.158691
-0.295654
-0.248169
0.060791
-0.248657
0.033356
-0.156250
-0.274414
-0.162476
-0.067261
-0.216919
-0.078796
-0.136353
-0.226807
-0.117371
-0.236450
-0.231567
0.024048
-0.284668
-0.140015
-0.230347
-0.000429
-0.011139
-0.363281
-0.257080
-0.284180
-0.301025
-0.095459
-0.192871
-0.240234
-0.181396
-0.287598
-0.311279
-0.046112
-0.149536
-0.415283
0.041443
-0.280273
-0.251709
-0.326416
-0.161621
-0.061035
-0.202271
-0.307373
-0.330811
-0.294434
-0.308594
-0.031799
-0.152344
-0.313721
-0.319092
-0.197998
0.002132
-0.030151
-0.238770
0.043945
0.002563
0.002817
-0.240601
-0.377686
-0.117981
-0.223511
-0.195435
-0.416992
0.013733
-0.005611
-0.389404
-0.207397
-0.326660
-0.127441
-0.308838
-0.252930
-0.339844
-0.296387
-0.142456
-0.299805
-0.350830
-0.275879
-0.178589
-0.485596
-0.022766
-0.133179
-0.361328
-0.319336
-0.263916
-0.464844
-0.293457
-0.437500
-0.257812
-0.371338
-0.459961
-0.313965
-0.370605
-0.366455
-0.289551
-0.412842
-0.111328
-0.105774
-0.188721
-0.426025
-0.304932
-0.470947
-0.270020
-0.294678
-0.093628
-0.356445
-0.058044
-0.406738
-0.314453
-0.298584
-0.271729
-0.213135
-0.377686
-0.291016
-0.359131
-0.453613
-0.335449
-0.298584
-0.381836
-0.451172
-0.376953
-0.381592
-0.222290
-0.274414
-0.124023
-0.147339
-0.280762
-0.280273
-0.103699
-0.288086
-0.073608
-0.308838
-0.391602
-0.135132
-0.400391
-0.288330
-0.368896
-0.416748
-0.346680
-0.336426
-0.217529
-0.274658
-0.038055
-0.093933
-0.412842
-0.420654
-0.247070
-0.179565
0.002981
-0.259033
-0.092041
-0.248901
-0.458252
-0.361328
-0.297852
-0.301514
-0.027771
-0.199585
-0.374756
-0.104858
-0.325195
-0.157715
-0.161499
-0.137695
-0.357666
-0.373047
0.015717
-0.378662
-0.377197
0.071960
0.128418
-0.399902
-0.258545
-0.433594
-0.192627
-0.156372
-0.163574
-0.137085
-0.159790
-0.187134
-0.365234
0.115234
-0.320312
-0.233765
-0.110962
-0.321533
-0.323730
-0.150146
-0.301270
-0.266602
-0.239502
-0.069397
-0.153687
-0.291748
-0.245605
0.063843
-0.247437
0.033295
-0.152954
-0.271240
-0.159790
-0.062561
-0.214478
-0.076172
-0.136719
-0.226440
-0.115173
-0.236206
-0.232666
0.028656
-0.280518
-0.135132
-0.227051
-0.001429
-0.006878
-0.363281
-0.250488
-0.278564
-0.298340
-0.098267
-0.192261
-0.239502
-0.190308
-0.283936
-0.307861
-0.040710
-0.147095
-0.412354
0.045593
-0.275879
-0.257324
-0.323730
-0.158936
-0.056763
-0.201294
-0.302734
-0.330566
-0.291016
-0.302246
-0.032318
-0.151123
-0.312256
-0.316895
-0.196167
0.001376
-0.030426
-0.239380
0.049774
0.009933
0.009109
-0.240601
-0.373779
-0.114807
-0.221680
-0.192993
-0.413818
0.019424
-0.002821
-0.387451
-0.206543
-0.321045
-0.127319
-0.306396
-0.247803
-0.336670
-0.291260
-0.134644
-0.294189
-0.345459
-0.274170
-0.173950
-0.479736
-0.026276
-0.129517
-0.356934
-0.312500
-0.258545
-0.457520
-0.284912
-0.429443
-0.254395
-0.366943
-0.453369
-0.309326
-0.362549
-0.355713
-0.286377
-0.409424
-0.104675
-0.098572
-0.187866
-0.419922
-0.301025
-0.458496
-0.262451
-0.292480
-0.087097
-0.348145
-0.051514
-0.400879
-0.307129
-0.288818
-0.270996
-0.206787
-0.369141
-0.287109
-0.351807
-0.447021
-0.328613
-0.295898
-0.374756
-0.443848
-0.367920
-0.373535
-0.216675
-0.269287
-0.125610
-0.139160
-0.274902
-0.274902
-0.097473
-0.282227
-0.070984
-0.306152
-0.386719
-0.131958
-0.394775
-0.279053
-0.360596
-0.410889
-0.336182
-0.329834
-0.214355
-0.265137
-0.036469
-0.096252
-0.407959
-0.414062
-0.241333
-0.182983
0.006069
-0.255859
-0.090759
-0.250732
-0.452148
-0.355469
-0.286865
-0.294189
-0.022797
-0.195190
-0.367920
-0.100342
-0.318359
-0.150513
-0.160767
-0.134888
-0.351318
-0.372070
0.019562
-0.366699
-0.369385
0.082947
0.125000
-0.392822
-0.252930
-0.426758
-0.192993
-0.133423
-0.155151
-0.133179
-0.148560
-0.178955
-0.361328
0.114380
-0.308350
-0.231079
-0.108276
-0.297852
-0.327881
-0.139771
-0.294189
-0.259277
-0.233521
-0.062988
-0.141968
-0.285645
-0.238037
0.062622
-0.241821
0.030258
-0.145508
-0.264160
-0.151978
-0.053894
-0.210205
-0.069824
-0.135132
-0.220825
-0.108215
-0.232910
-0.226929
0.034363
-0.273438
-0.127197
-0.220215
-0.003292
0.000937
-0.357910
-0.239014
-0.268066
-0.291992
-0.096558
-0.183472
-0.231323
-0.169922
-0.276611
-0.301025
-0.037628
-0.142090
-0.405762
0.049591
-0.267334
-0.259766
-0.313721
-0.150879
-0.051758
-0.197021
-0.291016
-0.322266
-0.283447
-0.289307
-0.034393
-0.146362
-0.308105
-0.310547
-0.187622
0.003263
-0.028107
-0.239014
0.058411
0.019455
0.017700
-0.233521
-0.363281
-0.108948
-0.219238
-0.184448
-0.401123
0.028717
0.001605
-0.381592
-0.202637
-0.321045
-0.126831
-0.307129
-0.248169
-0.337158
-0.290771
-0.133057
-0.295654
-0.343262
-0.272461
-0.173096
-0.477783
-0.028549
-0.132690
-0.356201
-0.314941
-0.253174
-0.456299
-0.283936
-0.430176
-0.253662
-0.367188
-0.452881
-0.307373
-0.361084
-0.353271
-0.288574
-0.409424
-0.100708
-0.097717
-0.188354
-0.417480
-0.301025
-0.458984
-0.262695
-0.293945
-0.087891
-0.342529
-0.046814
-0.397949
-0.304688
-0.286377
-0.271729
-0.207764
-0.369873
-0.285156
-0.349121
-0.444336
-0.327637
-0.295410
-0.374756
-0.443848
-0.366211
-0.372314
-0.216675
-0.267578
-0.127686
-0.135498
-0.274658
-0.273682
-0.093506
-0.279785
-0.071045
-0.307373
-0.386230
-0.128662
-0.397217
-0.275391
-0.362061
-0.410889
-0.335205
-0.325684
-0.215576
-0.260010
-0.037811
-0.097107
-0.407715
-0.412598
-0.239136
-0.185791
0.005009
-0.255859
-0.088257
-0.252197
-0.451904
-0.352539
-0.284424
-0.292725
-0.022949
-0.195190
-0.366699
-0.098267
-0.317383
-0.148804
-0.161377
-0.135498
-0.348389
-0.370605
0.022690
-0.362061
-0.365723
0.089478
0.119812
-0.392578
-0.253174
-0.424316
-0.196167
-0.156616
-0.155640
-0.131226
-0.144897
-0.175659
-0.362061
0.115173
-0.305420
-0.229004
-0.109009
-0.344971
-0.334961
-0.140991
-0.292725
-0.261230
-0.231445
-0.059174
-0.135864
-0.282715
-0.236328
0.061890
-0.244873
0.027786
-0.143311
-0.260254
-0.151123
-0.051697
-0.206421
-0.065369
-0.135010
-0.219604
-0.106018
-0.232910
-0.227905
0.033844
-0.271973
-0.120850
-0.220703
-0.007843
0.001062
-0.357422
-0.231812
-0.262695
-0.287842
-0.097412
-0.184937
-0.230835
-0.183350
-0.276367
-0.296143
-0.035583
-0.138062
-0.402344
0.053375
-0.263672
-0.263916
-0.308838
-0.147705
-0.047699
-0.197266
-0.288574
-0.321533
-0.278809
-0.282715
-0.037140
-0.151489
-0.307861
-0.306396
-0.184937
0.004280
-0.029999
-0.238037
0.063904
0.024780
0.019821
-0.231201
-0.358887
-0.105774
-0.217041
-0.181763
-0.396729
0.033356
0.003763
-0.381592
-0.201416
-0.320801
-0.121826
-0.306152
-0.245361
-0.335449
-0.290771
-0.130493
-0.292969
-0.342285
-0.270264
-0.173340
-0.479492
-0.025864
-0.134644
-0.354980
-0.313965
-0.249146
-0.456299
-0.281738
-0.427490
-0.252197
-0.364502
-0.451904
-0.303223
-0.359375
-0.351807
-0.285889
-0.408691
-0.091003
-0.093811
-0.188232
-0.418701
-0.299316
-0.455566
-0.259521
-0.292236
-0.088501
-0.337402
-0.050171
-0.394531
-0.302734
-0.285156
-0.274414
-0.206299
-0.368408
-0.284424
-0.347168
-0.446777
-0.329834
-0.293701
-0.376221
-0.442627
-0.363525
-0.373779
-0.216064
-0.268311
-0.122498
-0.135132
-0.270752
-0.271729
-0.098450
-0.278320
-0.066101
-0.303223
-0.382568
-0.125122
-0.396973
-0.274902
-0.359131
-0.412109
-0.332520
-0.321289
-0.210571
-0.260010
-0.035950
-0.095825
-0.406738
-0.410889
-0.237915
-0.185425
0.004032
-0.252930
-0.085754
-0.249634
-0.452148
-0.351318
-0.282471
-0.288818
-0.017120
-0.192871
-0.364746
-0.094177
-0.317627
-0.144409
-0.162598
-0.134277
-0.343994
-0.369385
0.025070
-0.362793
-0.362793
0.099060
0.126465
-0.388184
-0.252686
-0.421631
-0.194214
-0.135620
-0.157837
-0.128784
-0.143677
-0.173096
-0.363037
0.122253
-0.302734
-0.224121
-0.105347
-0.207764
-0.335205
-0.135010
-0.293457
-0.261719
-0.230103
-0.055786
-0.135864
-0.280762
-0.231079
0.065125
-0.241943
0.027451
-0.141235
-0.257812
-0.146240
-0.049927
-0.204102
-0.062988
-0.136108
-0.215576
-0.099304
-0.231323
-0.225708
0.043854
-0.268799
-0.119080
-0.219482
-0.005711
0.001561
-0.356445
-0.232056
-0.258789
-0.282715
-0.093689
-0.179321
-0.229858
-0.157837
-0.275391
-0.291748
-0.029892
-0.137573
-0.399414
0.059021
-0.258301
-0.263916
-0.308838
-0.147095
-0.043182
-0.197144
-0.288574
-0.319336
-0.274170
-0.275635
-0.033417
-0.149292
-0.304932
-0.304199
-0.185303
0.009491
-0.026413
-0.234985
0.062286
0.028641
0.021317
-0.225708
-0.357422
-0.104431
-0.215210
-0.181274
-0.395508
0.035217
0.004177
-0.380859
-0.202515
-0.322510
-0.115845
-0.305908
-0.243408
-0.335205
-0.293457
-0.133789
-0.289551
-0.343750
-0.270264
-0.177246
-0.480713
-0.018051
-0.137329
-0.355225
-0.317139
-0.249878
-0.458496
-0.282471
-0.427734
-0.249634
-0.362305
-0.454102
-0.301270
-0.361572
-0.353760
-0.284912
-0.407715
-0.083313
-0.094055
-0.185425
-0.421387
-0.299805
-0.458496
-0.261719
-0.290283
-0.086426
-0.337402
-0.057037
-0.394287
-0.304932
-0.292236
-0.276611
-0.208374
-0.370361
-0.281982
-0.351807
-0.449707
-0.331543
-0.292236
-0.380859
-0.445068
-0.367188
-0.376953
-0.216797
-0.270996
-0.116272
-0.143433
-0.272705
-0.269531
-0.105591
-0.279053
-0.061066
-0.300049
-0.383301
-0.125854
-0.400146
-0.279785
-0.358643
-0.413818
-0.334717
-0.322266
-0.208252
-0.265625
-0.033783
-0.093567
-0.406250
-0.411621
-0.240356
-0.182617
0.001905
-0.249756
-0.084595
-0.243164
-0.453125
-0.351807
-0.287109
-0.290771
-0.012802
-0.193359
-0.364502
-0.090942
-0.320557
-0.145508
-0.162476
-0.131592
-0.342285
-0.367432
0.024750
-0.367188
-0.363037
0.105835
0.135986
-0.390137
-0.255371
-0.416504
-0.190552
-0.137207
-0.162964
-0.126221
-0.146606
-0.172852
-0.364502
0.130249
-0.302246
-0.222046
-0.102417
-0.052704
-0.330566
-0.130493
-0.296875
-0.263184
-0.233154
-0.054718
-0.139404
-0.280518
-0.230347
0.066833
-0.241089
0.030991
-0.141724
-0.260010
-0.144043
-0.050476
-0.206299
-0.066345
-0.133301
-0.215332
-0.094543
-0.229004
-0.227661
0.054230
-0.273438
-0.120300
-0.218262
-0.001448
-0.001822
-0.354980
-0.236816
-0.259521
-0.279785
-0.091064
-0.180420
-0.234253
-0.164185
-0.274658
-0.288818
-0.027084
-0.138672
-0.401123
0.066589
-0.257812
-0.260010
-0.313965
-0.151123
-0.037506
-0.196289
-0.296143
-0.320312
-0.275391
-0.275146
-0.028076
-0.149902
-0.305664
-0.300781
-0.190796
0.015472
-0.020981
-0.229126
0.058075
0.026581
0.020706
-0.221313
-0.361328
-0.102539
-0.214844
-0.186646
-0.397461
0.033081
0.003929
-0.383301
-0.203491
-0.321045
-0.118042
-0.304443
-0.243408
-0.333252
-0.291992
-0.133667
-0.289551
-0.345947
-0.271240
-0.179810
-0.480713
-0.016937
-0.138184
-0.354736
-0.317871
-0.254883
-0.457275
-0.281494
-0.426270
-0.249756
-0.362305
-0.453125
-0.302002
-0.362305
-0.354492
-0.284424
-0.406006
-0.085388
-0.094666
-0.183472
-0.422119
-0.298828
-0.462402
-0.262451
-0.285889
-0.090454
-0.338623
-0.059143
-0.396484
-0.307617
-0.293945
-0.274902
-0.207275
-0.369873
-0.280762
-0.353271
-0.448730
-0.331787
-0.292725
-0.379395
-0.444824
-0.368408
-0.375244
-0.217896
-0.272217
-0.115417
-0.145020
-0.272217
-0.269531
-0.107422
-0.279053
-0.061066
-0.299072
-0.383545
-0.127686
-0.398438
-0.277344
-0.361084
-0.414307
-0.338135
-0.324463
-0.210083
-0.268799
-0.033966
-0.096252
-0.404541
-0.410400
-0.241699
-0.181152
0.001972
-0.248779
-0.086853
-0.241455
-0.451416
-0.353760
-0.288086
-0.293213
-0.013100
-0.191895
-0.363281
-0.094421
-0.319336
-0.149780
-0.160645
-0.131958
-0.343506
-0.365967
0.021332
-0.369873
-0.365479
0.100342
0.135498
-0.388916
-0.255371
-0.416992
-0.187012
-0.137939
-0.162720
-0.125732
-0.150146
-0.174072
-0.364258
0.129272
-0.305664
-0.223022
-0.104553
0.031830
-0.326172
-0.131226
-0.296387
-0.260742
-0.233765
-0.057770
-0.143188
-0.281494
-0.232544
0.067261
-0.242065
0.032074
-0.144775
-0.262939
-0.146118
-0.054169
-0.208862
-0.068237
-0.133667
-0.216309
-0.097717
-0.229248
-0.226562
0.049835
-0.274902
-0.123840
-0.219971
-0.002478
-0.002216
-0.355225
-0.240479
-0.261475
-0.283691
-0.089661
-0.179810
-0.235107
-0.149658
-0.278564
-0.291016
-0.028992
-0.140991
-0.401367
0.064026
-0.260986
-0.257080
-0.317383
-0.154175
-0.041504
-0.194702
-0.296875
-0.320801
-0.278809
-0.279541
-0.026337
-0.144897
-0.304688
-0.304932
-0.192383
0.013550
-0.022110
-0.229980
0.053650
0.023026
0.016769
-0.224365
-0.362793
-0.103210
-0.216431
-0.191040
-0.402100
0.030334
0.004143
-0.383789
-0.204224
-0.327881
-0.122925
-0.305176
-0.252441
-0.339355
-0.297852
-0.138916
-0.296631
-0.353027
-0.273438
-0.183228
-0.488770
-0.020248
-0.133545
-0.361572
-0.318848
-0.265137
-0.465332
-0.291504
-0.437012
-0.255615
-0.368896
-0.462402
-0.312012
-0.372070
-0.370117
-0.287842
-0.408936
-0.107361
-0.107422
-0.186768
-0.426514
-0.305664
-0.474121
-0.268066
-0.291992
-0.099487
-0.352051
-0.061371
-0.405273
-0.314941
-0.301270
-0.272949
-0.210938
-0.376953
-0.287354
-0.361816
-0.454590
-0.337891
-0.300781
-0.384033
-0.452148
-0.377930
-0.380371
-0.219604
-0.275391
-0.119812
-0.148804
-0.276855
-0.280518
-0.102234
-0.284912
-0.072266
-0.307129
-0.392334
-0.132080
-0.403076
-0.286621
-0.370117
-0.418945
-0.348633
-0.336426
-0.216797
-0.275879
-0.034637
-0.090942
-0.412598
-0.421387
-0.250488
-0.180908
0.004620
-0.257080
-0.090332
-0.246338
-0.461670
-0.362061
-0.298340
-0.302734
-0.023193
-0.197021
-0.373779
-0.102600
-0.323730
-0.157837
-0.160522
-0.138916
-0.354492
-0.370605
0.017090
-0.380371
-0.374756
0.080688
0.134277
-0.400146
-0.260254
-0.433350
-0.189087
-0.145142
-0.162598
-0.135620
-0.159424
-0.186035
-0.368164
0.124695
-0.319580
-0.231934
-0.108337
-0.095825
-0.325439
-0.143921
-0.302246
-0.265869
-0.240112
-0.066040
-0.153442
-0.291260
-0.245728
0.069946
-0.247314
0.036469
-0.153564
-0.272949
-0.157104
-0.064087
-0.216919
-0.074829
-0.132202
-0.223999
-0.111267
-0.235962
-0.235107
0.036285
-0.281006
-0.135254
-0.227905
0.001479
-0.005672
-0.364014
-0.251953
-0.274658
-0.295166
-0.094604
-0.188110
-0.240967
-0.172241
-0.291260
-0.302246
-0.034515
-0.148926
-0.413086
0.049133
-0.276367
-0.254639
-0.326172
-0.158325
-0.058990
-0.198853
-0.304199
-0.331299
-0.293945
-0.301514
-0.035034
-0.147461
-0.314209
-0.316162
-0.198486
0.004578
-0.029221
-0.236328
0.051849
0.013985
0.015640
-0.237549
-0.372559
-0.111755
-0.224365
-0.196655
-0.417236
0.022476
-0.000396
-0.390869
-0.204956
-0.330322
-0.124634
-0.307861
-0.254883
-0.339600
-0.298096
-0.139526
-0.300537
-0.353760
-0.273682
-0.181885
-0.489990
-0.021805
-0.130249
-0.363525
-0.319824
-0.270996
-0.465088
-0.294678
-0.440674
-0.255859
-0.371338
-0.460449
-0.319336
-0.374512
-0.370850
-0.286621
-0.409424
-0.120544
-0.106201
-0.188232
-0.426758
-0.307861
-0.477295
-0.269775
-0.291016
-0.096130
-0.356689
-0.062347
-0.408447
-0.316162
-0.300537
-0.267822
-0.212036
-0.378418
-0.291992
-0.363037
-0.452637
-0.338379
-0.303467
-0.379395
-0.454346
-0.382812
-0.381836
-0.219360
-0.276123
-0.124390
-0.146851
-0.272949
-0.281738
-0.100891
-0.284912
-0.077698
-0.307373
-0.394531
-0.134766
-0.399170
-0.292236
-0.374268
-0.417480
-0.351318
-0.346680
-0.221436
-0.274658
-0.036072
-0.092529
-0.414062
-0.424561
-0.253174
-0.177002
0.005863
-0.262451
-0.091919
-0.247437
-0.460693
-0.364258
-0.298828
-0.307861
-0.024902
-0.199341
-0.375732
-0.105591
-0.320801
-0.165161
-0.156250
-0.138062
-0.362793
-0.370117
0.016479
-0.381592
-0.374512
0.068298
0.133911
-0.404541
-0.257568
-0.440674
-0.185059
-0.155884
-0.161499
-0.136230
-0.160400
-0.188843
-0.367432
0.114685
-0.325684
-0.236328
-0.107666
-0.255859
-0.323242
-0.147217
-0.300537
-0.264160
-0.243286
-0.066589
-0.152344
-0.295166
-0.252686
0.067078
-0.248779
0.042938
-0.154907
-0.277588
-0.162231
-0.072021
-0.218506
-0.077209
-0.129395
-0.227417
-0.112427
-0.232666
-0.236694
0.025314
-0.285645
-0.141357
-0.227295
0.003986
-0.007866
-0.364990
-0.252686
-0.280273
-0.301270
-0.095215
-0.190308
-0.239502
-0.179321
-0.291016
-0.306152
-0.043304
-0.149170
-0.418213
0.042358
-0.289062
-0.253662
-0.326416
-0.153809
-0.064758
-0.200806
-0.305420
-0.331299
-0.301758
-0.309570
-0.034760
-0.145508
-0.318848
-0.316650
-0.198242
0.000997
-0.030441
-0.238525
0.055847
0.007679
0.012932
-0.242920
-0.375732
-0.109558
-0.230347
-0.196411
-0.417725
0.021683
-0.000543
-0.389893
-0.203857
-0.329590
-0.122559
-0.311035
-0.254639
-0.338867
-0.297607
-0.140137
-0.302490
-0.350586
-0.275391
-0.178955
-0.485596
-0.020462
-0.129028
-0.364746
-0.320557
-0.271729
-0.462646
-0.293457
-0.442871
-0.255859
-0.371338
-0.457031
-0.318359
-0.374756
-0.367676
-0.285156
-0.410889
-0.122314
-0.104492
-0.189453
-0.421387
-0.308594
-0.476807
-0.271484
-0.289062
-0.093994
-0.360107
-0.059662
-0.405273
-0.315674
-0.295654
-0.264160
-0.213623
-0.381104
-0.294189
-0.359619
-0.448730
-0.336182
-0.302979
-0.377197
-0.453613
-0.379883
-0.381348
-0.217529
-0.275391
-0.126953
-0.147095
-0.270752
-0.278564
-0.101196
-0.282227
-0.080872
-0.306641
-0.393066
-0.133789
-0.396973
-0.293701
-0.375244
-0.415527
-0.350586
-0.346191
-0.220581
-0.270264
-0.035919
-0.092529
-0.414062
-0.424316
-0.253418
-0.174072
0.005146
-0.266602
-0.088684
-0.248413
-0.458008
-0.363281
-0.296387
-0.308594
-0.027069
-0.196533
-0.374268
-0.103149
-0.318359
-0.169067
-0.156128
-0.137695
-0.366699
-0.368408
0.018188
-0.378662
-0.369873
0.062927
0.136230
-0.410156
-0.257324
-0.443359
-0.187378
-0.180054
-0.164307
-0.134888
-0.159546
-0.186157
-0.363525
0.109375
-0.325684
-0.236572
-0.108093
-0.354248
-0.323486
-0.152344
-0.300781
-0.264160
-0.242554
-0.064758
-0.147217
-0.296143
-0.254150
0.064087
-0.251221
0.043304
-0.152222
-0.277832
-0.162354
-0.078369
-0.216675
-0.080811
-0.125854
-0.227173
-0.111694
-0.226074
-0.237061
0.020111
-0.285889
-0.139771
-0.224487
0.004639
-0.010902
-0.364990
-0.247437
-0.279785
-0.301514
-0.096924
-0.192505
-0.240234
-0.202148
-0.283691
-0.305176
-0.049927
-0.144409
-0.418457
0.043396
-0.294922
-0.258057
-0.324463
-0.150146
-0.062866
-0.201904
-0.305908
-0.330322
-0.302002
-0.309326
-0.034454
-0.153687
-0.321289
-0.310547
-0.198486
-0.001959
-0.031525
-0.236450
0.059998
0.001955
0.010674
-0.243408
-0.372803
-0.105103
-0.231567
-0.192139
-0.414551
0.022385
0.000482
-0.387695
-0.204102
-0.329590
-0.123230
-0.309814
-0.255127
-0.337158
-0.297607
-0.142822
-0.302979
-0.353027
-0.276123
-0.179565
-0.487305
-0.016968
-0.130249
-0.364258
-0.322754
-0.268799
-0.463867
-0.292236
-0.442871
-0.256104
-0.371826
-0.458740
-0.317383
-0.373535
-0.366943
-0.286133
-0.412354
-0.117859
-0.102600
-0.187012
-0.425537
-0.307129
-0.476562
-0.271484
-0.291016
-0.090881
-0.360107
-0.061279
-0.406006
-0.315430
-0.297363
-0.266602
-0.213013
-0.379150
-0.295166
-0.361084
-0.453125
-0.337646
-0.303467
-0.377686
-0.453125
-0.379150
-0.382568
-0.220947
-0.276367
-0.122009
-0.149414
-0.272949
-0.278809
-0.103455
-0.284180
-0.075867
-0.305176
-0.392090
-0.134155
-0.399414
-0.294922
-0.374756
-0.416992
-0.349121
-0.344971
-0.219727
-0.271973
-0.033661
-0.091797
-0.414551
-0.424805
-0.251709
-0.174316
0.004745
-0.263916
-0.088989
-0.247559
-0.458252
-0.364014
-0.299316
-0.305420
-0.023422
-0.196899
-0.375244
-0.100220
-0.318604
-0.164185
-0.155884
-0.135742
-0.364258
-0.368896
0.019135
-0.379639
-0.372070
0.069763
0.136353
-0.408936
-0.257324
-0.440430
-0.189819
-0.171631
-0.164185
-0.132446
-0.156860
-0.184082
-0.365723
0.115784
-0.324951
-0.234497
-0.106079
-0.224243
-0.323975
-0.148315
-0.300293
-0.264648
-0.241333
-0.065308
-0.150146
-0.295166
-0.250977
0.063660
-0.248169
0.042084
-0.152710
-0.277832
-0.161743
-0.072449
-0.216309
-0.078613
-0.129272
-0.225952
-0.106201
-0.226929
-0.235474
0.027451
-0.284180
-0.137207
-0.225098
0.006298
-0.007679
-0.364502
-0.249390
-0.279297
-0.299561
-0.094604
-0.191040
-0.238770
-0.185425
-0.282715
-0.304443
-0.046417
-0.145996
-0.419434
0.048309
-0.292236
-0.258545
-0.325439
-0.153687
-0.059204
-0.201416
-0.306152
-0.330811
-0.298096
-0.306152
-0.032013
-0.152222
-0.317383
-0.311279
-0.198853
0.004704
-0.028900
-0.236816
0.058136
0.008530
0.010262
-0.241577
-0.373291
-0.105774
-0.228149
-0.192017
-0.416016
0.022964
-0.000112
-0.388428
-0.204346
-0.331299
-0.123413
-0.304932
-0.255127
-0.339111
-0.300049
-0.150146
-0.300293
-0.358398
-0.276855
-0.179932
-0.493408
-0.015076
-0.132935
-0.364014
-0.322998
-0.265137
-0.469238
-0.297607
-0.442139
-0.259766
-0.373535
-0.467285
-0.318359
-0.376709
-0.373535
-0.289795
-0.414307
-0.114746
-0.109314
-0.185059
-0.432861
-0.303955
-0.479248
-0.271973
-0.297363
-0.097229
-0.360107
-0.067932
-0.409668
-0.317383
-0.304199
-0.271240
-0.213745
-0.380127
-0.294434
-0.366211
-0.460693
-0.340332
-0.301270
-0.386475
-0.456787
-0.382568
-0.385254
-0.224976
-0.276855
-0.119019
-0.151123
-0.282227
-0.284668
-0.105652
-0.291016
-0.071411
-0.305664
-0.393066
-0.135132
-0.406738
-0.295898
-0.371826
-0.419922
-0.350586
-0.342041
-0.218384
-0.283936
-0.035248
-0.084534
-0.415527
-0.425781
-0.250977
-0.177734
0.002590
-0.258057
-0.090637
-0.247070
-0.463379
-0.365967
-0.306641
-0.304688
-0.025116
-0.202148
-0.378906
-0.102112
-0.326904
-0.159668
-0.160278
-0.134399
-0.359619
-0.372559
0.013145
-0.385742
-0.382812
0.069519
0.134399
-0.406006
-0.259521
-0.437744
-0.193848
-0.152222
-0.165894
-0.136353
-0.163208
-0.191772
-0.367188
0.124817
-0.328125
-0.235107
-0.106018
-0.127686
-0.322998
-0.152954
-0.305664
-0.271729
-0.243530
-0.074463
-0.166260
-0.294922
-0.247559
0.064026
-0.248535
0.036346
-0.159546
-0.275391
-0.164673
-0.063049
-0.217163
-0.079224
-0.135742
-0.228394
-0.112793
-0.239624
-0.235229
0.032806
-0.283936
-0.140381
-0.231812
0.006100
-0.006340
-0.367920
-0.258057
-0.282959
-0.301758
-0.092712
-0.193604
-0.242188
-0.184570
-0.291748
-0.310303
-0.039642
-0.153076
-0.419922
0.043365
-0.281738
-0.251709
-0.331299
-0.162964
-0.062561
-0.202393
-0.309082
-0.335205
-0.297119
-0.311768
-0.031281
-0.151978
-0.315674
-0.321045
-0.202881
0.010841
-0.029358
-0.239136
0.045685
0.010132
0.007648
-0.242065
-0.379639
-0.117432
-0.222168
-0.196167
-0.422363
0.015533
-0.006184
-0.393555
-0.205811
-0.329590
-0.123962
-0.297852
-0.250977
-0.337402
-0.298096
-0.153076
-0.297607
-0.357910
-0.277588
-0.177856
-0.490723
-0.012833
-0.134033
-0.361084
-0.324463
-0.256836
-0.468262
-0.296387
-0.435547
-0.261230
-0.371338
-0.466553
-0.313477
-0.372314
-0.372803
-0.287842
-0.415283
-0.102295
-0.112061
-0.183716
-0.433594
-0.299316
-0.477539
-0.271973
-0.298584
-0.100891
-0.353760
-0.070984
-0.406494
-0.315430
-0.304688
-0.272949
-0.212524
-0.376221
-0.290039
-0.365723
-0.460938
-0.343750
-0.296387
-0.389160
-0.455566
-0.379150
-0.381592
-0.228516
-0.276367
-0.114258
-0.150513
-0.287598
-0.283447
-0.109741
-0.292969
-0.063232
-0.301758
-0.388916
-0.133789
-0.407715
-0.291504
-0.369141
-0.417480
-0.348389
-0.332764
-0.216064
-0.287109
-0.037140
-0.082886
-0.412842
-0.419922
-0.244995
-0.179443
-0.000940
-0.249023
-0.093689
-0.243042
-0.458740
-0.363037
-0.308594
-0.299805
-0.024689
-0.201660
-0.375732
-0.102478
-0.330566
-0.153931
-0.161987
-0.133057
-0.350098
-0.373779
0.010429
-0.384277
-0.383545
0.071594
0.132446
-0.395264
-0.261230
-0.426514
-0.195435
-0.157104
-0.167358
-0.135010
-0.168579
-0.193115
-0.366699
0.129272
-0.324707
-0.228516
-0.106567
-0.085083
-0.322266
-0.151367
-0.304443
-0.274902
-0.242798
-0.077148
-0.174072
-0.289795
-0.240967
0.065063
-0.247681
0.028915
-0.161499
-0.271240
-0.163086
-0.057495
-0.217041
-0.076782
-0.143799
-0.228271
-0.116394
-0.245483
-0.231445
0.037140
-0.281738
-0.138062
-0.236938
0.003193
-0.007881
-0.365723
-0.260010
-0.279541
-0.299805
-0.094055
-0.191895
-0.242554
-0.185303
-0.291748
-0.311768
-0.032593
-0.155029
-0.411621
0.043671
-0.266113
-0.249634
-0.329834
-0.167603
-0.061401
-0.200317
-0.309082
-0.333496
-0.286377
-0.307129
-0.031281
-0.151733
-0.309326
-0.322754
-0.202271
0.018631
-0.029633
-0.236572
0.037506
0.010963
0.002691
-0.238037
-0.380615
-0.126221
-0.215454
-0.195312
-0.422363
0.008080
-0.013412
-0.393066
-0.205200
-0.325195
-0.119385
-0.302979
-0.240967
-0.335938
-0.294678
-0.146240
-0.292725
-0.353760
-0.275879
-0.178223
-0.483643
-0.009399
-0.140259
-0.357178
-0.324463
-0.248413
-0.462646
-0.291260
-0.430420
-0.253906
-0.363281
-0.459473
-0.304932
-0.364258
-0.358154
-0.285645
-0.413818
-0.081482
-0.097168
-0.182983
-0.427246
-0.298584
-0.467041
-0.264893
-0.293701
-0.086914
-0.342041
-0.065308
-0.395264
-0.308838
-0.297363
-0.279785
-0.211182
-0.374268
-0.287354
-0.358643
-0.456787
-0.339355
-0.290283
-0.387695
-0.451172
-0.369141
-0.382080
-0.225220
-0.274414
-0.110229
-0.150391
-0.281494
-0.271973
-0.112854
-0.285400
-0.056030
-0.299072
-0.385498
-0.128906
-0.403809
-0.287598
-0.359131
-0.414062
-0.338379
-0.322998
-0.207520
-0.280273
-0.033569
-0.090576
-0.410889
-0.413574
-0.240112
-0.181030
-0.004826
-0.248413
-0.084534
-0.241211
-0.453857
-0.352783
-0.300293
-0.294434
-0.012901
-0.198120
-0.367676
-0.091919
-0.325684
-0.146484
-0.161865
-0.130615
-0.342041
-0.370850
0.021118
-0.374268
-0.372314
0.096130
0.138062
-0.391113
-0.258545
-0.412109
-0.195557
-0.146484
-0.171021
-0.125488
-0.156006
-0.178955
-0.368164
0.132446
-0.307373
-0.220703
-0.103821
0.431885
-0.323486
-0.135986
-0.299805
-0.270264
-0.238525
-0.065063
-0.155640
-0.283203
-0.228882
0.064636
-0.243042
0.029205
-0.150146
-0.262939
-0.148071
-0.047241
-0.208130
-0.071350
-0.143433
-0.220825
-0.101990
-0.237793
-0.224731
0.054779
-0.275635
-0.126221
-0.226440
0.000967
-0.003057
-0.356934
-0.249146
-0.269531
-0.284180
-0.095642
-0.181641
-0.237793
-0.167114
-0.274658
-0.298828
-0.028152
-0.142090
-0.402832
0.070557
-0.255859
-0.256836
-0.323486
-0.163330
-0.038239
-0.200684
-0.308105
-0.324219
-0.272461
-0.281250
-0.021591
-0.151978
-0.304443
-0.306885
-0.198608
0.029327
-0.016830
-0.229004
0.047546
0.022919
0.010132
-0.224976
-0.375000
-0.112122
-0.210205
-0.191406
-0.406250
0.022110
-0.003775
-0.387207
-0.207520
-0.322021
-0.120300
-0.306641
-0.237549
-0.334229
-0.290283
-0.142212
-0.292480
-0.346924
-0.274170
-0.175415
-0.475098
-0.011658
-0.139282
-0.352539
-0.323730
-0.246094
-0.456543
-0.287109
-0.428223
-0.249268
-0.361328
-0.449219
-0.304443
-0.355713
-0.347900
-0.284668
-0.411133
-0.073853
-0.088013
-0.182861
-0.420898
-0.300537
-0.460693
-0.262451
-0.290771
-0.071655
-0.337646
-0.065002
-0.388672
-0.306885
-0.290527
-0.276855
-0.211548
-0.369385
-0.284668
-0.352051
-0.449463
-0.335449
-0.286865
-0.378906
-0.444824
-0.365234
-0.379150
-0.223633
-0.271973
-0.113342
-0.146973
-0.278320
-0.263672
-0.114685
-0.281006
-0.051849
-0.296387
-0.382812
-0.127441
-0.397461
-0.282715
-0.358398
-0.410156
-0.332031
-0.318115
-0.209106
-0.269531
-0.035797
-0.097168
-0.404297
-0.409180
-0.234619
-0.179077
-0.010056
-0.247192
-0.084473
-0.238892
-0.445801
-0.348145
-0.292480
-0.291748
-0.012871
-0.197754
-0.363525
-0.087585
-0.320801
-0.147583
-0.159180
-0.124573
-0.339600
-0.367676
0.019669
-0.366211
-0.361084
0.100281
0.129150
-0.387207
-0.253662
-0.404785
-0.194702
-0.181030
-0.168213
-0.118652
-0.152466
-0.167847
-0.363525
0.125366
-0.298340
-0.215210
-0.101379
-0.189575
-0.324463
-0.130493
-0.294189
-0.264404
-0.234131
-0.057861
-0.140625
-0.279297
-0.225342
0.058899
-0.239990
0.027390
-0.140381
-0.258057
-0.143311
-0.047729
-0.201782
-0.067993
-0.138306
-0.216431
-0.096497
-0.227783
-0.222412
0.051758
-0.277344
-0.119873
-0.218872
-0.002235
-0.006916
-0.352295
-0.238892
-0.263428
-0.277588
-0.095764
-0.178345
-0.234497
-0.190796
-0.265381
-0.291016
-0.033386
-0.134521
-0.397705
0.076111
-0.251709
-0.262207
-0.312988
-0.154419
-0.029587
-0.201294
-0.301270
-0.316895
-0.267090
-0.268066
-0.018692
-0.159546
-0.302979
-0.297119
-0.193481
0.031738
-0.016953
-0.224976
0.054871
0.027481
0.008453
-0.220825
-0.366455
-0.101929
-0.208496
-0.188843
-0.391846
0.031128
-0.002985
-0.381348
-0.208374
-0.322266
-0.124268
-0.307861
-0.237915
-0.335205
-0.289062
-0.138672
-0.292480
-0.347656
-0.273682
-0.174927
-0.479736
-0.014343
-0.138184
-0.353516
-0.322510
-0.245117
-0.456055
-0.287109
-0.429199
-0.251221
-0.361084
-0.451416
-0.304199
-0.356934
-0.347900
-0.284668
-0.412842
-0.075195
-0.088135
-0.183716
-0.422363
-0.299072
-0.460449
-0.262451
-0.294434
-0.069763
-0.339355
-0.061768
-0.388916
-0.304688
-0.289795
-0.275146
-0.211792
-0.371582
-0.284668
-0.352783
-0.448975
-0.335205
-0.287842
-0.378662
-0.445801
-0.367188
-0.380615
-0.223633
-0.269287
-0.114990
-0.145752
-0.278564
-0.265381
-0.109375
-0.281982
-0.053284
-0.297852
-0.384277
-0.127441
-0.397705
-0.283203
-0.358398
-0.411133
-0.331787
-0.316895
-0.209229
-0.267822
-0.035706
-0.097534
-0.405029
-0.410156
-0.234131
-0.179077
-0.008865
-0.248291
-0.083557
-0.240234
-0.448486
-0.349121
-0.290527
-0.291992
-0.010765
-0.196899
-0.365234
-0.087952
-0.319336
-0.145508
-0.160522
-0.124756
-0.340332
-0.369629
0.021408
-0.366699
-0.361328
0.101257
0.130127
-0.387695
-0.251709
-0.406982
-0.195557
-0.154785
-0.166992
-0.117004
-0.147217
-0.167847
-0.364258
0.125610
-0.298828
-0.216919
-0.102173
0.051453
-0.326172
-0.127319
-0.295898
-0.266357
-0.233765
-0.058502
-0.140503
-0.281494
-0.225464
0.061218
-0.239014
0.029877
-0.139526
-0.258545
-0.142700
-0.044067
-0.202026
-0.064819
-0.138062
-0.215088
-0.093872
-0.228516
-0.220825
0.050690
-0.277100
-0.119324
-0.218750
-0.005081
-0.004395
-0.353760
-0.238770
-0.263916
-0.279053
-0.096191
-0.177856
-0.233643
-0.169189
-0.265869
-0.291992
-0.031738
-0.134399
-0.399658
0.076172
-0.253906
-0.261719
-0.312988
-0.154541
-0.028503
-0.200806
-0.299316
-0.318115
-0.267090
-0.266846
-0.018768
-0.156616
-0.302002
-0.297607
-0.193237
0.032227
-0.016327
-0.226318
0.056305
0.031677
0.009605
-0.220215
-0.365479
-0.101990
-0.207642
-0.187622
-0.392578
0.033295
-0.002403
-0.381348
-0.210205
-0.325684
-0.136108
-0.303955
-0.241455
-0.333984
-0.292725
-0.148926
-0.296875
-0.355225
-0.275879
-0.174927
-0.485352
-0.017624
-0.133789
-0.358887
-0.323975
-0.242920
-0.463623
-0.291748
-0.427979
-0.258545
-0.365723
-0.460205
-0.305176
-0.358643
-0.353516
-0.290283
-0.413818
-0.084351
-0.099060
-0.186157
-0.429932
-0.295166
-0.466553
-0.264648
-0.300293
-0.086304
-0.344482
-0.064331
-0.395996
-0.307861
-0.293457
-0.276855
-0.208862
-0.374512
-0.284424
-0.359619
-0.455566
-0.337158
-0.288818
-0.381104
-0.448730
-0.374512
-0.378906
-0.229736
-0.269531
-0.114929
-0.142578
-0.288086
-0.275635
-0.102783
-0.288574
-0.056000
-0.301758
-0.388184
-0.128418
-0.403564
-0.277588
-0.360840
-0.412598
-0.336670
-0.316895
-0.212646
-0.277832
-0.037140
-0.086365
-0.408203
-0.412598
-0.235107
-0.183838
-0.006130
-0.248169
-0.088928
-0.245117
-0.452393
-0.355225
-0.300049
-0.294189
-0.014313
-0.200562
-0.373047
-0.096069
-0.322754
-0.143555
-0.163818
-0.131714
-0.334717
-0.371094
0.016891
-0.372803
-0.374512
0.095947
0.124817
-0.383789
-0.253174
-0.411133
-0.198975
-0.147583
-0.160645
-0.125854
-0.150269
-0.179199
-0.361816
0.131958
-0.307373
-0.219238
-0.110657
-0.086426
-0.325195
-0.131714
-0.300049
-0.275391
-0.229248
-0.070190
-0.159912
-0.281738
-0.223633
0.064636
-0.242188
0.027634
-0.147949
-0.260742
-0.148560
-0.033478
-0.206543
-0.060120
-0.147705
-0.216919
-0.102844
-0.243286
-0.222656
0.042786
-0.273438
-0.124878
-0.227417
-0.008705
0.003538
-0.358643
-0.247559
-0.268311
-0.287598
-0.096313
-0.181152
-0.239136
-0.159058
-0.277832
-0.300049
-0.027206
-0.145874
-0.403809
0.065186
-0.249878
-0.256836
-0.316162
-0.168701
-0.040588
-0.201660
-0.296387
-0.324463
-0.268311
-0.274414
-0.022781
-0.149536
-0.293945
-0.310059
-0.198242
0.036743
-0.022934
-0.232300
0.043243
0.035309
0.004753
-0.229736
-0.373291
-0.120544
-0.207031
-0.185913
-0.403320
0.019226
-0.010338
-0.385986
-0.211182
-0.327148
-0.133057
-0.300049
-0.244385
-0.334473
-0.295410
-0.149536
-0.298096
-0.359863
-0.276123
-0.176880
-0.488770
-0.016312
-0.134399
-0.361816
-0.320801
-0.243164
-0.465576
-0.292725
-0.426758
-0.260986
-0.367676
-0.467285
-0.305176
-0.363770
-0.361572
-0.292725
-0.412598
-0.084534
-0.106079
-0.184082
-0.434082
-0.295654
-0.470215
-0.266602
-0.301514
-0.097717
-0.349121
-0.066711
-0.402100
-0.311279
-0.299805
-0.279297
-0.207642
-0.374268
-0.282715
-0.363770
-0.459961
-0.339111
-0.291748
-0.386475
-0.452637
-0.377197
-0.378418
-0.231689
-0.268555
-0.112976
-0.145508
-0.289307
-0.280273
-0.102539
-0.291992
-0.053864
-0.301514
-0.387451
-0.129639
-0.410156
-0.276611
-0.362305
-0.416748
-0.340088
-0.318604
-0.208618
-0.284912
-0.033356
-0.080750
-0.409180
-0.413818
-0.236694
-0.185303
-0.005726
-0.245605
-0.089233
-0.244141
-0.457275
-0.358887
-0.305664
-0.295410
-0.017349
-0.201538
-0.374023
-0.100159
-0.328369
-0.139282
-0.165527
-0.135010
-0.336914
-0.371094
0.014458
-0.379639
-0.382080
0.092529
0.128052
-0.383301
-0.256592
-0.413818
-0.198242
-0.124207
-0.161255
-0.128906
-0.155396
-0.187988
-0.363281
0.140381
-0.314697
-0.220337
-0.110901
-0.149536
-0.324707
-0.131958
-0.303955
-0.276855
-0.232178
-0.074280
-0.170532
-0.285645
-0.224365
0.068359
-0.242920
0.025284
-0.153076
-0.263672
-0.148926
-0.032898
-0.212769
-0.062622
-0.149414
-0.218872
-0.107422
-0.247803
-0.228516
0.047394
-0.274170
-0.126953
-0.232666
-0.008286
0.003412
-0.363037
-0.255371
-0.272705
-0.290771
-0.095642
-0.179810
-0.241455
-0.148438
-0.286865
-0.302246
-0.021072
-0.152466
-0.406250
0.063782
-0.247437
-0.252197
-0.322754
-0.177002
-0.047791
-0.200195
-0.300781
-0.331055
-0.271729
-0.284424
-0.024841
-0.144531
-0.295166
-0.318604
-0.203735
0.034088
-0.024445
-0.233154
0.036133
0.032684
0.005760
-0.231812
-0.378662
-0.125244
-0.207031
-0.189697
-0.413330
0.012779
-0.012848
-0.390381
-0.210693
-0.330322
-0.135498
-0.298096
-0.253662
-0.337158
-0.299805
-0.155029
-0.299316
-0.368408
-0.281006
-0.182007
-0.495117
-0.016479
-0.137329
-0.367188
-0.329102
-0.254395
-0.473145
-0.297119
-0.433594
-0.265381
-0.375488
-0.475098
-0.312012
-0.373047
-0.379395
-0.292969
-0.418213
-0.092346
-0.122009
-0.184204
-0.440674
-0.297363
-0.481445
-0.276367
-0.301514
-0.111633
-0.357666
-0.077759
-0.413574
-0.319824
-0.314941
-0.279785
-0.211426
-0.379639
-0.289307
-0.372070
-0.468262
-0.350830
-0.297363
-0.398193
-0.458984
-0.386230
-0.382080
-0.238037
-0.275879
-0.110474
-0.158936
-0.295410
-0.288086
-0.109314
-0.300049
-0.059113
-0.305664
-0.392822
-0.136963
-0.416992
-0.287598
-0.370605
-0.423828
-0.350830
-0.328857
-0.214966
-0.295898
-0.037384
-0.084167
-0.413086
-0.421143
-0.243652
-0.187744
-0.011993
-0.247437
-0.100037
-0.244873
-0.463379
-0.365723
-0.317627
-0.303467
-0.034363
-0.208862
-0.380615
-0.110046
-0.334717
-0.151489
-0.170532
-0.139282
-0.347656
-0.378174
0.001658
-0.391113
-0.395996
0.069092
0.119202
-0.387451
-0.268311
-0.422607
-0.202637
-0.155640
-0.167847
-0.136230
-0.174805
-0.198853
-0.374512
0.137573
-0.326904
-0.225464
-0.113708
-0.200684
-0.322266
-0.148926
-0.312744
-0.276855
-0.241211
-0.085999
-0.187378
-0.293701
-0.238037
0.071960
-0.248047
0.012749
-0.168457
-0.273682
-0.164917
-0.047424
-0.225830
-0.077698
-0.151489
-0.228882
-0.122925
-0.258057
-0.236938
0.037323
-0.283936
-0.138306
-0.245850
-0.009193
-0.006020
-0.369385
-0.270508
-0.282227
-0.300537
-0.096497
-0.192017
-0.248657
-0.174316
-0.306396
-0.321289
-0.026962
-0.164551
-0.413086
0.044464
-0.256348
-0.249023
-0.337646
-0.189087
-0.063110
-0.203003
-0.313232
-0.340332
-0.285400
-0.317383
-0.030243
-0.153564
-0.307617
-0.335449
-0.209717
0.017853
-0.032928
-0.236206
0.021606
0.017700
-0.001785
-0.242432
-0.391357
-0.136597
-0.213379
-0.202393
-0.429688
-0.003382
-0.024078
-0.397461
-0.209717
-0.330322
-0.131714
-0.298828
-0.251953
-0.337402
-0.297119
-0.157349
-0.297119
-0.366943
-0.279297
-0.180054
-0.494141
-0.015213
-0.137573
-0.367676
-0.328125
-0.249023
-0.475830
-0.296143
-0.432861
-0.264648
-0.373291
-0.475098
-0.308350
-0.373291
-0.375488
-0.293701
-0.417969
-0.089294
-0.118469
-0.186035
-0.438965
-0.294922
-0.478271
-0.274658
-0.302979
-0.110168
-0.354248
-0.076660
-0.410400
-0.319824
-0.312256
-0.280518
-0.212891
-0.377686
-0.287109
-0.371582
-0.467285
-0.349365
-0.296143
-0.398926
-0.458984
-0.384033
-0.382568
-0.236084
-0.275879
-0.109924
-0.153931
-0.295654
-0.285400
-0.110229
-0.297119
-0.057861
-0.305908
-0.393066
-0.134033
-0.418213
-0.286621
-0.367920
-0.423340
-0.348633
-0.327637
-0.213745
-0.294434
-0.037659
-0.079468
-0.413330
-0.419189
-0.243042
-0.189819
-0.008614
-0.248047
-0.098267
-0.244751
-0.463623
-0.364746
-0.315186
-0.301758
-0.029984
-0.207520
-0.378174
-0.105713
-0.333008
-0.151245
-0.172119
-0.139038
-0.345703
-0.377197
0.007450
-0.387939
-0.392090
0.079041
0.122681
-0.390869
-0.266113
-0.421875
-0.201538
-0.155762
-0.168701
-0.136841
-0.170166
-0.195435
-0.374023
0.142700
-0.323730
-0.224243
-0.113831
-0.145752
-0.324219
-0.145752
-0.311523
-0.280518
-0.239868
-0.083679
-0.184937
-0.289795
-0.234497
0.070557
-0.250732
0.014290
-0.165771
-0.269775
-0.159424
-0.042542
-0.221436
-0.077087
-0.151978
-0.227051
-0.120361
-0.257324
-0.234009
0.041321
-0.278564
-0.136230
-0.242188
-0.006947
-0.005806
-0.368652
-0.265381
-0.277832
-0.296631
-0.095276
-0.190063
-0.248413
-0.171753
-0.302490
-0.316406
-0.022644
-0.162842
-0.413086
0.045898
-0.254639
-0.250244
-0.335693
-0.184570
-0.058319
-0.202515
-0.311035
-0.339355
-0.283691
-0.308594
-0.028824
-0.151489
-0.305908
-0.329102
-0.207031
0.020905
-0.030609
-0.235596
0.023865
0.021500
0.001526
-0.239380
-0.385986
-0.137329
-0.211182
-0.199097
-0.427490
-0.000020
-0.020035
-0.396484
-0.208008
-0.319824
-0.129028
-0.293457
-0.242676
-0.330322
-0.286865
-0.144043
-0.287109
-0.350586
-0.270996
-0.173340
-0.479492
-0.016739
-0.129517
-0.356689
-0.311523
-0.241943
-0.460205
-0.283203
-0.422363
-0.254150
-0.359863
-0.460205
-0.299072
-0.358398
-0.353271
-0.288330
-0.407227
-0.081421
-0.100952
-0.181152
-0.426514
-0.287109
-0.452637
-0.257324
-0.295166
-0.094543
-0.338867
-0.064331
-0.395996
-0.306885
-0.292480
-0.274658
-0.201782
-0.364502
-0.279541
-0.355957
-0.453613
-0.332520
-0.288574
-0.382812
-0.445068
-0.367676
-0.369385
-0.223389
-0.264404
-0.113586
-0.138062
-0.281738
-0.272217
-0.100037
-0.284912
-0.053741
-0.296387
-0.383301
-0.127197
-0.403320
-0.272949
-0.347656
-0.409912
-0.330566
-0.315918
-0.205322
-0.275879
-0.035889
-0.080139
-0.403320
-0.406006
-0.232666
-0.190430
-0.003246
-0.245117
-0.091614
-0.244995
-0.448975
-0.352783
-0.293701
-0.287354
-0.018921
-0.194824
-0.365234
-0.095459
-0.320557
-0.137817
-0.165771
-0.130737
-0.336670
-0.368408
0.018219
-0.366211
-0.372070
0.096191
0.124023
-0.381348
-0.252441
-0.409912
-0.195068
-0.078186
-0.154541
-0.128174
-0.147217
-0.180542
-0.359375
0.136963
-0.305176
-0.220093
-0.104919
-0.005348
-0.323242
-0.127197
-0.295898
-0.270020
-0.226440
-0.069641
-0.159302
-0.276611
-0.222046
0.065430
-0.238403
0.019180
-0.152710
-0.258545
-0.144165
-0.031586
-0.209106
-0.066650
-0.146240
-0.213867
-0.102783
-0.244751
-0.221558
0.048706
-0.265625
-0.123108
-0.223877
-0.002451
0.007549
-0.358154
-0.240845
-0.260742
-0.285645
-0.090759
-0.174805
-0.234497
-0.132324
-0.279541
-0.299316
-0.017578
-0.146362
-0.399902
0.057953
-0.246094
-0.251709
-0.316162
-0.168213
-0.046021
-0.194946
-0.289551
-0.320557
-0.270996
-0.283203
-0.026306
-0.140747
-0.293213
-0.313721
-0.193848
0.025482
-0.022964
-0.233398
0.039520
0.031860
0.018570
-0.224731
-0.365234
-0.122192
-0.206421
-0.185181
-0.402588
0.016830
-0.009956
-0.382324
-0.200562
-0.322266
-0.135376
-0.301514
-0.245483
-0.335693
-0.287354
-0.139893
-0.293701
-0.349365
-0.272217
-0.168945
-0.479492
-0.028214
-0.130127
-0.357178
-0.315186
-0.245239
-0.458984
-0.286621
-0.429199
-0.254883
-0.364746
-0.455811
-0.306152
-0.357666
-0.351074
-0.290527
-0.411133
-0.091492
-0.100403
-0.188965
-0.424805
-0.294189
-0.456055
-0.261230
-0.300293
-0.086304
-0.340088
-0.053619
-0.396484
-0.303955
-0.285400
-0.273682
-0.207153
-0.369141
-0.285645
-0.352783
-0.448486
-0.327881
-0.291748
-0.377441
-0.443604
-0.368164
-0.372559
-0.221558
-0.263672
-0.124329
-0.132324
-0.280518
-0.273438
-0.093628
-0.283691
-0.061737
-0.306396
-0.386963
-0.127441
-0.403320
-0.272461
-0.356689
-0.410645
-0.333252
-0.319580
-0.213623
-0.264893
-0.040466
-0.088013
-0.408203
-0.411621
-0.232666
-0.192017
-0.003767
-0.253662
-0.090210
-0.254150
-0.448975
-0.352295
-0.289551
-0.290039
-0.022827
-0.196167
-0.368896
-0.096436
-0.318604
-0.140625
-0.164062
-0.132935
-0.341797
-0.371094
0.019592
-0.359375
-0.369141
0.095032
0.114929
-0.387939
-0.249756
-0.414795
-0.201782
-0.129761
-0.148926
-0.129639
-0.139038
-0.176758
-0.359619
0.123352
-0.302490
-0.226074
-0.110046
-0.257324
-0.334473
-0.132202
-0.293457
-0.268066
-0.225708
-0.065308
-0.145020
-0.278809
-0.225342
0.060181
-0.240356
0.022003
-0.146484
-0.256348
-0.147217
-0.031464
-0.206177
-0.060730
-0.142822
-0.217163
-0.104736
-0.244141
-0.222046
0.037598
-0.270020
-0.117981
-0.222168
-0.008835
0.008064
-0.358398
-0.232544
-0.261475
-0.287354
-0.096130
-0.180786
-0.231201
-0.168945
-0.275391
-0.299561
-0.028412
-0.141113
-0.401855
0.058960
-0.254150
-0.263184
-0.309570
-0.158936
-0.044861
-0.198364
-0.285645
-0.320068
-0.271240
-0.276611
-0.031616
-0.151489
-0.298096
-0.307861
-0.189941
0.018951
-0.030365
-0.238403
0.056671
0.035736
0.020279
-0.229004
-0.362549
-0.115845
-0.209595
-0.178711
-0.394775
0.026352
-0.003922
-0.383545
-0.202026
-0.315918
-0.134644
-0.299805
-0.241211
-0.330811
-0.279785
-0.136353
-0.291016
-0.343018
-0.268555
-0.164307
-0.470947
-0.030991
-0.127686
-0.350342
-0.313965
-0.239990
-0.451660
-0.280518
-0.425293
-0.251953
-0.360840
-0.446777
-0.303467
-0.352051
-0.342773
-0.287109
-0.407471
-0.093384
-0.095215
-0.188721
-0.416016
-0.290527
-0.449463
-0.258301
-0.295654
-0.077881
-0.334717
-0.045868
-0.390625
-0.296143
-0.280029
-0.269531
-0.204834
-0.363281
-0.284424
-0.343262
-0.437988
-0.320801
-0.289307
-0.369141
-0.436523
-0.359619
-0.367432
-0.217041
-0.260498
-0.124268
-0.127319
-0.274170
-0.269287
-0.087341
-0.279053
-0.062195
-0.304932
-0.380615
-0.123596
-0.395752
-0.268799
-0.354004
-0.402832
-0.329346
-0.314697
-0.213379
-0.255615
-0.043640
-0.092407
-0.402588
-0.406494
-0.227905
-0.186035
-0.001544
-0.250000
-0.088928
-0.254395
-0.440918
-0.345947
-0.282227
-0.284912
-0.024231
-0.194336
-0.363037
-0.092712
-0.310059
-0.139893
-0.159180
-0.129395
-0.335205
-0.364746
0.022491
-0.350586
-0.362793
0.095459
0.109436
-0.383301
-0.244629
-0.407715
-0.201050
-0.155762
-0.145752
-0.124878
-0.134155
-0.169556
-0.354492
0.117065
-0.297119
-0.222046
-0.108032
-0.291748
-0.332520
-0.132568
-0.285645
-0.264648
-0.221558
-0.062866
-0.135864
-0.275635
-0.223511
0.056519
-0.238037
0.026566
-0.140381
-0.252441
-0.145264
-0.031799
-0.199951
-0.054474
-0.139526
-0.213501
-0.101196
-0.238281
-0.216064
0.034668
-0.265381
-0.114319
-0.216553
-0.011284
0.008141
-0.351318
-0.225708
-0.257324
-0.280762
-0.095337
-0.179932
-0.225708
-0.183105
-0.265869
-0.292480
-0.032806
-0.134644
-0.393311
0.060760
-0.252930
-0.262207
-0.302246
-0.152954
-0.042114
-0.194824
-0.278564
-0.314697
-0.265381
-0.267334
-0.029968
-0.152832
-0.293701
-0.300293
-0.181885
0.019684
-0.031052
-0.236938
0.060852
0.036682
0.017502
-0.227539
-0.352783
-0.111389
-0.206909
-0.173096
-0.385010
0.031235
0.001656
-0.377197
-0.202148
-0.319824
-0.132812
-0.302246
-0.241455
-0.332275
-0.283691
-0.137573
-0.291504
-0.344482
-0.270264
-0.167969
-0.478760
-0.025467
-0.131958
-0.353271
-0.311523
-0.242188
-0.458740
-0.283203
-0.426270
-0.253906
-0.360352
-0.453125
-0.300537
-0.354736
-0.349609
-0.290527
-0.409180
-0.088013
-0.094971
-0.188110
-0.425049
-0.292725
-0.451660
-0.256836
-0.299561
-0.082336
-0.338135
-0.050964
-0.395752
-0.301270
-0.287109
-0.275391
-0.204590
-0.366455
-0.285400
-0.350098
-0.448730
-0.326172
-0.290771
-0.377441
-0.442627
-0.365234
-0.374023
-0.219116
-0.263672
-0.118286
-0.132568
-0.277832
-0.272217
-0.093201
-0.283447
-0.059235
-0.301514
-0.384766
-0.124939
-0.400391
-0.272705
-0.351807
-0.409180
-0.332031
-0.317383
-0.210205
-0.263672
-0.039459
-0.089905
-0.405273
-0.410400
-0.231079
-0.185913
-0.000062
-0.248413
-0.090332
-0.251953
-0.448975
-0.351807
-0.287842
-0.286621
-0.018112
-0.193237
-0.367920
-0.092102
-0.318359
-0.133545
-0.162598
-0.130737
-0.334229
-0.368408
0.021210
-0.361328
-0.369629
0.102173
0.122131
-0.383789
-0.248535
-0.411133
-0.197266
-0.087585
-0.149780
-0.128174
-0.135742
-0.174316
-0.360352
0.127563
-0.302490
-0.222900
-0.106018
-0.168823
-0.329102
-0.125488
-0.289795
-0.267090
-0.225464
-0.063232
-0.145874
-0.278076
-0.222168
0.061584
-0.235962
0.025330
-0.144775
-0.255371
-0.144897
-0.029709
-0.204590
-0.055939
-0.142456
-0.212891
-0.094238
-0.239746
-0.219971
0.047729
-0.266357
-0.117188
-0.219116
-0.007248
0.011719
-0.352783
-0.234497
-0.259521
-0.284424
-0.092834
-0.176025
-0.229248
-0.145142
-0.270020
-0.293213
-0.024048
-0.139282
-0.398438
0.065186
-0.249634
-0.258789
-0.310303
-0.160645
-0.040955
-0.196533
-0.284424
-0.319336
-0.265869
-0.270508
-0.027634
-0.142212
-0.294678
-0.304443
-0.189453
0.022903
-0.026581
-0.236694
0.053192
0.037720
0.021545
-0.224609
-0.359863
-0.114319
-0.207764
-0.177002
-0.392822
0.027710
-0.001870
-0.381836
-0.206787
-0.323486
-0.122986
-0.301758
-0.244873
-0.334961
-0.290771
-0.137573
-0.291748
-0.355225
-0.274170
-0.177734
-0.485596
-0.019470
-0.138916
-0.358887
-0.316406
-0.246948
-0.464600
-0.285400
-0.427002
-0.258057
-0.362793
-0.463135
-0.298828
-0.366455
-0.366455
-0.289551
-0.411377
-0.082886
-0.103271
-0.184937
-0.433350
-0.298828
-0.462402
-0.262939
-0.297119
-0.101746
-0.345215
-0.061035
-0.403809
-0.312500
-0.300781
-0.283936
-0.203369
-0.369385
-0.285400
-0.359131
-0.461426
-0.339355
-0.296143
-0.390137
-0.448975
-0.372803
-0.379395
-0.228394
-0.271729
-0.112366
-0.149902
-0.282471
-0.281982
-0.105469
-0.293213
-0.056213
-0.297119
-0.385742
-0.127319
-0.407715
-0.276855
-0.355469
-0.417725
-0.341309
-0.326660
-0.208130
-0.277832
-0.035461
-0.091614
-0.408936
-0.411133
-0.239136
-0.186768
0.000425
-0.246338
-0.095276
-0.244507
-0.455811
-0.357666
-0.298340
-0.291748
-0.014633
-0.198486
-0.372314
-0.097473
-0.329834
-0.134521
-0.169189
-0.138428
-0.338379
-0.375000
0.015038
-0.380859
-0.381592
0.093018
0.137329
-0.381104
-0.261719
-0.420410
-0.194214
-0.071960
-0.164062
-0.137207
-0.151611
-0.184692
-0.371094
0.136719
-0.313477
-0.224121
-0.107056
-0.002785
-0.325439
-0.130981
-0.302490
-0.269531
-0.236572
-0.070557
-0.164429
-0.287109
-0.227661
0.072571
-0.240112
0.019989
-0.154907
-0.265137
-0.152954
-0.043671
-0.215332
-0.067810
-0.145142
-0.219238
-0.104858
-0.244385
-0.230591
0.053467
-0.272217
-0.129272
-0.231689
-0.008522
0.006680
-0.359863
-0.254883
-0.269043
-0.291260
-0.091125
-0.174927
-0.236328
-0.123596
-0.286621
-0.304688
-0.018692
-0.155151
-0.403809
0.061035
-0.246094
-0.253906
-0.325439
-0.174561
-0.051422
-0.199341
-0.299561
-0.326416
-0.275391
-0.290283
-0.027298
-0.139771
-0.300049
-0.318604
-0.200317
0.013748
-0.022705
-0.236206
0.034393
0.025421
0.017181
-0.230835
-0.376221
-0.123779
-0.212402
-0.190674
-0.411377
0.013252
-0.007092
-0.390625
-0.209839
-0.328613
-0.124512
-0.306885
-0.250977
-0.339600
-0.301025
-0.141479
-0.293457
-0.360107
-0.280762
-0.183838
-0.490234
-0.018387
-0.140991
-0.363770
-0.324707
-0.252686
-0.471191
-0.290771
-0.433594
-0.263428
-0.370361
-0.468994
-0.302002
-0.373535
-0.378662
-0.292236
-0.416260
-0.085266
-0.113647
-0.186157
-0.436279
-0.302002
-0.474121
-0.272461
-0.297363
-0.111084
-0.351562
-0.066223
-0.409180
-0.321289
-0.313721
-0.287354
-0.209839
-0.379395
-0.288330
-0.366699
-0.468018
-0.350586
-0.299072
-0.398682
-0.455811
-0.381348
-0.384521
-0.231445
-0.277588
-0.113525
-0.162598
-0.287842
-0.285645
-0.109741
-0.296875
-0.060822
-0.303711
-0.391602
-0.134399
-0.414307
-0.283691
-0.366211
-0.423828
-0.349854
-0.330078
-0.212158
-0.286133
-0.036774
-0.094971
-0.412598
-0.417480
-0.243896
-0.191040
-0.003227
-0.249878
-0.100708
-0.241577
-0.462402
-0.363037
-0.305420
-0.300049
-0.026810
-0.204346
-0.377930
-0.103149
-0.334717
-0.144043
-0.175659
-0.144043
-0.345703
-0.382568
0.008064
-0.389404
-0.389404
0.076782
0.136597
-0.385742
-0.270752
-0.428467
-0.197388
-0.129395
-0.171997
-0.142334
-0.165771
-0.193115
-0.378662
0.135132
-0.322021
-0.227051
-0.112671
-0.158203
-0.327148
-0.143677
-0.312500
-0.270508
-0.243286
-0.076965
-0.173706
-0.293701
-0.237549
0.077576
-0.247437
0.012383
-0.159790
-0.271484
-0.162598
-0.054657
-0.224365
-0.079468
-0.146118
-0.226685
-0.116455
-0.249390
-0.236084
0.044922
-0.278564
-0.134766
-0.240845
-0.015671
-0.003208
-0.364746
-0.265137
-0.276855
-0.297119
-0.094238
-0.185547
-0.246948
-0.160645
-0.299561
-0.316650
-0.023743
-0.162598
-0.409912
0.050934
-0.251465
-0.253418
-0.336182
-0.182739
-0.056152
-0.204224
-0.312012
-0.334229
-0.282959
-0.306885
-0.027618
-0.147949
-0.309082
-0.328369
-0.209229
0.004086
-0.026367
-0.235229
0.025314
0.016098
0.010452
-0.239868
-0.386719
-0.131104
-0.214722
-0.201172
-0.422607
0.004059
-0.014923
-0.396240
-0.211670
-0.324463
-0.120972
-0.311523
-0.245605
-0.338379
-0.299072
-0.134888
-0.289551
-0.354248
-0.279785
-0.179565
-0.483398
-0.020081
-0.142334
-0.360107
-0.321777
-0.250244
-0.465332
-0.285645
-0.428711
-0.258545
-0.368896
-0.463867
-0.297852
-0.368408
-0.371338
-0.290283
-0.415283
-0.077637
-0.102539
-0.182617
-0.432861
-0.301758
-0.465576
-0.268066
-0.294434
-0.102173
-0.347168
-0.059082
-0.404541
-0.317383
-0.308594
-0.286865
-0.208130
-0.376221
-0.285889
-0.359375
-0.464600
-0.347656
-0.294189
-0.394531
-0.449463
-0.375244
-0.382324
-0.229126
-0.276123
-0.113953
-0.161987
-0.282959
-0.279541
-0.108765
-0.293945
-0.056213
-0.301270
-0.387695
-0.132202
-0.408936
-0.280762
-0.361084
-0.420166
-0.344727
-0.327637
-0.208740
-0.278809
-0.034515
-0.102173
-0.410156
-0.413086
-0.240967
-0.187988
0.000936
-0.249512
-0.093933
-0.241699
-0.453857
-0.358154
-0.300049
-0.294922
-0.018784
-0.202026
-0.373535
-0.098267
-0.334717
-0.136597
-0.173096
-0.140625
-0.343018
-0.380615
0.013985
-0.384521
-0.384521
0.085571
0.141113
-0.380127
-0.267822
-0.424561
-0.195923
-0.117065
-0.170898
-0.139038
-0.160034
-0.183716
-0.376221
0.133545
-0.314209
-0.224854
-0.109802
-0.260986
-0.329346
-0.137573
-0.308594
-0.261719
-0.241577
-0.067261
-0.159912
-0.290527
-0.236328
0.078125
-0.243408
0.014244
-0.151245
-0.268799
-0.152954
-0.053925
-0.220215
-0.074646
-0.143066
-0.221802
-0.107605
-0.240601
-0.231323
0.055420
-0.276611
-0.128296
-0.236328
-0.015213
0.001249
-0.357910
-0.258789
-0.269043
-0.290771
-0.096191
-0.177490
-0.242188
-0.149414
-0.289551
-0.310791
-0.022690
-0.156494
-0.405273
0.058289
-0.248047
-0.258789
-0.328125
-0.175903
-0.047821
-0.202148
-0.306885
-0.331055
-0.277344
-0.294678
-0.025238
-0.149902
-0.308105
-0.321533
-0.203613
0.004372
-0.021423
-0.232910
0.034241
0.020020
0.014046
-0.232544
-0.382080
-0.122559
-0.210938
-0.194092
-0.413330
0.012009
-0.006218
-0.393555
-0.211914
-0.321289
-0.117126
-0.312256
-0.242188
-0.338379
-0.295166
-0.128418
-0.286133
-0.349365
-0.277100
-0.175903
-0.478271
-0.024261
-0.143066
-0.352783
-0.320312
-0.247681
-0.460205
-0.284180
-0.425781
-0.256348
-0.363525
-0.456055
-0.294922
-0.364258
-0.364502
-0.288086
-0.411865
-0.078003
-0.096252
-0.182251
-0.422852
-0.302002
-0.461182
-0.266357
-0.289307
-0.094788
-0.342529
-0.052124
-0.398193
-0.312744
-0.302734
-0.286133
-0.206543
-0.374512
-0.284668
-0.351807
-0.455322
-0.341553
-0.291260
-0.388916
-0.444824
-0.367676
-0.378418
-0.224609
-0.274902
-0.117676
-0.156860
-0.280029
-0.277832
-0.104004
-0.288574
-0.057770
-0.301758
-0.383545
-0.127563
-0.402100
-0.278076
-0.361084
-0.414307
-0.339600
-0.324219
-0.205933
-0.270508
-0.035492
-0.108582
-0.407227
-0.408447
-0.238159
-0.184692
0.003860
-0.249268
-0.089294
-0.239746
-0.447998
-0.351562
-0.290039
-0.291992
-0.017715
-0.198975
-0.367432
-0.096375
-0.330078
-0.134766
-0.172485
-0.138550
-0.338867
-0.375732
0.016449
-0.377441
-0.375488
0.089417
0.139282
-0.377441
-0.264404
-0.419434
-0.192871
-0.134766
-0.168457
-0.135742
-0.156982
-0.176147
-0.371094
0.125977
-0.308105
-0.223511
-0.108337
-0.184692
-0.329346
-0.139893
-0.302734
-0.258301
-0.239624
-0.060699
-0.147583
-0.289551
-0.235718
0.075623
-0.241699
0.019608
-0.144287
-0.264160
-0.146973
-0.056061
-0.213135
-0.069458
-0.138916
-0.219727
-0.107117
-0.233398
-0.226196
0.053345
-0.273193
-0.122681
-0.229614
-0.019745
-0.003063
-0.351074
-0.251953
-0.264404
-0.286621
-0.098633
-0.177368
-0.238159
-0.162964
-0.277832
-0.302734
-0.025620
-0.147217
-0.398438
0.064880
-0.245972
-0.262207
-0.319336
-0.168213
-0.039703
-0.203003
-0.303711
-0.326172
-0.271240
-0.282471
-0.023621
-0.151367
-0.304688
-0.309082
-0.198608
0.004852
-0.018875
-0.231445
0.042175
0.020493
0.014076
-0.228516
-0.373535
-0.115845
-0.208374
-0.188965
-0.404297
0.018143
0.000884
-0.389648
-0.211792
-0.323975
-0.120483
-0.310791
-0.247925
-0.339600
-0.297852
-0.136475
-0.291748
-0.354004
-0.279053
-0.177979
-0.488281
-0.022858
-0.143066
-0.356689
-0.323486
-0.254395
-0.464355
-0.291016
-0.432129
-0.261475
-0.369873
-0.461670
-0.305664
-0.369385
-0.370850
-0.290527
-0.415283
-0.093323
-0.102417
-0.184204
-0.429443
-0.303955
-0.470215
-0.270264
-0.293945
-0.098877
-0.347900
-0.056671
-0.405029
-0.312500
-0.304199
-0.281982
-0.211670
-0.375732
-0.287598
-0.357178
-0.459473
-0.342529
-0.296875
-0.387451
-0.448730
-0.372314
-0.379639
-0.225708
-0.277832
-0.116821
-0.153076
-0.283691
-0.282959
-0.105225
-0.290771
-0.064392
-0.302979
-0.388428
-0.130859
-0.406250
-0.284424
-0.368164
-0.418945
-0.345459
-0.329590
-0.212524
-0.278076
-0.037048
-0.100647
-0.412354
-0.416504
-0.243164
-0.183960
0.005413
-0.250732
-0.092529
-0.243530
-0.453857
-0.357910
-0.296631
-0.296875
-0.017578
-0.203613
-0.373779
-0.100647
-0.330811
-0.141602
-0.168213
-0.138672
-0.344482
-0.377930
0.013039
-0.379883
-0.381104
0.082458
0.136108
-0.384277
-0.263184
-0.427979
-0.195190
-0.142578
-0.165894
-0.137207
-0.158203
-0.181763
-0.370605
0.125244
-0.316162
-0.228271
-0.111023
0.084534
-0.328125
-0.147217
-0.303955
-0.265381
-0.241699
-0.065308
-0.154663
-0.292969
-0.240356
0.072632
-0.244263
0.025330
-0.151855
-0.267578
-0.154541
-0.056091
-0.214478
-0.069763
-0.140869
-0.226196
-0.110474
-0.241577
-0.226807
0.043427
-0.278564
-0.128784
-0.234497
-0.015839
-0.003836
-0.358398
-0.255615
-0.270752
-0.291016
-0.096985
-0.187134
-0.239136
-0.167480
-0.285400
-0.308594
-0.029755
-0.150757
-0.406250
0.055298
-0.258301
-0.260498
-0.324219
-0.167603
-0.049652
-0.203369
-0.306396
-0.330322
-0.279785
-0.292236
-0.025925
-0.149780
-0.306396
-0.315918
-0.199463
0.005390
-0.024170
-0.235840
0.042938
0.019791
0.009209
-0.235474
-0.376709
-0.118469
-0.213379
-0.190308
-0.414062
0.016083
-0.002317
-0.393311
-0.211182
-0.329102
-0.126709
-0.307861
-0.255371
-0.342773
-0.300781
-0.144653
-0.297119
-0.361328
-0.280518
-0.181274
-0.493652
-0.024033
-0.139526
-0.363037
-0.324707
-0.260498
-0.472900
-0.298340
-0.437988
-0.263916
-0.374268
-0.469727
-0.310059
-0.376221
-0.378906
-0.292480
-0.416504
-0.104797
-0.116760
-0.187866
-0.435791
-0.305664
-0.479736
-0.274414
-0.300293
-0.108521
-0.356445
-0.065552
-0.410645
-0.318848
-0.310791
-0.281494
-0.213501
-0.379883
-0.290039
-0.365967
-0.463867
-0.346436
-0.301025
-0.393799
-0.456055
-0.382080
-0.383545
-0.228760
-0.280029
-0.119629
-0.154053
-0.290527
-0.289062
-0.105225
-0.295410
-0.068176
-0.309326
-0.393555
-0.133545
-0.410889
-0.290039
-0.373291
-0.422852
-0.352783
-0.334717
-0.217529
-0.286621
-0.037964
-0.091919
-0.415527
-0.421875
-0.248901
-0.184814
0.005337
-0.255615
-0.095642
-0.245850
-0.463379
-0.365723
-0.307129
-0.304443
-0.026642
-0.207153
-0.379883
-0.107849
-0.333496
-0.151611
-0.168945
-0.142822
-0.351074
-0.380127
0.008545
-0.387695
-0.389648
0.072693
0.132324
-0.393555
-0.267334
-0.434814
-0.197876
-0.157715
-0.166626
-0.143677
-0.168335
-0.191895
-0.372803
0.126099
-0.326416
-0.233032
-0.114441
-0.238281
-0.329102
-0.156982
-0.310059
-0.272461
-0.244507
-0.074890
-0.170654
-0.296143
-0.245483
0.072510
-0.250000
0.024933
-0.159180
-0.272217
-0.163818
-0.060394
-0.220825
-0.074097
-0.143921
-0.229736
-0.123962
-0.248169
-0.234619
0.034698
-0.282227
-0.137939
-0.240601
-0.008545
-0.007385
-0.366455
-0.265137
-0.280273
-0.299805
-0.097107
-0.194458
-0.246582
-0.184814
-0.298828
-0.316650
-0.031952
-0.159546
-0.414307
0.043365
-0.266113
-0.256104
-0.331055
-0.173462
-0.063049
-0.204224
-0.310059
-0.339844
-0.290283
-0.306152
-0.032501
-0.152832
-0.311768
-0.326416
-0.206299
0.004314
-0.029755
-0.239014
0.038269
0.010910
0.005505
-0.241943
-0.384766
-0.129395
-0.216919
-0.196777
-0.426270
0.008148
-0.009033
-0.398193
-0.209473
-0.328857
-0.126099
-0.307129
-0.254883
-0.341064
-0.301270
-0.146606
-0.297119
-0.359863
-0.280762
-0.180908
-0.493408
-0.024170
-0.139038
-0.363525
-0.327393
-0.260498
-0.471924
-0.296631
-0.437744
-0.262207
-0.374023
-0.469971
-0.310791
-0.373779
-0.378418
-0.289551
-0.416748
-0.102295
-0.117554
-0.187134
-0.436523
-0.303955
-0.477539
-0.275879
-0.299072
-0.106384
-0.354736
-0.067810
-0.410156
-0.319336
-0.310303
-0.280762
-0.213501
-0.380127
-0.289062
-0.364990
-0.465088
-0.349121
-0.300049
-0.394043
-0.455566
-0.381592
-0.382568
-0.229980
-0.280029
-0.118408
-0.154907
-0.290039
-0.287354
-0.108093
-0.297852
-0.066284
-0.306152
-0.392334
-0.134766
-0.410645
-0.291016
-0.371338
-0.421631
-0.351807
-0.334229
-0.218018
-0.289795
-0.039398
-0.093567
-0.414551
-0.422119
-0.249390
-0.183228
-0.001527
-0.252930
-0.097717
-0.243774
-0.461426
-0.363770
-0.307861
-0.303467
-0.030334
-0.207153
-0.378662
-0.108887
-0.333984
-0.152954
-0.168335
-0.140137
-0.349854
-0.381104
0.006889
-0.387939
-0.390137
0.069214
0.131104
-0.390625
-0.269043
-0.432129
-0.197632
-0.162354
-0.167114
-0.144775
-0.171509
-0.192871
-0.373291
0.124084
-0.324707
-0.231201
-0.113770
-0.262695
-0.326904
-0.156006
-0.310059
-0.273926
-0.245483
-0.075439
-0.170654
-0.293945
-0.243164
0.070862
-0.250000
0.021698
-0.161255
-0.272217
-0.162964
-0.060852
-0.221802
-0.075378
-0.145630
-0.230225
-0.123779
-0.249146
-0.233154
0.034058
-0.284180
-0.139526
-0.240234
-0.007622
-0.009384
-0.366943
-0.264893
-0.281006
-0.299805
-0.098083
-0.194946
-0.247437
-0.187988
-0.299561
-0.318848
-0.035339
-0.160278
-0.413330
0.042084
-0.263428
-0.255371
-0.330811
-0.174316
-0.063171
-0.203613
-0.311768
-0.338135
-0.289062
-0.308105
-0.031952
-0.153320
-0.312744
-0.326660
-0.206177
0.004326
-0.028610
-0.238770
0.035797
0.006844
0.002649
-0.241211
-0.385254
-0.129150
-0.217407
-0.199463
-0.424316
0.005772
-0.011398
-0.395996
-0.209229
-0.326904
-0.123779
-0.307373
-0.248047
-0.338623
-0.298828
-0.145264
-0.293701
-0.355225
-0.279053
-0.181519
-0.487793
-0.017792
-0.140381
-0.360107
-0.324219
-0.255371
-0.468994
-0.292969
-0.435303
-0.257568
-0.368164
-0.465332
-0.307129
-0.367920
-0.368164
-0.289795
-0.415039
-0.092346
-0.106262
-0.186035
-0.431396
-0.302002
-0.471680
-0.270264
-0.296387
-0.096375
-0.348877
-0.063904
-0.404541
-0.314453
-0.304688
-0.281006
-0.213623
-0.378418
-0.286865
-0.362793
-0.460938
-0.343506
-0.296143
-0.391357
-0.454102
-0.376953
-0.384521
-0.226929
-0.278564
-0.115112
-0.153320
-0.284180
-0.279053
-0.111572
-0.291260
-0.062805
-0.306641
-0.389893
-0.132202
-0.407715
-0.288574
-0.364746
-0.420166
-0.345703
-0.327881
-0.211548
-0.282959
-0.036285
-0.092468
-0.413574
-0.418457
-0.245361
-0.182861
-0.002203
-0.251953
-0.091797
-0.243530
-0.459229
-0.358643
-0.302246
-0.299561
-0.021698
-0.202148
-0.374512
-0.101440
-0.330811
-0.149658
-0.167603
-0.137085
-0.346436
-0.375732
0.015518
-0.382568
-0.381836
0.085571
0.137451
-0.392334
-0.264404
-0.423828
-0.195557
-0.153198
-0.168579
-0.136963
-0.162964
-0.185547
-0.370605
0.129272
-0.313965
-0.226318
-0.109436
0.084900
-0.325928
-0.142212
-0.305420
-0.271973
-0.240112
-0.069519
-0.161621
-0.288574
-0.236206
0.069702
-0.246460
0.025742
-0.154419
-0.267822
-0.154297
-0.053192
-0.215820
-0.073242
-0.144287
-0.225830
-0.111206
-0.242188
-0.228882
0.046570
-0.279297
-0.133301
-0.230957
-0.003422
-0.005184
-0.363281
-0.256348
-0.274658
-0.292236
-0.096802
-0.188599
-0.244019
-0.180908
-0.285645
-0.306152
-0.030746
-0.150879
-0.407471
0.057007
-0.260498
-0.256348
-0.328857
-0.169434
-0.048370
-0.202026
-0.308350
-0.332031
-0.282715
-0.292480
-0.026352
-0.150513
-0.308105
-0.317139
-0.203613
0.012993
-0.022293
-0.234741
0.042999
0.015961
0.008934
-0.234375
-0.378174
-0.120300
-0.214355
-0.197144
-0.415039
0.016159
-0.005711
-0.392578
-0.208984
-0.322754
-0.119019
-0.308350
-0.240356
-0.334961
-0.293701
-0.140625
-0.289795
-0.348389
-0.275635
-0.178467
-0.480225
-0.014801
-0.140259
-0.356445
-0.319824
-0.249390
-0.461182
-0.285645
-0.428467
-0.252197
-0.364990
-0.457520
-0.302490
-0.360840
-0.354492
-0.286865
-0.411377
-0.080566
-0.094299
-0.184326
-0.424072
-0.299561
-0.460693
-0.263428
-0.291748
-0.086548
-0.338867
-0.059601
-0.395752
-0.308838
-0.292969
-0.280273
-0.211060
-0.369385
-0.282471
-0.355957
-0.453125
-0.336426
-0.291016
-0.384033
-0.448486
-0.368408
-0.378662
-0.223999
-0.274414
-0.112549
-0.147583
-0.277100
-0.268311
-0.114929
-0.283691
-0.058655
-0.301758
-0.384766
-0.128906
-0.401123
-0.281494
-0.356934
-0.415283
-0.335205
-0.320801
-0.206299
-0.273438
-0.033997
-0.093811
-0.408447
-0.409912
-0.239624
-0.182129
-0.004734
-0.248657
-0.085266
-0.240112
-0.452148
-0.352295
-0.293457
-0.292725
-0.014915
-0.197144
-0.366699
-0.093140
-0.324219
-0.148438
-0.164185
-0.131958
-0.342285
-0.370605
0.021912
-0.371826
-0.368896
0.098572
0.138184
-0.390137
-0.258789
-0.413086
-0.192139
-0.142334
-0.167603
-0.128784
-0.151855
-0.173218
-0.366455
0.128662
-0.302490
-0.220459
-0.104309
0.128540
-0.325195
-0.129761
-0.298340
-0.265137
-0.234253
-0.060577
-0.145142
-0.281006
-0.225342
0.066650
-0.242310
0.026382
-0.145142
-0.260010
-0.143555
-0.049469
-0.208740
-0.069763
-0.140503
-0.217163
-0.099060
-0.232788
-0.224121
0.054047
-0.275879
-0.123474
-0.220581
-0.000531
-0.001738
-0.356689
-0.242676
-0.264404
-0.281006
-0.095581
-0.177612
-0.238281
-0.162720
-0.274170
-0.294678
-0.029907
-0.141846
-0.400146
0.066162
-0.254150
-0.261230
-0.318115
-0.157715
-0.035339
-0.198608
-0.301025
-0.322266
-0.275391
-0.275635
-0.022476
-0.148560
-0.303955
-0.305176
-0.193237
0.017410
-0.017593
-0.230225
0.052948
0.022247
0.015884
-0.224609
-0.368652
-0.109436
-0.212646
-0.191528
-0.400879
0.027405
0.001235
-0.385742
-0.206299
-0.321533
-0.116821
-0.309814
-0.240234
-0.335449
-0.293213
-0.136597
-0.288086
-0.344727
-0.272461
-0.179199
-0.477783
-0.016235
-0.139526
-0.354004
-0.316162
-0.247681
-0.458984
-0.283936
-0.427246
-0.248901
-0.362793
-0.453857
-0.300537
-0.359375
-0.350586
-0.286621
-0.408691
-0.077698
-0.090576
-0.184326
-0.421387
-0.300293
-0.457764
-0.260498
-0.291748
-0.083252
-0.336426
-0.056213
-0.392822
-0.306396
-0.291016
-0.278564
-0.209961
-0.368896
-0.281006
-0.351074
-0.450928
-0.333496
-0.290527
-0.381592
-0.446533
-0.366699
-0.377930
-0.219482
-0.272949
-0.115417
-0.145508
-0.273926
-0.266602
-0.112854
-0.279297
-0.057861
-0.301758
-0.383789
-0.127319
-0.400635
-0.278564
-0.355957
-0.414062
-0.332520
-0.317139
-0.205933
-0.268799
-0.033997
-0.095093
-0.406982
-0.408691
-0.240112
-0.182129
-0.001972
-0.250732
-0.083740
-0.242432
-0.452148
-0.349854
-0.287842
-0.291260
-0.012680
-0.194458
-0.363281
-0.090759
-0.323242
-0.145874
-0.163940
-0.131470
-0.341553
-0.369141
0.026108
-0.368408
-0.364014
0.106079
0.136719
-0.389893
-0.256104
-0.411621
-0.191650
-0.142700
-0.165771
-0.127075
-0.149780
-0.170166
-0.364502
0.129395
-0.299805
-0.221069
-0.103882
-0.044098
-0.329102
-0.127441
-0.297119
-0.262939
-0.233643
-0.055573
-0.139160
-0.279053
-0.226440
0.067322
-0.241577
0.028809
-0.140137
-0.256836
-0.140259
-0.048279
-0.204590
-0.066895
-0.135986
-0.215454
-0.096008
-0.228271
-0.224243
0.055389
-0.273438
-0.121277
-0.217773
-0.000587
-0.003101
-0.355225
-0.237671
-0.261963
-0.277344
-0.094543
-0.177246
-0.236206
-0.167358
-0.271240
-0.288086
-0.026962
-0.138428
-0.398438
0.069763
-0.255371
-0.260742
-0.315430
-0.152344
-0.032257
-0.199341
-0.298096
-0.320312
-0.273926
-0.270020
-0.025040
-0.151245
-0.305664
-0.300293
-0.191406
0.017700
-0.018051
-0.227539
0.057587
0.027283
0.018906
-0.220093
-0.362061
-0.104431
-0.211548
-0.188599
-0.395996
0.034271
0.003483
-0.383789
-0.206665
-0.320068
-0.116943
-0.307861
-0.240723
-0.333008
-0.292480
-0.132690
-0.286865
-0.343262
-0.270020
-0.178833
-0.477539
-0.016068
-0.138062
-0.353271
-0.314453
-0.248657
-0.456055
-0.280518
-0.424805
-0.247925
-0.361816
-0.450684
-0.301514
-0.356201
-0.348389
-0.283691
-0.407227
-0.077759
-0.089233
-0.182739
-0.419434
-0.298096
-0.455566
-0.259521
-0.287842
-0.083984
-0.333252
-0.055664
-0.391357
-0.304932
-0.289551
-0.276855
-0.208252
-0.367676
-0.277588
-0.349854
-0.447998
-0.332275
-0.290283
-0.377197
-0.442627
-0.364014
-0.374268
-0.217285
-0.271240
-0.114563
-0.142090
-0.270264
-0.266113
-0.110046
-0.275635
-0.058228
-0.299316
-0.381592
-0.126465
-0.398682
-0.276611
-0.355957
-0.414307
-0.331299
-0.317383
-0.206543
-0.266846
-0.033295
-0.094238
-0.405273
-0.406982
-0.239014
-0.181396
0.000379
-0.247925
-0.083923
-0.240967
-0.450195
-0.348633
-0.285400
-0.289795
-0.012756
-0.192139
-0.362061
-0.089722
-0.320312
-0.145386
-0.162231
-0.130737
-0.339844
-0.367920
0.025162
-0.365967
-0.360596
0.105347
0.135986
-0.384766
-0.254639
-0.412598
-0.189209
-0.138184
-0.162842
-0.125732
-0.148682
-0.168457
-0.363037
0.129150
-0.299316
-0.219849
-0.103271
-0.046600
-0.330566
-0.125366
-0.293213
-0.260986
-0.232422
-0.052551
-0.136963
-0.276855
-0.225952
0.068848
-0.241699
0.029404
-0.138306
-0.257812
-0.139893
-0.050903
-0.203491
-0.064697
-0.134888
-0.214233
-0.093933
-0.225830
-0.222656
0.056213
-0.271484
-0.118896
-0.217529
-0.002365
-0.001471
-0.354736
-0.234375
-0.257568
-0.277588
-0.091614
-0.175537
-0.233765
-0.158691
-0.273682
-0.285400
-0.026337
-0.136597
-0.396973
0.069336
-0.253906
-0.260498
-0.311035
-0.147461
-0.034393
-0.197144
-0.292725
-0.318604
-0.273926
-0.268799
-0.026978
-0.148682
-0.304199
-0.300293
-0.188721
0.016235
-0.020554
-0.226685
0.059784
0.027695
0.020157
-0.219116
-0.359375
-0.103027
-0.212036
-0.186768
-0.394531
0.036041
0.004341
-0.381592
-0.205566
-0.324219
-0.117004
-0.308838
-0.247070
-0.337646
-0.297363
-0.133789
-0.289551
-0.348633
-0.272949
-0.180664
-0.484863
-0.017990
-0.139893
-0.356934
-0.317383
-0.254639
-0.462891
-0.286621
-0.430176
-0.250977
-0.364990
-0.459229
-0.302979
-0.365967
-0.360107
-0.287842
-0.408447
-0.086060
-0.097656
-0.184326
-0.424561
-0.303223
-0.465088
-0.263428
-0.291504
-0.092957
-0.340088
-0.057953
-0.398438
-0.309082
-0.297363
-0.278564
-0.210327
-0.373047
-0.281250
-0.355957
-0.454102
-0.335938
-0.294678
-0.384277
-0.448975
-0.371338
-0.380127
-0.218994
-0.275635
-0.117432
-0.145996
-0.275879
-0.274414
-0.106812
-0.282227
-0.063477
-0.303711
-0.387207
-0.128174
-0.404297
-0.281006
-0.362305
-0.419678
-0.339600
-0.324463
-0.209473
-0.272217
-0.031860
-0.091797
-0.409912
-0.413574
-0.245728
-0.184326
0.004597
-0.253418
-0.084717
-0.244385
-0.457764
-0.355225
-0.291504
-0.295410
-0.014595
-0.197388
-0.368164
-0.094360
-0.324951
-0.147949
-0.165039
-0.137085
-0.344727
-0.370117
0.023453
-0.374023
-0.369629
0.101379
0.138184
-0.391602
-0.259521
-0.422119
-0.190186
-0.136108
-0.164307
-0.132202
-0.153931
-0.175293
-0.367432
0.131592
-0.308350
-0.226440
-0.105896
0.043396
-0.332520
-0.135498
-0.301270
-0.264893
-0.237183
-0.056641
-0.145142
-0.283691
-0.234985
0.070679
-0.245850
0.031311
-0.143555
-0.262695
-0.146362
-0.055664
-0.209229
-0.068237
-0.134888
-0.218262
-0.101257
-0.231689
-0.230713
0.054321
-0.274658
-0.124146
-0.223267
-0.001248
-0.002439
-0.359131
-0.243286
-0.263428
-0.283691
-0.092041
-0.181763
-0.238647
-0.162720
-0.284668
-0.291260
-0.025543
-0.143188
-0.404785
0.062195
-0.261719
-0.259766
-0.319092
-0.152954
-0.042664
-0.198486
-0.301270
-0.326904
-0.281738
-0.279785
-0.030579
-0.149780
-0.309326
-0.306641
-0.195435
0.012497
-0.022980
-0.231201
0.057648
0.023468
0.019485
-0.225464
-0.366455
-0.106934
-0.215576
-0.189453
-0.407227
0.031021
0.003714
-0.388916
-0.205688
-0.325684
-0.124390
-0.303955
-0.251953
-0.337158
-0.297119
-0.138062
-0.292969
-0.355713
-0.274658
-0.181641
-0.489502
-0.019897
-0.136841
-0.359619
-0.319336
-0.259766
-0.466553
-0.289551
-0.432373
-0.255127
-0.368652
-0.464111
-0.308594
-0.371094
-0.369873
-0.288086
-0.410156
-0.099426
-0.108276
-0.183960
-0.430420
-0.302490
-0.474365
-0.269043
-0.292480
-0.101746
-0.348389
-0.063232
-0.405029
-0.312256
-0.304443
-0.276611
-0.210083
-0.375488
-0.283447
-0.362305
-0.458008
-0.337891
-0.298828
-0.385010
-0.451416
-0.378174
-0.379395
-0.221924
-0.276367
-0.116882
-0.147705
-0.279541
-0.282715
-0.101868
-0.287354
-0.066772
-0.304199
-0.390137
-0.129883
-0.405762
-0.283203
-0.368164
-0.420410
-0.347412
-0.332764
-0.214478
-0.279785
-0.033081
-0.090515
-0.410156
-0.417969
-0.247925
-0.183228
0.007557
-0.252686
-0.091064
-0.244141
-0.459229
-0.362061
-0.299561
-0.300049
-0.021057
-0.200195
-0.373535
-0.101929
-0.325439
-0.152222
-0.164429
-0.140015
-0.347412
-0.371338
0.014946
-0.381348
-0.379150
0.084595
0.134888
-0.391113
-0.262451
-0.430176
-0.189575
-0.139038
-0.161499
-0.135376
-0.161377
-0.186401
-0.367676
0.130249
-0.320312
-0.230103
-0.109192
0.036224
-0.328125
-0.143188
-0.303223
-0.268799
-0.239014
-0.067017
-0.158325
-0.289551
-0.242188
0.072632
-0.246094
0.032715
-0.152832
-0.269775
-0.155518
-0.058899
-0.216797
-0.071655
-0.138916
-0.223877
-0.110535
-0.240356
-0.232300
0.042999
-0.277832
-0.132568
-0.230225
-0.003073
-0.001855
-0.362793
-0.254883
-0.270996
-0.293701
-0.090942
-0.188599
-0.240723
-0.161865
-0.296875
-0.302734
-0.029587
-0.152832
-0.410156
0.049377
-0.266113
-0.252930
-0.325439
-0.161499
-0.057922
-0.198364
-0.302979
-0.332031
-0.290039
-0.297363
-0.032135
-0.145020
-0.308838
-0.318604
-0.200928
0.010101
-0.028519
-0.236328
0.048553
0.017395
0.012665
-0.234863
-0.374756
-0.116638
-0.217407
-0.194458
-0.418457
0.021057
-0.002396
-0.391602
-0.206299
-0.329102
-0.124634
-0.304199
-0.253662
-0.340820
-0.300537
-0.145996
-0.297119
-0.360840
-0.277588
-0.181152
-0.491699
-0.019989
-0.135864
-0.362793
-0.322021
-0.261475
-0.470703
-0.297363
-0.437988
-0.259766
-0.371826
-0.469238
-0.310791
-0.376221
-0.377197
-0.287842
-0.413330
-0.107727
-0.117065
-0.186890
-0.432861
-0.304443
-0.480469
-0.272949
-0.297119
-0.107910
-0.354004
-0.068237
-0.408203
-0.315918
-0.308350
-0.277100
-0.213989
-0.380371
-0.287598
-0.366455
-0.461914
-0.343018
-0.298828
-0.389648
-0.456055
-0.382324
-0.382324
-0.224854
-0.278076
-0.119202
-0.150879
-0.286621
-0.288818
-0.103516
-0.291504
-0.068359
-0.307129
-0.392822
-0.132080
-0.407715
-0.289062
-0.370850
-0.420898
-0.353516
-0.335693
-0.217407
-0.287109
-0.035339
-0.085327
-0.413330
-0.422119
-0.250488
-0.182739
0.005516
-0.255371
-0.092590
-0.245850
-0.462891
-0.364746
-0.307617
-0.303955
-0.028198
-0.204468
-0.379395
-0.107056
-0.330322
-0.154297
-0.164917
-0.141235
-0.352539
-0.375977
0.010643
-0.385010
-0.385254
0.071960
0.132935
-0.394775
-0.266357
-0.434570
-0.193970
-0.155029
-0.164551
-0.140503
-0.169922
-0.192871
-0.368652
0.127197
-0.328369
-0.232788
-0.112000
-0.154053
-0.326904
-0.154419
-0.307861
-0.274658
-0.242554
-0.073914
-0.169556
-0.292725
-0.246704
0.071533
-0.248901
0.031143
-0.158813
-0.272949
-0.161621
-0.061615
-0.220459
-0.075500
-0.141235
-0.229370
-0.120850
-0.246704
-0.236816
0.035248
-0.283203
-0.138062
-0.238037
-0.001802
-0.007519
-0.367188
-0.263672
-0.278076
-0.300049
-0.095764
-0.195923
-0.245361
-0.181030
-0.301025
-0.313232
-0.033081
-0.158203
-0.414795
0.040039
-0.269531
-0.252441
-0.330078
-0.168823
-0.066223
-0.200928
-0.308838
-0.338867
-0.292480
-0.307861
-0.034515
-0.150635
-0.314453
-0.324951
-0.205688
0.010208
-0.030075
-0.236938
0.042206
0.008789
0.006413
-0.240356
-0.383301
-0.126221
-0.218506
-0.196289
-0.426514
0.010994
-0.007671
-0.395020
-0.206421
-0.328125
-0.121887
-0.307617
-0.248169
-0.339844
-0.299805
-0.144287
-0.295654
-0.356934
-0.278076
-0.182007
-0.487549
-0.015228
-0.139771
-0.359619
-0.322998
-0.260254
-0.467041
-0.296143
-0.435303
-0.257080
-0.369385
-0.462646
-0.309570
-0.372070
-0.369141
-0.285156
-0.414551
-0.096924
-0.105408
-0.185425
-0.431641
-0.305664
-0.475098
-0.271729
-0.291504
-0.095520
-0.349121
-0.065491
-0.403076
-0.314453
-0.304688
-0.279053
-0.215332
-0.378906
-0.289795
-0.362305
-0.460205
-0.343506
-0.296631
-0.386719
-0.455078
-0.378906
-0.384766
-0.223999
-0.279297
-0.117126
-0.153564
-0.281006
-0.280762
-0.111633
-0.288330
-0.063660
-0.302979
-0.391357
-0.133789
-0.403320
-0.290771
-0.367432
-0.418945
-0.350342
-0.334229
-0.213989
-0.282715
-0.034180
-0.094299
-0.412354
-0.418701
-0.248169
-0.181396
0.003048
-0.254395
-0.089966
-0.242554
-0.458252
-0.361572
-0.302002
-0.301270
-0.019058
-0.203491
-0.374023
-0.101074
-0.328125
-0.150757
-0.162598
-0.136230
-0.353271
-0.375977
0.014763
-0.381104
-0.377930
0.078613
0.138794
-0.392822
-0.265625
-0.427490
-0.191528
-0.152100
-0.169678
-0.134277
-0.164673
-0.186890
-0.369629
0.124084
-0.320312
-0.228760
-0.107727
0.115784
-0.325195
-0.146484
-0.303711
-0.270020
-0.242920
-0.067505
-0.159546
-0.290771
-0.242798
0.069580
-0.246704
0.032898
-0.152954
-0.270996
-0.155884
-0.059875
-0.215576
-0.074890
-0.139648
-0.227539
-0.111694
-0.238770
-0.232788
0.044281
-0.282227
-0.134766
-0.233032
-0.001526
-0.004066
-0.361816
-0.259521
-0.274170
-0.293457
-0.096680
-0.191284
-0.241943
-0.175659
-0.288330
-0.308838
-0.034027
-0.150635
-0.410400
0.050598
-0.267090
-0.255615
-0.327637
-0.163208
-0.052032
-0.201904
-0.311035
-0.332275
-0.286865
-0.297363
-0.026016
-0.149780
-0.314453
-0.316650
-0.203369
0.014488
-0.020660
-0.231201
0.047882
0.011681
0.009514
-0.234497
-0.382080
-0.118103
-0.217407
-0.195801
-0.417236
0.016983
-0.002392
-0.392578
-0.209473
-0.328125
-0.119080
-0.316650
-0.248169
-0.342773
-0.303955
-0.138916
-0.294678
-0.353516
-0.280518
-0.186523
-0.483398
-0.018433
-0.141846
-0.359619
-0.323486
-0.261230
-0.466309
-0.292480
-0.435303
-0.255859
-0.369629
-0.459229
-0.307129
-0.370850
-0.364258
-0.286133
-0.413330
-0.091370
-0.097839
-0.186768
-0.429443
-0.313232
-0.471924
-0.271973
-0.288574
-0.094055
-0.347900
-0.058868
-0.399658
-0.317383
-0.303467
-0.281250
-0.216064
-0.379883
-0.288574
-0.359375
-0.458984
-0.347168
-0.294922
-0.385010
-0.456299
-0.377441
-0.386719
-0.223999
-0.281250
-0.121094
-0.159668
-0.280273
-0.275146
-0.116333
-0.283691
-0.061371
-0.306152
-0.392334
-0.135986
-0.401367
-0.288818
-0.368408
-0.418945
-0.350342
-0.330322
-0.212769
-0.277832
-0.032867
-0.101990
-0.413330
-0.415039
-0.248413
-0.182983
0.001982
-0.258789
-0.084778
-0.242920
-0.458008
-0.360352
-0.295898
-0.302002
-0.013855
-0.205200
-0.372070
-0.099243
-0.330322
-0.152832
-0.164429
-0.137207
-0.355225
-0.379639
0.016541
-0.380127
-0.373779
0.080078
0.138550
-0.395508
-0.266846
-0.427979
-0.195190
-0.178345
-0.173462
-0.132446
-0.165649
-0.180420
-0.371094
0.119324
-0.314697
-0.228149
-0.108154
-0.177734
-0.326660
-0.149170
-0.307861
-0.262939
-0.244507
-0.062622
-0.150146
-0.290527
-0.243774
0.072754
-0.246826
0.028885
-0.146240
-0.269531
-0.157349
-0.063354
-0.212769
-0.076782
-0.134644
-0.225708
-0.111633
-0.229370
-0.233521
0.044189
-0.282715
-0.134521
-0.230225
-0.007191
-0.003687
-0.361816
-0.254883
-0.272461
-0.290771
-0.103088
-0.190186
-0.246704
-0.196899
-0.282227
-0.307861
-0.035614
-0.147095
-0.409912
0.056641
-0.269531
-0.264160
-0.327881
-0.160034
-0.042816
-0.205566
-0.311523
-0.331299
-0.284668
-0.291504
-0.022171
-0.161499
-0.317871
-0.312012
-0.205200
0.008026
-0.017532
-0.226074
0.050140
0.011429
0.008728
-0.234741
-0.381836
-0.110107
-0.218384
-0.196777
-0.411621
0.021805
-0.000545
-0.392578
-0.210815
-0.328613
-0.121826
-0.319580
-0.250244
-0.343750
-0.305664
-0.137573
-0.295898
-0.354004
-0.281250
-0.190063
-0.482666
-0.020584
-0.140625
-0.359131
-0.324463
-0.265137
-0.464600
-0.290771
-0.434082
-0.255859
-0.370361
-0.456787
-0.309082
-0.371094
-0.364014
-0.284912
-0.412354
-0.094727
-0.098022
-0.186523
-0.429688
-0.316895
-0.472900
-0.274170
-0.285645
-0.095154
-0.348633
-0.059387
-0.399414
-0.318359
-0.304199
-0.280762
-0.215942
-0.379150
-0.288574
-0.360107
-0.458252
-0.348877
-0.295898
-0.381104
-0.455078
-0.378906
-0.385254
-0.224487
-0.281982
-0.123047
-0.161743
-0.279053
-0.274414
-0.118042
-0.281250
-0.062683
-0.307617
-0.394043
-0.138672
-0.399170
-0.289062
-0.370850
-0.419189
-0.352051
-0.332031
-0.214966
-0.279053
-0.032257
-0.104431
-0.413818
-0.415039
-0.250732
-0.184326
0.002377
-0.260254
-0.084900
-0.243774
-0.457031
-0.362793
-0.295166
-0.303223
-0.013153
-0.207031
-0.372070
-0.101257
-0.329834
-0.157104
-0.163574
-0.139160
-0.357422
-0.380859
0.015640
-0.382080
-0.373291
0.074829
0.136353
-0.395508
-0.267090
-0.430908
-0.193970
-0.191162
-0.170776
-0.133057
-0.168091
-0.180298
-0.370605
0.115356
-0.315430
-0.228394
-0.109619
-0.330811
-0.325195
-0.150391
-0.308594
-0.258545
-0.245361
-0.061981
-0.146851
-0.291260
-0.245972
0.073059
-0.247681
0.029526
-0.145752
-0.273438
-0.160645
-0.068054
-0.213867
-0.077576
-0.131836
-0.227417
-0.113403
-0.226196
-0.233643
0.039734
-0.283203
-0.136963
-0.229736
-0.008980
-0.002203
-0.363281
-0.254639
-0.273438
-0.293213
-0.104248
-0.189941
-0.248047
-0.195801
-0.284912
-0.309082
-0.038605
-0.148682
-0.411377
0.052979
-0.274658
-0.265381
-0.328125
-0.157715
-0.045105
-0.204468
-0.311035
-0.331543
-0.287598
-0.293457
-0.022888
-0.162476
-0.320801
-0.313721
-0.206421
0.004173
-0.019531
-0.224609
0.051086
0.009499
0.007362
-0.237549
-0.383789
-0.109558
-0.221313
-0.197632
-0.411865
0.022156
-0.000899
-0.392578
-0.211182
-0.328369
-0.121643
-0.319092
-0.248657
-0.343018
-0.303711
-0.135864
-0.295410
-0.351318
-0.280273
-0.190552
-0.481934
-0.019287
-0.139160
-0.359131
-0.322021
-0.263672
-0.462646
-0.290771
-0.434082
-0.256104
-0.368652
-0.455566
-0.309814
-0.369385
-0.362305
-0.283691
-0.412109
-0.093689
-0.097473
-0.186157
-0.426758
-0.314941
-0.470459
-0.272217
-0.287354
-0.091553
-0.348633
-0.058624
-0.398682
-0.316895
-0.302979
-0.278564
-0.215332
-0.378662
-0.288086
-0.358398
-0.455322
-0.346924
-0.295166
-0.380371
-0.453613
-0.376953
-0.384277
-0.223022
-0.279541
-0.122925
-0.161499
-0.279053
-0.272949
-0.116394
-0.281250
-0.063721
-0.306396
-0.392578
-0.137573
-0.398438
-0.290283
-0.369385
-0.417725
-0.349854
-0.331787
-0.213867
-0.276855
-0.032745
-0.103027
-0.411865
-0.415527
-0.250000
-0.181763
0.000956
-0.259521
-0.084412
-0.242676
-0.457275
-0.360596
-0.292725
-0.302246
-0.013756
-0.202881
-0.370361
-0.099976
-0.330322
-0.157104
-0.162598
-0.136719
-0.356445
-0.379395
0.016022
-0.380371
-0.371094
0.076843
0.135376
-0.396484
-0.264648
-0.428711
-0.194336
-0.185425
-0.171265
-0.132690
-0.166626
-0.179321
-0.369385
0.114258
-0.311768
-0.227417
-0.109192
-0.352539
-0.323242
-0.148560
-0.306396
-0.256836
-0.244141
-0.061646
-0.145630
-0.290283
-0.244995
0.071289
-0.247192
0.030579
-0.144531
-0.272705
-0.160156
-0.067383
-0.212280
-0.077942
-0.131348
-0.226074
-0.111389
-0.223633
-0.232422
0.039917
-0.283691
-0.137695
-0.227295
-0.007927
-0.005684
-0.363037
-0.251465
-0.273926
-0.291992
-0.102783
-0.188843
-0.246216
-0.196289
-0.281494
-0.305664
-0.039368
-0.145630
-0.409912
0.056305
-0.275146
-0.263916
-0.327148
-0.157471
-0.043060
-0.204468
-0.310059
-0.328857
-0.288086
-0.292236
-0.023758
-0.162720
-0.320068
-0.311523
-0.206177
0.005299
-0.019257
-0.225220
0.051758
0.010178
0.009598
-0.235596
-0.379639
-0.107544
-0.221313
-0.198120
-0.409424
0.025024
-0.001324
-0.390625
-0.210938
-0.327637
-0.118958
-0.318359
-0.247925
-0.342285
-0.302002
-0.132446
-0.296143
-0.350098
-0.279541
-0.192017
-0.480713
-0.020966
-0.138794
-0.358398
-0.322266
-0.264648
-0.461670
-0.287354
-0.432861
-0.254395
-0.368896
-0.452881
-0.310547
-0.368652
-0.360840
-0.282715
-0.409668
-0.090759
-0.095032
-0.186279
-0.424561
-0.314453
-0.469727
-0.270264
-0.284180
-0.090393
-0.347168
-0.058838
-0.396973
-0.317627
-0.301758
-0.278320
-0.213745
-0.377441
-0.289551
-0.355957
-0.452637
-0.345947
-0.296143
-0.378418
-0.451416
-0.374023
-0.384277
-0.222168
-0.277100
-0.123108
-0.161621
-0.273926
-0.270752
-0.119812
-0.278809
-0.064819
-0.306885
-0.391846
-0.136963
-0.396240
-0.287598
-0.371826
-0.416504
-0.348389
-0.332275
-0.214722
-0.272949
-0.030807
-0.105896
-0.411133
-0.414307
-0.248169
-0.179688
0.000980
-0.258789
-0.084595
-0.242798
-0.455322
-0.359131
-0.289795
-0.301270
-0.012932
-0.200928
-0.367920
-0.100342
-0.330078
-0.156982
-0.162476
-0.135864
-0.356445
-0.377197
0.017410
-0.379883
-0.368652
0.079285
0.135864
-0.395996
-0.264160
-0.428223
-0.194458
-0.200317
-0.172485
-0.131226
-0.165649
-0.178223
-0.368408
0.114929
-0.310059
-0.226807
-0.110046
-0.423096
-0.322266
-0.147949
-0.305420
-0.253418
-0.242432
-0.059937
-0.143433
-0.289551
-0.244995
0.070862
-0.245972
0.033356
-0.142944
-0.272217
-0.159546
-0.069763
-0.211304
-0.079956
-0.128174
-0.224854
-0.110046
-0.219238
-0.233521
0.040100
-0.281738
-0.136719
-0.226196
-0.008362
-0.006153
-0.361816
-0.247925
-0.271484
-0.291260
-0.100037
-0.187378
-0.244751
-0.195923
-0.279053
-0.303955
-0.038818
-0.143066
-0.408447
0.058258
-0.275635
-0.265381
-0.324463
-0.154541
-0.041901
-0.204346
-0.309326
-0.326904
-0.286621
-0.290771
-0.022888
-0.163696
-0.318359
-0.310059
-0.204834
0.004856
-0.020493
-0.224365
0.053192
0.011787
0.010147
-0.235718
-0.376221
-0.103760
-0.221680
-0.197510
-0.406738
0.027786
0.000086
-0.389404
-0.211060
-0.325439
-0.119568
-0.317383
-0.246948
-0.340820
-0.299805
-0.130127
-0.294922
-0.347656
-0.276855
-0.188965
-0.481201
-0.018677
-0.138550
-0.356689
-0.318604
-0.263672
-0.459717
-0.286865
-0.432861
-0.252686
-0.367188
-0.453125
-0.308105
-0.366943
-0.359131
-0.282471
-0.408203
-0.088318
-0.094482
-0.185425
-0.421631
-0.311523
-0.467285
-0.269043
-0.283691
-0.088013
-0.346191
-0.057281
-0.396973
-0.315674
-0.298340
-0.276611
-0.214111
-0.377930
-0.289551
-0.354248
-0.451416
-0.342773
-0.296387
-0.379639
-0.450684
-0.372803
-0.383789
-0.219482
-0.274658
-0.121460
-0.160400
-0.271484
-0.270020
-0.115540
-0.279785
-0.065308
-0.305420
-0.391602
-0.134521
-0.397217
-0.285889
-0.367676
-0.416260
-0.344971
-0.330811
-0.211548
-0.268311
-0.030975
-0.104736
-0.411621
-0.415039
-0.247559
-0.180298
0.000075
-0.259521
-0.082947
-0.243774
-0.455566
-0.356201
-0.289551
-0.298828
-0.014870
-0.196899
-0.367432
-0.097961
-0.326172
-0.153564
-0.162231
-0.135498
-0.354980
-0.374023
0.020920
-0.378174
-0.365479
0.083679
0.139771
-0.395996
-0.260254
-0.427246
-0.191772
-0.165405
-0.171631
-0.129272
-0.158203
-0.176514
-0.366455
0.118530
-0.308838
-0.225952
-0.108459
-0.107666
-0.322021
-0.140381
-0.302490
-0.253906
-0.242065
-0.057404
-0.140869
-0.289551
-0.242310
0.071106
-0.243652
0.034821
-0.142090
-0.271484
-0.153687
-0.068420
-0.210083
-0.079529
-0.126709
-0.220825
-0.103516
-0.219238
-0.231812
0.043121
-0.279053
-0.132202
-0.222046
-0.006058
-0.005619
-0.358887
-0.244873
-0.270020
-0.289062
-0.098022
-0.184082
-0.241577
-0.172485
-0.276611
-0.299316
-0.036407
-0.139282
-0.407471
0.062927
-0.275879
-0.263428
-0.323730
-0.152832
-0.039276
-0.202515
-0.307861
-0.324463
-0.286133
-0.288818
-0.021469
-0.158325
-0.316406
-0.305908
-0.202271
0.004810
-0.020630
-0.225708
0.054108
0.015038
0.015045
-0.231445
-0.372314
-0.099121
-0.222290
-0.197144
-0.404785
0.030777
0.004539
-0.386963
-0.210205
-0.327393
-0.127808
-0.308594
-0.250977
-0.338379
-0.297607
-0.138184
-0.300049
-0.353271
-0.275391
-0.185913
-0.489258
-0.018021
-0.134277
-0.361572
-0.318848
-0.268799
-0.459961
-0.289551
-0.437012
-0.257568
-0.368164
-0.458252
-0.314941
-0.370605
-0.367188
-0.285156
-0.410645
-0.100708
-0.103027
-0.185547
-0.427002
-0.306152
-0.473389
-0.271240
-0.286865
-0.091858
-0.355225
-0.064514
-0.404053
-0.315186
-0.298828
-0.270996
-0.212402
-0.380127
-0.292236
-0.359619
-0.453125
-0.339355
-0.301758
-0.380371
-0.452637
-0.377197
-0.382324
-0.220825
-0.271240
-0.119324
-0.155151
-0.274170
-0.274170
-0.109680
-0.282715
-0.071777
-0.305420
-0.395508
-0.137329
-0.400391
-0.289062
-0.372314
-0.417480
-0.349365
-0.335938
-0.214355
-0.274414
-0.034363
-0.093933
-0.413330
-0.420654
-0.247803
-0.178833
0.000487
-0.260010
-0.089661
-0.245483
-0.458252
-0.361084
-0.295898
-0.302979
-0.022705
-0.193237
-0.371094
-0.103333
-0.322266
-0.158691
-0.159790
-0.135620
-0.358643
-0.372559
0.014915
-0.381348
-0.372559
0.072388
0.132935
-0.402588
-0.259766
-0.432373
-0.188965
-0.145996
-0.166870
-0.128052
-0.158447
-0.189697
-0.364502
0.117737
-0.319580
-0.230835
-0.110474
0.129395
-0.320068
-0.143433
-0.301270
-0.260986
-0.239502
-0.067871
-0.152344
-0.293213
-0.245605
0.066650
-0.244385
0.036743
-0.152954
-0.274170
-0.157471
-0.067017
-0.215210
-0.080078
-0.130371
-0.223877
-0.106689
-0.229126
-0.232544
0.034332
-0.281982
-0.136597
-0.225952
-0.002895
-0.003515
-0.364258
-0.250488
-0.276123
-0.299316
-0.092834
-0.188843
-0.240112
-0.162231
-0.283691
-0.307373
-0.039886
-0.142578
-0.413574
0.053711
-0.282227
-0.256836
-0.327881
-0.159546
-0.054565
-0.200562
-0.307129
-0.327881
-0.293457
-0.304932
-0.025696
-0.148560
-0.312500
-0.315430
-0.200928
0.008636
-0.029236
-0.233521
0.047943
0.014465
0.013153
-0.238281
-0.374023
-0.109192
-0.225220
-0.199097
-0.413086
0.020721
-0.000906
-0.387207
-0.208252
-0.329102
-0.132812
-0.306885
-0.257812
-0.340576
-0.297852
-0.143921
-0.304443
-0.358643
-0.275635
-0.184448
-0.491211
-0.018951
-0.131348
-0.365234
-0.317871
-0.270508
-0.463379
-0.296143
-0.440430
-0.261475
-0.373779
-0.462402
-0.318115
-0.376953
-0.375244
-0.289062
-0.411377
-0.112976
-0.111938
-0.184937
-0.427490
-0.307373
-0.477539
-0.274902
-0.291992
-0.095520
-0.362305
-0.070862
-0.411377
-0.319824
-0.302979
-0.269043
-0.214478
-0.382812
-0.294434
-0.365479
-0.454834
-0.341064
-0.304443
-0.385254
-0.454834
-0.381592
-0.381836
-0.223267
-0.271973
-0.122681
-0.154663
-0.277100
-0.280518
-0.104675
-0.287109
-0.075439
-0.306885
-0.398438
-0.139648
-0.405029
-0.293213
-0.375244
-0.416992
-0.353027
-0.343018
-0.220337
-0.275879
-0.038055
-0.093750
-0.415039
-0.425049
-0.252441
-0.181885
-0.000732
-0.263184
-0.097229
-0.249268
-0.461670
-0.365967
-0.302246
-0.307129
-0.033875
-0.195068
-0.375488
-0.108276
-0.322998
-0.165527
-0.160400
-0.139404
-0.364502
-0.373535
0.009689
-0.385742
-0.377930
0.059753
0.125488
-0.406982
-0.259033
-0.438477
-0.187866
-0.145874
-0.166992
-0.131714
-0.163330
-0.195801
-0.367676
0.114624
-0.328125
-0.235596
-0.111755
-0.172974
-0.321533
-0.149536
-0.302002
-0.265869
-0.242920
-0.073853
-0.161743
-0.297852
-0.253174
0.066406
-0.247681
0.032379
-0.160645
-0.277100
-0.163452
-0.071899
-0.221069
-0.083740
-0.132324
-0.226807
-0.112427
-0.235229
-0.237671
0.020645
-0.285889
-0.144165
-0.230469
-0.001695
-0.009483
-0.367188
-0.256836
-0.283691
-0.304443
-0.096008
-0.191772
-0.242432
-0.172119
-0.295410
-0.313477
-0.042542
-0.150146
-0.418701
0.038544
-0.286133
-0.252441
-0.330078
-0.162598
-0.066589
-0.201416
-0.307129
-0.332764
-0.300293
-0.319092
-0.034149
-0.148193
-0.318359
-0.320801
-0.201294
-0.000330
-0.035889
-0.236328
0.043793
0.008095
0.009567
-0.244751
-0.378662
-0.116760
-0.227661
-0.199951
-0.420654
0.013306
-0.008316
-0.389404
-0.205444
-0.328613
-0.133057
-0.305420
-0.257324
-0.340820
-0.298828
-0.144287
-0.304199
-0.359863
-0.278809
-0.184082
-0.493408
-0.018661
-0.129517
-0.365234
-0.320068
-0.269287
-0.465088
-0.295410
-0.440430
-0.262451
-0.374268
-0.463623
-0.319092
-0.375732
-0.376953
-0.289307
-0.411621
-0.114258
-0.111816
-0.184937
-0.429443
-0.308105
-0.476807
-0.275146
-0.293457
-0.095764
-0.363037
-0.071289
-0.412842
-0.318115
-0.305420
-0.268311
-0.213379
-0.382324
-0.294189
-0.364990
-0.453857
-0.342285
-0.303223
-0.386230
-0.454590
-0.383057
-0.380371
-0.224854
-0.272461
-0.123962
-0.154175
-0.278809
-0.281250
-0.103516
-0.290039
-0.075867
-0.304443
-0.398438
-0.139648
-0.405273
-0.294434
-0.374023
-0.417969
-0.353027
-0.344971
-0.222168
-0.276611
-0.038605
-0.096008
-0.415283
-0.427490
-0.253418
-0.182007
-0.001744
-0.261719
-0.099182
-0.249268
-0.462646
-0.365967
-0.302979
-0.304932
-0.034393
-0.196533
-0.375732
-0.109375
-0.322510
-0.164185
-0.159668
-0.138428
-0.362793
-0.374268
0.009315
-0.384766
-0.380615
0.059784
0.123352
-0.406250
-0.260498
-0.437012
-0.189331
-0.150391
-0.162842
-0.132690
-0.163940
-0.195557
-0.368896
0.115601
-0.329102
-0.236816
-0.110352
-0.209473
-0.321045
-0.151245
-0.300537
-0.264404
-0.242920
-0.074829
-0.161255
-0.299805
-0.255615
0.064148
-0.247070
0.030258
-0.161743
-0.276611
-0.164673
-0.070984
-0.222290
-0.083496
-0.134277
-0.226685
-0.113770
-0.237915
-0.239014
0.020325
-0.286621
-0.145386
-0.230347
-0.004681
-0.010345
-0.366699
-0.256836
-0.282959
-0.304443
-0.096741
-0.192261
-0.242065
-0.163696
-0.298828
-0.316162
-0.044189
-0.153687
-0.419189
0.036316
-0.283691
-0.252441
-0.327881
-0.163330
-0.067810
-0.200195
-0.306396
-0.333984
-0.301270
-0.319336
-0.037354
-0.148804
-0.316895
-0.322998
-0.198730
-0.001903
-0.035675
-0.239990
0.042847
0.008118
0.009361
-0.245850
-0.377930
-0.116150
-0.228271
-0.200317
-0.420166
0.012939
-0.010971
-0.390381
-0.206421
-0.331543
-0.133179
-0.304443
-0.258789
-0.343018
-0.299316
-0.148438
-0.304932
-0.363281
-0.279785
-0.181274
-0.492676
-0.020599
-0.129395
-0.367676
-0.325195
-0.267578
-0.468994
-0.300049
-0.442383
-0.263184
-0.375977
-0.466797
-0.320557
-0.379639
-0.379395
-0.291504
-0.414795
-0.119995
-0.117065
-0.188110
-0.430176
-0.307617
-0.483643
-0.277832
-0.296875
-0.102966
-0.363770
-0.068237
-0.414551
-0.318359
-0.306641
-0.270996
-0.215942
-0.382812
-0.294922
-0.367676
-0.456787
-0.342529
-0.304443
-0.388184
-0.455811
-0.385254
-0.383301
-0.226196
-0.276855
-0.124390
-0.150513
-0.284668
-0.286865
-0.102051
-0.292480
-0.079346
-0.310547
-0.397705
-0.135864
-0.405518
-0.293945
-0.377441
-0.420654
-0.355469
-0.344482
-0.223633
-0.281738
-0.041138
-0.090637
-0.416504
-0.428223
-0.252686
-0.181641
-0.000408
-0.260986
-0.098267
-0.249390
-0.464600
-0.366699
-0.307373
-0.308350
-0.037476
-0.201782
-0.380615
-0.109741
-0.325684
-0.165771
-0.161011
-0.141235
-0.360840
-0.375488
0.007820
-0.387695
-0.382812
0.059418
0.124817
-0.405762
-0.261475
-0.440674
-0.191406
-0.169678
-0.164673
-0.139526
-0.168457
-0.198486
-0.368652
0.117798
-0.333496
-0.237183
-0.114319
-0.238647
-0.323242
-0.157837
-0.304443
-0.271973
-0.243774
-0.076355
-0.168457
-0.300781
-0.255859
0.065979
-0.252197
0.031494
-0.163086
-0.277588
-0.165405
-0.070923
-0.223022
-0.084045
-0.138428
-0.230347
-0.122253
-0.243652
-0.237793
0.018799
-0.287354
-0.143555
-0.236450
-0.003283
-0.014107
-0.369629
-0.261719
-0.284668
-0.306885
-0.100586
-0.196899
-0.244995
-0.181763
-0.301025
-0.317139
-0.043518
-0.156128
-0.420166
0.033844
-0.282715
-0.253174
-0.331543
-0.166260
-0.071655
-0.202393
-0.307373
-0.337158
-0.299805
-0.318848
-0.037506
-0.151245
-0.317383
-0.326172
-0.200073
-0.000214
-0.036102
-0.241333
0.043304
0.003298
0.004192
-0.248657
-0.381836
-0.122192
-0.226440
-0.198486
-0.426758
0.011154
-0.011414
-0.393311
-0.206665
-0.325439
-0.133423
-0.297607
-0.253418
-0.337891
-0.296143
-0.145386
-0.302490
-0.357178
-0.276611
-0.180298
-0.488770
-0.016006
-0.129517
-0.363525
-0.323242
-0.262207
-0.462646
-0.293213
-0.436523
-0.257324
-0.371094
-0.459717
-0.316162
-0.372559
-0.369629
-0.287354
-0.410889
-0.112610
-0.109314
-0.185669
-0.427246
-0.302002
-0.473633
-0.271729
-0.291016
-0.093689
-0.357178
-0.064270
-0.409180
-0.311768
-0.301514
-0.269287
-0.211792
-0.376953
-0.294678
-0.362793
-0.453613
-0.336914
-0.300293
-0.381104
-0.449707
-0.378418
-0.379150
-0.221680
-0.272217
-0.118774
-0.148071
-0.277588
-0.280273
-0.096924
-0.288818
-0.074524
-0.302490
-0.391357
-0.132935
-0.401367
-0.291016
-0.367676
-0.415283
-0.348389
-0.339355
-0.217773
-0.274902
-0.039764
-0.090210
-0.411133
-0.421875
-0.246338
-0.182129
0.000619
-0.254639
-0.093994
-0.246826
-0.458740
-0.360596
-0.299072
-0.299805
-0.031281
-0.196899
-0.375977
-0.103699
-0.318115
-0.158569
-0.157593
-0.137695
-0.353516
-0.368896
0.013252
-0.378662
-0.375488
0.070374
0.128784
-0.402832
-0.257568
-0.429932
-0.190674
-0.149780
-0.162476
-0.131836
-0.156494
-0.189331
-0.364990
0.122070
-0.323730
-0.230469
-0.108704
0.259521
-0.319824
-0.143799
-0.296143
-0.268799
-0.238647
-0.071533
-0.162720
-0.296387
-0.247070
0.065735
-0.242676
0.035797
-0.157471
-0.273926
-0.156372
-0.062408
-0.217651
-0.075745
-0.135620
-0.225708
-0.110413
-0.238892
-0.232056
0.027664
-0.278076
-0.136719
-0.227417
-0.001693
-0.006187
-0.363525
-0.253662
-0.280029
-0.296387
-0.097046
-0.189575
-0.235229
-0.158936
-0.288574
-0.306885
-0.040405
-0.149658
-0.413086
0.045471
-0.276123
-0.249878
-0.323242
-0.159668
-0.060944
-0.198120
-0.302979
-0.327637
-0.290527
-0.304443
-0.031860
-0.144287
-0.306885
-0.316406
-0.194092
0.010002
-0.029739
-0.237305
0.046417
0.012108
0.007263
-0.239502
-0.374268
-0.114014
-0.222412
-0.195435
-0.417236
0.016449
-0.005981
-0.385986
-0.205200
-0.320801
-0.118958
-0.308594
-0.238403
-0.335938
-0.288086
-0.130859
-0.294189
-0.343506
-0.272705
-0.171143
-0.477051
-0.016006
-0.134399
-0.352295
-0.320068
-0.246460
-0.454102
-0.283691
-0.430420
-0.249756
-0.363037
-0.449951
-0.304688
-0.358398
-0.347168
-0.286621
-0.409180
-0.087219
-0.081238
-0.183594
-0.416504
-0.298584
-0.458008
-0.261230
-0.288818
-0.070129
-0.340576
-0.050171
-0.393555
-0.302734
-0.285156
-0.270752
-0.210693
-0.371094
-0.289062
-0.347900
-0.444580
-0.330322
-0.291260
-0.375488
-0.443359
-0.363281
-0.378418
-0.218018
-0.268066
-0.118652
-0.144165
-0.269287
-0.266846
-0.102966
-0.279785
-0.061188
-0.297119
-0.382324
-0.127197
-0.395508
-0.283203
-0.361328
-0.407959
-0.331055
-0.323486
-0.207397
-0.259521
-0.037415
-0.103699
-0.404785
-0.409912
-0.237183
-0.178711
-0.002359
-0.251953
-0.080200
-0.244751
-0.447266
-0.348389
-0.284424
-0.289795
-0.008484
-0.193115
-0.364502
-0.087219
-0.314941
-0.144287
-0.158447
-0.126953
-0.346436
-0.364014
0.027298
-0.364502
-0.356689
0.100525
0.134766
-0.393066
-0.248413
-0.414551
-0.188965
-0.139038
-0.164307
-0.118896
-0.137817
-0.166382
-0.361572
0.119995
-0.300781
-0.222046
-0.099487
0.173218
-0.326416
-0.126831
-0.291016
-0.258789
-0.234009
-0.053864
-0.130737
-0.284912
-0.231934
0.060577
-0.237427
0.037628
-0.138428
-0.261475
-0.139526
-0.051819
-0.202271
-0.064514
-0.131470
-0.215332
-0.087280
-0.221069
-0.221558
0.048401
-0.277100
-0.116394
-0.214600
-0.004436
-0.005474
-0.350830
-0.232910
-0.262695
-0.278809
-0.096802
-0.173584
-0.226929
-0.149170
-0.259277
-0.287842
-0.033936
-0.130493
-0.402588
0.075256
-0.263184
-0.263184
-0.310791
-0.148926
-0.031616
-0.200073
-0.299316
-0.316650
-0.270264
-0.269775
-0.020432
-0.151855
-0.303467
-0.293701
-0.185791
0.020508
-0.016953
-0.230347
0.063660
0.030350
0.017456
-0.223267
-0.361084
-0.092896
-0.212524
-0.182495
-0.390625
0.037933
0.008194
-0.378906
-0.206787
-0.321777
-0.131470
-0.306396
-0.241211
-0.337891
-0.285889
-0.135132
-0.294922
-0.351318
-0.270020
-0.177856
-0.482178
-0.022247
-0.127563
-0.355957
-0.312500
-0.249756
-0.459961
-0.289307
-0.427002
-0.253418
-0.362305
-0.454346
-0.302979
-0.363281
-0.350342
-0.290039
-0.410156
-0.093628
-0.091736
-0.184326
-0.423340
-0.297119
-0.452881
-0.257080
-0.295166
-0.078918
-0.344238
-0.050415
-0.395020
-0.304688
-0.287842
-0.276123
-0.208862
-0.370850
-0.287354
-0.354248
-0.448730
-0.329102
-0.291992
-0.374268
-0.441895
-0.367432
-0.376709
-0.220459
-0.266602
-0.118713
-0.140625
-0.277588
-0.271729
-0.096680
-0.285645
-0.060944
-0.302734
-0.384277
-0.128906
-0.397705
-0.280762
-0.355225
-0.409180
-0.333740
-0.326660
-0.209839
-0.270264
-0.034882
-0.097961
-0.404297
-0.411865
-0.235718
-0.182251
0.002090
-0.252686
-0.081177
-0.250244
-0.448486
-0.354492
-0.287842
-0.289307
-0.007980
-0.192261
-0.368896
-0.093262
-0.320312
-0.138306
-0.156616
-0.131714
-0.340088
-0.368408
0.022995
-0.367188
-0.367920
0.097351
0.134033
-0.391113
-0.249146
-0.416504
-0.192749
-0.070129
-0.154907
-0.125732
-0.134766
-0.172607
-0.359375
0.123840
-0.302246
-0.226074
-0.105469
0.229980
-0.321777
-0.123840
-0.294189
-0.263916
-0.231812
-0.060486
-0.141357
-0.284912
-0.227539
0.063965
-0.234863
0.036407
-0.143799
-0.261719
-0.147461
-0.038116
-0.205200
-0.058746
-0.139526
-0.215454
-0.091553
-0.232788
-0.218140
0.045197
-0.270996
-0.122070
-0.218506
-0.006630
0.007748
-0.355469
-0.239258
-0.271484
-0.288330
-0.097229
-0.175171
-0.229126
-0.106750
-0.266357
-0.293945
-0.029922
-0.140015
-0.404053
0.068604
-0.262207
-0.258789
-0.315430
-0.158203
-0.039612
-0.196777
-0.294678
-0.317383
-0.272705
-0.272949
-0.020828
-0.141724
-0.296631
-0.301514
-0.190674
0.023941
-0.017776
-0.235107
0.055115
0.031555
0.016479
-0.227051
-0.364258
-0.107361
-0.211548
-0.183960
-0.398926
0.028870
0.002281
-0.381348
-0.210083
-0.329102
-0.128418
-0.313721
-0.247192
-0.344971
-0.298584
-0.135376
-0.295654
-0.354736
-0.280029
-0.183838
-0.486572
-0.027206
-0.138306
-0.359619
-0.318848
-0.256104
-0.467773
-0.292725
-0.431396
-0.259277
-0.365967
-0.464355
-0.302734
-0.369141
-0.368896
-0.294922
-0.415039
-0.091064
-0.101196
-0.185547
-0.433350
-0.304932
-0.464844
-0.265137
-0.300049
-0.101257
-0.349854
-0.050659
-0.404053
-0.315918
-0.303955
-0.288086
-0.209351
-0.377441
-0.289551
-0.359863
-0.464600
-0.343262
-0.296631
-0.390381
-0.448486
-0.377686
-0.385742
-0.227539
-0.277100
-0.120850
-0.155029
-0.285889
-0.283447
-0.102783
-0.294189
-0.062378
-0.309570
-0.390625
-0.131226
-0.406738
-0.283447
-0.362549
-0.420410
-0.345703
-0.329102
-0.211792
-0.281494
-0.034698
-0.102539
-0.412598
-0.416260
-0.243042
-0.187134
0.002695
-0.255615
-0.088562
-0.246704
-0.459473
-0.359863
-0.297119
-0.297363
-0.013718
-0.200317
-0.376709
-0.101013
-0.337158
-0.135254
-0.170776
-0.143433
-0.345947
-0.381104
0.014748
-0.383301
-0.383789
0.086975
0.138672
-0.386719
-0.266602
-0.427734
-0.194946
-0.090454
-0.166138
-0.142700
-0.159302
-0.185791
-0.372070
0.124756
-0.313232
-0.230713
-0.109436
-0.142334
-0.325684
-0.139038
-0.308350
-0.263672
-0.241089
-0.069763
-0.154053
-0.290771
-0.235718
0.073853
-0.242310
0.023468
-0.151001
-0.268799
-0.155273
-0.050385
-0.215454
-0.067017
-0.146484
-0.224609
-0.109009
-0.242065
-0.229370
0.051117
-0.275879
-0.129883
-0.234131
-0.013649
0.003061
-0.360840
-0.255859
-0.274902
-0.295654
-0.102783
-0.180908
-0.240479
-0.151611
-0.281494
-0.310059
-0.023743
-0.152954
-0.407471
0.060150
-0.255127
-0.261230
-0.329102
-0.173706
-0.047546
-0.206543
-0.305176
-0.331055
-0.280029
-0.291748
-0.025314
-0.147095
-0.306885
-0.318848
-0.203369
0.005699
-0.019897
-0.239624
0.043091
0.022385
0.015053
-0.236694
-0.382812
-0.121277
-0.212524
-0.196167
-0.413330
0.017258
-0.004269
-0.393555
-0.215942
-0.327637
-0.122681
-0.312500
-0.248169
-0.344971
-0.301758
-0.132324
-0.291504
-0.357910
-0.281982
-0.184692
-0.487549
-0.030838
-0.145752
-0.360107
-0.326904
-0.253662
-0.467285
-0.290283
-0.429443
-0.262695
-0.368408
-0.465820
-0.299316
-0.372314
-0.376465
-0.292480
-0.416504
-0.082764
-0.109131
-0.186523
-0.434326
-0.309326
-0.472168
-0.270508
-0.295166
-0.111877
-0.346924
-0.055115
-0.406494
-0.319336
-0.311035
-0.293213
-0.207275
-0.376465
-0.287842
-0.359619
-0.466309
-0.350098
-0.297363
-0.396973
-0.448730
-0.377686
-0.384521
-0.231323
-0.279297
-0.121704
-0.162720
-0.288330
-0.287354
-0.109253
-0.298096
-0.061523
-0.306885
-0.388184
-0.131836
-0.410156
-0.278809
-0.368408
-0.424072
-0.348145
-0.327637
-0.215454
-0.281494
-0.037567
-0.109131
-0.413086
-0.413574
-0.245483
-0.190063
-0.000614
-0.252930
-0.096008
-0.244385
-0.459229
-0.359863
-0.299561
-0.298340
-0.021698
-0.209961
-0.374268
-0.105713
-0.338623
-0.138916
-0.177856
-0.148804
-0.343262
-0.384033
0.009102
-0.386963
-0.386963
0.080627
0.133667
-0.378662
-0.273438
-0.428711
-0.198975
-0.153931
-0.171021
-0.145996
-0.171387
-0.188599
-0.377686
0.124084
-0.316406
-0.230469
-0.114624
-0.326904
-0.331543
-0.152710
-0.315186
-0.263916
-0.244385
-0.070923
-0.158936
-0.293213
-0.238159
0.076355
-0.247559
0.012291
-0.153198
-0.267822
-0.161865
-0.058746
-0.222046
-0.074219
-0.146240
-0.229004
-0.121826
-0.247925
-0.235596
0.044281
-0.280518
-0.132935
-0.241699
-0.025085
-0.003162
-0.362061
-0.262939
-0.273193
-0.294922
-0.101440
-0.186890
-0.245239
-0.182861
-0.296143
-0.316162
-0.026215
-0.161377
-0.403564
0.054291
-0.247070
-0.261963
-0.331299
-0.177246
-0.051819
-0.207031
-0.312988
-0.333496
-0.278809
-0.298096
-0.027740
-0.154541
-0.310791
-0.324463
-0.205444
-0.004627
-0.021149
-0.239624
0.033051
0.014748
0.008217
-0.239990
-0.387207
-0.125977
-0.214233
-0.197998
-0.417969
0.010582
-0.007027
-0.395264
-0.215332
-0.325684
-0.121582
-0.309814
-0.248047
-0.342773
-0.303223
-0.131348
-0.289307
-0.354736
-0.281250
-0.183716
-0.486084
-0.024994
-0.143433
-0.360107
-0.323242
-0.252441
-0.466797
-0.288330
-0.428467
-0.260986
-0.367676
-0.465332
-0.297119
-0.368896
-0.374756
-0.290771
-0.414551
-0.076843
-0.109009
-0.183960
-0.431152
-0.306641
-0.470947
-0.267334
-0.295898
-0.109863
-0.344238
-0.056061
-0.402344
-0.317627
-0.311279
-0.291016
-0.208008
-0.377441
-0.283691
-0.359619
-0.465332
-0.349365
-0.295166
-0.398193
-0.451172
-0.377686
-0.382324
-0.227051
-0.278809
-0.117493
-0.161987
-0.286377
-0.281494
-0.107666
-0.293457
-0.060364
-0.306641
-0.389404
-0.129883
-0.408691
-0.278076
-0.364990
-0.422852
-0.346436
-0.325439
-0.212769
-0.279297
-0.034576
-0.103821
-0.410889
-0.412842
-0.243286
-0.190063
-0.000599
-0.250732
-0.097656
-0.240723
-0.460205
-0.357910
-0.297852
-0.298828
-0.024521
-0.205078
-0.372803
-0.102173
-0.337402
-0.137329
-0.178101
-0.146484
-0.342529
-0.382812
0.010475
-0.384521
-0.383789
0.082947
0.136353
-0.378418
-0.274170
-0.425537
-0.196655
-0.151245
-0.171265
-0.143677
-0.171509
-0.188721
-0.376953
0.129028
-0.315430
-0.228027
-0.112671
-0.338867
-0.333252
-0.145508
-0.312744
-0.264404
-0.242432
-0.067871
-0.159058
-0.291016
-0.238892
0.078247
-0.247559
0.011635
-0.151123
-0.265625
-0.158691
-0.057709
-0.222168
-0.077820
-0.144653
-0.224976
-0.119324
-0.245605
-0.234131
0.048065
-0.278564
-0.130005
-0.240234
-0.021454
-0.004307
-0.361084
-0.259277
-0.268066
-0.292969
-0.099182
-0.186279
-0.246948
-0.185181
-0.296143
-0.312500
-0.021851
-0.159424
-0.400635
0.055969
-0.244141
-0.260254
-0.331299
-0.174805
-0.051208
-0.205688
-0.309082
-0.332520
-0.280029
-0.298096
-0.027084
-0.153320
-0.309570
-0.321777
-0.206177
-0.000541
-0.023132
-0.236328
0.034393
0.016220
0.012558
-0.236084
-0.382812
-0.123535
-0.213745
-0.198242
-0.416992
0.011482
-0.007290
-0.395264
-0.213379
-0.324219
-0.122070
-0.310303
-0.246948
-0.340576
-0.298096
-0.132324
-0.290771
-0.352295
-0.279297
-0.180176
-0.484131
-0.022308
-0.139038
-0.360107
-0.318359
-0.252686
-0.463623
-0.285889
-0.426514
-0.255371
-0.367432
-0.463379
-0.295654
-0.367432
-0.367676
-0.287354
-0.412109
-0.075989
-0.102966
-0.183838
-0.432861
-0.304688
-0.464844
-0.262695
-0.294434
-0.106079
-0.342041
-0.056458
-0.398926
-0.315918
-0.303711
-0.286133
-0.207642
-0.373291
-0.280518
-0.357666
-0.462402
-0.345703
-0.292969
-0.392578
-0.448730
-0.375244
-0.380127
-0.223999
-0.275391
-0.117065
-0.154175
-0.283691
-0.275635
-0.108032
-0.288818
-0.056458
-0.304443
-0.388184
-0.128662
-0.404297
-0.276367
-0.358398
-0.419189
-0.343506
-0.324463
-0.209717
-0.278320
-0.032562
-0.100098
-0.409180
-0.410400
-0.242310
-0.188721
0.001472
-0.251465
-0.092468
-0.240967
-0.455811
-0.357666
-0.295898
-0.294678
-0.016708
-0.200317
-0.370361
-0.098328
-0.335205
-0.136353
-0.171631
-0.143555
-0.341797
-0.376709
0.019150
-0.380859
-0.377686
0.089478
0.144287
-0.378906
-0.265381
-0.422852
-0.190918
-0.112610
-0.167480
-0.138428
-0.160889
-0.185669
-0.373047
0.131348
-0.312256
-0.226685
-0.111267
-0.201294
-0.331543
-0.131714
-0.307861
-0.265625
-0.239990
-0.062500
-0.152100
-0.286377
-0.234253
0.078552
-0.244019
0.019348
-0.148926
-0.263672
-0.150269
-0.052734
-0.217896
-0.073914
-0.143311
-0.219116
-0.111084
-0.240356
-0.230347
0.052399
-0.275146
-0.127930
-0.233887
-0.011925
0.001406
-0.360596
-0.252441
-0.267090
-0.290039
-0.100037
-0.178955
-0.242310
-0.153198
-0.290283
-0.306641
-0.018890
-0.155640
-0.399658
0.056793
-0.247559
-0.256104
-0.327881
-0.166260
-0.047150
-0.200806
-0.304199
-0.327881
-0.277588
-0.289795
-0.025574
-0.145508
-0.306641
-0.315186
-0.202026
0.005669
-0.021103
-0.233887
0.044006
0.019638
0.018829
-0.229248
-0.379395
-0.119690
-0.213745
-0.194458
-0.412842
0.017838
-0.002474
-0.391357
-0.211182
-0.323242
-0.120605
-0.307617
-0.239258
-0.337158
-0.293701
-0.135376
-0.287598
-0.347168
-0.273682
-0.177490
-0.480957
-0.012726
-0.133545
-0.355713
-0.313477
-0.246216
-0.459717
-0.284424
-0.426514
-0.247925
-0.360352
-0.457520
-0.299072
-0.359619
-0.352783
-0.285156
-0.410156
-0.073975
-0.090759
-0.183350
-0.427246
-0.299561
-0.456299
-0.257324
-0.294678
-0.089111
-0.337646
-0.054657
-0.391113
-0.306885
-0.292236
-0.278564
-0.207764
-0.369873
-0.279541
-0.355469
-0.456055
-0.334717
-0.289795
-0.384766
-0.447754
-0.369629
-0.377686
-0.219360
-0.269043
-0.113892
-0.144409
-0.277100
-0.266602
-0.106995
-0.280273
-0.053223
-0.298340
-0.382568
-0.124268
-0.401611
-0.280273
-0.353271
-0.413818
-0.331787
-0.318604
-0.201538
-0.276611
-0.031464
-0.093018
-0.407227
-0.409180
-0.237183
-0.183472
0.001396
-0.248413
-0.082642
-0.238892
-0.450195
-0.351074
-0.291016
-0.288818
-0.007336
-0.191772
-0.366943
-0.085693
-0.327881
-0.135254
-0.163086
-0.133423
-0.340088
-0.368408
0.027786
-0.371338
-0.368408
0.104065
0.150391
-0.384766
-0.255859
-0.414062
-0.185913
-0.079895
-0.162964
-0.128052
-0.146240
-0.177246
-0.364990
0.136841
-0.303955
-0.220459
-0.103882
0.189331
-0.327637
-0.118164
-0.297852
-0.264404
-0.234863
-0.056641
-0.141846
-0.279785
-0.223511
0.070679
-0.237549
0.030853
-0.140991
-0.258301
-0.137695
-0.040100
-0.205566
-0.066101
-0.141602
-0.213989
-0.092468
-0.231567
-0.218994
0.060547
-0.270508
-0.118225
-0.222778
0.000340
0.003710
-0.356934
-0.241211
-0.264160
-0.280518
-0.095581
-0.169678
-0.234863
-0.127197
-0.270508
-0.290771
-0.020828
-0.141724
-0.399902
0.073242
-0.251709
-0.251953
-0.322754
-0.156006
-0.035095
-0.197754
-0.297607
-0.320557
-0.271973
-0.271729
-0.018402
-0.142090
-0.299316
-0.302490
-0.195068
0.026901
-0.015900
-0.230591
0.055237
0.030594
0.024155
-0.216797
-0.368896
-0.109741
-0.208984
-0.186768
-0.399170
0.029800
0.004208
-0.384033
-0.207764
-0.317383
-0.120422
-0.304932
-0.231812
-0.330322
-0.283936
-0.141113
-0.288086
-0.340576
-0.269287
-0.173950
-0.471436
-0.011177
-0.136597
-0.348633
-0.317139
-0.239624
-0.450928
-0.279297
-0.424561
-0.248169
-0.356201
-0.446045
-0.301025
-0.351318
-0.340332
-0.283447
-0.406494
-0.070984
-0.079651
-0.180664
-0.417969
-0.293457
-0.451172
-0.258301
-0.292236
-0.070251
-0.332275
-0.058441
-0.382812
-0.299072
-0.282959
-0.272949
-0.209473
-0.365723
-0.280029
-0.347900
-0.445557
-0.330566
-0.285400
-0.375244
-0.441650
-0.360840
-0.374756
-0.219482
-0.264893
-0.111755
-0.141724
-0.272217
-0.257324
-0.109253
-0.276367
-0.049286
-0.293701
-0.377197
-0.123352
-0.394287
-0.280518
-0.352783
-0.404541
-0.326416
-0.309814
-0.203491
-0.268555
-0.036224
-0.094055
-0.400391
-0.405029
-0.229492
-0.176514
-0.008804
-0.242310
-0.080933
-0.237915
-0.440186
-0.343750
-0.284180
-0.285645
-0.006390
-0.189331
-0.358154
-0.083984
-0.317383
-0.140747
-0.155518
-0.121399
-0.335938
-0.362061
0.027649
-0.361328
-0.356445
0.108337
0.134399
-0.383789
-0.247437
-0.401611
-0.191162
-0.129761
-0.162231
-0.114868
-0.140381
-0.165771
-0.357910
0.129517
-0.294922
-0.212891
-0.099182
0.050232
-0.320312
-0.117004
-0.289062
-0.260742
-0.227783
-0.056122
-0.134521
-0.274902
-0.215454
0.059967
-0.234253
0.031830
-0.135986
-0.255859
-0.136719
-0.035980
-0.197266
-0.060669
-0.137817
-0.211670
-0.083679
-0.225830
-0.212891
0.056152
-0.271484
-0.114807
-0.214722
0.000206
-0.001930
-0.348633
-0.232666
-0.260254
-0.272217
-0.091370
-0.171875
-0.229858
-0.151489
-0.255127
-0.282715
-0.029633
-0.131836
-0.395020
0.083557
-0.250244
-0.256592
-0.312256
-0.153320
-0.023605
-0.197510
-0.295898
-0.313721
-0.261963
-0.259521
-0.015556
-0.151611
-0.294189
-0.291016
-0.189331
0.038269
-0.015465
-0.223877
0.056335
0.033997
0.013611
-0.211914
-0.357666
-0.101013
-0.205078
-0.185547
-0.384277
0.035126
0.001995
-0.375000
-0.208496
-0.319824
-0.126831
-0.305664
-0.233887
-0.330811
-0.285156
-0.146606
-0.291260
-0.345459
-0.270508
-0.175659
-0.477295
-0.009689
-0.135376
-0.352295
-0.318115
-0.241089
-0.454834
-0.283203
-0.426514
-0.251221
-0.357666
-0.450928
-0.302979
-0.353027
-0.344238
-0.283203
-0.410645
-0.073181
-0.084167
-0.182129
-0.423340
-0.290039
-0.455078
-0.259766
-0.298828
-0.070679
-0.338379
-0.059845
-0.388672
-0.299316
-0.286621
-0.273438
-0.210205
-0.369629
-0.282959
-0.353027
-0.449219
-0.331299
-0.284424
-0.377930
-0.442627
-0.365479
-0.377441
-0.222412
-0.265869
-0.110962
-0.144409
-0.277832
-0.260986
-0.106201
-0.280762
-0.051178
-0.296875
-0.381836
-0.122681
-0.398193
-0.282715
-0.352295
-0.408447
-0.329834
-0.312744
-0.202881
-0.273682
-0.038055
-0.088928
-0.403564
-0.408936
-0.231079
-0.178711
-0.010490
-0.243164
-0.080566
-0.239868
-0.445312
-0.346436
-0.287842
-0.287109
-0.006390
-0.187622
-0.362793
-0.084534
-0.318115
-0.137817
-0.157837
-0.122192
-0.336426
-0.366211
0.024185
-0.363770
-0.362793
0.108948
0.135132
-0.385498
-0.249268
-0.402832
-0.196289
-0.121399
-0.162964
-0.114563
-0.139160
-0.168823
-0.360107
0.133911
-0.297119
-0.214355
-0.101990
0.266846
-0.318848
-0.116272
-0.292480
-0.264893
-0.228760
-0.061798
-0.142578
-0.277588
-0.216187
0.059875
-0.233032
0.032227
-0.139282
-0.258057
-0.138672
-0.030075
-0.198608
-0.060089
-0.143066
-0.210815
-0.083008
-0.233398
-0.211792
0.057068
-0.271973
-0.116455
-0.216064
-0.001917
0.001627
-0.351562
-0.237305
-0.265381
-0.276611
-0.092102
-0.174805
-0.231323
-0.142822
-0.255859
-0.288574
-0.028748
-0.132935
-0.397705
0.084351
-0.252197
-0.254883
-0.318115
-0.161499
-0.025909
-0.197632
-0.296875
-0.316406
-0.263672
-0.265381
-0.014420
-0.151489
-0.294189
-0.295410
-0.193726
0.042603
-0.016876
-0.225708
0.051361
0.037537
0.011894
-0.212036
-0.363525
-0.106140
-0.203613
-0.188599
-0.389160
0.030502
-0.000170
-0.378418
-0.213135
-0.320312
-0.133423
-0.298828
-0.235474
-0.329102
-0.282227
-0.156738
-0.292969
-0.350830
-0.271484
-0.173096
-0.478271
-0.016769
-0.128906
-0.355225
-0.317627
-0.236572
-0.457031
-0.284668
-0.423096
-0.259033
-0.358398
-0.455322
-0.303711
-0.356201
-0.346680
-0.283936
-0.410889
-0.084290
-0.094727
-0.182739
-0.426270
-0.285400
-0.458496
-0.262207
-0.301514
-0.084534
-0.343750
-0.063660
-0.395020
-0.302734
-0.288086
-0.274414
-0.206787
-0.366211
-0.280518
-0.358154
-0.450684
-0.331787
-0.283203
-0.376221
-0.439209
-0.368164
-0.373047
-0.224976
-0.263428
-0.110779
-0.137207
-0.289062
-0.270264
-0.101318
-0.283691
-0.052887
-0.300049
-0.382812
-0.125000
-0.399414
-0.274414
-0.352295
-0.406006
-0.332764
-0.312256
-0.204834
-0.280273
-0.039307
-0.076599
-0.404297
-0.406006
-0.229980
-0.183105
-0.005714
-0.241699
-0.085449
-0.242554
-0.444336
-0.352539
-0.293457
-0.286377
-0.008949
-0.190308
-0.365723
-0.092102
-0.319092
-0.135986
-0.161743
-0.127930
-0.329346
-0.367188
0.017990
-0.367920
-0.374512
0.098389
0.125610
-0.380371
-0.246704
-0.403809
-0.199585
-0.129395
-0.154907
-0.122925
-0.141357
-0.178833
-0.356201
0.137695
-0.303955
-0.214966
-0.111694
0.024689
-0.316162
-0.125610
-0.293945
-0.273193
-0.226685
-0.075012
-0.163818
-0.278076
-0.214966
0.059814
-0.235352
0.028091
-0.147461
-0.257568
-0.145874
-0.020599
-0.200806
-0.059448
-0.149902
-0.212891
-0.094666
-0.245239
-0.210571
0.045654
-0.266113
-0.123840
-0.223022
-0.007820
0.007626
-0.355957
-0.247314
-0.268066
-0.286621
-0.092163
-0.178223
-0.232910
-0.138184
-0.264893
-0.296631
-0.024292
-0.142944
-0.397949
0.066956
-0.248047
-0.247070
-0.317871
-0.172852
-0.037903
-0.196533
-0.288574
-0.320557
-0.262451
-0.271484
-0.018112
-0.147217
-0.288086
-0.305420
-0.196777
0.043182
-0.022858
-0.230957
0.037323
0.039001
0.005367
-0.220825
-0.369385
-0.125122
-0.200317
-0.183228
-0.398193
0.016129
-0.006172
-0.379395
-0.209839
-0.320557
-0.133179
-0.302246
-0.237061
-0.331543
-0.285156
-0.150391
-0.292480
-0.348633
-0.271240
-0.175293
-0.480225
-0.022278
-0.134644
-0.354980
-0.315186
-0.238403
-0.459961
-0.284424
-0.423584
-0.258057
-0.359619
-0.455566
-0.300293
-0.353760
-0.345947
-0.289795
-0.410156
-0.079346
-0.095764
-0.186035
-0.428955
-0.289551
-0.454590
-0.260742
-0.302734
-0.085571
-0.339600
-0.055542
-0.393555
-0.304688
-0.287354
-0.278320
-0.207275
-0.367432
-0.280029
-0.356689
-0.452881
-0.331299
-0.283936
-0.379150
-0.441895
-0.369141
-0.375977
-0.223633
-0.265381
-0.112671
-0.136963
-0.285645
-0.269043
-0.101746
-0.283203
-0.052399
-0.303223
-0.384766
-0.126099
-0.403076
-0.273438
-0.352051
-0.410156
-0.332031
-0.311035
-0.205444
-0.277588
-0.035522
-0.081299
-0.406006
-0.407471
-0.230225
-0.186646
-0.004822
-0.246094
-0.082703
-0.246704
-0.448242
-0.354492
-0.291992
-0.287842
-0.009972
-0.194458
-0.365967
-0.090881
-0.324219
-0.132935
-0.163574
-0.129517
-0.332520
-0.369629
0.019241
-0.365234
-0.373535
0.102661
0.122681
-0.381836
-0.250488
-0.405273
-0.202637
-0.107483
-0.153320
-0.126221
-0.142334
-0.177246
-0.360107
0.133667
-0.299805
-0.218140
-0.110413
-0.208740
-0.322510
-0.123474
-0.297119
-0.270264
-0.225586
-0.068237
-0.156860
-0.277100
-0.214478
0.063843
-0.238037
0.024399
-0.144409
-0.256104
-0.145996
-0.020767
-0.201782
-0.055664
-0.149170
-0.213867
-0.094849
-0.244385
-0.215698
0.052612
-0.266113
-0.119751
-0.222412
-0.007996
0.011917
-0.356445
-0.242432
-0.263428
-0.286133
-0.093872
-0.176636
-0.235962
-0.148193
-0.267090
-0.295898
-0.021576
-0.141724
-0.399902
0.070801
-0.245239
-0.256104
-0.317871
-0.170654
-0.035980
-0.196533
-0.290771
-0.322266
-0.263184
-0.266357
-0.020187
-0.147827
-0.292236
-0.306152
-0.196411
0.038086
-0.023590
-0.229980
0.043091
0.041504
0.011826
-0.222534
-0.367676
-0.121521
-0.202271
-0.183228
-0.395996
0.021591
-0.004471
-0.382568
-0.211060
-0.322510
-0.123901
-0.300537
-0.241333
-0.334473
-0.292969
-0.142578
-0.288574
-0.352783
-0.273193
-0.180786
-0.484375
-0.020447
-0.137573
-0.355225
-0.316162
-0.246460
-0.459229
-0.281250
-0.423096
-0.258057
-0.359131
-0.461426
-0.297852
-0.359375
-0.361572
-0.287842
-0.410156
-0.079102
-0.104370
-0.182617
-0.431152
-0.297607
-0.460693
-0.262939
-0.296387
-0.098999
-0.343262
-0.059387
-0.400635
-0.310791
-0.300049
-0.281982
-0.202759
-0.369629
-0.281494
-0.360596
-0.459961
-0.340820
-0.291016
-0.388672
-0.443848
-0.371826
-0.378662
-0.226562
-0.270508
-0.110901
-0.152954
-0.282471
-0.279297
-0.106323
-0.288818
-0.053833
-0.300293
-0.384766
-0.128418
-0.406006
-0.276367
-0.354004
-0.416260
-0.339600
-0.318115
-0.203247
-0.281250
-0.033844
-0.089233
-0.407715
-0.409668
-0.236938
-0.187134
-0.000854
-0.243774
-0.090027
-0.244141
-0.453613
-0.356934
-0.297363
-0.289307
-0.012054
-0.194946
-0.368896
-0.097351
-0.330811
-0.129639
-0.168823
-0.138062
-0.336182
-0.374756
0.013397
-0.377686
-0.382080
0.093872
0.136108
-0.379395
-0.260254
-0.412842
-0.198120
-0.090881
-0.158447
-0.131958
-0.156982
-0.185181
-0.367676
0.135254
-0.306396
-0.221191
-0.109985
-0.039917
-0.323975
-0.130737
-0.304443
-0.261475
-0.233521
-0.074341
-0.163452
-0.283203
-0.224609
0.073364
-0.237793
0.020447
-0.150879
-0.265869
-0.153198
-0.038177
-0.215210
-0.068359
-0.146851
-0.219482
-0.104065
-0.245728
-0.225830
0.058472
-0.270264
-0.129150
-0.229126
-0.006828
0.007786
-0.357666
-0.255615
-0.267090
-0.291748
-0.092041
-0.176636
-0.239136
-0.140747
-0.282227
-0.305176
-0.016876
-0.154907
-0.404541
0.059845
-0.246704
-0.253662
-0.325684
-0.177368
-0.048370
-0.197998
-0.299316
-0.329346
-0.270752
-0.287842
-0.024902
-0.142944
-0.299072
-0.319580
-0.202881
0.021362
-0.022888
-0.232178
0.034851
0.029755
0.014900
-0.227783
-0.377686
-0.123596
-0.208008
-0.192993
-0.409424
0.013817
-0.007294
-0.387451
-0.209229
-0.327881
-0.124695
-0.297852
-0.249512
-0.335449
-0.299316
-0.152222
-0.294434
-0.361328
-0.274902
-0.182129
-0.490967
-0.013313
-0.135986
-0.362061
-0.320801
-0.256592
-0.469238
-0.291748
-0.431885
-0.260010
-0.366943
-0.469482
-0.308594
-0.368408
-0.375488
-0.290527
-0.412598
-0.095093
-0.114319
-0.183228
-0.431885
-0.298096
-0.476562
-0.270264
-0.298340
-0.106262
-0.354492
-0.069641
-0.409424
-0.316895
-0.309082
-0.275879
-0.207520
-0.377441
-0.286621
-0.370605
-0.464600
-0.345459
-0.296387
-0.394531
-0.452881
-0.381348
-0.381592
-0.227295
-0.276123
-0.111450
-0.156738
-0.287598
-0.285156
-0.108154
-0.292236
-0.062683
-0.303223
-0.390869
-0.133789
-0.411133
-0.287109
-0.363525
-0.420898
-0.349121
-0.331543
-0.210449
-0.291016
-0.036530
-0.083008
-0.412842
-0.421387
-0.245972
-0.185913
-0.002739
-0.249023
-0.097229
-0.243408
-0.461670
-0.361572
-0.308594
-0.300537
-0.025803
-0.200195
-0.377686
-0.103760
-0.332520
-0.144531
-0.168213
-0.137939
-0.346924
-0.373535
0.007183
-0.385986
-0.386963
0.077759
0.134644
-0.391846
-0.263916
-0.424561
-0.194824
-0.132324
-0.162842
-0.135010
-0.166260
-0.194580
-0.371094
0.137207
-0.323486
-0.226562
-0.110107
-0.011696
-0.321777
-0.143677
-0.308105
-0.270264
-0.240967
-0.080505
-0.176025
-0.290771
-0.239380
0.071899
-0.244995
0.023621
-0.164795
-0.271729
-0.161011
-0.051331
-0.222900
-0.079773
-0.144165
-0.226929
-0.114685
-0.250732
-0.233521
0.042786
-0.278809
-0.139038
-0.236450
-0.001416
-0.004913
-0.365967
-0.264648
-0.278320
-0.298584
-0.090576
-0.189819
-0.245605
-0.170654
-0.296631
-0.311279
-0.023315
-0.161011
-0.414062
0.049805
-0.261963
-0.246338
-0.335205
-0.180298
-0.061981
-0.200073
-0.310791
-0.335938
-0.285400
-0.309814
-0.031769
-0.147217
-0.305908
-0.326660
-0.208130
0.014503
-0.030823
-0.235229
0.029694
0.018143
0.007092
-0.238525
-0.382324
-0.129883
-0.214844
-0.200195
-0.424072
0.005089
-0.013885
-0.394531
-0.207886
-0.329590
-0.125000
-0.289307
-0.255127
-0.331543
-0.295654
-0.167480
-0.296631
-0.364258
-0.273682
-0.174072
-0.493164
-0.007713
-0.128906
-0.364014
-0.322266
-0.255127
-0.470703
-0.299316
-0.437012
-0.264404
-0.375000
-0.469971
-0.320557
-0.372803
-0.375488
-0.289795
-0.412598
-0.112305
-0.120300
-0.182495
-0.432373
-0.293945
-0.483398
-0.271973
-0.300293
-0.104187
-0.357910
-0.081177
-0.411865
-0.316650
-0.308350
-0.266357
-0.212646
-0.375000
-0.292236
-0.371338
-0.461182
-0.345215
-0.298340
-0.390381
-0.456787
-0.384766
-0.379639
-0.228271
-0.274658
-0.109680
-0.150757
-0.291992
-0.287354
-0.108765
-0.294434
-0.066040
-0.301025
-0.391113
-0.134766
-0.411377
-0.294678
-0.369141
-0.416260
-0.350830
-0.338379
-0.218018
-0.293701
-0.039978
-0.070862
-0.416016
-0.424316
-0.245239
-0.183350
-0.006790
-0.249390
-0.099976
-0.245239
-0.460449
-0.365234
-0.316895
-0.304443
-0.034790
-0.204224
-0.379883
-0.105286
-0.326416
-0.158691
-0.160645
-0.130859
-0.354248
-0.369385
0.004459
-0.385254
-0.388428
0.064514
0.123108
-0.397949
-0.259033
-0.428467
-0.195068
-0.168579
-0.159912
-0.131714
-0.167725
-0.196411
-0.364014
0.134399
-0.332031
-0.228882
-0.109009
-0.157837
-0.316406
-0.155884
-0.303223
-0.279053
-0.239990
-0.085693
-0.188477
-0.291260
-0.244019
0.061188
-0.249634
0.028046
-0.171997
-0.273926
-0.167480
-0.052155
-0.221680
-0.078979
-0.142822
-0.227417
-0.119202
-0.253174
-0.232788
0.026230
-0.284424
-0.142700
-0.240845
0.006264
-0.009293
-0.367920
-0.265381
-0.284912
-0.302246
-0.090149
-0.197510
-0.245361
-0.187866
-0.301758
-0.316162
-0.030777
-0.160278
-0.419922
0.035950
-0.274170
-0.244019
-0.335205
-0.178101
-0.069702
-0.199341
-0.310303
-0.337402
-0.290283
-0.319092
-0.034271
-0.156250
-0.305908
-0.329590
-0.203491
0.022171
-0.036438
-0.235474
0.026581
0.010384
-0.004120
-0.243042
-0.380615
-0.132812
-0.216919
-0.192993
-0.427246
-0.002035
-0.019989
-0.393555
-0.202515
-0.325439
-0.124634
-0.290283
-0.251465
-0.333008
-0.291016
-0.163696
-0.296387
-0.359375
-0.272217
-0.170898
-0.486328
-0.007015
-0.127075
-0.363037
-0.319336
-0.250244
-0.467285
-0.297363
-0.434326
-0.260254
-0.370850
-0.465576
-0.313477
-0.371094
-0.366943
-0.289795
-0.410645
-0.107300
-0.114990
-0.183960
-0.428711
-0.291260
-0.476074
-0.268066
-0.298828
-0.101013
-0.354736
-0.075745
-0.405518
-0.314209
-0.300537
-0.266602
-0.211182
-0.373047
-0.288086
-0.366943
-0.457031
-0.337891
-0.294922
-0.386963
-0.453857
-0.379883
-0.377686
-0.223999
-0.270752
-0.110535
-0.143921
-0.286621
-0.282471
-0.106201
-0.288574
-0.064514
-0.299561
-0.389404
-0.130981
-0.406250
-0.291016
-0.365967
-0.413818
-0.345215
-0.333740
-0.214355
-0.287109
-0.037140
-0.069641
-0.413574
-0.419434
-0.241455
-0.181396
-0.000807
-0.249512
-0.093811
-0.244385
-0.457275
-0.362061
-0.310791
-0.300537
-0.027939
-0.201904
-0.375732
-0.100525
-0.322998
-0.155640
-0.160034
-0.130859
-0.349365
-0.366211
0.013306
-0.377441
-0.383057
0.075623
0.127319
-0.398193
-0.254639
-0.423828
-0.193237
-0.153320
-0.160767
-0.132568
-0.158813
-0.189941
-0.359375
0.138794
-0.327393
-0.226440
-0.108276
-0.190796
-0.316406
-0.146729
-0.298584
-0.280029
-0.236572
-0.080566
-0.180176
-0.287598
-0.236694
0.062744
-0.248779
0.033752
-0.162598
-0.268311
-0.157959
-0.045868
-0.215210
-0.074402
-0.140869
-0.223145
-0.113586
-0.248535
-0.230103
0.032440
-0.277832
-0.135742
-0.233765
0.007595
-0.007164
-0.363281
-0.258057
-0.278320
-0.295898
-0.089172
-0.191528
-0.241943
-0.182251
-0.289062
-0.305664
-0.027466
-0.152100
-0.415283
0.044922
-0.268799
-0.244873
-0.327148
-0.171509
-0.060303
-0.197510
-0.302979
-0.333984
-0.286133
-0.305908
-0.032532
-0.150024
-0.301025
-0.319336
-0.198853
0.025497
-0.031174
-0.234497
0.033508
0.017548
0.003340
-0.236450
-0.375000
-0.128662
-0.214355
-0.185791
-0.419678
0.004017
-0.013000
-0.390869
-0.201538
-0.321777
-0.125854
-0.294922
-0.245483
-0.332031
-0.287598
-0.150879
-0.288818
-0.350586
-0.270752
-0.168213
-0.481201
-0.015747
-0.124146
-0.358887
-0.313477
-0.248291
-0.461914
-0.289551
-0.430664
-0.256348
-0.364502
-0.455811
-0.307373
-0.364014
-0.355469
-0.286377
-0.408936
-0.101196
-0.103821
-0.184082
-0.423584
-0.289062
-0.458740
-0.257080
-0.297363
-0.093445
-0.344482
-0.062164
-0.397461
-0.305664
-0.287842
-0.267334
-0.205688
-0.368652
-0.283936
-0.358154
-0.452148
-0.332275
-0.292969
-0.378906
-0.444336
-0.370117
-0.371582
-0.219238
-0.268799
-0.116699
-0.134033
-0.281006
-0.277588
-0.101196
-0.281250
-0.063721
-0.300293
-0.387207
-0.128052
-0.399414
-0.282715
-0.354492
-0.409912
-0.335205
-0.325928
-0.210083
-0.274170
-0.036743
-0.075256
-0.410400
-0.416260
-0.238037
-0.183594
-0.000391
-0.252197
-0.090576
-0.249390
-0.452393
-0.354980
-0.293701
-0.292969
-0.022598
-0.198120
-0.368652
-0.095947
-0.317871
-0.146729
-0.160034
-0.129272
-0.346436
-0.367676
0.018860
-0.363770
-0.372803
0.088318
0.126221
-0.393066
-0.250000
-0.420654
-0.194092
-0.113098
-0.152588
-0.133789
-0.147095
-0.178955
-0.357910
0.129517
-0.314697
-0.226929
-0.103638
-0.203125
-0.322998
-0.137573
-0.293945
-0.273438
-0.230713
-0.067627
-0.158081
-0.282715
-0.232544
0.062073
-0.243774
0.029770
-0.152832
-0.259766
-0.149170
-0.040497
-0.206665
-0.068420
-0.138184
-0.216064
-0.106506
-0.241943
-0.224243
0.036011
-0.269531
-0.128540
-0.223633
0.006256
0.000925
-0.359619
-0.241333
-0.266602
-0.291260
-0.088745
-0.187500
-0.235474
-0.167114
-0.276367
-0.298096
-0.028763
-0.143677
-0.406738
0.049896
-0.264893
-0.253174
-0.318115
-0.159180
-0.052612
-0.196045
-0.290771
-0.325195
-0.278564
-0.291016
-0.033264
-0.147949
-0.300293
-0.311523
-0.190796
0.021042
-0.027588
-0.236450
0.050323
0.021881
0.016800
-0.229736
-0.363037
-0.120605
-0.214355
-0.180054
-0.405273
0.020905
-0.006874
-0.384277
-0.199829
-0.318115
-0.131592
-0.300537
-0.246338
-0.333252
-0.283936
-0.140869
-0.292236
-0.345703
-0.270020
-0.167847
-0.474365
-0.029266
-0.130005
-0.354980
-0.315674
-0.246094
-0.455811
-0.284424
-0.429932
-0.254395
-0.364502
-0.448242
-0.307617
-0.354980
-0.347900
-0.290283
-0.408936
-0.098999
-0.098450
-0.189941
-0.416016
-0.293213
-0.454834
-0.259766
-0.297119
-0.082092
-0.338867
-0.047791
-0.393799
-0.298828
-0.281006
-0.270020
-0.206787
-0.365967
-0.285889
-0.348633
-0.442139
-0.324219
-0.291016
-0.371582
-0.439453
-0.364502
-0.370361
-0.217773
-0.265625
-0.124878
-0.130005
-0.278320
-0.272217
-0.091064
-0.279541
-0.068848
-0.307617
-0.384521
-0.126221
-0.395996
-0.273193
-0.357422
-0.408447
-0.331543
-0.322021
-0.215332
-0.257812
-0.044098
-0.090454
-0.406982
-0.412842
-0.234619
-0.188354
-0.002178
-0.253174
-0.090881
-0.254395
-0.445557
-0.348145
-0.284180
-0.289307
-0.025024
-0.197144
-0.365479
-0.095947
-0.312256
-0.144043
-0.161377
-0.132202
-0.340576
-0.366943
0.019745
-0.353516
-0.364746
0.093811
0.110535
-0.390869
-0.247681
-0.414307
-0.200806
-0.168335
-0.147949
-0.128418
-0.137817
-0.172119
-0.357910
0.115295
-0.301025
-0.226685
-0.109741
-0.355225
-0.334229
-0.139038
-0.287354
-0.265137
-0.224609
-0.061798
-0.138184
-0.278320
-0.230225
0.056641
-0.242554
0.026291
-0.144653
-0.253662
-0.151978
-0.038422
-0.201538
-0.061157
-0.137451
-0.218506
-0.106689
-0.240112
-0.222656
0.028610
-0.269043
-0.117676
-0.219727
-0.009453
0.004013
-0.355957
-0.226807
-0.259277
-0.287109
-0.095276
-0.189697
-0.229370
-0.204712
-0.269531
-0.292236
-0.035187
-0.136475
-0.397217
0.058624
-0.259033
-0.265869
-0.306885
-0.150513
-0.044983
-0.196045
-0.282959
-0.317627
-0.270752
-0.275146
-0.035767
-0.156738
-0.299561
-0.302490
-0.182983
0.016525
-0.033844
-0.239136
0.063904
0.032654
0.018219
-0.230347
-0.354736
-0.109863
-0.212646
-0.176636
-0.389893
0.032227
-0.000221
-0.381104
-0.201782
-0.320068
-0.130493
-0.301514
-0.243408
-0.333740
-0.283691
-0.138062
-0.292480
-0.344482
-0.270264
-0.168945
-0.476318
-0.028137
-0.131470
-0.354492
-0.315674
-0.249146
-0.456543
-0.284912
-0.430176
-0.254150
-0.363281
-0.448486
-0.307861
-0.354736
-0.348633
-0.289307
-0.409180
-0.099854
-0.092896
-0.189209
-0.417236
-0.294189
-0.455078
-0.257812
-0.295166
-0.078491
-0.340576
-0.048676
-0.395264
-0.300293
-0.283447
-0.270996
-0.205200
-0.367188
-0.287109
-0.347900
-0.443115
-0.325195
-0.291992
-0.372070
-0.441406
-0.363281
-0.373535
-0.217163
-0.266602
-0.122986
-0.132446
-0.275391
-0.271484
-0.091431
-0.279053
-0.067322
-0.305664
-0.383545
-0.127808
-0.394775
-0.275635
-0.358154
-0.408936
-0.332520
-0.323242
-0.215576
-0.259033
-0.043793
-0.094116
-0.405762
-0.412598
-0.234619
-0.184204
-0.001150
-0.252441
-0.091125
-0.253418
-0.447021
-0.350098
-0.284180
-0.291016
-0.022354
-0.195801
-0.365723
-0.095825
-0.312500
-0.144653
-0.159668
-0.129761
-0.340820
-0.366455
0.019989
-0.357422
-0.364502
0.094971
0.114807
-0.390869
-0.247681
-0.415283
-0.198364
-0.154297
-0.150269
-0.127441
-0.138550
-0.171875
-0.359375
0.115295
-0.301270
-0.225342
-0.107239
-0.327393
-0.331299
-0.136597
-0.288574
-0.262451
-0.226196
-0.061279
-0.137207
-0.279785
-0.230591
0.058197
-0.240967
0.029190
-0.143921
-0.256592
-0.149170
-0.041168
-0.202271
-0.061035
-0.136108
-0.217651
-0.102905
-0.236816
-0.223145
0.033051
-0.270752
-0.119080
-0.218140
-0.007519
0.002609
-0.354980
-0.229004
-0.260254
-0.286621
-0.094604
-0.184570
-0.227783
-0.187744
-0.267334
-0.291992
-0.035858
-0.135742
-0.400391
0.060822
-0.260498
-0.264648
-0.307861
-0.151123
-0.043365
-0.197754
-0.284912
-0.318359
-0.270020
-0.273438
-0.032562
-0.152466
-0.300049
-0.302002
-0.184326
0.016525
-0.029922
-0.239502
0.062927
0.029678
0.018082
-0.230347
-0.355225
-0.107666
-0.214111
-0.178833
-0.391113
0.032257
0.001259
-0.380859
-0.204102
-0.324219
-0.125366
-0.305908
-0.247803
-0.336914
-0.291504
-0.140747
-0.297852
-0.348633
-0.272949
-0.176392
-0.483887
-0.021957
-0.134277
-0.360352
-0.315186
-0.259277
-0.463379
-0.289795
-0.433594
-0.257812
-0.366455
-0.455566
-0.308838
-0.364990
-0.360840
-0.291260
-0.409912
-0.104004
-0.099060
-0.187500
-0.424805
-0.302734
-0.464600
-0.263428
-0.294189
-0.089905
-0.348633
-0.056915
-0.402100
-0.308350
-0.293945
-0.274658
-0.210205
-0.373779
-0.289062
-0.355713
-0.450439
-0.332031
-0.295898
-0.380371
-0.449219
-0.371826
-0.379639
-0.219971
-0.271729
-0.120483
-0.141724
-0.278076
-0.277832
-0.099121
-0.285156
-0.069275
-0.305176
-0.388916
-0.131104
-0.399658
-0.283691
-0.361816
-0.415039
-0.342529
-0.332275
-0.215820
-0.271729
-0.037323
-0.092346
-0.409912
-0.416748
-0.243164
-0.182007
0.004803
-0.255859
-0.090210
-0.250488
-0.455566
-0.358887
-0.293701
-0.298340
-0.019241
-0.196533
-0.371826
-0.099731
-0.320557
-0.150024
-0.159546
-0.134521
-0.349121
-0.369873
0.018723
-0.372070
-0.372559
0.089050
0.128540
-0.396729
-0.255127
-0.425293
-0.193604
-0.115295
-0.157593
-0.133301
-0.147949
-0.179688
-0.363281
0.119873
-0.313232
-0.228149
-0.108032
-0.155029
-0.323730
-0.139282
-0.295410
-0.264893
-0.235229
-0.063721
-0.150391
-0.286621
-0.238281
0.064087
-0.245361
0.034882
-0.150146
-0.266602
-0.153687
-0.054932
-0.210083
-0.067688
-0.136230
-0.221191
-0.105286
-0.235596
-0.230469
0.037231
-0.275391
-0.128296
-0.224609
-0.001667
-0.000749
-0.359863
-0.244141
-0.269531
-0.293213
-0.094543
-0.184937
-0.234863
-0.161743
-0.277832
-0.298584
-0.033142
-0.142578
-0.408691
0.055511
-0.269287
-0.259766
-0.316895
-0.157227
-0.051910
-0.199585
-0.296387
-0.327148
-0.283203
-0.288086
-0.032623
-0.146362
-0.305420
-0.310303
-0.194580
0.011269
-0.028351
-0.238159
0.053955
0.019531
0.015274
-0.234009
-0.367676
-0.111572
-0.220093
-0.185913
-0.406982
0.024536
-0.000589
-0.386230
-0.206421
-0.329590
-0.123901
-0.309814
-0.255371
-0.342529
-0.301270
-0.148315
-0.302246
-0.355713
-0.279053
-0.182617
-0.490479
-0.022263
-0.137451
-0.365967
-0.326904
-0.269531
-0.467773
-0.295654
-0.442627
-0.262451
-0.373047
-0.464844
-0.316895
-0.375488
-0.375000
-0.290771
-0.414062
-0.115173
-0.110291
-0.190308
-0.431152
-0.310547
-0.481201
-0.275635
-0.295410
-0.102112
-0.360107
-0.066467
-0.412354
-0.316895
-0.304688
-0.275879
-0.215942
-0.380127
-0.292480
-0.364502
-0.457764
-0.345215
-0.301270
-0.387939
-0.456787
-0.383057
-0.384521
-0.224487
-0.280762
-0.122681
-0.152588
-0.284912
-0.283203
-0.109192
-0.291260
-0.076416
-0.310059
-0.394287
-0.136230
-0.403809
-0.294189
-0.373779
-0.422607
-0.354492
-0.342041
-0.223022
-0.282227
-0.040894
-0.093506
-0.416504
-0.424316
-0.253906
-0.182129
0.003386
-0.261719
-0.095154
-0.249512
-0.461914
-0.366943
-0.302490
-0.307373
-0.027390
-0.205444
-0.378662
-0.108521
-0.327148
-0.164795
-0.162598
-0.138916
-0.362061
-0.375488
0.010841
-0.387695
-0.382568
0.066895
0.129028
-0.403564
-0.264404
-0.438721
-0.193237
-0.181152
-0.166626
-0.141479
-0.167725
-0.192139
-0.370117
0.111572
-0.327393
-0.233887
-0.112549
-0.317627
-0.324707
-0.157959
-0.306641
-0.269775
-0.245483
-0.072205
-0.160645
-0.297119
-0.253418
0.064941
-0.253662
0.031677
-0.158081
-0.275879
-0.165283
-0.072571
-0.220093
-0.078918
-0.136719
-0.231201
-0.120483
-0.239502
-0.237549
0.024918
-0.287598
-0.142334
-0.234497
-0.003517
-0.012642
-0.368408
-0.259277
-0.283203
-0.302246
-0.098450
-0.197388
-0.245117
-0.196533
-0.294922
-0.313477
-0.044312
-0.153442
-0.417725
0.039276
-0.281738
-0.258057
-0.330078
-0.161743
-0.064453
-0.203491
-0.313232
-0.337646
-0.299561
-0.310059
-0.034698
-0.153564
-0.316162
-0.320801
-0.201782
-0.003057
-0.031891
-0.240723
0.047943
0.002686
0.002228
-0.244873
-0.381592
-0.119507
-0.227417
-0.197021
-0.423828
0.013466
-0.007561
-0.393311
-0.208130
-0.328857
-0.125244
-0.312500
-0.254883
-0.342285
-0.300781
-0.141602
-0.300049
-0.354736
-0.279297
-0.180176
-0.489746
-0.023865
-0.138794
-0.362549
-0.325928
-0.265625
-0.467773
-0.294189
-0.440430
-0.260254
-0.372559
-0.463379
-0.312744
-0.375244
-0.372559
-0.291260
-0.414551
-0.110535
-0.107727
-0.189087
-0.428711
-0.309082
-0.478271
-0.273438
-0.295898
-0.100586
-0.357422
-0.061615
-0.410156
-0.317139
-0.303711
-0.276367
-0.214478
-0.382324
-0.291260
-0.361816
-0.457275
-0.342529
-0.301025
-0.387695
-0.455322
-0.380371
-0.384033
-0.224243
-0.278076
-0.125610
-0.149536
-0.281982
-0.282227
-0.105469
-0.288818
-0.074707
-0.310059
-0.395020
-0.134644
-0.404785
-0.290527
-0.373535
-0.420654
-0.351074
-0.339600
-0.221558
-0.276855
-0.038879
-0.097656
-0.415283
-0.423096
-0.251709
-0.183716
0.003744
-0.261963
-0.095459
-0.248169
-0.461426
-0.363770
-0.300781
-0.304688
-0.029999
-0.204346
-0.376465
-0.106262
-0.326660
-0.161499
-0.165283
-0.141846
-0.359375
-0.376221
0.012619
-0.383789
-0.380371
0.071045
0.128784
-0.399902
-0.264160
-0.438232
-0.192993
-0.180420
-0.166992
-0.140137
-0.166016
-0.190186
-0.371094
0.114807
-0.323730
-0.234131
-0.113098
-0.346680
-0.328125
-0.155884
-0.306396
-0.270996
-0.243042
-0.070312
-0.155762
-0.296143
-0.249756
0.066589
-0.252197
0.028000
-0.155273
-0.273193
-0.161377
-0.068909
-0.217651
-0.079102
-0.136719
-0.229248
-0.119202
-0.238525
-0.236572
0.027023
-0.283691
-0.137939
-0.232300
-0.005882
-0.011002
-0.365967
-0.253662
-0.277100
-0.299561
-0.098694
-0.194336
-0.243408
-0.200562
-0.291504
-0.310547
-0.041809
-0.151611
-0.414062
0.042480
-0.275635
-0.259277
-0.327393
-0.161621
-0.059174
-0.203369
-0.308594
-0.334717
-0.294678
-0.306396
-0.033356
-0.153076
-0.316406
-0.318359
-0.199341
-0.005989
-0.030655
-0.239990
0.047791
0.005539
0.006710
-0.244141
-0.378906
-0.115967
-0.224487
-0.196411
-0.418457
0.017242
-0.004154
-0.392090
-0.208252
-0.324951
-0.126831
-0.311523
-0.250977
-0.341553
-0.296875
-0.133179
-0.297607
-0.349609
-0.278809
-0.178955
-0.485107
-0.026703
-0.135254
-0.359863
-0.318604
-0.260254
-0.462891
-0.289307
-0.434082
-0.258057
-0.369385
-0.457520
-0.309814
-0.368408
-0.364502
-0.289795
-0.412109
-0.104797
-0.099365
-0.188721
-0.424561
-0.306396
-0.466309
-0.266846
-0.293213
-0.094055
-0.351807
-0.052460
-0.406250
-0.313721
-0.297119
-0.274902
-0.209229
-0.375488
-0.290039
-0.355469
-0.453613
-0.337646
-0.299805
-0.381104
-0.450195
-0.372559
-0.378906
-0.222412
-0.274414
-0.126587
-0.144287
-0.277832
-0.279297
-0.100586
-0.286377
-0.071228
-0.307373
-0.391113
-0.134766
-0.400391
-0.282227
-0.366943
-0.416748
-0.342529
-0.332764
-0.217163
-0.268799
-0.037750
-0.100952
-0.412109
-0.417969
-0.245361
-0.185547
0.004704
-0.258789
-0.092651
-0.250000
-0.457520
-0.359619
-0.290771
-0.297852
-0.023849
-0.200684
-0.371582
-0.103088
-0.323975
-0.151489
-0.165039
-0.139526
-0.355225
-0.376221
0.016937
-0.375488
-0.373779
0.078918
0.126465
-0.394287
-0.259277
-0.434082
-0.192993
-0.142578
-0.161499
-0.137939
-0.154541
-0.183594
-0.368408
0.114990
-0.315674
-0.233154
-0.109863
-0.340088
-0.330566
-0.145508
-0.301025
-0.261719
-0.237427
-0.064453
-0.146240
-0.292969
-0.244019
0.065918
-0.245850
0.026245
-0.148315
-0.269043
-0.154419
-0.061310
-0.213867
-0.074097
-0.136475
-0.223999
-0.113220
-0.234131
-0.232910
0.034393
-0.275635
-0.130859
-0.227173
-0.007416
-0.002771
-0.362061
-0.244019
-0.270752
-0.294922
-0.100159
-0.184082
-0.235840
-0.171509
-0.284180
-0.305664
-0.036896
-0.146118
-0.409424
0.048676
-0.268555
-0.262451
-0.320557
-0.156494
-0.053650
-0.201294
-0.298584
-0.327637
-0.287109
-0.294922
-0.033386
-0.147949
-0.311523
-0.315186
-0.193481
-0.004566
-0.027054
-0.240845
0.052887
0.015488
0.014214
-0.240234
-0.371094
-0.111267
-0.221924
-0.190674
-0.408691
0.024536
-0.001626
-0.387207
-0.206421
-0.322021
-0.128784
-0.311279
-0.247681
-0.339355
-0.291992
-0.130615
-0.297119
-0.345703
-0.276123
-0.176758
-0.479248
-0.030319
-0.133301
-0.356934
-0.315918
-0.255859
-0.457520
-0.284912
-0.431396
-0.255615
-0.366699
-0.452881
-0.307861
-0.362549
-0.355713
-0.290771
-0.410645
-0.103027
-0.097046
-0.189209
-0.419434
-0.302734
-0.459717
-0.264160
-0.293457
-0.090088
-0.346191
-0.045990
-0.400879
-0.309082
-0.289795
-0.273193
-0.207886
-0.371094
-0.287598
-0.349854
-0.447266
-0.332031
-0.297119
-0.375977
-0.445068
-0.367432
-0.373291
-0.218994
-0.268799
-0.128418
-0.138672
-0.276855
-0.276367
-0.095520
-0.281494
-0.071533
-0.309082
-0.387939
-0.132446
-0.397949
-0.274902
-0.363770
-0.412842
-0.337646
-0.327881
-0.214722
-0.262451
-0.038666
-0.102783
-0.409424
-0.414551
-0.240234
-0.186523
0.005253
-0.257568
-0.090515
-0.252686
-0.451416
-0.354980
-0.285156
-0.294189
-0.021805
-0.196655
-0.367920
-0.102234
-0.320312
-0.147217
-0.163574
-0.138062
-0.351074
-0.374023
0.020630
-0.365234
-0.367920
0.084778
0.121338
-0.392090
-0.255615
-0.427246
-0.194580
-0.145996
-0.156982
-0.133911
-0.146851
-0.177979
-0.364746
0.111145
-0.307373
-0.230591
-0.111633
-0.346924
-0.333984
-0.140259
-0.295898
-0.258301
-0.234131
-0.061066
-0.136475
-0.286621
-0.238770
0.063599
-0.244263
0.026031
-0.145752
-0.263428
-0.151611
-0.055176
-0.208374
-0.069031
-0.135376
-0.222534
-0.110107
-0.234253
-0.228516
0.033173
-0.272461
-0.123779
-0.224365
-0.010254
0.000641
-0.358154
-0.234131
-0.266846
-0.291504
-0.100403
-0.181519
-0.231201
-0.176270
-0.276367
-0.301514
-0.035065
-0.140747
-0.405029
0.052521
-0.265137
-0.265625
-0.312500
-0.153320
-0.050171
-0.200562
-0.290039
-0.322998
-0.281250
-0.286865
-0.034973
-0.148682
-0.308105
-0.309570
-0.187866
-0.001639
-0.029251
-0.240234
0.060303
0.024841
0.018707
-0.236206
-0.363525
-0.108032
-0.218750
-0.186646
-0.398438
0.030472
0.002323
-0.384033
-0.205200
-0.323242
-0.128540
-0.308838
-0.247070
-0.336670
-0.289062
-0.130737
-0.296387
-0.344727
-0.273193
-0.171997
-0.478271
-0.029404
-0.131470
-0.354248
-0.316650
-0.252197
-0.456543
-0.283203
-0.429932
-0.253906
-0.366455
-0.451172
-0.308838
-0.358887
-0.351318
-0.291504
-0.412109
-0.100708
-0.094055
-0.190674
-0.417236
-0.302002
-0.457275
-0.262207
-0.293457
-0.084412
-0.343262
-0.044006
-0.397705
-0.304932
-0.284912
-0.271484
-0.208008
-0.368896
-0.287354
-0.346436
-0.443359
-0.330566
-0.296143
-0.372803
-0.442871
-0.364014
-0.373047
-0.218262
-0.268311
-0.127563
-0.134644
-0.275146
-0.275146
-0.093323
-0.280273
-0.070374
-0.308105
-0.384277
-0.130615
-0.396484
-0.275146
-0.363037
-0.410645
-0.334961
-0.325684
-0.215698
-0.258789
-0.039246
-0.101746
-0.408936
-0.414307
-0.237427
-0.184814
0.003767
-0.255859
-0.089844
-0.253906
-0.448730
-0.351318
-0.284424
-0.291504
-0.021149
-0.197388
-0.367188
-0.098999
-0.317139
-0.146118
-0.160400
-0.133789
-0.347168
-0.370117
0.020859
-0.361572
-0.366699
0.088623
0.118469
-0.390381
-0.252197
-0.423584
-0.197876
-0.159668
-0.153564
-0.129517
-0.142334
-0.173706
-0.362793
0.111938
-0.302979
-0.227905
-0.108643
-0.319580
-0.335693
-0.140625
-0.292725
-0.259766
-0.230835
-0.059021
-0.132812
-0.283203
-0.235107
0.059998
-0.242310
0.026825
-0.143066
-0.260010
-0.151245
-0.049988
-0.205811
-0.064209
-0.135620
-0.220093
-0.108765
-0.233032
-0.225830
0.034027
-0.271729
-0.119812
-0.222534
-0.010429
0.002003
-0.355957
-0.231445
-0.262695
-0.287842
-0.100159
-0.181763
-0.229126
-0.187744
-0.272949
-0.296875
-0.035614
-0.136108
-0.402100
0.055298
-0.261963
-0.267822
-0.308105
-0.149048
-0.045807
-0.199829
-0.287842
-0.320801
-0.276123
-0.280518
-0.035217
-0.152954
-0.304932
-0.305420
-0.184204
0.005062
-0.030472
-0.240112
0.064148
0.028030
0.018158
-0.234253
-0.359619
-0.106018
-0.217285
-0.180542
-0.394287
0.032867
0.003370
-0.382568
-0.205444
-0.326172
-0.124939
-0.307617
-0.247925
-0.336914
-0.292236
-0.136353
-0.296875
-0.348633
-0.273438
-0.174561
-0.486328
-0.022446
-0.132812
-0.357178
-0.315674
-0.253906
-0.462646
-0.288818
-0.434326
-0.254883
-0.365723
-0.458252
-0.308594
-0.365479
-0.358643
-0.291260
-0.411865
-0.099487
-0.098999
-0.189453
-0.425049
-0.302002
-0.462158
-0.262939
-0.297119
-0.087036
-0.346924
-0.053284
-0.400879
-0.306641
-0.291504
-0.273682
-0.210083
-0.373047
-0.288330
-0.353027
-0.451172
-0.330811
-0.297363
-0.379639
-0.448975
-0.370361
-0.378662
-0.220093
-0.270752
-0.121704
-0.139282
-0.277832
-0.277344
-0.096741
-0.283936
-0.068176
-0.304688
-0.387451
-0.128662
-0.403076
-0.282715
-0.362061
-0.414551
-0.338135
-0.328613
-0.212769
-0.268555
-0.036102
-0.091736
-0.411377
-0.417969
-0.240601
-0.182983
0.006279
-0.254395
-0.088257
-0.250732
-0.456543
-0.356689
-0.291992
-0.295410
-0.017700
-0.196899
-0.371582
-0.096008
-0.320801
-0.146606
-0.159790
-0.134277
-0.347900
-0.369629
0.023056
-0.369629
-0.371826
0.093933
0.131104
-0.395752
-0.253174
-0.425293
-0.194824
-0.121582
-0.156982
-0.131470
-0.144531
-0.177979
-0.363037
0.125122
-0.310547
-0.228394
-0.105713
-0.091309
-0.330566
-0.137573
-0.297119
-0.266602
-0.234985
-0.061462
-0.143921
-0.286621
-0.234009
0.063416
-0.242432
0.034027
-0.145996
-0.263428
-0.149658
-0.047302
-0.207764
-0.064758
-0.135132
-0.219360
-0.103455
-0.236084
-0.228394
0.042725
-0.274170
-0.123718
-0.221802
-0.001477
0.002472
-0.358154
-0.239868
-0.267822
-0.288818
-0.095581
-0.182861
-0.233521
-0.170532
-0.277588
-0.296875
-0.030685
-0.140625
-0.408203
0.059113
-0.264893
-0.260986
-0.314453
-0.153687
-0.047455
-0.198608
-0.294922
-0.324951
-0.281250
-0.282715
-0.030563
-0.147095
-0.305176
-0.307129
-0.192139
0.014893
-0.026978
-0.238770
0.058716
0.026184
0.018967
-0.232178
-0.366211
-0.109192
-0.217651
-0.183716
-0.402588
0.029495
0.002419
-0.385986
-0.205566
-0.328369
-0.123535
-0.301025
-0.249146
-0.334473
-0.294922
-0.146729
-0.296875
-0.354004
-0.273926
-0.177490
-0.489014
-0.015671
-0.133789
-0.359863
-0.320801
-0.258545
-0.466553
-0.292969
-0.435303
-0.257080
-0.370361
-0.464600
-0.314453
-0.368652
-0.367432
-0.287842
-0.411621
-0.102051
-0.107422
-0.185913
-0.429199
-0.299316
-0.473389
-0.267578
-0.295410
-0.095459
-0.351074
-0.068481
-0.405762
-0.311768
-0.299561
-0.272461
-0.210815
-0.375244
-0.289062
-0.361572
-0.457520
-0.338135
-0.299316
-0.383545
-0.452637
-0.375244
-0.379395
-0.225342
-0.273682
-0.115356
-0.146240
-0.281982
-0.281494
-0.104370
-0.288330
-0.066345
-0.300293
-0.388428
-0.131714
-0.404053
-0.288086
-0.366699
-0.415527
-0.344482
-0.333252
-0.215332
-0.282471
-0.037506
-0.085815
-0.412109
-0.420166
-0.244873
-0.179077
0.002335
-0.250244
-0.091797
-0.244629
-0.458496
-0.358887
-0.302246
-0.298584
-0.021271
-0.199951
-0.375488
-0.099121
-0.324951
-0.153198
-0.158569
-0.131592
-0.351562
-0.368652
0.015076
-0.377930
-0.378174
0.082214
0.133423
-0.395752
-0.257080
-0.427734
-0.192871
-0.147217
-0.162476
-0.132568
-0.156982
-0.186035
-0.363525
0.130493
-0.321533
-0.227661
-0.105469
0.001287
-0.323242
-0.145630
-0.300781
-0.274170
-0.237305
-0.071350
-0.161743
-0.289062
-0.237305
0.064026
-0.243164
0.034515
-0.155396
-0.269775
-0.153442
-0.053528
-0.212769
-0.070740
-0.136841
-0.222290
-0.108948
-0.240845
-0.229858
0.039520
-0.281494
-0.131714
-0.230469
0.004021
-0.003706
-0.363037
-0.253418
-0.275879
-0.290771
-0.090820
-0.188599
-0.236816
-0.176025
-0.287598
-0.304199
-0.033539
-0.148193
-0.413086
0.051788
-0.266846
-0.252441
-0.323486
-0.163696
-0.057251
-0.197998
-0.305420
-0.330078
-0.287354
-0.297607
-0.028931
-0.147827
-0.304932
-0.317383
-0.198486
0.018707
-0.029709
-0.235352
0.044495
0.016235
0.008125
-0.236084
-0.374512
-0.117615
-0.218384
-0.192749
-0.414551
0.016479
-0.004124
-0.388672
-0.204468
-0.331543
-0.126221
-0.301514
-0.256104
-0.339355
-0.299316
-0.154785
-0.301270
-0.362061
-0.276611
-0.177979
-0.493896
-0.013672
-0.133545
-0.365967
-0.325684
-0.260498
-0.471924
-0.301025
-0.441650
-0.261963
-0.375488
-0.470703
-0.316406
-0.377686
-0.377197
-0.291748
-0.414551
-0.111816
-0.118164
-0.189331
-0.433105
-0.303955
-0.484131
-0.274902
-0.298828
-0.105347
-0.358154
-0.072693
-0.409912
-0.317139
-0.306152
-0.272217
-0.215454
-0.380859
-0.292725
-0.368164
-0.461670
-0.343506
-0.301025
-0.388916
-0.459473
-0.384277
-0.384277
-0.227905
-0.276855
-0.118225
-0.149658
-0.289307
-0.288330
-0.104248
-0.292480
-0.070068
-0.305176
-0.394043
-0.133301
-0.408447
-0.294189
-0.374023
-0.420166
-0.352783
-0.338623
-0.218994
-0.288818
-0.037689
-0.080261
-0.416748
-0.425537
-0.250244
-0.180420
0.003754
-0.254883
-0.093872
-0.245972
-0.465820
-0.366455
-0.310547
-0.307129
-0.029892
-0.205444
-0.381104
-0.104675
-0.327637
-0.160889
-0.161011
-0.136597
-0.355957
-0.373047
0.010292
-0.385498
-0.385254
0.068665
0.131226
-0.401611
-0.261719
-0.435303
-0.194824
-0.169800
-0.165649
-0.138550
-0.166992
-0.193481
-0.367676
0.131104
-0.332520
-0.232300
-0.109680
-0.206909
-0.323486
-0.156250
-0.305664
-0.279541
-0.242310
-0.077148
-0.174927
-0.294678
-0.244995
0.067261
-0.251221
0.033966
-0.160156
-0.273682
-0.161987
-0.059601
-0.218628
-0.075684
-0.139160
-0.229126
-0.120850
-0.247070
-0.236938
0.027847
-0.284424
-0.138184
-0.237427
0.002413
-0.010147
-0.368164
-0.263916
-0.283447
-0.300049
-0.094482
-0.196655
-0.245483
-0.196045
-0.296875
-0.311523
-0.035736
-0.154297
-0.419189
0.043549
-0.273438
-0.250244
-0.329834
-0.168579
-0.065247
-0.201904
-0.311035
-0.338379
-0.293701
-0.310059
-0.034271
-0.151855
-0.311035
-0.323486
-0.204346
0.017563
-0.032837
-0.236084
0.039185
0.009659
0.001781
-0.243042
-0.381592
-0.128296
-0.219116
-0.193237
-0.427002
0.007236
-0.009987
-0.395020
-0.204590
-0.330322
-0.125000
-0.304688
-0.254883
-0.339355
-0.299316
-0.150269
-0.299072
-0.360596
-0.275391
-0.178467
-0.491699
-0.013245
-0.134033
-0.366211
-0.324707
-0.261719
-0.470459
-0.299072
-0.440918
-0.261963
-0.375488
-0.467529
-0.314941
-0.377686
-0.376465
-0.290283
-0.412842
-0.109314
-0.109070
-0.186279
-0.432129
-0.306396
-0.481445
-0.272705
-0.292969
-0.101318
-0.356445
-0.068115
-0.409912
-0.316162
-0.304932
-0.273682
-0.215332
-0.381348
-0.292480
-0.365479
-0.461670
-0.343750
-0.298828
-0.386475
-0.456787
-0.382324
-0.385010
-0.224487
-0.277832
-0.117188
-0.149658
-0.283936
-0.286865
-0.104126
-0.291260
-0.067444
-0.304443
-0.393066
-0.134155
-0.403564
-0.291504
-0.371582
-0.420898
-0.351562
-0.338135
-0.218506
-0.284668
-0.036255
-0.085388
-0.415771
-0.420898
-0.250000
-0.181396
0.005707
-0.255859
-0.091675
-0.245239
-0.461426
-0.364746
-0.306396
-0.305908
-0.025253
-0.204590
-0.377197
-0.103149
-0.325928
-0.157593
-0.159546
-0.136230
-0.357178
-0.373291
0.014038
-0.384277
-0.383789
0.070190
0.135254
-0.399170
-0.262939
-0.434082
-0.192993
-0.153198
-0.165161
-0.137451
-0.162109
-0.188965
-0.367920
0.128906
-0.331055
-0.232544
-0.107727
-0.029266
-0.322266
-0.153320
-0.304443
-0.275879
-0.241455
-0.071594
-0.170044
-0.294434
-0.243530
0.070557
-0.249756
0.035919
-0.156494
-0.274170
-0.157593
-0.061859
-0.215820
-0.076782
-0.138184
-0.225830
-0.114075
-0.242554
-0.234131
0.032288
-0.283936
-0.135376
-0.234497
0.001495
-0.005196
-0.365234
-0.262451
-0.280273
-0.298584
-0.095032
-0.192139
-0.243164
-0.176758
-0.292480
-0.309326
-0.035339
-0.152222
-0.418213
0.047028
-0.275146
-0.251953
-0.327881
-0.164673
-0.060333
-0.203003
-0.310791
-0.335693
-0.291504
-0.306152
-0.030930
-0.151489
-0.310303
-0.320801
-0.201782
0.016693
-0.029999
-0.234131
0.039978
0.008568
0.003685
-0.242920
-0.380127
-0.124268
-0.220581
-0.189941
-0.424805
0.009476
-0.004128
-0.391846
-0.206421
-0.326660
-0.116821
-0.310547
-0.250732
-0.340576
-0.301270
-0.135620
-0.294922
-0.353760
-0.276611
-0.177124
-0.485840
-0.015541
-0.137817
-0.360596
-0.322998
-0.259033
-0.465088
-0.292236
-0.437500
-0.258057
-0.370361
-0.460449
-0.306152
-0.374268
-0.368652
-0.286377
-0.410156
-0.100708
-0.099487
-0.184570
-0.424316
-0.311279
-0.473877
-0.271240
-0.285645
-0.096741
-0.347656
-0.057251
-0.402100
-0.313965
-0.301270
-0.275635
-0.214233
-0.380371
-0.291504
-0.357910
-0.456055
-0.342773
-0.295898
-0.384277
-0.455322
-0.377197
-0.384521
-0.220337
-0.277832
-0.120361
-0.153320
-0.276611
-0.282227
-0.103333
-0.283447
-0.064209
-0.302246
-0.390381
-0.130493
-0.398682
-0.287598
-0.370361
-0.418457
-0.348877
-0.334229
-0.213257
-0.271484
-0.033783
-0.097168
-0.413330
-0.415771
-0.250488
-0.182251
0.008751
-0.255615
-0.085388
-0.242554
-0.457764
-0.358643
-0.294678
-0.302734
-0.017776
-0.201782
-0.373047
-0.098816
-0.323975
-0.151978
-0.161987
-0.138428
-0.354492
-0.373047
0.020157
-0.377930
-0.373047
0.080383
0.142822
-0.394531
-0.262207
-0.433594
-0.189697
-0.160400
-0.167480
-0.135010
-0.156738
-0.178467
-0.367920
0.126099
-0.322266
-0.231445
-0.106018
-0.068420
-0.326660
-0.150391
-0.303223
-0.264648
-0.241455
-0.059052
-0.153198
-0.292725
-0.244873
0.074585
-0.247070
0.036652
-0.145752
-0.272217
-0.151611
-0.067139
-0.212036
-0.074890
-0.129028
-0.223389
-0.107300
-0.228760
-0.234009
0.038239
-0.281738
-0.131226
-0.228271
-0.007549
-0.004673
-0.360596
-0.253906
-0.270752
-0.292236
-0.099670
-0.188721
-0.242432
-0.180176
-0.282471
-0.302002
-0.034546
-0.145874
-0.411133
0.055237
-0.272461
-0.260254
-0.322754
-0.156128
-0.048615
-0.202271
-0.308350
-0.331055
-0.284180
-0.292969
-0.026581
-0.156128
-0.314453
-0.310303
-0.199463
0.008690
-0.023239
-0.227417
0.049103
0.011108
0.010780
-0.235840
-0.374756
-0.109070
-0.220581
-0.186401
-0.414795
0.019669
0.006397
-0.389648
-0.206665
-0.326416
-0.115723
-0.310303
-0.250977
-0.340576
-0.300293
-0.132446
-0.294434
-0.353760
-0.274902
-0.180054
-0.484863
-0.016434
-0.137817
-0.358887
-0.323486
-0.260742
-0.463135
-0.290527
-0.435303
-0.257812
-0.371826
-0.457031
-0.305664
-0.373291
-0.366699
-0.284180
-0.410400
-0.096497
-0.097168
-0.182617
-0.423828
-0.313721
-0.471191
-0.267578
-0.283936
-0.094238
-0.346924
-0.057434
-0.400391
-0.315186
-0.301758
-0.278809
-0.213013
-0.379639
-0.289795
-0.358154
-0.456787
-0.344482
-0.296631
-0.381836
-0.454346
-0.374023
-0.384521
-0.222046
-0.277832
-0.119568
-0.156128
-0.273682
-0.279785
-0.106934
-0.282227
-0.063232
-0.302002
-0.388916
-0.132568
-0.396240
-0.287354
-0.371338
-0.418701
-0.349121
-0.335205
-0.214722
-0.270508
-0.033264
-0.100342
-0.411865
-0.413086
-0.249512
-0.183228
0.008896
-0.255127
-0.084778
-0.241333
-0.456543
-0.357422
-0.292236
-0.301514
-0.015381
-0.201416
-0.370850
-0.097534
-0.324951
-0.150391
-0.161743
-0.136963
-0.354248
-0.375732
0.017120
-0.378174
-0.372803
0.079529
0.141968
-0.392578
-0.263916
-0.432373
-0.190796
-0.171997
-0.168091
-0.133423
-0.158691
-0.175781
-0.368896
0.123535
-0.320068
-0.230835
-0.105652
-0.244141
-0.327148
-0.150024
-0.302246
-0.261719
-0.240601
-0.058746
-0.152344
-0.293213
-0.245361
0.075439
-0.244751
0.033966
-0.145020
-0.270752
-0.155518
-0.068054
-0.211182
-0.075806
-0.127441
-0.222656
-0.106934
-0.224487
-0.234253
0.039154
-0.281006
-0.131348
-0.227905
-0.008820
-0.004559
-0.360352
-0.254395
-0.269775
-0.292969
-0.099731
-0.187744
-0.242554
-0.181030
-0.281738
-0.302979
-0.035461
-0.145752
-0.410400
0.053711
-0.271484
-0.262939
-0.322754
-0.152344
-0.047485
-0.202148
-0.306641
-0.330322
-0.282227
-0.291260
-0.026382
-0.160400
-0.315918
-0.309570
-0.197266
0.008148
-0.021439
-0.225708
0.049774
0.009743
0.009430
-0.234741
-0.373535
-0.106812
-0.219849
-0.186279
-0.413818
0.019867
0.005245
-0.388916
-0.206299
-0.324951
-0.118042
-0.311768
-0.247314
-0.339355
-0.301025
-0.135254
-0.292236
-0.353027
-0.274902
-0.181030
-0.484131
-0.015701
-0.137207
-0.358398
-0.321289
-0.257568
-0.464844
-0.290283
-0.434570
-0.256836
-0.366943
-0.458984
-0.303467
-0.369385
-0.364014
-0.283447
-0.410645
-0.091553
-0.096924
-0.182617
-0.425049
-0.307861
-0.468750
-0.266113
-0.287842
-0.094604
-0.345459
-0.058167
-0.397949
-0.313232
-0.299316
-0.277344
-0.212769
-0.377930
-0.286865
-0.358154
-0.457520
-0.342773
-0.293701
-0.384277
-0.453369
-0.373779
-0.382324
-0.221680
-0.275879
-0.116577
-0.156860
-0.276611
-0.277100
-0.110474
-0.282227
-0.061646
-0.302246
-0.388184
-0.130859
-0.397705
-0.287354
-0.365967
-0.417236
-0.344971
-0.328857
-0.208984
-0.274658
-0.033020
-0.096619
-0.411865
-0.413574
-0.246704
-0.182007
0.005234
-0.251709
-0.083679
-0.240234
-0.455811
-0.356934
-0.293945
-0.299316
-0.012550
-0.199951
-0.371826
-0.096863
-0.328613
-0.147339
-0.163330
-0.136597
-0.349854
-0.374268
0.019943
-0.378418
-0.373047
0.084900
0.145142
-0.391113
-0.261719
-0.427246
-0.190552
-0.143799
-0.168091
-0.134033
-0.156250
-0.177490
-0.366943
0.127808
-0.315430
-0.228149
-0.106323
-0.052277
-0.325439
-0.140747
-0.302979
-0.263428
-0.239746
-0.059998
-0.151978
-0.289795
-0.237305
0.074707
-0.242676
0.032928
-0.146729
-0.269287
-0.151978
-0.060059
-0.210449
-0.075928
-0.132812
-0.221069
-0.102356
-0.227905
-0.228394
0.045563
-0.279053
-0.130981
-0.226807
-0.005909
-0.001531
-0.360840
-0.253174
-0.270508
-0.291992
-0.098145
-0.184692
-0.242432
-0.170654
-0.278564
-0.300781
-0.030624
-0.145874
-0.408203
0.059906
-0.267822
-0.259521
-0.325684
-0.160034
-0.044342
-0.201172
-0.305420
-0.328857
-0.281250
-0.289062
-0.020813
-0.154175
-0.312012
-0.309082
-0.201294
0.009979
-0.019730
-0.226440
0.045319
0.015083
0.012009
-0.229614
-0.374756
-0.109131
-0.218140
-0.190186
-0.409912
0.019104
0.004070
-0.389160
-0.208496
-0.322266
-0.117432
-0.308350
-0.241821
-0.335449
-0.295654
-0.136719
-0.290039
-0.348877
-0.273438
-0.180176
-0.480713
-0.013908
-0.140869
-0.353271
-0.321045
-0.250732
-0.459229
-0.285400
-0.427979
-0.255371
-0.362061
-0.454346
-0.299805
-0.361816
-0.356689
-0.284180
-0.411621
-0.079224
-0.090027
-0.181763
-0.423340
-0.302979
-0.460693
-0.263672
-0.288818
-0.088684
-0.340576
-0.058075
-0.394043
-0.309326
-0.295410
-0.280029
-0.208740
-0.372559
-0.283691
-0.355957
-0.454346
-0.342041
-0.288818
-0.381592
-0.447754
-0.366699
-0.380127
-0.223145
-0.272461
-0.113403
-0.156738
-0.276855
-0.271484
-0.117188
-0.282715
-0.056335
-0.298340
-0.383545
-0.129761
-0.396240
-0.283691
-0.361572
-0.413574
-0.338623
-0.321045
-0.205078
-0.275635
-0.034363
-0.096924
-0.407959
-0.408447
-0.240723
-0.180176
-0.001852
-0.246216
-0.083679
-0.236450
-0.449219
-0.351562
-0.292480
-0.293945
-0.009064
-0.197388
-0.365723
-0.094788
-0.329346
-0.141113
-0.163696
-0.132690
-0.341553
-0.372803
0.018677
-0.375977
-0.370117
0.091248
0.141479
-0.384277
-0.260254
-0.416504
-0.194580
-0.137085
-0.170776
-0.128906
-0.156494
-0.174683
-0.364990
0.129395
-0.304932
-0.220947
-0.104980
-0.126587
-0.321777
-0.134277
-0.300049
-0.260742
-0.239380
-0.062805
-0.151123
-0.284424
-0.228516
0.070801
-0.238892
0.025909
-0.145874
-0.264160
-0.149170
-0.051727
-0.207764
-0.072021
-0.136475
-0.219604
-0.096497
-0.227661
-0.223145
0.051910
-0.276611
-0.128540
-0.225464
-0.009209
-0.003048
-0.356445
-0.250244
-0.268066
-0.288086
-0.095276
-0.178345
-0.238770
-0.163208
-0.270020
-0.298096
-0.027420
-0.143799
-0.401855
0.067688
-0.254639
-0.261719
-0.322266
-0.162109
-0.038025
-0.200684
-0.302246
-0.323975
-0.272217
-0.280518
-0.019775
-0.155273
-0.305908
-0.306885
-0.200073
0.017395
-0.014923
-0.225098
0.044189
0.021683
0.009232
-0.222290
-0.371338
-0.110474
-0.211792
-0.190308
-0.401855
0.020416
-0.001809
-0.387207
-0.213501
-0.322021
-0.119507
-0.313721
-0.240356
-0.337891
-0.297607
-0.135498
-0.288086
-0.346436
-0.276855
-0.185669
-0.477295
-0.021118
-0.144775
-0.353760
-0.319824
-0.249146
-0.460693
-0.283203
-0.426758
-0.253906
-0.360596
-0.454102
-0.296387
-0.358398
-0.356934
-0.285645
-0.412354
-0.069214
-0.092590
-0.183472
-0.424072
-0.302979
-0.460938
-0.263184
-0.289795
-0.088562
-0.339111
-0.057007
-0.391357
-0.311523
-0.297852
-0.284912
-0.208252
-0.371582
-0.282227
-0.354004
-0.456055
-0.342041
-0.287598
-0.386230
-0.445801
-0.369385
-0.379639
-0.224487
-0.274902
-0.113831
-0.161011
-0.280518
-0.269775
-0.118713
-0.284668
-0.053711
-0.302490
-0.383789
-0.130005
-0.399414
-0.278564
-0.359619
-0.415039
-0.337891
-0.315918
-0.205566
-0.276855
-0.034363
-0.100098
-0.406494
-0.407471
-0.239136
-0.182617
-0.005466
-0.247192
-0.083313
-0.238770
-0.449951
-0.352051
-0.291748
-0.292480
-0.009666
-0.198975
-0.363281
-0.096375
-0.333252
-0.139038
-0.168701
-0.134644
-0.337158
-0.375488
0.017532
-0.377930
-0.372803
0.095398
0.138428
-0.382812
-0.264648
-0.410889
-0.196411
-0.149536
-0.172485
-0.131348
-0.161011
-0.174561
-0.368408
0.127075
-0.299072
-0.219971
-0.108887
-0.257324
-0.324463
-0.131714
-0.304688
-0.257080
-0.237671
-0.063477
-0.147583
-0.281494
-0.225952
0.070618
-0.240234
0.018448
-0.144409
-0.262207
-0.151489
-0.047882
-0.210449
-0.070740
-0.141602
-0.218872
-0.100891
-0.230103
-0.223511
0.057098
-0.275146
-0.126831
-0.225586
-0.013725
0.000740
-0.354736
-0.250244
-0.268066
-0.285156
-0.096436
-0.177856
-0.242554
-0.175903
-0.272461
-0.298096
-0.025421
-0.145874
-0.395996
0.073059
-0.246704
-0.262695
-0.325928
-0.167358
-0.032135
-0.203125
-0.304199
-0.323242
-0.269775
-0.278076
-0.017731
-0.155518
-0.306641
-0.308105
-0.203979
0.015793
-0.014618
-0.225220
0.040649
0.025040
0.011322
-0.221558
-0.374023
-0.113281
-0.209839
-0.196777
-0.399170
0.021820
-0.003572
-0.388184
-0.216187
-0.324707
-0.122192
-0.309570
-0.244019
-0.339111
-0.298828
-0.136353
-0.287842
-0.350342
-0.277832
-0.187744
-0.478760
-0.023422
-0.142212
-0.355957
-0.319092
-0.254150
-0.459961
-0.284912
-0.426514
-0.255371
-0.361816
-0.456055
-0.298584
-0.361084
-0.363281
-0.285645
-0.410645
-0.075256
-0.101990
-0.182007
-0.426758
-0.302490
-0.465088
-0.262939
-0.291016
-0.097229
-0.342285
-0.061066
-0.394287
-0.315430
-0.302734
-0.284668
-0.205933
-0.372559
-0.282227
-0.358398
-0.458740
-0.345947
-0.290527
-0.388184
-0.446533
-0.372314
-0.380859
-0.226440
-0.276611
-0.114319
-0.164307
-0.282227
-0.274414
-0.117554
-0.289062
-0.056274
-0.303711
-0.386230
-0.132080
-0.401123
-0.277588
-0.362305
-0.416504
-0.342041
-0.320312
-0.209473
-0.279785
-0.033905
-0.099915
-0.408447
-0.409668
-0.241455
-0.182495
-0.006546
-0.249146
-0.087952
-0.237793
-0.449951
-0.354248
-0.293701
-0.296143
-0.013939
-0.198730
-0.365967
-0.102783
-0.333252
-0.142822
-0.170654
-0.136841
-0.338623
-0.377930
0.013245
-0.383301
-0.379883
0.084351
0.134766
-0.382080
-0.267822
-0.414307
-0.196899
-0.154175
-0.172729
-0.134399
-0.167969
-0.180420
-0.370850
0.120300
-0.303223
-0.222412
-0.111145
-0.249512
-0.322754
-0.137939
-0.308105
-0.256104
-0.238892
-0.070557
-0.156250
-0.284180
-0.231323
0.074951
-0.240723
0.015656
-0.149048
-0.266602
-0.159424
-0.054138
-0.215820
-0.074463
-0.142944
-0.222168
-0.111755
-0.235229
-0.225586
0.050903
-0.275879
-0.133423
-0.232300
-0.013718
-0.000357
-0.356689
-0.257568
-0.272949
-0.292480
-0.095703
-0.177979
-0.243408
-0.173950
-0.280762
-0.305420
-0.027115
-0.151855
-0.398438
0.064026
-0.247803
-0.258789
-0.330078
-0.171387
-0.041229
-0.203735
-0.306885
-0.325928
-0.276611
-0.291016
-0.021835
-0.154541
-0.308350
-0.315186
-0.204956
0.010933
-0.018677
-0.229492
0.035492
0.020401
0.008217
-0.227661
-0.380371
-0.120300
-0.211304
-0.203247
-0.405273
0.013824
-0.008308
-0.389893
-0.216309
-0.326172
-0.125122
-0.311035
-0.246948
-0.340088
-0.298584
-0.137451
-0.293945
-0.351074
-0.277832
-0.186768
-0.485107
-0.020477
-0.136230
-0.360352
-0.314453
-0.261719
-0.462402
-0.288574
-0.432373
-0.256836
-0.365967
-0.459961
-0.304932
-0.367432
-0.367188
-0.287109
-0.409424
-0.092529
-0.104248
-0.182007
-0.427002
-0.304688
-0.467529
-0.264160
-0.291992
-0.097412
-0.349609
-0.060272
-0.399902
-0.317383
-0.302490
-0.277344
-0.210327
-0.376709
-0.285400
-0.361084
-0.457764
-0.343994
-0.296875
-0.387207
-0.451172
-0.377441
-0.381348
-0.221802
-0.275146
-0.117126
-0.160400
-0.278320
-0.276855
-0.111145
-0.287598
-0.064392
-0.304199
-0.390869
-0.135132
-0.401367
-0.285156
-0.364258
-0.417236
-0.346436
-0.328857
-0.211060
-0.278564
-0.033051
-0.096375
-0.410889
-0.417236
-0.247070
-0.179565
-0.002373
-0.255859
-0.089600
-0.243408
-0.456055
-0.357910
-0.294922
-0.301270
-0.015945
-0.196411
-0.370361
-0.102600
-0.330811
-0.145630
-0.165039
-0.137451
-0.350342
-0.375732
0.015747
-0.384033
-0.376465
0.077332
0.140991
-0.392822
-0.263672
-0.426514
-0.191772
-0.115479
-0.168701
-0.134277
-0.162598
-0.185181
-0.368164
0.119202
-0.313477
-0.229370
-0.108582
-0.106750
-0.320557
-0.137939
-0.307617
-0.258789
-0.241211
-0.068176
-0.153687
-0.287842
-0.239258
0.073303
-0.240845
0.028229
-0.151611
-0.271973
-0.159546
-0.061157
-0.217896
-0.079346
-0.139038
-0.223389
-0.106995
-0.234131
-0.229126
0.042664
-0.280029
-0.138428
-0.230835
-0.005627
-0.003077
-0.361084
-0.255127
-0.278076
-0.295898
-0.095764
-0.181274
-0.242554
-0.158569
-0.282715
-0.307617
-0.029984
-0.153442
-0.406250
0.055634
-0.265625
-0.254639
-0.331299
-0.166626
-0.050690
-0.203491
-0.308105
-0.328125
-0.288330
-0.302979
-0.025696
-0.148926
-0.312744
-0.317139
-0.204224
0.006397
-0.023300
-0.233398
0.042969
0.015976
0.012520
-0.233032
-0.378174
-0.116272
-0.218994
-0.202759
-0.411865
0.017532
-0.004536
-0.389648
-0.212769
-0.328369
-0.129517
-0.313232
-0.253662
-0.337402
-0.297363
-0.139038
-0.302734
-0.353271
-0.277344
-0.183838
-0.487061
-0.018906
-0.128418
-0.364502
-0.316895
-0.270508
-0.461670
-0.290039
-0.439453
-0.257812
-0.371338
-0.458252
-0.313477
-0.373779
-0.368652
-0.284912
-0.409668
-0.112061
-0.102783
-0.184692
-0.428223
-0.308105
-0.471436
-0.268555
-0.289307
-0.092651
-0.359375
-0.061127
-0.405029
-0.318359
-0.299316
-0.266113
-0.213013
-0.379639
-0.291260
-0.360352
-0.453369
-0.340820
-0.300781
-0.378662
-0.452393
-0.382324
-0.380859
-0.219238
-0.271973
-0.122681
-0.154541
-0.273193
-0.275635
-0.103210
-0.284424
-0.072571
-0.303955
-0.394775
-0.138062
-0.397217
-0.293457
-0.368652
-0.415527
-0.351074
-0.342041
-0.218262
-0.272949
-0.032959
-0.098389
-0.412354
-0.424805
-0.251221
-0.176392
0.000966
-0.264160
-0.091797
-0.247681
-0.456299
-0.362793
-0.296875
-0.306396
-0.022995
-0.195190
-0.373779
-0.104309
-0.322510
-0.159546
-0.156128
-0.137207
-0.365479
-0.372803
0.017181
-0.382568
-0.372314
0.062195
0.138794
-0.403809
-0.260254
-0.439697
-0.187134
-0.129150
-0.165039
-0.131226
-0.157959
-0.188721
-0.366699
0.111755
-0.323730
-0.236206
-0.106628
-0.257568
-0.319092
-0.141357
-0.303223
-0.258789
-0.242432
-0.066101
-0.149292
-0.295166
-0.250000
0.068115
-0.243042
0.038940
-0.154297
-0.278076
-0.162720
-0.072266
-0.219971
-0.082214
-0.131958
-0.224731
-0.105530
-0.228516
-0.235718
0.026581
-0.284180
-0.143066
-0.226440
-0.000195
-0.004093
-0.363770
-0.252930
-0.281006
-0.302246
-0.097351
-0.186157
-0.239502
-0.163086
-0.285400
-0.311035
-0.043854
-0.150269
-0.416992
0.044800
-0.287598
-0.252686
-0.330078
-0.157959
-0.059387
-0.201294
-0.305908
-0.328369
-0.300781
-0.314453
-0.029388
-0.148071
-0.319092
-0.315430
-0.199219
-0.000775
-0.027328
-0.236084
0.050140
0.008438
0.013939
-0.242065
-0.378174
-0.107544
-0.229736
-0.198853
-0.413330
0.019409
-0.001160
-0.387451
-0.209229
-0.331543
-0.128052
-0.316406
-0.256348
-0.340088
-0.299805
-0.139282
-0.305908
-0.353516
-0.277344
-0.184937
-0.487061
-0.019638
-0.129395
-0.364746
-0.320801
-0.275391
-0.461670
-0.293457
-0.443359
-0.258545
-0.373291
-0.456787
-0.320068
-0.377197
-0.369385
-0.283936
-0.412842
-0.121033
-0.103882
-0.187378
-0.424805
-0.311035
-0.476074
-0.273926
-0.289307
-0.091309
-0.362305
-0.062805
-0.407471
-0.318848
-0.298828
-0.264160
-0.216919
-0.381836
-0.295410
-0.360596
-0.450195
-0.339844
-0.302734
-0.377197
-0.454590
-0.382080
-0.382568
-0.219238
-0.273926
-0.127075
-0.154297
-0.272461
-0.276855
-0.103333
-0.282715
-0.078796
-0.307617
-0.395996
-0.139648
-0.396484
-0.296875
-0.374512
-0.417480
-0.354248
-0.346436
-0.220947
-0.271973
-0.034882
-0.098572
-0.414551
-0.427002
-0.253418
-0.176514
0.001753
-0.268799
-0.089905
-0.249878
-0.459473
-0.365723
-0.297607
-0.309570
-0.028534
-0.196899
-0.374512
-0.105164
-0.320068
-0.169067
-0.154419
-0.137695
-0.371582
-0.371582
0.016083
-0.382080
-0.371094
0.056213
0.132202
-0.409912
-0.259277
-0.443604
-0.188477
-0.167236
-0.166504
-0.130737
-0.160889
-0.188965
-0.366455
0.105530
-0.326904
-0.238037
-0.109436
-0.299316
-0.321045
-0.150024
-0.302979
-0.260010
-0.244385
-0.066528
-0.147095
-0.299072
-0.255615
0.063538
-0.248535
0.040192
-0.153687
-0.280518
-0.166016
-0.076965
-0.219238
-0.084839
-0.128418
-0.227905
-0.110901
-0.224487
-0.237793
0.018265
-0.286621
-0.144043
-0.226318
0.000659
-0.009483
-0.365723
-0.252197
-0.284668
-0.303467
-0.099854
-0.191284
-0.240479
-0.184448
-0.287109
-0.311035
-0.050781
-0.147705
-0.420898
0.040588
-0.296631
-0.254639
-0.328857
-0.154297
-0.061035
-0.203491
-0.306152
-0.329590
-0.302979
-0.316406
-0.031097
-0.149658
-0.324219
-0.314941
-0.199219
-0.005058
-0.028824
-0.236694
0.054169
0.004356
0.010826
-0.244995
-0.378418
-0.104675
-0.233154
-0.198608
-0.415039
0.021637
-0.002899
-0.388184
-0.205688
-0.328857
-0.125244
-0.314453
-0.254395
-0.338867
-0.298340
-0.138428
-0.305664
-0.350830
-0.277344
-0.183472
-0.486084
-0.018021
-0.130493
-0.362061
-0.322266
-0.272949
-0.459961
-0.290771
-0.441406
-0.256348
-0.372559
-0.456299
-0.319580
-0.373779
-0.367188
-0.285400
-0.413086
-0.116516
-0.099243
-0.187012
-0.423340
-0.309814
-0.475342
-0.273438
-0.288574
-0.088501
-0.359619
-0.061005
-0.405762
-0.315674
-0.297119
-0.264648
-0.215942
-0.379395
-0.294922
-0.357178
-0.448242
-0.338135
-0.303467
-0.376953
-0.451416
-0.377441
-0.381104
-0.220581
-0.274414
-0.126465
-0.151367
-0.270996
-0.274902
-0.104126
-0.282471
-0.078308
-0.305420
-0.392578
-0.138550
-0.396729
-0.294434
-0.375244
-0.416260
-0.351318
-0.344238
-0.221191
-0.268555
-0.033936
-0.099060
-0.413574
-0.425537
-0.250488
-0.174561
0.002417
-0.264160
-0.090576
-0.248535
-0.457764
-0.363037
-0.296143
-0.305664
-0.024841
-0.195679
-0.373291
-0.102417
-0.318604
-0.166504
-0.152710
-0.135498
-0.367676
-0.370605
0.017471
-0.378418
-0.369629
0.062744
0.131348
-0.407959
-0.257080
-0.439209
-0.189453
-0.176147
-0.166748
-0.129028
-0.157471
-0.186157
-0.365479
0.109314
-0.321289
-0.234985
-0.107727
-0.253174
-0.321777
-0.148926
-0.301025
-0.259521
-0.242432
-0.063843
-0.143555
-0.296143
-0.251953
0.061371
-0.246826
0.039948
-0.151367
-0.278076
-0.163208
-0.075134
-0.216797
-0.082458
-0.128662
-0.225586
-0.107117
-0.224731
-0.237427
0.022308
-0.285645
-0.139404
-0.225952
0.000300
-0.010132
-0.364502
-0.247681
-0.279785
-0.297363
-0.097351
-0.189575
-0.238403
-0.189209
-0.282471
-0.307617
-0.048401
-0.142334
-0.417725
0.044830
-0.291504
-0.257324
-0.324463
-0.151611
-0.059021
-0.201782
-0.304443
-0.327148
-0.298096
-0.309814
-0.030243
-0.151245
-0.320068
-0.312256
-0.195068
-0.002274
-0.029694
-0.235352
0.056030
0.008392
0.010345
-0.242310
-0.373779
-0.101379
-0.231934
-0.196899
-0.411865
0.023972
-0.000240
-0.387695
-0.204712
-0.329590
-0.124756
-0.311035
-0.254395
-0.340332
-0.299805
-0.144897
-0.304688
-0.355225
-0.278320
-0.185303
-0.490479
-0.017319
-0.131958
-0.362305
-0.322021
-0.270996
-0.465088
-0.295654
-0.442139
-0.259033
-0.372803
-0.461670
-0.319824
-0.376221
-0.371094
-0.287109
-0.414551
-0.117188
-0.106567
-0.187256
-0.428223
-0.307129
-0.477783
-0.274902
-0.293701
-0.092957
-0.360596
-0.067993
-0.407471
-0.316895
-0.302246
-0.269043
-0.216919
-0.380371
-0.294434
-0.362793
-0.454590
-0.339355
-0.302002
-0.382812
-0.454834
-0.380371
-0.383301
-0.221924
-0.274658
-0.122559
-0.154175
-0.278809
-0.280029
-0.106323
-0.286621
-0.074463
-0.306152
-0.394043
-0.138062
-0.402100
-0.297852
-0.373047
-0.417236
-0.351562
-0.342773
-0.220093
-0.279053
-0.035614
-0.092529
-0.415039
-0.426270
-0.252197
-0.176758
0.001884
-0.261719
-0.091370
-0.248169
-0.462158
-0.366943
-0.302734
-0.306152
-0.024460
-0.198730
-0.376465
-0.104248
-0.324219
-0.164185
-0.156982
-0.136108
-0.363770
-0.373047
0.013680
-0.381592
-0.376221
0.063171
0.132935
-0.409180
-0.258545
-0.438232
-0.193604
-0.163940
-0.166748
-0.131958
-0.161133
-0.189941
-0.367920
0.115295
-0.324463
-0.235962
-0.108643
-0.184937
-0.320068
-0.151123
-0.304199
-0.264404
-0.245483
-0.071167
-0.155762
-0.296875
-0.250488
0.061951
-0.246826
0.037018
-0.157104
-0.278076
-0.166016
-0.070007
-0.218750
-0.082336
-0.133301
-0.229248
-0.111084
-0.233032
-0.236328
0.026047
-0.286377
-0.142944
-0.228760
0.002153
-0.010429
-0.366699
-0.254150
-0.284668
-0.300781
-0.096985
-0.193848
-0.241699
-0.191284
-0.288086
-0.311035
-0.044769
-0.149902
-0.419922
0.043915
-0.288086
-0.253418
-0.330078
-0.160522
-0.062195
-0.201538
-0.307861
-0.331299
-0.297852
-0.312012
-0.030975
-0.151489
-0.319580
-0.318115
-0.201416
0.003086
-0.028275
-0.236572
0.048431
0.008865
0.008064
-0.241821
-0.379395
-0.110352
-0.227295
-0.198975
-0.417969
0.019257
-0.004723
-0.390381
-0.205322
-0.332031
-0.125000
-0.303223
-0.253906
-0.338379
-0.298828
-0.152344
-0.300537
-0.359375
-0.278320
-0.184326
-0.493408
-0.014046
-0.132202
-0.362549
-0.323975
-0.267090
-0.468018
-0.299561
-0.440918
-0.262695
-0.374512
-0.464844
-0.320557
-0.375488
-0.376221
-0.288330
-0.415527
-0.113708
-0.113464
-0.183838
-0.434326
-0.303955
-0.479736
-0.272949
-0.296875
-0.096252
-0.360107
-0.077393
-0.408691
-0.318604
-0.307373
-0.270752
-0.215698
-0.376709
-0.292969
-0.367920
-0.459473
-0.344482
-0.302979
-0.387451
-0.455566
-0.383545
-0.383789
-0.227051
-0.275879
-0.116455
-0.155762
-0.285889
-0.283447
-0.111633
-0.293213
-0.069763
-0.303711
-0.392822
-0.138428
-0.404297
-0.299561
-0.370850
-0.417725
-0.352783
-0.341309
-0.218506
-0.288818
-0.037018
-0.086426
-0.414307
-0.427246
-0.250000
-0.177490
-0.003508
-0.255615
-0.094421
-0.245605
-0.461670
-0.366699
-0.308838
-0.305664
-0.026413
-0.202637
-0.378418
-0.104065
-0.328369
-0.160889
-0.157349
-0.131104
-0.359375
-0.374756
0.008919
-0.386719
-0.384277
0.060547
0.131470
-0.404541
-0.260254
-0.433594
-0.196289
-0.158081
-0.167236
-0.133301
-0.167603
-0.194336
-0.368164
0.119324
-0.326660
-0.231934
-0.106873
-0.161011
-0.317139
-0.154663
-0.306885
-0.271729
-0.245850
-0.077942
-0.169556
-0.296387
-0.247314
0.060577
-0.245483
0.030640
-0.163330
-0.278076
-0.168335
-0.063538
-0.219482
-0.081787
-0.139771
-0.229858
-0.115295
-0.241089
-0.233398
0.027542
-0.287598
-0.146118
-0.234985
0.004234
-0.010254
-0.367432
-0.263428
-0.289551
-0.301025
-0.094543
-0.193481
-0.243164
-0.186890
-0.293213
-0.316406
-0.043427
-0.156250
-0.419678
0.040100
-0.279785
-0.247681
-0.333984
-0.169922
-0.064575
-0.201782
-0.310547
-0.331787
-0.296631
-0.316162
-0.030594
-0.151978
-0.315186
-0.326172
-0.204834
0.011589
-0.028870
-0.237549
0.039154
0.006588
0.002960
-0.242920
-0.383545
-0.120361
-0.223267
-0.201172
-0.423584
0.010803
-0.013329
-0.393066
-0.206177
-0.332275
-0.126953
-0.301758
-0.252930
-0.338623
-0.299561
-0.161499
-0.299072
-0.363281
-0.279297
-0.184692
-0.494629
-0.012177
-0.135010
-0.364746
-0.325684
-0.264893
-0.470215
-0.302979
-0.441650
-0.263428
-0.373047
-0.469727
-0.318604
-0.376953
-0.376953
-0.290039
-0.417725
-0.109802
-0.120117
-0.185669
-0.437500
-0.304199
-0.482178
-0.275391
-0.300293
-0.101013
-0.360107
-0.082336
-0.409424
-0.319824
-0.311035
-0.274658
-0.217163
-0.379395
-0.291748
-0.372314
-0.464600
-0.348389
-0.298584
-0.392334
-0.458252
-0.386963
-0.385986
-0.230469
-0.277344
-0.114197
-0.159302
-0.292969
-0.284912
-0.118774
-0.296387
-0.066650
-0.304932
-0.394531
-0.138916
-0.408203
-0.302002
-0.369873
-0.419189
-0.354248
-0.337891
-0.216675
-0.297119
-0.038330
-0.080688
-0.415771
-0.426025
-0.250732
-0.177856
-0.007988
-0.256104
-0.095276
-0.244873
-0.463379
-0.368164
-0.315918
-0.307861
-0.030502
-0.206909
-0.379883
-0.107605
-0.333252
-0.162231
-0.160767
-0.130981
-0.357178
-0.377686
0.003698
-0.390381
-0.391357
0.057953
0.127075
-0.403320
-0.262939
-0.430176
-0.201294
-0.165771
-0.169922
-0.135986
-0.176636
-0.197144
-0.370117
0.122742
-0.327393
-0.230469
-0.109497
-0.208740
-0.313721
-0.158203
-0.310303
-0.276855
-0.247070
-0.084839
-0.182007
-0.294922
-0.244141
0.061859
-0.249268
0.025711
-0.167480
-0.276123
-0.172607
-0.058899
-0.221802
-0.082336
-0.145264
-0.232910
-0.120789
-0.248047
-0.233765
0.028137
-0.289307
-0.149658
-0.239990
0.002718
-0.014122
-0.370117
-0.270508
-0.292725
-0.304443
-0.094849
-0.197632
-0.248901
-0.193604
-0.296631
-0.319580
-0.041626
-0.160034
-0.418701
0.040344
-0.276123
-0.247559
-0.340088
-0.179199
-0.064453
-0.203613
-0.314941
-0.336670
-0.295166
-0.319336
-0.029816
-0.157471
-0.315674
-0.330322
-0.210327
0.016342
-0.029037
-0.236084
0.029922
0.003420
-0.005363
-0.241699
-0.390137
-0.130371
-0.219727
-0.202881
-0.428467
0.001390
-0.019592
-0.394531
-0.208252
-0.332764
-0.127441
-0.302734
-0.252197
-0.338867
-0.299316
-0.163818
-0.297119
-0.363281
-0.279541
-0.186035
-0.493896
-0.011353
-0.134644
-0.363770
-0.325684
-0.264648
-0.469727
-0.302734
-0.441162
-0.261230
-0.372559
-0.469482
-0.318604
-0.375732
-0.376221
-0.287354
-0.418945
-0.105103
-0.117493
-0.185669
-0.438721
-0.305420
-0.480713
-0.272949
-0.299072
-0.098450
-0.358887
-0.084961
-0.408203
-0.319336
-0.311768
-0.275391
-0.216919
-0.379150
-0.290527
-0.372070
-0.465576
-0.351562
-0.296875
-0.391846
-0.458252
-0.386475
-0.386963
-0.231079
-0.280273
-0.112549
-0.162109
-0.292480
-0.281494
-0.124268
-0.297363
-0.063965
-0.303955
-0.394775
-0.140503
-0.407227
-0.304199
-0.366211
-0.419922
-0.353027
-0.336182
-0.217041
-0.299072
-0.039734
-0.082458
-0.415771
-0.425293
-0.249146
-0.177979
-0.013641
-0.255859
-0.094055
-0.245117
-0.461182
-0.367432
-0.316895
-0.308105
-0.029053
-0.208496
-0.378174
-0.107056
-0.334961
-0.163086
-0.160522
-0.130005
-0.357910
-0.378906
0.003515
-0.391357
-0.392090
0.056030
0.128784
-0.402100
-0.263672
-0.425293
-0.201294
-0.171021
-0.169312
-0.134155
-0.180298
-0.194702
-0.370605
0.122192
-0.325195
-0.228638
-0.107239
-0.228149
-0.312256
-0.156616
-0.310547
-0.275635
-0.247314
-0.085022
-0.181274
-0.294678
-0.241699
0.062408
-0.248657
0.024155
-0.167847
-0.274902
-0.173706
-0.058685
-0.222046
-0.085205
-0.145752
-0.232544
-0.119934
-0.248047
-0.231567
0.029800
-0.289795
-0.152588
-0.238281
0.005302
-0.013237
-0.368652
-0.271484
-0.293945
-0.304932
-0.093689
-0.196411
-0.249390
-0.194580
-0.295898
-0.319824
-0.041931
-0.158813
-0.418213
0.042084
-0.275146
-0.247559
-0.343506
-0.179199
-0.060516
-0.204712
-0.317871
-0.335693
-0.294922
-0.318604
-0.026505
-0.161865
-0.315918
-0.329102
-0.211548
0.018082
-0.025696
-0.234497
0.028366
0.000895
-0.007095
-0.239502
-0.391602
-0.130615
-0.219238
-0.205078
-0.427002
-0.000154
-0.021835
-0.393799
-0.209595
-0.332764
-0.126831
-0.307861
-0.250000
-0.338379
-0.299072
-0.159058
-0.299316
-0.357910
-0.279297
-0.188110
-0.491699
-0.009979
-0.135986
-0.363525
-0.323486
-0.264893
-0.467285
-0.299072
-0.441895
-0.256592
-0.370361
-0.466309
-0.317139
-0.373779
-0.369629
-0.286865
-0.418213
-0.101440
-0.108765
-0.185425
-0.436279
-0.307617
-0.477539
-0.270020
-0.297607
-0.091919
-0.355713
-0.078003
-0.405762
-0.318848
-0.306152
-0.274658
-0.216309
-0.379150
-0.290771
-0.368408
-0.462646
-0.348145
-0.297119
-0.389404
-0.458496
-0.384033
-0.387939
-0.227783
-0.278320
-0.113281
-0.161621
-0.285889
-0.275879
-0.123901
-0.291504
-0.064209
-0.304443
-0.393799
-0.138550
-0.404541
-0.301514
-0.364990
-0.419678
-0.351807
-0.334229
-0.214233
-0.294922
-0.036987
-0.085449
-0.416748
-0.424072
-0.249512
-0.177856
-0.011215
-0.258301
-0.089539
-0.244385
-0.460693
-0.365723
-0.312012
-0.306396
-0.023560
-0.202759
-0.375977
-0.102783
-0.333496
-0.161865
-0.157227
-0.130493
-0.358154
-0.376221
0.012680
-0.388428
-0.385010
0.066711
0.137085
-0.403809
-0.261475
-0.423584
-0.196777
-0.155396
-0.171021
-0.130981
-0.172363
-0.190552
-0.370605
0.123413
-0.320312
-0.227417
-0.106873
-0.014748
-0.312256
-0.144531
-0.307617
-0.271729
-0.246094
-0.077942
-0.168945
-0.292480
-0.238525
0.064087
-0.246826
0.031555
-0.161987
-0.273682
-0.166260
-0.055725
-0.218750
-0.082031
-0.142334
-0.228760
-0.110352
-0.239746
-0.229858
0.035553
-0.286377
-0.147339
-0.231323
0.007408
-0.010345
-0.365967
-0.265137
-0.291504
-0.300537
-0.094360
-0.189575
-0.246826
-0.177124
-0.286621
-0.312012
-0.039368
-0.153076
-0.415771
0.053558
-0.278076
-0.248657
-0.342041
-0.171997
-0.050659
-0.204224
-0.315918
-0.331787
-0.293213
-0.308350
-0.022812
-0.156128
-0.316162
-0.321533
-0.208984
0.020416
-0.020142
-0.232544
0.038391
0.006962
0.001488
-0.234375
-0.387695
-0.121704
-0.220947
-0.204102
-0.420410
0.010086
-0.013565
-0.392090
-0.211304
-0.324463
-0.120483
-0.308105
-0.242310
-0.333252
-0.293701
-0.146851
-0.294189
-0.347168
-0.275146
-0.183594
-0.480469
-0.005356
-0.133179
-0.357422
-0.318115
-0.256836
-0.457764
-0.286377
-0.433350
-0.249390
-0.364746
-0.454346
-0.308350
-0.364258
-0.354004
-0.281494
-0.410400
-0.088867
-0.091003
-0.182495
-0.426758
-0.304443
-0.462891
-0.260986
-0.289551
-0.080078
-0.345215
-0.066650
-0.393799
-0.310547
-0.293213
-0.272705
-0.211792
-0.371094
-0.285400
-0.358154
-0.453369
-0.338135
-0.291260
-0.378418
-0.449707
-0.371582
-0.383057
-0.220215
-0.274414
-0.111877
-0.153076
-0.270996
-0.264404
-0.118225
-0.279053
-0.058502
-0.299316
-0.386719
-0.130859
-0.396484
-0.291992
-0.358154
-0.412842
-0.339844
-0.325195
-0.206787
-0.280762
-0.031799
-0.089966
-0.410156
-0.414062
-0.243286
-0.175781
-0.005890
-0.253906
-0.081177
-0.241577
-0.452881
-0.355713
-0.297363
-0.296631
-0.008759
-0.193481
-0.365967
-0.091248
-0.323975
-0.155518
-0.152832
-0.128296
-0.350586
-0.368164
0.029007
-0.375732
-0.367920
0.087341
0.145020
-0.399658
-0.253906
-0.416748
-0.189087
-0.137207
-0.167603
-0.122009
-0.154419
-0.174927
-0.364746
0.129028
-0.307373
-0.221069
-0.100586
0.187256
-0.313965
-0.126831
-0.296875
-0.260986
-0.240356
-0.062469
-0.146484
-0.283447
-0.228516
0.065735
-0.239380
0.039734
-0.147705
-0.267090
-0.149292
-0.052216
-0.208130
-0.072815
-0.134155
-0.218872
-0.091919
-0.226318
-0.222534
0.049530
-0.277100
-0.134644
-0.217285
0.012054
-0.003084
-0.357666
-0.246338
-0.275879
-0.285889
-0.094299
-0.177002
-0.238525
-0.155640
-0.267578
-0.293701
-0.033905
-0.140015
-0.406250
0.068420
-0.272705
-0.249878
-0.327393
-0.155396
-0.035370
-0.197021
-0.305664
-0.322021
-0.281738
-0.283691
-0.018982
-0.150757
-0.310791
-0.302734
-0.197510
0.027237
-0.014824
-0.224976
0.056824
0.019867
0.015060
-0.223267
-0.371582
-0.102722
-0.218262
-0.195068
-0.402832
0.028534
0.002625
-0.382812
-0.207520
-0.320801
-0.117554
-0.307861
-0.237427
-0.333252
-0.289795
-0.139526
-0.292725
-0.342041
-0.270508
-0.179199
-0.472900
-0.009285
-0.134277
-0.351074
-0.317871
-0.251709
-0.451416
-0.283447
-0.429443
-0.245361
-0.360352
-0.446533
-0.306152
-0.357666
-0.345703
-0.280029
-0.407715
-0.081604
-0.084106
-0.182495
-0.418213
-0.301758
-0.458252
-0.260010
-0.287354
-0.069458
-0.339355
-0.061584
-0.387451
-0.305664
-0.286621
-0.270508
-0.210571
-0.368408
-0.283936
-0.351318
-0.446777
-0.331299
-0.287598
-0.373291
-0.444336
-0.364746
-0.378906
-0.217041
-0.269043
-0.114075
-0.149658
-0.268799
-0.259277
-0.115417
-0.275146
-0.055786
-0.296631
-0.380615
-0.128906
-0.391602
-0.286621
-0.358154
-0.407471
-0.333008
-0.319092
-0.205566
-0.269287
-0.033325
-0.095520
-0.403320
-0.409180
-0.237549
-0.174194
-0.007160
-0.250732
-0.079468
-0.238403
-0.446289
-0.348877
-0.288086
-0.291748
-0.008018
-0.192383
-0.360352
-0.086548
-0.319580
-0.152466
-0.153809
-0.123108
-0.345459
-0.363770
0.026260
-0.367432
-0.358398
0.095154
0.136475
-0.392822
-0.248657
-0.407959
-0.187866
-0.159668
-0.167236
-0.115845
-0.148071
-0.167114
-0.360840
0.122986
-0.298828
-0.217407
-0.099731
-0.076965
-0.317871
-0.123901
-0.293457
-0.257080
-0.234253
-0.054901
-0.135376
-0.279541
-0.226685
0.061890
-0.236572
0.038849
-0.138794
-0.260742
-0.142822
-0.050812
-0.202026
-0.069092
-0.130859
-0.214966
-0.089417
-0.218628
-0.219849
0.049347
-0.276367
-0.122986
-0.211914
0.005650
-0.007687
-0.353271
-0.237671
-0.268311
-0.277100
-0.094299
-0.174805
-0.234985
-0.168335
-0.259033
-0.286133
-0.036438
-0.130615
-0.399414
0.076477
-0.265381
-0.255615
-0.317139
-0.148315
-0.028961
-0.197388
-0.300781
-0.315186
-0.273193
-0.270996
-0.017197
-0.153442
-0.306396
-0.294189
-0.192139
0.028656
-0.014473
-0.220703
0.060699
0.026154
0.013931
-0.216553
-0.363281
-0.095093
-0.213257
-0.190186
-0.391357
0.036682
0.003660
-0.377441
-0.205078
-0.319092
-0.121033
-0.307617
-0.234619
-0.332764
-0.286377
-0.139526
-0.291016
-0.341309
-0.270020
-0.179565
-0.475342
-0.011711
-0.133545
-0.349609
-0.314697
-0.248779
-0.451660
-0.281982
-0.426270
-0.247437
-0.358398
-0.445312
-0.306641
-0.356201
-0.344971
-0.281982
-0.408203
-0.078430
-0.080383
-0.183105
-0.420410
-0.298340
-0.452637
-0.257812
-0.290283
-0.069031
-0.337891
-0.059570
-0.385742
-0.300781
-0.285156
-0.271729
-0.209961
-0.367432
-0.282471
-0.349365
-0.447998
-0.331299
-0.287598
-0.373535
-0.441650
-0.362305
-0.378418
-0.216797
-0.265869
-0.114563
-0.145996
-0.270508
-0.259277
-0.111206
-0.276611
-0.053772
-0.296143
-0.380371
-0.129272
-0.393311
-0.285156
-0.355713
-0.405518
-0.329346
-0.314697
-0.203247
-0.270264
-0.034637
-0.095398
-0.402832
-0.408936
-0.233276
-0.174927
-0.006763
-0.249146
-0.077942
-0.241577
-0.444336
-0.347900
-0.286133
-0.288574
-0.003277
-0.188232
-0.360352
-0.085388
-0.320068
-0.145752
-0.153687
-0.121948
-0.341064
-0.365723
0.028458
-0.364014
-0.359863
0.100769
0.136353
-0.389648
-0.247559
-0.407227
-0.191406
-0.124390
-0.162842
-0.114807
-0.141113
-0.165527
-0.358154
0.126587
-0.295898
-0.215820
-0.099792
0.130005
-0.315430
-0.120361
-0.292725
-0.254883
-0.232178
-0.055145
-0.133789
-0.279785
-0.221313
0.061676
-0.232422
0.037689
-0.137695
-0.260498
-0.137573
-0.041351
-0.198120
-0.064148
-0.135010
-0.213989
-0.083984
-0.223511
-0.215942
0.054688
-0.273193
-0.119812
-0.213257
0.001976
-0.002716
-0.351318
-0.235718
-0.266357
-0.277100
-0.093140
-0.170044
-0.231323
-0.139404
-0.254883
-0.287109
-0.032257
-0.130249
-0.401123
0.080383
-0.261719
-0.255371
-0.315918
-0.151123
-0.026947
-0.198242
-0.297119
-0.313965
-0.268311
-0.266113
-0.016602
-0.150757
-0.300293
-0.294434
-0.191528
0.034607
-0.013649
-0.223633
0.059235
0.033478
0.015823
-0.214600
-0.362061
-0.097656
-0.209839
-0.186646
-0.388184
0.037201
0.004028
-0.376221
-0.207886
-0.318848
-0.127930
-0.303711
-0.237427
-0.330322
-0.285400
-0.148682
-0.291260
-0.346191
-0.268311
-0.178223
-0.479492
-0.019669
-0.126953
-0.352539
-0.309082
-0.247314
-0.458008
-0.284668
-0.424316
-0.251953
-0.357422
-0.451904
-0.305176
-0.358887
-0.349854
-0.285400
-0.406982
-0.089722
-0.093567
-0.183228
-0.426758
-0.289307
-0.452637
-0.259277
-0.296143
-0.082886
-0.341553
-0.058746
-0.390869
-0.302246
-0.289307
-0.272217
-0.207520
-0.368408
-0.278320
-0.353027
-0.450439
-0.329590
-0.285400
-0.374756
-0.440918
-0.367188
-0.375732
-0.216064
-0.264160
-0.117188
-0.141113
-0.281250
-0.269775
-0.101135
-0.281738
-0.057068
-0.301270
-0.383789
-0.128052
-0.397461
-0.278564
-0.352783
-0.406494
-0.333008
-0.314453
-0.203003
-0.282227
-0.035889
-0.085510
-0.404785
-0.408691
-0.233643
-0.182007
-0.000818
-0.248047
-0.081604
-0.243896
-0.445068
-0.354004
-0.291016
-0.289307
-0.007740
-0.189331
-0.366455
-0.095154
-0.323486
-0.139160
-0.156982
-0.128418
-0.334961
-0.368652
0.023514
-0.366699
-0.371826
0.092529
0.133545
-0.385498
-0.249634
-0.411865
-0.194824
-0.083130
-0.153687
-0.126099
-0.140015
-0.177368
-0.353271
0.130493
-0.304199
-0.220337
-0.109863
0.140869
-0.314209
-0.124268
-0.296143
-0.261719
-0.231079
-0.067261
-0.149292
-0.280029
-0.220581
0.065552
-0.234375
0.035217
-0.145996
-0.260986
-0.142456
-0.030090
-0.202148
-0.058746
-0.143066
-0.216797
-0.091370
-0.237427
-0.213745
0.048767
-0.268066
-0.124817
-0.222290
-0.003473
0.008698
-0.354736
-0.242798
-0.271484
-0.289307
-0.094421
-0.175659
-0.234253
-0.117615
-0.265625
-0.297363
-0.024460
-0.143066
-0.404297
0.067505
-0.259277
-0.247803
-0.319092
-0.165894
-0.040405
-0.198364
-0.292480
-0.320068
-0.270264
-0.275391
-0.019684
-0.141968
-0.296143
-0.306152
-0.196899
0.032074
-0.020187
-0.229492
0.047943
0.035461
0.014359
-0.221191
-0.367676
-0.116821
-0.206177
-0.183350
-0.395996
0.023026
0.001483
-0.379639
-0.209961
-0.321777
-0.129395
-0.305664
-0.242188
-0.334717
-0.291260
-0.139404
-0.289551
-0.352539
-0.276123
-0.180908
-0.483643
-0.025681
-0.132568
-0.354004
-0.314209
-0.251221
-0.462891
-0.285889
-0.426514
-0.258545
-0.359863
-0.459473
-0.300293
-0.363525
-0.360596
-0.286865
-0.409912
-0.087280
-0.105225
-0.185425
-0.432129
-0.296387
-0.460693
-0.264404
-0.297363
-0.100403
-0.345215
-0.053375
-0.398926
-0.309570
-0.299316
-0.281982
-0.206055
-0.368652
-0.282715
-0.356445
-0.458984
-0.338379
-0.290283
-0.383789
-0.442383
-0.373535
-0.378906
-0.221680
-0.273438
-0.119141
-0.148560
-0.283691
-0.279785
-0.101868
-0.287842
-0.059113
-0.305420
-0.385498
-0.130493
-0.403076
-0.275146
-0.357422
-0.413330
-0.340332
-0.320557
-0.205078
-0.281982
-0.032410
-0.091797
-0.408203
-0.408691
-0.239868
-0.184937
0.004875
-0.248657
-0.086365
-0.243896
-0.453125
-0.359375
-0.295654
-0.292725
-0.011795
-0.194580
-0.368164
-0.098755
-0.329590
-0.134766
-0.166748
-0.138916
-0.338379
-0.376709
0.017944
-0.375732
-0.382324
0.088745
0.135498
-0.381592
-0.259766
-0.420654
-0.197144
-0.104797
-0.157349
-0.137939
-0.155884
-0.181885
-0.361816
0.129028
-0.309326
-0.226074
-0.111877
-0.140015
-0.322266
-0.135132
-0.305908
-0.261230
-0.236084
-0.068970
-0.159302
-0.286133
-0.229004
0.072937
-0.239746
0.027206
-0.150024
-0.264893
-0.150146
-0.038727
-0.210938
-0.063416
-0.144409
-0.220825
-0.106445
-0.243164
-0.221069
0.051758
-0.270752
-0.128784
-0.229858
-0.010735
0.007214
-0.360107
-0.253906
-0.271973
-0.294678
-0.098450
-0.180054
-0.241089
-0.142456
-0.276611
-0.306885
-0.022232
-0.152710
-0.404297
0.056274
-0.253174
-0.252686
-0.324951
-0.173340
-0.046387
-0.200439
-0.296631
-0.331055
-0.275391
-0.283691
-0.023224
-0.145630
-0.302002
-0.315918
-0.204712
0.016159
-0.022308
-0.231689
0.043732
0.026627
0.012985
-0.228149
-0.377686
-0.126099
-0.207642
-0.191406
-0.407227
0.014931
-0.000866
-0.386963
-0.213013
-0.326416
-0.125244
-0.307861
-0.248047
-0.341309
-0.300781
-0.140747
-0.291016
-0.355957
-0.280273
-0.181641
-0.487793
-0.025009
-0.142212
-0.358643
-0.324219
-0.252441
-0.468018
-0.289551
-0.429443
-0.262695
-0.367432
-0.465820
-0.302246
-0.367920
-0.372070
-0.291992
-0.414307
-0.088196
-0.109436
-0.184937
-0.432373
-0.304443
-0.471924
-0.271240
-0.298096
-0.108276
-0.347656
-0.054169
-0.405518
-0.316650
-0.310547
-0.286621
-0.208130
-0.377197
-0.286133
-0.362061
-0.464844
-0.347412
-0.294678
-0.394775
-0.449219
-0.378906
-0.383301
-0.227173
-0.279785
-0.116760
-0.157715
-0.287109
-0.285889
-0.106567
-0.292725
-0.060852
-0.308838
-0.389648
-0.130371
-0.408691
-0.281006
-0.366455
-0.420410
-0.347900
-0.325195
-0.211548
-0.283203
-0.035156
-0.098755
-0.413818
-0.414551
-0.244385
-0.187866
0.002354
-0.250732
-0.093994
-0.243408
-0.458984
-0.362305
-0.302246
-0.297852
-0.021378
-0.201782
-0.375488
-0.104004
-0.337402
-0.139282
-0.174927
-0.145020
-0.342773
-0.380859
0.010880
-0.383301
-0.387939
0.082581
0.133667
-0.382324
-0.270752
-0.427246
-0.199097
-0.152832
-0.165771
-0.144043
-0.169678
-0.188721
-0.373291
0.128540
-0.315674
-0.228394
-0.114258
-0.284668
-0.328857
-0.148804
-0.311279
-0.263672
-0.241333
-0.071838
-0.164062
-0.290283
-0.239258
0.076538
-0.247314
0.018066
-0.154053
-0.269531
-0.159180
-0.053375
-0.220093
-0.071899
-0.145874
-0.227417
-0.116089
-0.245239
-0.231201
0.048706
-0.275879
-0.131836
-0.239258
-0.015541
-0.001927
-0.361572
-0.260010
-0.271240
-0.296875
-0.098877
-0.187988
-0.247681
-0.183960
-0.290527
-0.312988
-0.022903
-0.157471
-0.406006
0.052948
-0.251953
-0.259766
-0.331055
-0.176880
-0.051514
-0.204102
-0.307861
-0.337158
-0.279053
-0.296631
-0.028320
-0.155273
-0.308350
-0.323242
-0.205200
0.005741
-0.026337
-0.234497
0.037720
0.018356
0.008812
-0.237183
-0.383301
-0.127563
-0.212036
-0.195435
-0.417725
0.009895
-0.006092
-0.394531
-0.213135
-0.327148
-0.120483
-0.300293
-0.249146
-0.338623
-0.298584
-0.145020
-0.290039
-0.359375
-0.276611
-0.179565
-0.491455
-0.020828
-0.140991
-0.357422
-0.325439
-0.254883
-0.468018
-0.290527
-0.431885
-0.261963
-0.366211
-0.468750
-0.303467
-0.368408
-0.374268
-0.291992
-0.412842
-0.092773
-0.114258
-0.184692
-0.431152
-0.302002
-0.476074
-0.271240
-0.295898
-0.108826
-0.348877
-0.063354
-0.406006
-0.315430
-0.308594
-0.281494
-0.207153
-0.375732
-0.286865
-0.366211
-0.463135
-0.348145
-0.297119
-0.394531
-0.451172
-0.378418
-0.382812
-0.227051
-0.278564
-0.115051
-0.156494
-0.287354
-0.289307
-0.107666
-0.292725
-0.061615
-0.305664
-0.389648
-0.129761
-0.408936
-0.284424
-0.368652
-0.419922
-0.348145
-0.329834
-0.212280
-0.283936
-0.036530
-0.091064
-0.414062
-0.416748
-0.247803
-0.185181
0.002251
-0.248169
-0.095703
-0.243896
-0.458984
-0.360352
-0.303955
-0.300049
-0.021759
-0.202393
-0.375244
-0.103577
-0.333252
-0.140991
-0.170654
-0.141113
-0.343994
-0.375977
0.008980
-0.384033
-0.387939
0.080383
0.135620
-0.385254
-0.266602
-0.426514
-0.197510
-0.159180
-0.163696
-0.140259
-0.172119
-0.190308
-0.371338
0.132568
-0.319092
-0.228394
-0.111877
-0.131714
-0.328369
-0.152466
-0.309082
-0.267822
-0.241577
-0.076111
-0.167969
-0.289551
-0.239258
0.073853
-0.247803
0.021225
-0.157715
-0.269775
-0.159668
-0.055420
-0.220459
-0.076050
-0.142944
-0.228760
-0.118530
-0.249390
-0.232178
0.044037
-0.278809
-0.135010
-0.239258
-0.007988
-0.006432
-0.361328
-0.263672
-0.271973
-0.298340
-0.093506
-0.192017
-0.246704
-0.188110
-0.292725
-0.311035
-0.024307
-0.159546
-0.409668
0.049286
-0.257324
-0.256592
-0.330811
-0.176025
-0.058655
-0.202148
-0.310059
-0.338867
-0.282227
-0.302002
-0.030991
-0.154053
-0.307373
-0.323486
-0.205078
0.011841
-0.029922
-0.237183
0.036591
0.015396
0.006420
-0.237671
-0.381348
-0.128662
-0.213867
-0.196167
-0.423828
0.007076
-0.006519
-0.394287
-0.208130
-0.328125
-0.124878
-0.293457
-0.254639
-0.335693
-0.297363
-0.155762
-0.296875
-0.362793
-0.273682
-0.176758
-0.490723
-0.013641
-0.129150
-0.362793
-0.319824
-0.260254
-0.469727
-0.297852
-0.435791
-0.260986
-0.371338
-0.470215
-0.312744
-0.374756
-0.377930
-0.288818
-0.409668
-0.113403
-0.123169
-0.183472
-0.428467
-0.298828
-0.482910
-0.271729
-0.298096
-0.110779
-0.358398
-0.075256
-0.409424
-0.316895
-0.308105
-0.269531
-0.210327
-0.377441
-0.289551
-0.370850
-0.459717
-0.343506
-0.297852
-0.389160
-0.455322
-0.383545
-0.378174
-0.225342
-0.276123
-0.114990
-0.149780
-0.288574
-0.289307
-0.101074
-0.290039
-0.068237
-0.303711
-0.392334
-0.130127
-0.407227
-0.291260
-0.369385
-0.416016
-0.352051
-0.338135
-0.215942
-0.290039
-0.036072
-0.076233
-0.412109
-0.423340
-0.247925
-0.180542
0.002150
-0.251465
-0.097046
-0.241943
-0.461670
-0.364014
-0.310791
-0.304443
-0.032166
-0.203369
-0.380615
-0.107422
-0.326660
-0.156860
-0.162964
-0.137817
-0.353271
-0.369629
0.005135
-0.384277
-0.385498
0.064087
0.129761
-0.396484
-0.261230
-0.433350
-0.191528
-0.161621
-0.160034
-0.135986
-0.171753
-0.196655
-0.364258
0.131348
-0.334717
-0.230225
-0.108948
-0.187866
-0.319824
-0.155762
-0.305420
-0.276367
-0.242065
-0.082642
-0.179810
-0.292480
-0.247803
0.069336
-0.248535
0.031708
-0.166748
-0.273193
-0.165039
-0.060699
-0.223633
-0.079956
-0.140747
-0.228760
-0.123596
-0.251221
-0.235596
0.024429
-0.282959
-0.142822
-0.239136
0.005470
-0.011574
-0.367188
-0.265625
-0.281250
-0.302734
-0.092346
-0.199829
-0.246948
-0.196411
-0.302246
-0.314209
-0.030121
-0.159546
-0.416016
0.035278
-0.272705
-0.242310
-0.332031
-0.175293
-0.072327
-0.199463
-0.309082
-0.339111
-0.292969
-0.318848
-0.035645
-0.149902
-0.309814
-0.326904
-0.206787
0.015961
-0.037048
-0.236694
0.033630
0.007164
0.001110
-0.243286
-0.382568
-0.130005
-0.218506
-0.197388
-0.429688
0.001610
-0.013641
-0.393311
-0.202515
-0.329346
-0.124756
-0.292969
-0.255859
-0.333008
-0.296631
-0.159180
-0.296387
-0.363037
-0.273682
-0.174927
-0.489990
-0.012688
-0.126831
-0.363037
-0.322021
-0.259766
-0.468018
-0.298340
-0.438232
-0.261475
-0.374512
-0.467041
-0.318115
-0.374512
-0.374512
-0.285156
-0.409180
-0.115662
-0.121521
-0.182983
-0.428711
-0.300293
-0.483398
-0.271729
-0.297119
-0.105408
-0.357666
-0.078247
-0.409424
-0.316650
-0.306641
-0.265381
-0.209961
-0.375732
-0.291260
-0.368408
-0.455566
-0.345459
-0.297607
-0.384766
-0.455811
-0.384766
-0.377441
-0.226685
-0.274902
-0.115479
-0.149170
-0.287598
-0.286133
-0.101379
-0.290527
-0.068604
-0.300293
-0.392334
-0.132080
-0.406006
-0.293457
-0.370361
-0.412109
-0.351318
-0.340576
-0.221313
-0.287109
-0.038452
-0.076050
-0.413818
-0.423340
-0.247070
-0.178467
-0.000854
-0.252686
-0.097412
-0.244385
-0.460449
-0.364258
-0.312012
-0.304932
-0.033997
-0.205933
-0.379395
-0.106567
-0.322266
-0.163208
-0.158203
-0.132935
-0.356934
-0.366455
0.005047
-0.383301
-0.384277
0.060455
0.121460
-0.396973
-0.258301
-0.432861
-0.194702
-0.186279
-0.158936
-0.130859
-0.170654
-0.192749
-0.363281
0.128540
-0.333496
-0.231079
-0.107605
-0.305908
-0.317871
-0.161499
-0.302734
-0.276123
-0.239624
-0.080933
-0.179077
-0.292969
-0.249268
0.064392
-0.249512
0.032684
-0.164673
-0.274658
-0.166504
-0.058563
-0.221558
-0.077515
-0.136230
-0.226807
-0.122620
-0.246704
-0.235229
0.018112
-0.284668
-0.143188
-0.238892
0.006989
-0.009682
-0.366943
-0.262695
-0.282715
-0.299805
-0.090942
-0.200317
-0.246216
-0.202637
-0.302490
-0.313721
-0.036591
-0.157349
-0.417480
0.033203
-0.279297
-0.244019
-0.328369
-0.172241
-0.070374
-0.198608
-0.309082
-0.336914
-0.294678
-0.318115
-0.034363
-0.157837
-0.309814
-0.325928
-0.203857
0.020081
-0.036957
-0.234741
0.035706
0.005287
-0.004406
-0.243774
-0.380371
-0.125732
-0.219604
-0.192383
-0.427490
0.002659
-0.015083
-0.392578
-0.200195
-0.332520
-0.126953
-0.297119
-0.259521
-0.338623
-0.300049
-0.162476
-0.301025
-0.368896
-0.276611
-0.175903
-0.495850
-0.013916
-0.128906
-0.368652
-0.328613
-0.260986
-0.473145
-0.303467
-0.442871
-0.263672
-0.377686
-0.473633
-0.319580
-0.382568
-0.379639
-0.289307
-0.414795
-0.118286
-0.126831
-0.187622
-0.434570
-0.302979
-0.490234
-0.279053
-0.301270
-0.112366
-0.360352
-0.079163
-0.412354
-0.318359
-0.309082
-0.269775
-0.216553
-0.381348
-0.291992
-0.372559
-0.460205
-0.347656
-0.301270
-0.390869
-0.462402
-0.389160
-0.383301
-0.229126
-0.276855
-0.118591
-0.147583
-0.292969
-0.290283
-0.103455
-0.293457
-0.071350
-0.306641
-0.396973
-0.133057
-0.411377
-0.298096
-0.375977
-0.418945
-0.357666
-0.342285
-0.222290
-0.293457
-0.038239
-0.071777
-0.417480
-0.427002
-0.250244
-0.181641
0.001366
-0.257568
-0.096497
-0.247314
-0.467529
-0.369385
-0.316650
-0.310547
-0.035858
-0.211182
-0.383545
-0.108582
-0.326172
-0.166992
-0.161377
-0.136841
-0.358398
-0.371094
0.006840
-0.387695
-0.389893
0.061249
0.123840
-0.403320
-0.260986
-0.437012
-0.198730
-0.195312
-0.163330
-0.137695
-0.174316
-0.196411
-0.367920
0.132446
-0.338867
-0.233154
-0.111938
-0.324707
-0.322266
-0.165283
-0.308350
-0.284424
-0.243896
-0.083069
-0.185059
-0.296387
-0.249268
0.066345
-0.256836
0.031281
-0.164673
-0.274902
-0.167603
-0.058594
-0.222656
-0.079895
-0.139771
-0.231201
-0.128052
-0.251465
-0.239746
0.019333
-0.285645
-0.145874
-0.241943
0.006084
-0.014412
-0.372070
-0.268066
-0.285156
-0.302979
-0.093994
-0.203369
-0.249512
-0.206787
-0.307373
-0.316406
-0.035736
-0.161743
-0.421875
0.030121
-0.280762
-0.246216
-0.331787
-0.172852
-0.072876
-0.202026
-0.312012
-0.342529
-0.297852
-0.319336
-0.037079
-0.156982
-0.312988
-0.327881
-0.206909
0.019775
-0.036835
-0.237549
0.036285
0.004211
-0.004375
-0.245117
-0.384521
-0.132202
-0.219971
-0.192993
-0.436523
0.000879
-0.015175
-0.397461
-0.200806
-0.327881
-0.123962
-0.292236
-0.255371
-0.336182
-0.296631
-0.155273
-0.299316
-0.363037
-0.275635
-0.175293
-0.491455
-0.009346
-0.129150
-0.365479
-0.327393
-0.258301
-0.466309
-0.297852
-0.438721
-0.258301
-0.373291
-0.468018
-0.315186
-0.377441
-0.374756
-0.284180
-0.412598
-0.111145
-0.116638
-0.182861
-0.429688
-0.300781
-0.482666
-0.272705
-0.291504
-0.106323
-0.353271
-0.074829
-0.408936
-0.315186
-0.305908
-0.269287
-0.211060
-0.378418
-0.292480
-0.368652
-0.458740
-0.343994
-0.299561
-0.387451
-0.455811
-0.381836
-0.379150
-0.226196
-0.276367
-0.113342
-0.145752
-0.283447
-0.285400
-0.101624
-0.289795
-0.067749
-0.299072
-0.390869
-0.130615
-0.405029
-0.293701
-0.369873
-0.416016
-0.351807
-0.338867
-0.219971
-0.285400
-0.037598
-0.075928
-0.413574
-0.420898
-0.246948
-0.180664
0.003748
-0.252197
-0.095947
-0.242920
-0.462402
-0.362793
-0.309814
-0.302490
-0.030914
-0.202637
-0.379150
-0.102905
-0.320801
-0.161011
-0.160400
-0.136841
-0.352295
-0.369385
0.011787
-0.381348
-0.383545
0.069214
0.132690
-0.399414
-0.257812
-0.431396
-0.191406
-0.171997
-0.163696
-0.135376
-0.165771
-0.189575
-0.365967
0.135986
-0.332275
-0.228638
-0.106384
0.096069
-0.322021
-0.152954
-0.300781
-0.279053
-0.240112
-0.075073
-0.177979
-0.293945
-0.244019
0.070679
-0.250732
0.036011
-0.161255
-0.273438
-0.156372
-0.061371
-0.219482
-0.078186
-0.135742
-0.225464
-0.117432
-0.245850
-0.235962
0.027130
-0.280029
-0.139893
-0.235107
0.008987
-0.009010
-0.365479
-0.260742
-0.277832
-0.294922
-0.091614
-0.193359
-0.241089
-0.176880
-0.298584
-0.307861
-0.033173
-0.154907
-0.416016
0.039429
-0.275146
-0.246216
-0.326416
-0.162842
-0.064575
-0.197876
-0.308594
-0.334961
-0.290039
-0.309326
-0.033264
-0.149048
-0.307861
-0.320312
-0.198608
0.019394
-0.030258
-0.232056
0.040527
0.006493
0.001723
-0.237915
-0.377930
-0.123108
-0.219482
-0.191406
-0.428711
0.005993
-0.008400
-0.389893
-0.198853
-0.323242
-0.115051
-0.304199
-0.244263
-0.336182
-0.294922
-0.134521
-0.292969
-0.349121
-0.273438
-0.175903
-0.483154
-0.011749
-0.138306
-0.355713
-0.323975
-0.254883
-0.456543
-0.287842
-0.432373
-0.250244
-0.366455
-0.454346
-0.304443
-0.367676
-0.357666
-0.282959
-0.409424
-0.089783
-0.093811
-0.182129
-0.420166
-0.304199
-0.469482
-0.265869
-0.284180
-0.084595
-0.342285
-0.058716
-0.396729
-0.309570
-0.294434
-0.271240
-0.210693
-0.375977
-0.290283
-0.354248
-0.450439
-0.338135
-0.294434
-0.382080
-0.450439
-0.371338
-0.380859
-0.219971
-0.274170
-0.116333
-0.149658
-0.268555
-0.273682
-0.103516
-0.279541
-0.062439
-0.296143
-0.384277
-0.126709
-0.397217
-0.286621
-0.365723
-0.413086
-0.340332
-0.329590
-0.208862
-0.265381
-0.033234
-0.097839
-0.408691
-0.413330
-0.242065
-0.179810
0.003279
-0.251953
-0.084045
-0.239990
-0.453125
-0.352539
-0.289795
-0.296387
-0.012955
-0.197388
-0.368652
-0.092773
-0.316895
-0.149902
-0.160767
-0.131836
-0.349121
-0.365234
0.024780
-0.370605
-0.363770
0.092712
0.142212
-0.395752
-0.253906
-0.421875
-0.187134
-0.153442
-0.168579
-0.122986
-0.147583
-0.171265
-0.365723
0.129883
-0.312012
-0.224487
-0.100830
0.308350
-0.327148
-0.135376
-0.296631
-0.263428
-0.237671
-0.053925
-0.143433
-0.289062
-0.237427
0.069336
-0.242920
0.038910
-0.141357
-0.266357
-0.141968
-0.061249
-0.209839
-0.072449
-0.126709
-0.218750
-0.095947
-0.224731
-0.228882
0.043732
-0.278564
-0.123718
-0.221313
-0.000818
-0.006943
-0.354492
-0.241943
-0.266113
-0.281006
-0.093445
-0.180664
-0.234741
-0.163208
-0.273193
-0.291016
-0.032013
-0.136230
-0.406250
0.066711
-0.269287
-0.258301
-0.315186
-0.150391
-0.038452
-0.198242
-0.305664
-0.322021
-0.277344
-0.281006
-0.020599
-0.149658
-0.307861
-0.299561
-0.192627
0.018997
-0.018768
-0.225830
0.057465
0.021057
0.014771
-0.224487
-0.367188
-0.097351
-0.218140
-0.186646
-0.405273
0.029877
0.007469
-0.383789
-0.203613
-0.320312
-0.115967
-0.302734
-0.238403
-0.333740
-0.289551
-0.134766
-0.292969
-0.344727
-0.270508
-0.172974
-0.477295
-0.011711
-0.136353
-0.352539
-0.319580
-0.251709
-0.452637
-0.283447
-0.429443
-0.249023
-0.362305
-0.449707
-0.305176
-0.360107
-0.350342
-0.279785
-0.407715
-0.086365
-0.085938
-0.182373
-0.418945
-0.299805
-0.459961
-0.260742
-0.285889
-0.073486
-0.339355
-0.058563
-0.391357
-0.304688
-0.289062
-0.270264
-0.209351
-0.371826
-0.286377
-0.349365
-0.445801
-0.333008
-0.290527
-0.375488
-0.445557
-0.364990
-0.377686
-0.218506
-0.268311
-0.114746
-0.145264
-0.267334
-0.266113
-0.105225
-0.277588
-0.057495
-0.292725
-0.381836
-0.125610
-0.393311
-0.283936
-0.361084
-0.408203
-0.333984
-0.323975
-0.209961
-0.260986
-0.036346
-0.097534
-0.403564
-0.409180
-0.236084
-0.174438
-0.002514
-0.247437
-0.085571
-0.236694
-0.447510
-0.348877
-0.286865
-0.290771
-0.011604
-0.192993
-0.364990
-0.090271
-0.314941
-0.147705
-0.157104
-0.124451
-0.345215
-0.363281
0.023102
-0.364746
-0.358154
0.096924
0.137329
-0.390381
-0.249390
-0.414551
-0.188477
-0.154419
-0.165283
-0.117798
-0.142944
-0.166748
-0.362305
0.126465
-0.304199
-0.220459
-0.098267
-0.006161
-0.322510
-0.129517
-0.290039
-0.261963
-0.232544
-0.053101
-0.139893
-0.283203
-0.229614
0.064453
-0.236572
0.039368
-0.138672
-0.263916
-0.139771
-0.054596
-0.203613
-0.068054
-0.128662
-0.214966
-0.090881
-0.222412
-0.223633
0.045685
-0.277588
-0.122375
-0.216064
0.000615
-0.006626
-0.352783
-0.237427
-0.260986
-0.278076
-0.093628
-0.177734
-0.230347
-0.164185
-0.264648
-0.288330
-0.034332
-0.131836
-0.401855
0.070923
-0.262939
-0.259277
-0.310547
-0.148315
-0.033936
-0.195679
-0.298584
-0.318604
-0.270264
-0.272705
-0.017883
-0.151489
-0.302490
-0.295898
-0.189697
0.023422
-0.016861
-0.224609
0.057343
0.023895
0.014084
-0.219849
-0.360840
-0.094543
-0.213867
-0.186279
-0.395020
0.032166
0.007515
-0.377441
-0.204468
-0.320557
-0.115967
-0.307129
-0.237671
-0.333984
-0.287598
-0.130493
-0.292236
-0.342041
-0.269287
-0.172729
-0.476318
-0.014511
-0.135986
-0.352051
-0.315918
-0.248535
-0.453125
-0.282715
-0.429199
-0.247559
-0.361084
-0.448242
-0.302246
-0.358887
-0.345947
-0.283447
-0.406982
-0.083862
-0.082397
-0.182861
-0.417480
-0.299561
-0.454834
-0.257324
-0.287354
-0.070312
-0.337891
-0.053589
-0.389160
-0.302246
-0.284912
-0.271973
-0.209106
-0.369873
-0.285400
-0.347168
-0.444336
-0.328125
-0.289551
-0.374268
-0.444336
-0.362061
-0.377686
-0.215820
-0.266846
-0.117493
-0.142578
-0.267090
-0.264160
-0.103577
-0.277100
-0.058746
-0.294922
-0.381348
-0.124756
-0.393555
-0.281494
-0.357178
-0.408447
-0.331055
-0.322021
-0.206299
-0.259521
-0.034149
-0.099121
-0.403320
-0.408203
-0.235718
-0.176147
-0.000945
-0.250244
-0.078796
-0.241333
-0.446533
-0.347168
-0.282471
-0.290527
-0.006947
-0.191406
-0.362305
-0.086060
-0.314941
-0.142578
-0.156250
-0.123779
-0.344238
-0.363525
0.028931
-0.363037
-0.355225
0.104980
0.138306
-0.390625
-0.248291
-0.412598
-0.188721
-0.124390
-0.164062
-0.117249
-0.136230
-0.164307
-0.360352
0.123962
-0.300049
-0.220581
-0.097717
0.072144
-0.323975
-0.123962
-0.289795
-0.260010
-0.231567
-0.049927
-0.131348
-0.281250
-0.228027
0.063110
-0.235474
0.040344
-0.136108
-0.260498
-0.137207
-0.049377
-0.199219
-0.064148
-0.128784
-0.212769
-0.085754
-0.220215
-0.221069
0.051331
-0.274658
-0.115906
-0.212402
-0.000961
-0.002663
-0.350830
-0.233398
-0.260254
-0.276367
-0.094299
-0.172485
-0.227905
-0.146973
-0.258301
-0.285156
-0.032104
-0.128052
-0.400146
0.077698
-0.261475
-0.262207
-0.308350
-0.145996
-0.029877
-0.196777
-0.295654
-0.315674
-0.269287
-0.265869
-0.019852
-0.149902
-0.303223
-0.292236
-0.187378
0.025314
-0.015213
-0.226440
0.063477
0.029449
0.018784
-0.218384
-0.358887
-0.092590
-0.211426
-0.182373
-0.389648
0.038818
0.009033
-0.377930
-0.205811
-0.323975
-0.134155
-0.308105
-0.247070
-0.332520
-0.285400
-0.139038
-0.298584
-0.349854
-0.270264
-0.175537
-0.483154
-0.021362
-0.127686
-0.359863
-0.314697
-0.254395
-0.458984
-0.288574
-0.434082
-0.253662
-0.366943
-0.453857
-0.310059
-0.362305
-0.351318
-0.287842
-0.410645
-0.101868
-0.093323
-0.186646
-0.425781
-0.299316
-0.460205
-0.258301
-0.293945
-0.078796
-0.347412
-0.053406
-0.397949
-0.306396
-0.285156
-0.267334
-0.209351
-0.371338
-0.287109
-0.352783
-0.445801
-0.326172
-0.294922
-0.371094
-0.446533
-0.370361
-0.376221
-0.218506
-0.265625
-0.121155
-0.137207
-0.273926
-0.269775
-0.095398
-0.281494
-0.067993
-0.305664
-0.387939
-0.128174
-0.395020
-0.280518
-0.359863
-0.412598
-0.339355
-0.327393
-0.215210
-0.264893
-0.036713
-0.092041
-0.408203
-0.416748
-0.237427
-0.180542
0.002321
-0.254150
-0.085449
-0.252686
-0.451172
-0.354980
-0.289307
-0.295898
-0.016510
-0.191528
-0.369873
-0.096008
-0.314453
-0.145996
-0.152344
-0.129395
-0.347412
-0.367188
0.024002
-0.365967
-0.366211
0.092773
0.130493
-0.395752
-0.249268
-0.420898
-0.192993
-0.112610
-0.154175
-0.123230
-0.135498
-0.176880
-0.358643
0.121582
-0.307373
-0.228760
-0.107300
-0.006821
-0.325195
-0.127319
-0.291992
-0.265625
-0.228394
-0.059265
-0.141602
-0.283936
-0.229980
0.062195
-0.238892
0.040710
-0.145386
-0.263184
-0.150146
-0.041687
-0.203125
-0.061310
-0.135864
-0.214355
-0.094055
-0.232788
-0.221680
0.035706
-0.271973
-0.124451
-0.218262
-0.002945
0.009331
-0.358398
-0.236450
-0.268311
-0.289307
-0.095093
-0.180054
-0.230225
-0.144653
-0.271484
-0.294434
-0.034546
-0.137085
-0.407959
0.062469
-0.271729
-0.258301
-0.312988
-0.152100
-0.043304
-0.196411
-0.288818
-0.318359
-0.279541
-0.280762
-0.027557
-0.143066
-0.301025
-0.303223
-0.189209
0.021240
-0.025742
-0.237427
0.061005
0.031342
0.017822
-0.230225
-0.361572
-0.105225
-0.218018
-0.184204
-0.397705
0.032043
0.004219
-0.383545
-0.207031
-0.326172
-0.127563
-0.310303
-0.246948
-0.335938
-0.293457
-0.143188
-0.299561
-0.350098
-0.274902
-0.185059
-0.485107
-0.019318
-0.132812
-0.360352
-0.312256
-0.263184
-0.463135
-0.290771
-0.433838
-0.256104
-0.365234
-0.458984
-0.309082
-0.366211
-0.361084
-0.288330
-0.410889
-0.100220
-0.099121
-0.185791
-0.429443
-0.303223
-0.465576
-0.262939
-0.295654
-0.088684
-0.351807
-0.060577
-0.403076
-0.314697
-0.295898
-0.271729
-0.211426
-0.375977
-0.286621
-0.359619
-0.454346
-0.335693
-0.295898
-0.381104
-0.450439
-0.375977
-0.381104
-0.220581
-0.270020
-0.118774
-0.147949
-0.278076
-0.273438
-0.110168
-0.284912
-0.066528
-0.304932
-0.391602
-0.134155
-0.399414
-0.287109
-0.359863
-0.416260
-0.344971
-0.331787
-0.213623
-0.277832
-0.034149
-0.091492
-0.410400
-0.418701
-0.245239
-0.179199
0.000626
-0.255127
-0.089233
-0.247925
-0.457275
-0.360596
-0.293945
-0.298340
-0.019974
-0.193359
-0.372314
-0.102539
-0.328125
-0.148804
-0.156616
-0.131836
-0.352783
-0.374023
0.017456
-0.379395
-0.375000
0.080872
0.135376
-0.398193
-0.257080
-0.425781
-0.191162
-0.095581
-0.162109
-0.133057
-0.153198
-0.186157
-0.364990
0.120300
-0.313232
-0.229736
-0.107788
-0.173706
-0.319336
-0.130981
-0.300537
-0.265869
-0.237549
-0.067688
-0.154297
-0.287109
-0.236328
0.065613
-0.242188
0.034241
-0.152710
-0.270508
-0.156372
-0.054138
-0.212891
-0.073120
-0.139648
-0.221436
-0.100403
-0.233887
-0.228516
0.041718
-0.277100
-0.137085
-0.223755
0.000469
0.000935
-0.363525
-0.250732
-0.277588
-0.296875
-0.096619
-0.180542
-0.236694
-0.142700
-0.279541
-0.303223
-0.034424
-0.146118
-0.410400
0.054260
-0.271484
-0.254395
-0.326660
-0.161499
-0.051025
-0.198364
-0.300781
-0.325439
-0.287109
-0.295898
-0.027206
-0.141479
-0.310547
-0.314453
-0.197632
0.008400
-0.025391
-0.233521
0.045715
0.016449
0.014015
-0.231934
-0.373047
-0.112122
-0.221680
-0.197998
-0.407959
0.022491
-0.004211
-0.387207
-0.211548
-0.328857
-0.122009
-0.311768
-0.248535
-0.339844
-0.300781
-0.141724
-0.296143
-0.353271
-0.278320
-0.188843
-0.488037
-0.019913
-0.141968
-0.362549
-0.322510
-0.263916
-0.465332
-0.289795
-0.434326
-0.258301
-0.368408
-0.463867
-0.308350
-0.367676
-0.369629
-0.288574
-0.415283
-0.090515
-0.103638
-0.185303
-0.433594
-0.305420
-0.470459
-0.270020
-0.296143
-0.096558
-0.350586
-0.066650
-0.405273
-0.320557
-0.303955
-0.279785
-0.211060
-0.376709
-0.286865
-0.363037
-0.462158
-0.346680
-0.299072
-0.391357
-0.452881
-0.377686
-0.380615
-0.227539
-0.276611
-0.116760
-0.159546
-0.283447
-0.275879
-0.120178
-0.291260
-0.063904
-0.304932
-0.389648
-0.139038
-0.405029
-0.287598
-0.366455
-0.420898
-0.347412
-0.330811
-0.215210
-0.285156
-0.038635
-0.098999
-0.412598
-0.418213
-0.250488
-0.182495
-0.006058
-0.253174
-0.096069
-0.241455
-0.458496
-0.359619
-0.300293
-0.299561
-0.023849
-0.198120
-0.371094
-0.106323
-0.335205
-0.150879
-0.165649
-0.133789
-0.351562
-0.381592
0.011223
-0.387695
-0.380371
0.076843
0.135010
-0.392822
-0.266846
-0.425781
-0.192505
-0.133911
-0.171387
-0.138184
-0.166382
-0.189941
-0.373779
0.121460
-0.314209
-0.229736
-0.110413
-0.194458
-0.324951
-0.140381
-0.308594
-0.264648
-0.244507
-0.070557
-0.157715
-0.287109
-0.238403
0.067932
-0.244629
0.021454
-0.158813
-0.271973
-0.160156
-0.061432
-0.219116
-0.077942
-0.143066
-0.227051
-0.111267
-0.238525
-0.230957
0.043335
-0.283447
-0.139160
-0.233521
-0.005543
-0.005459
-0.364746
-0.257812
-0.279297
-0.297119
-0.097107
-0.183594
-0.243042
-0.170410
-0.289795
-0.312012
-0.034546
-0.154907
-0.409668
0.052155
-0.263916
-0.257080
-0.333252
-0.166992
-0.052856
-0.202393
-0.310059
-0.328613
-0.285645
-0.305176
-0.029297
-0.149658
-0.315186
-0.321045
-0.202026
-0.001226
-0.024734
-0.234009
0.038208
0.013145
0.011650
-0.235107
-0.379883
-0.119263
-0.220581
-0.205688
-0.412354
0.015717
-0.010674
-0.392578
-0.211304
-0.328369
-0.120544
-0.313721
-0.245483
-0.341553
-0.302979
-0.137207
-0.290527
-0.351318
-0.279053
-0.191406
-0.484863
-0.022842
-0.147095
-0.360840
-0.323730
-0.256104
-0.465088
-0.287598
-0.429932
-0.257324
-0.365234
-0.461182
-0.299805
-0.364502
-0.366455
-0.288330
-0.416504
-0.075317
-0.102234
-0.186157
-0.430420
-0.305664
-0.466797
-0.267578
-0.295898
-0.100342
-0.344727
-0.062408
-0.400391
-0.318115
-0.306152
-0.286865
-0.209351
-0.376709
-0.283447
-0.360840
-0.463379
-0.347900
-0.293701
-0.394043
-0.451904
-0.375244
-0.381592
-0.228638
-0.277588
-0.116028
-0.163330
-0.283691
-0.273926
-0.121155
-0.288574
-0.059570
-0.305664
-0.388184
-0.136963
-0.406250
-0.282471
-0.362061
-0.419189
-0.342773
-0.322510
-0.210938
-0.281006
-0.037476
-0.104004
-0.410889
-0.413818
-0.244873
-0.185669
-0.007843
-0.251221
-0.094910
-0.240845
-0.456787
-0.358154
-0.298340
-0.297607
-0.020081
-0.199463
-0.369873
-0.104248
-0.337891
-0.143433
-0.173828
-0.138062
-0.344238
-0.383057
0.012451
-0.384521
-0.379883
0.084778
0.135620
-0.385742
-0.270020
-0.420410
-0.198608
-0.141602
-0.174805
-0.135986
-0.168823
-0.184937
-0.378418
0.125244
-0.305664
-0.225708
-0.112122
-0.244263
-0.329346
-0.138672
-0.311523
-0.260498
-0.243286
-0.068298
-0.154053
-0.286133
-0.234863
0.074097
-0.244751
0.011940
-0.154297
-0.267822
-0.158936
-0.057037
-0.218750
-0.078369
-0.145020
-0.226074
-0.111450
-0.238525
-0.230591
0.050537
-0.279297
-0.134033
-0.233643
-0.013031
-0.004543
-0.361572
-0.254395
-0.272705
-0.292480
-0.096985
-0.181519
-0.244385
-0.179321
-0.285400
-0.307129
-0.027527
-0.154541
-0.402100
0.059235
-0.252930
-0.261230
-0.332520
-0.172485
-0.044342
-0.204834
-0.308105
-0.327148
-0.278564
-0.294922
-0.024857
-0.154907
-0.312500
-0.317871
-0.206543
0.000052
-0.019150
-0.231445
0.035187
0.016846
0.013031
-0.229248
-0.381348
-0.120239
-0.215576
-0.204712
-0.409180
0.016022
-0.010704
-0.392822
-0.214355
-0.324219
-0.121216
-0.312500
-0.239746
-0.338867
-0.298828
-0.134277
-0.287842
-0.347412
-0.277344
-0.190308
-0.477539
-0.019882
-0.149048
-0.355957
-0.322998
-0.250000
-0.458252
-0.282715
-0.425293
-0.254395
-0.359863
-0.453613
-0.295654
-0.356445
-0.357422
-0.285889
-0.415527
-0.063110
-0.092041
-0.183350
-0.425049
-0.303223
-0.460693
-0.264648
-0.290283
-0.089478
-0.338379
-0.061768
-0.393311
-0.314697
-0.299805
-0.286377
-0.206421
-0.372314
-0.281982
-0.355225
-0.457275
-0.345215
-0.289795
-0.389893
-0.445801
-0.369141
-0.378662
-0.229004
-0.276367
-0.114197
-0.163696
-0.280029
-0.266357
-0.126099
-0.284912
-0.053192
-0.300781
-0.383789
-0.134766
-0.400391
-0.278564
-0.358643
-0.415771
-0.336670
-0.315186
-0.208008
-0.274414
-0.037628
-0.107056
-0.406738
-0.407471
-0.238281
-0.183472
-0.010406
-0.246948
-0.091980
-0.237793
-0.449951
-0.351562
-0.292725
-0.292725
-0.014053
-0.197388
-0.362793
-0.098999
-0.335205
-0.140137
-0.172729
-0.134644
-0.337158
-0.378662
0.013855
-0.379883
-0.372559
0.093994
0.134155
-0.380127
-0.266113
-0.409912
-0.196167
-0.156860
-0.176636
-0.129272
-0.165283
-0.177368
-0.374023
0.124634
-0.296875
-0.219116
-0.109314
-0.309326
-0.328369
-0.130615
-0.306152
-0.254883
-0.238647
-0.062927
-0.147217
-0.282471
-0.227783
0.071472
-0.242065
0.009880
-0.148315
-0.262451
-0.152710
-0.052582
-0.214355
-0.076721
-0.142944
-0.221069
-0.103577
-0.230713
-0.225952
0.055420
-0.276367
-0.130249
-0.228271
-0.015312
-0.002621
-0.355957
-0.248901
-0.267334
-0.285156
-0.095215
-0.175049
-0.240845
-0.174927
-0.275391
-0.300049
-0.026917
-0.148438
-0.394287
0.070679
-0.245117
-0.264404
-0.325684
-0.167969
-0.032623
-0.204712
-0.303711
-0.320557
-0.268799
-0.282227
-0.020081
-0.155151
-0.306885
-0.310547
-0.203979
0.005928
-0.013664
-0.225830
0.036469
0.022964
0.012451
-0.222046
-0.374512
-0.114990
-0.211060
-0.202026
-0.397461
0.019730
-0.010445
-0.387939
-0.216187
-0.325195
-0.122803
-0.312256
-0.241455
-0.338379
-0.298340
-0.137329
-0.287842
-0.349854
-0.278076
-0.189697
-0.478027
-0.021362
-0.148193
-0.355957
-0.322754
-0.249634
-0.460693
-0.283691
-0.426514
-0.255859
-0.360840
-0.455322
-0.295166
-0.358154
-0.359863
-0.287354
-0.414062
-0.065918
-0.095215
-0.183594
-0.426270
-0.302734
-0.462402
-0.265625
-0.290527
-0.090759
-0.340576
-0.060486
-0.394775
-0.315918
-0.302246
-0.286621
-0.205933
-0.372803
-0.282715
-0.356445
-0.458252
-0.344971
-0.289307
-0.390137
-0.446777
-0.371826
-0.379395
-0.228516
-0.277588
-0.113464
-0.165649
-0.280273
-0.269775
-0.123779
-0.286865
-0.053650
-0.301758
-0.385010
-0.133911
-0.402344
-0.278564
-0.360352
-0.416504
-0.339355
-0.315918
-0.207764
-0.276123
-0.037354
-0.105896
-0.407471
-0.408447
-0.238525
-0.184082
-0.010246
-0.247681
-0.091675
-0.239136
-0.450928
-0.353271
-0.293213
-0.293213
-0.014030
-0.199097
-0.364014
-0.100464
-0.335205
-0.140869
-0.173584
-0.135376
-0.337158
-0.378662
0.013718
-0.380371
-0.376221
0.092651
0.134155
-0.383057
-0.267090
-0.410156
-0.198364
-0.158813
-0.176147
-0.131836
-0.166138
-0.178589
-0.373047
0.125610
-0.299072
-0.220215
-0.110657
-0.277344
-0.326416
-0.132812
-0.307617
-0.255371
-0.238159
-0.066345
-0.150757
-0.282959
-0.229004
0.073181
-0.242065
0.010414
-0.148315
-0.262939
-0.154907
-0.050781
-0.214844
-0.076355
-0.144043
-0.221558
-0.104248
-0.233276
-0.225098
0.054718
-0.275635
-0.131226
-0.227417
-0.016327
-0.001197
-0.355469
-0.252930
-0.269775
-0.285400
-0.094666
-0.177490
-0.243042
-0.174927
-0.278076
-0.302002
-0.026337
-0.150635
-0.395264
0.069580
-0.245605
-0.262695
-0.328857
-0.171753
-0.033997
-0.204712
-0.306152
-0.323242
-0.271729
-0.284424
-0.019150
-0.155151
-0.306885
-0.312012
-0.204346
0.008369
-0.016281
-0.226807
0.033722
0.024506
0.010506
-0.225098
-0.376709
-0.118286
-0.210815
-0.203003
-0.400635
0.018219
-0.009537
-0.389648
-0.216675
-0.328857
-0.125000
-0.309326
-0.245972
-0.341553
-0.302979
-0.138916
-0.290771
-0.355957
-0.279541
-0.189819
-0.485352
-0.022751
-0.145142
-0.360107
-0.323242
-0.256836
-0.464111
-0.288818
-0.428223
-0.260498
-0.364502
-0.461426
-0.299805
-0.365234
-0.370850
-0.290283
-0.414062
-0.077515
-0.104919
-0.181885
-0.430664
-0.302979
-0.470947
-0.268311
-0.292969
-0.102661
-0.347900
-0.063904
-0.400391
-0.319580
-0.309326
-0.286133
-0.207031
-0.377197
-0.286133
-0.363037
-0.464111
-0.350098
-0.293945
-0.393066
-0.450195
-0.377441
-0.381836
-0.229614
-0.280029
-0.113708
-0.168457
-0.284180
-0.280273
-0.116882
-0.293457
-0.058441
-0.303467
-0.389160
-0.136475
-0.407959
-0.282471
-0.364990
-0.418945
-0.345703
-0.323242
-0.211426
-0.282715
-0.036835
-0.102234
-0.411133
-0.413818
-0.243652
-0.185913
-0.008766
-0.250244
-0.094299
-0.239136
-0.455566
-0.357422
-0.297363
-0.297607
-0.018250
-0.201172
-0.370117
-0.104614
-0.337158
-0.141846
-0.174561
-0.139404
-0.340576
-0.381348
0.009079
-0.387939
-0.384033
0.080505
0.132568
-0.385010
-0.270996
-0.419922
-0.199463
-0.144897
-0.174194
-0.137451
-0.170044
-0.189331
-0.375732
0.124817
-0.310059
-0.226318
-0.111694
-0.048462
-0.325439
-0.140747
-0.312256
-0.259033
-0.243164
-0.073242
-0.161743
-0.288086
-0.237671
0.075806
-0.243042
0.010384
-0.155762
-0.269287
-0.162598
-0.058075
-0.220581
-0.080505
-0.145386
-0.224854
-0.113098
-0.241333
-0.228516
0.049255
-0.277832
-0.136963
-0.236816
-0.017700
-0.001616
-0.358887
-0.262207
-0.274902
-0.293701
-0.095337
-0.181641
-0.245728
-0.168335
-0.290527
-0.312012
-0.025528
-0.158447
-0.400635
0.057983
-0.249268
-0.257812
-0.333984
-0.177490
-0.047668
-0.205566
-0.309570
-0.328613
-0.281006
-0.300781
-0.025284
-0.154663
-0.308838
-0.322021
-0.207642
0.003456
-0.024490
-0.233643
0.027618
0.020630
0.007542
-0.234009
-0.384766
-0.127441
-0.212769
-0.206299
-0.413330
0.010223
-0.013420
-0.393799
-0.215210
-0.329590
-0.130005
-0.304199
-0.251465
-0.342041
-0.300293
-0.148560
-0.297852
-0.359375
-0.278564
-0.185303
-0.491211
-0.021027
-0.137817
-0.363525
-0.320801
-0.262939
-0.468262
-0.294922
-0.433838
-0.262939
-0.370361
-0.465576
-0.310059
-0.373291
-0.377686
-0.292725
-0.414551
-0.100464
-0.115173
-0.183472
-0.431885
-0.301758
-0.477539
-0.273682
-0.296631
-0.104431
-0.357666
-0.070801
-0.408691
-0.321777
-0.310303
-0.278076
-0.213257
-0.379639
-0.290283
-0.368652
-0.464111
-0.347656
-0.299805
-0.393311
-0.454102
-0.383057
-0.382324
-0.228149
-0.277344
-0.115784
-0.161011
-0.287354
-0.286377
-0.110474
-0.295410
-0.065857
-0.305176
-0.393555
-0.138550
-0.409912
-0.290283
-0.370117
-0.418457
-0.351074
-0.333252
-0.215942
-0.286621
-0.038055
-0.093506
-0.414795
-0.422363
-0.248535
-0.184448
-0.005135
-0.254883
-0.098572
-0.244507
-0.459717
-0.363037
-0.305420
-0.303467
-0.027390
-0.202759
-0.376709
-0.109253
-0.333740
-0.150269
-0.168823
-0.139282
-0.350342
-0.379639
0.004837
-0.389893
-0.387207
0.065613
0.127441
-0.393555
-0.266357
-0.429932
-0.194946
-0.134399
-0.167236
-0.138062
-0.169067
-0.196777
-0.372314
0.123535
-0.324707
-0.231812
-0.112305
-0.134399
-0.320801
-0.149414
-0.309570
-0.266846
-0.245361
-0.078979
-0.171631
-0.294189
-0.244629
0.070923
-0.244507
0.018478
-0.163940
-0.274170
-0.166016
-0.061737
-0.223389
-0.081848
-0.143433
-0.228516
-0.117920
-0.247925
-0.232056
0.032898
-0.282227
-0.142334
-0.240112
-0.009254
-0.007740
-0.363770
-0.265381
-0.283936
-0.301025
-0.095764
-0.190308
-0.245239
-0.170776
-0.296875
-0.318115
-0.031067
-0.162231
-0.412598
0.043671
-0.265381
-0.250977
-0.333740
-0.178345
-0.062347
-0.205444
-0.310791
-0.334717
-0.289795
-0.316162
-0.031799
-0.150757
-0.311523
-0.329346
-0.206787
0.003235
-0.032562
-0.239258
0.027740
0.014366
0.003681
-0.241699
-0.384521
-0.131958
-0.217529
-0.204102
-0.422363
0.004951
-0.014961
-0.394775
-0.211182
-0.329346
-0.133179
-0.299316
-0.255615
-0.338867
-0.299072
-0.155273
-0.301025
-0.364502
-0.279541
-0.181274
-0.493164
-0.018890
-0.134399
-0.364746
-0.325928
-0.261230
-0.471924
-0.296387
-0.437256
-0.265625
-0.375000
-0.469238
-0.315430
-0.376221
-0.381104
-0.293213
-0.415527
-0.109070
-0.117920
-0.183716
-0.436523
-0.300293
-0.481445
-0.277100
-0.296875
-0.105164
-0.362061
-0.072327
-0.414795
-0.322021
-0.310547
-0.272705
-0.212891
-0.378906
-0.293213
-0.369629
-0.463379
-0.347412
-0.301270
-0.392822
-0.454346
-0.385254
-0.379883
-0.228638
-0.275146
-0.117676
-0.155273
-0.289795
-0.288574
-0.106018
-0.295654
-0.067627
-0.306152
-0.396484
-0.139404
-0.411377
-0.292480
-0.373535
-0.419678
-0.353027
-0.336670
-0.220825
-0.286377
-0.039551
-0.090820
-0.416748
-0.424805
-0.250488
-0.187378
-0.002626
-0.254639
-0.101318
-0.247925
-0.461182
-0.365967
-0.312012
-0.304932
-0.033417
-0.204224
-0.380615
-0.109375
-0.331299
-0.156372
-0.166260
-0.138794
-0.355713
-0.378662
0.003347
-0.388428
-0.389893
0.061279
0.123413
-0.396729
-0.264893
-0.434814
-0.194336
-0.156128
-0.163940
-0.137695
-0.169800
-0.199219
-0.371826
0.126099
-0.331055
-0.234375
-0.112427
-0.171021
-0.323486
-0.156372
-0.307129
-0.270508
-0.244751
-0.082031
-0.176880
-0.296143
-0.249878
0.067505
-0.248169
0.021667
-0.168701
-0.274658
-0.166504
-0.062927
-0.224243
-0.080505
-0.144409
-0.231323
-0.119751
-0.250732
-0.235474
0.026154
-0.284424
-0.142944
-0.240723
-0.007996
-0.008797
-0.368408
-0.266357
-0.282471
-0.304688
-0.096130
-0.196899
-0.245728
-0.179443
-0.303711
-0.322021
-0.033600
-0.162354
-0.417725
0.033997
-0.272949
-0.250000
-0.333252
-0.176880
-0.069214
-0.202393
-0.310303
-0.339355
-0.293457
-0.322266
-0.035583
-0.151489
-0.312744
-0.332275
-0.202515
0.001327
-0.035675
-0.240845
0.029419
0.012718
0.003279
-0.246826
-0.384521
-0.131592
-0.220093
-0.199829
-0.426514
0.003153
-0.014992
-0.394531
-0.207275
-0.328613
-0.130859
-0.301270
-0.256348
-0.341309
-0.301514
-0.147949
-0.296631
-0.362793
-0.280273
-0.179810
-0.493164
-0.023529
-0.139404
-0.364990
-0.327393
-0.253662
-0.471924
-0.294434
-0.433838
-0.268311
-0.375000
-0.468994
-0.305420
-0.377686
-0.384521
-0.295654
-0.416504
-0.097656
-0.120300
-0.183838
-0.434082
-0.302490
-0.478271
-0.276611
-0.298584
-0.114929
-0.356201
-0.066833
-0.411865
-0.322510
-0.315186
-0.281738
-0.209229
-0.378906
-0.292236
-0.368164
-0.466797
-0.348633
-0.300049
-0.398926
-0.454590
-0.383057
-0.379639
-0.230225
-0.277100
-0.117737
-0.157837
-0.292725
-0.291504
-0.103577
-0.298340
-0.065918
-0.307373
-0.395264
-0.134644
-0.413574
-0.286377
-0.373291
-0.421631
-0.352539
-0.333496
-0.217773
-0.284912
-0.037872
-0.095642
-0.415039
-0.420654
-0.246826
-0.194336
-0.001350
-0.251465
-0.103149
-0.245972
-0.461182
-0.365234
-0.308105
-0.301270
-0.035339
-0.207886
-0.380859
-0.109314
-0.334717
-0.148560
-0.175415
-0.146606
-0.349609
-0.381104
0.003740
-0.388428
-0.394775
0.066589
0.124268
-0.387207
-0.270996
-0.433838
-0.198730
-0.147583
-0.168945
-0.142944
-0.170410
-0.198242
-0.375977
0.131470
-0.329102
-0.231689
-0.113953
-0.177368
-0.330322
-0.158569
-0.311523
-0.272217
-0.243530
-0.080322
-0.177734
-0.295410
-0.246704
0.073608
-0.250488
0.013275
-0.166260
-0.271973
-0.167969
-0.059448
-0.226196
-0.080139
-0.147705
-0.230957
-0.126465
-0.253174
-0.237793
0.032104
-0.279297
-0.135864
-0.246460
-0.018356
-0.005566
-0.364990
-0.267090
-0.277832
-0.302734
-0.097534
-0.193848
-0.247803
-0.175415
-0.306641
-0.322266
-0.026154
-0.163940
-0.409668
0.037109
-0.257080
-0.251953
-0.333496
-0.182007
-0.065735
-0.203491
-0.311035
-0.339355
-0.286865
-0.319092
-0.035675
-0.149780
-0.311523
-0.333740
-0.203979
-0.002029
-0.035095
-0.240601
0.024429
0.014877
0.006393
-0.246704
-0.386230
-0.135498
-0.215088
-0.197266
-0.427002
0.001353
-0.017700
-0.397217
-0.209839
-0.325684
-0.127197
-0.303223
-0.249268
-0.341064
-0.298828
-0.141113
-0.291260
-0.357422
-0.280273
-0.178467
-0.488037
-0.023239
-0.142090
-0.361816
-0.325928
-0.249512
-0.467773
-0.288086
-0.429443
-0.265869
-0.369385
-0.467041
-0.298096
-0.369873
-0.376465
-0.292480
-0.416748
-0.083374
-0.109192
-0.183594
-0.434814
-0.302979
-0.468750
-0.271484
-0.297363
-0.111145
-0.347900
-0.058746
-0.406250
-0.318115
-0.310791
-0.285889
-0.207031
-0.374756
-0.286621
-0.363281
-0.466797
-0.348145
-0.294678
-0.398193
-0.450928
-0.378906
-0.379883
-0.229370
-0.278076
-0.113831
-0.157104
-0.290527
-0.285645
-0.106140
-0.297607
-0.057587
-0.304688
-0.389648
-0.131104
-0.410400
-0.279785
-0.363525
-0.421387
-0.348145
-0.326904
-0.212646
-0.281494
-0.037476
-0.098389
-0.411865
-0.413574
-0.242554
-0.192261
-0.002638
-0.247314
-0.101196
-0.243286
-0.455322
-0.359863
-0.302490
-0.294678
-0.026962
-0.204712
-0.375244
-0.103577
-0.335938
-0.136475
-0.175781
-0.145386
-0.340820
-0.380859
0.009567
-0.383789
-0.390381
0.079529
0.131714
-0.379395
-0.270752
-0.423828
-0.199219
-0.131592
-0.168091
-0.142944
-0.165527
-0.192261
-0.376465
0.134155
-0.318115
-0.227905
-0.113159
-0.166992
-0.330566
-0.145752
-0.309326
-0.270020
-0.240356
-0.074219
-0.167358
-0.290039
-0.235352
0.075562
-0.246826
0.010529
-0.157715
-0.265625
-0.159546
-0.050568
-0.221924
-0.077454
-0.148682
-0.225586
-0.119019
-0.251221
-0.231079
0.043671
-0.275635
-0.130127
-0.240845
-0.019485
-0.000727
-0.359619
-0.261719
-0.269043
-0.297363
-0.097473
-0.188110
-0.245605
-0.170044
-0.295166
-0.314941
-0.022507
-0.160767
-0.402100
0.048859
-0.244873
-0.257080
-0.331299
-0.178223
-0.054688
-0.201660
-0.307129
-0.333252
-0.277100
-0.302734
-0.028900
-0.147827
-0.305176
-0.325684
-0.202271
0.003813
-0.027145
-0.239014
0.027817
0.018860
0.011635
-0.237183
-0.382080
-0.132202
-0.212891
-0.194946
-0.420898
0.005081
-0.011726
-0.393555
-0.212036
-0.320557
-0.122864
-0.302490
-0.239136
-0.335449
-0.292725
-0.139526
-0.287842
-0.351318
-0.273438
-0.176270
-0.481445
-0.013771
-0.135132
-0.356689
-0.315186
-0.241943
-0.463379
-0.284668
-0.426758
-0.255615
-0.360107
-0.462646
-0.296143
-0.359863
-0.358154
-0.287598
-0.411133
-0.074097
-0.097229
-0.181519
-0.426514
-0.296387
-0.456787
-0.260254
-0.297607
-0.093201
-0.338623
-0.057007
-0.393066
-0.308350
-0.294678
-0.277832
-0.205688
-0.370361
-0.281006
-0.356934
-0.458740
-0.339111
-0.291016
-0.389160
-0.445801
-0.371826
-0.375000
-0.223389
-0.270996
-0.111145
-0.146240
-0.281006
-0.272217
-0.107666
-0.283936
-0.050964
-0.297607
-0.383057
-0.124390
-0.405273
-0.277832
-0.353271
-0.414795
-0.334961
-0.321289
-0.203735
-0.276123
-0.033325
-0.092346
-0.406006
-0.409912
-0.236206
-0.185913
0.001745
-0.244751
-0.090210
-0.240112
-0.450684
-0.351562
-0.294678
-0.290039
-0.011246
-0.190796
-0.366943
-0.088379
-0.327881
-0.131836
-0.165649
-0.136475
-0.336182
-0.370117
0.022354
-0.371582
-0.372559
0.101196
0.143799
-0.382080
-0.258789
-0.412842
-0.189087
-0.087891
-0.161499
-0.131226
-0.148438
-0.178345
-0.367188
0.141724
-0.306885
-0.221191
-0.103882
0.086426
-0.328613
-0.123169
-0.297607
-0.269775
-0.233154
-0.063110
-0.150269
-0.280273
-0.223511
0.070862
-0.240234
0.023636
-0.149536
-0.258057
-0.144043
-0.038818
-0.208618
-0.067871
-0.145508
-0.214600
-0.097412
-0.239014
-0.221191
0.056915
-0.270752
-0.122437
-0.224854
-0.006462
0.006550
-0.355957
-0.246948
-0.263184
-0.284912
-0.092712
-0.176025
-0.238647
-0.134277
-0.276611
-0.296143
-0.018051
-0.149170
-0.398926
0.069214
-0.245728
-0.254395
-0.322266
-0.165405
-0.040955
-0.197632
-0.297852
-0.324219
-0.271240
-0.278809
-0.022598
-0.140991
-0.295898
-0.307861
-0.197998
0.024368
-0.018829
-0.231812
0.044769
0.031311
0.020920
-0.222168
-0.368164
-0.118652
-0.208008
-0.188232
-0.404541
0.021698
-0.003338
-0.385254
-0.206543
-0.316162
-0.117188
-0.302002
-0.231079
-0.330322
-0.285400
-0.147583
-0.288818
-0.342773
-0.270020
-0.173218
-0.471436
-0.007328
-0.135132
-0.352539
-0.318848
-0.238159
-0.451660
-0.280518
-0.425537
-0.247070
-0.357178
-0.451904
-0.301758
-0.348877
-0.340820
-0.283447
-0.405762
-0.068848
-0.081726
-0.179688
-0.417480
-0.291260
-0.452637
-0.258789
-0.294189
-0.069824
-0.333008
-0.061432
-0.384521
-0.299316
-0.282959
-0.271973
-0.207886
-0.366455
-0.280029
-0.350830
-0.447510
-0.330811
-0.283447
-0.378906
-0.440674
-0.361816
-0.375244
-0.220093
-0.266602
-0.108765
-0.143066
-0.272461
-0.256836
-0.114014
-0.278564
-0.049469
-0.291992
-0.375977
-0.122925
-0.396973
-0.281250
-0.350830
-0.406738
-0.326660
-0.314209
-0.203369
-0.270020
-0.037903
-0.091431
-0.401123
-0.406982
-0.232300
-0.177124
-0.012360
-0.241211
-0.081543
-0.238525
-0.441650
-0.343262
-0.288330
-0.285400
-0.004147
-0.186890
-0.360596
-0.080994
-0.318115
-0.141724
-0.155273
-0.119934
-0.334961
-0.361572
0.026352
-0.361572
-0.358154
0.110840
0.135254
-0.386719
-0.247314
-0.399414
-0.190430
-0.134888
-0.164795
-0.114563
-0.140503
-0.166260
-0.360352
0.135010
-0.292969
-0.211670
-0.096252
0.026154
-0.321289
-0.116882
-0.289307
-0.262207
-0.228394
-0.059174
-0.138916
-0.271240
-0.216187
0.058136
-0.236206
0.031403
-0.139526
-0.255127
-0.138794
-0.036316
-0.199463
-0.063843
-0.140015
-0.211914
-0.080933
-0.228760
-0.215088
0.058563
-0.273682
-0.115417
-0.214844
0.003967
-0.003286
-0.351074
-0.233032
-0.260010
-0.272461
-0.087463
-0.170410
-0.230957
-0.149292
-0.256348
-0.282715
-0.028748
-0.132446
-0.394287
0.086426
-0.249390
-0.256592
-0.314697
-0.156006
-0.026886
-0.195679
-0.297119
-0.312988
-0.265137
-0.263672
-0.017075
-0.154907
-0.295654
-0.292969
-0.186646
0.040924
-0.016113
-0.223999
0.054718
0.034546
0.012566
-0.211304
-0.357910
-0.102356
-0.204468
-0.187622
-0.385010
0.032684
-0.000181
-0.376221
-0.205444
-0.321533
-0.129761
-0.300293
-0.237915
-0.329834
-0.286133
-0.164673
-0.295166
-0.350098
-0.274170
-0.177979
-0.478027
-0.010048
-0.131592
-0.358887
-0.321289
-0.244995
-0.459229
-0.288574
-0.434082
-0.253174
-0.360596
-0.458008
-0.310303
-0.354980
-0.348145
-0.286621
-0.410156
-0.087219
-0.098328
-0.185181
-0.423584
-0.290039
-0.467041
-0.267578
-0.302002
-0.081909
-0.342285
-0.067139
-0.393555
-0.304199
-0.289551
-0.270264
-0.210693
-0.372070
-0.283691
-0.360107
-0.450195
-0.332031
-0.288818
-0.382324
-0.446533
-0.374023
-0.376709
-0.221680
-0.268066
-0.111511
-0.143433
-0.282715
-0.265625
-0.114807
-0.282715
-0.058624
-0.299805
-0.384521
-0.125610
-0.403320
-0.286377
-0.359131
-0.409912
-0.339844
-0.322510
-0.210449
-0.283203
-0.041107
-0.078308
-0.408936
-0.416504
-0.236206
-0.178223
-0.013351
-0.248047
-0.087524
-0.244751
-0.448730
-0.351807
-0.298340
-0.294434
-0.013634
-0.189575
-0.367920
-0.091980
-0.320801
-0.150757
-0.154785
-0.125610
-0.338623
-0.364502
0.020386
-0.367188
-0.372070
0.098633
0.127563
-0.397217
-0.249390
-0.408447
-0.197266
-0.168335
-0.161865
-0.122192
-0.147583
-0.178345
-0.359131
0.132690
-0.303467
-0.216919
-0.108337
-0.004135
-0.316650
-0.126221
-0.294922
-0.270020
-0.229004
-0.071594
-0.156250
-0.275879
-0.221191
0.055542
-0.244507
0.032928
-0.150391
-0.261230
-0.150635
-0.030075
-0.206787
-0.067566
-0.145874
-0.221069
-0.091370
-0.242432
-0.218628
0.039337
-0.274902
-0.127930
-0.222778
0.005104
-0.003260
-0.359375
-0.242676
-0.272949
-0.284668
-0.086975
-0.184570
-0.238159
-0.165039
-0.266602
-0.293945
-0.034729
-0.140991
-0.403809
0.073181
-0.262207
-0.253662
-0.326660
-0.169189
-0.038055
-0.197632
-0.299316
-0.320557
-0.274658
-0.279297
-0.021240
-0.153198
-0.297607
-0.304199
-0.196533
0.042603
-0.023819
-0.230591
0.048920
0.029938
0.004360
-0.219238
-0.366211
-0.117188
-0.211182
-0.192383
-0.398438
0.020767
-0.007843
-0.381836
-0.208130
-0.320801
-0.126099
-0.296143
-0.239746
-0.327881
-0.286377
-0.161011
-0.293945
-0.348633
-0.270752
-0.174316
-0.479980
-0.010788
-0.125854
-0.357666
-0.314941
-0.246094
-0.460449
-0.287109
-0.428223
-0.252441
-0.363281
-0.458252
-0.310547
-0.357178
-0.350830
-0.285400
-0.408936
-0.091309
-0.096436
-0.181030
-0.427490
-0.289062
-0.461670
-0.262451
-0.297852
-0.084229
-0.342773
-0.065063
-0.396484
-0.308594
-0.290039
-0.268066
-0.206055
-0.368408
-0.282959
-0.358398
-0.451416
-0.331299
-0.289307
-0.381592
-0.445068
-0.372314
-0.373535
-0.221069
-0.266602
-0.108948
-0.141235
-0.282959
-0.270264
-0.110779
-0.285400
-0.056396
-0.294189
-0.382080
-0.126465
-0.401123
-0.284668
-0.354248
-0.409180
-0.336914
-0.325439
-0.209473
-0.285156
-0.035065
-0.076111
-0.407959
-0.413086
-0.236084
-0.178345
-0.005421
-0.245361
-0.088989
-0.243896
-0.447510
-0.354980
-0.301514
-0.291016
-0.012810
-0.192993
-0.367676
-0.096436
-0.320068
-0.148071
-0.155273
-0.124573
-0.336670
-0.365234
0.018219
-0.370117
-0.376709
0.093933
0.132812
-0.391602
-0.248047
-0.407715
-0.189453
-0.112061
-0.156738
-0.126343
-0.145020
-0.180176
-0.355225
0.133545
-0.307861
-0.218384
-0.106201
-0.136475
-0.313477
-0.122009
-0.291504
-0.271973
-0.230713
-0.071106
-0.162842
-0.274902
-0.222778
0.060089
-0.239502
0.035583
-0.152832
-0.262939
-0.149292
-0.032166
-0.209473
-0.063904
-0.144653
-0.217773
-0.091187
-0.239014
-0.219116
0.043701
-0.273193
-0.130737
-0.221191
0.007511
0.004925
-0.358398
-0.245972
-0.273193
-0.287354
-0.088562
-0.179199
-0.236206
-0.137817
-0.271240
-0.296387
-0.030365
-0.143311
-0.406006
0.067017
-0.259766
-0.249756
-0.322754
-0.164307
-0.044800
-0.196045
-0.297119
-0.320557
-0.274170
-0.283691
-0.022461
-0.144165
-0.296387
-0.308350
-0.194092
0.040009
-0.022202
-0.228516
0.045135
0.028656
0.010757
-0.219482
-0.366455
-0.117615
-0.211914
-0.186646
-0.398682
0.019180
-0.009445
-0.382324
-0.205078
-0.325439
-0.129761
-0.298828
-0.249146
-0.335449
-0.297363
-0.151855
-0.296387
-0.356201
-0.275635
-0.179688
-0.487061
-0.012711
-0.131226
-0.360840
-0.319580
-0.252930
-0.468018
-0.292969
-0.431152
-0.260742
-0.369385
-0.465332
-0.311279
-0.367432
-0.369629
-0.290283
-0.412109
-0.096924
-0.109375
-0.182129
-0.431641
-0.297607
-0.472900
-0.269531
-0.297119
-0.097290
-0.352051
-0.067383
-0.405518
-0.316650
-0.304932
-0.274414
-0.210815
-0.375732
-0.288574
-0.365967
-0.459961
-0.340820
-0.294189
-0.389648
-0.451416
-0.378906
-0.378906
-0.225586
-0.272217
-0.111084
-0.154175
-0.286865
-0.282227
-0.108154
-0.291504
-0.060608
-0.302490
-0.388672
-0.134033
-0.406006
-0.287109
-0.363525
-0.416748
-0.345703
-0.330078
-0.212524
-0.287842
-0.033936
-0.084717
-0.410400
-0.418457
-0.241455
-0.182739
-0.001796
-0.246216
-0.094543
-0.243286
-0.458496
-0.361816
-0.308105
-0.297852
-0.022034
-0.199707
-0.375732
-0.102539
-0.329102
-0.148560
-0.164917
-0.134766
-0.344238
-0.373779
0.009674
-0.383301
-0.385742
0.075989
0.130981
-0.390137
-0.260498
-0.421143
-0.191895
-0.123962
-0.163940
-0.134033
-0.160278
-0.191040
-0.364746
0.132690
-0.319824
-0.225098
-0.110291
-0.102600
-0.318848
-0.137085
-0.302246
-0.270752
-0.239380
-0.076538
-0.174316
-0.286621
-0.236816
0.067688
-0.242432
0.027390
-0.160278
-0.272217
-0.160522
-0.047668
-0.219482
-0.073486
-0.144897
-0.225098
-0.109131
-0.244751
-0.227661
0.040009
-0.279297
-0.134766
-0.233398
-0.003780
0.000068
-0.362305
-0.260742
-0.279053
-0.297119
-0.093079
-0.186157
-0.242676
-0.160767
-0.289307
-0.310791
-0.028381
-0.153931
-0.410645
0.052338
-0.260254
-0.247559
-0.331299
-0.176025
-0.056183
-0.201050
-0.304443
-0.330811
-0.283691
-0.304443
-0.026947
-0.145386
-0.304932
-0.323730
-0.204346
0.020752
-0.028275
-0.231567
0.031677
0.020706
0.006615
-0.234253
-0.379639
-0.127319
-0.214478
-0.195190
-0.415527
0.008026
-0.013847
-0.391113
-0.208862
-0.329590
-0.129761
-0.303955
-0.251221
-0.340088
-0.302734
-0.149414
-0.298340
-0.363525
-0.280029
-0.183594
-0.492188
-0.018021
-0.138916
-0.366211
-0.329102
-0.254883
-0.471191
-0.295898
-0.434570
-0.268555
-0.373291
-0.468506
-0.309570
-0.374023
-0.377930
-0.292236
-0.417969
-0.092957
-0.113220
-0.184937
-0.437744
-0.304688
-0.477051
-0.276367
-0.296143
-0.104370
-0.354980
-0.069031
-0.409668
-0.321289
-0.310791
-0.280518
-0.214233
-0.380127
-0.291260
-0.367676
-0.466309
-0.351562
-0.297363
-0.393799
-0.456299
-0.382568
-0.383545
-0.233643
-0.279297
-0.111267
-0.160278
-0.292480
-0.285889
-0.112183
-0.296631
-0.061829
-0.303223
-0.394287
-0.140625
-0.410645
-0.290039
-0.367920
-0.422363
-0.352295
-0.331787
-0.217407
-0.288330
-0.038605
-0.094666
-0.413574
-0.419922
-0.244385
-0.188599
-0.006649
-0.250488
-0.100525
-0.243042
-0.461426
-0.364014
-0.308105
-0.301514
-0.026871
-0.207886
-0.377441
-0.105835
-0.333740
-0.149414
-0.169556
-0.139160
-0.348389
-0.382324
0.004131
-0.388428
-0.391846
0.068359
0.126465
-0.389648
-0.269043
-0.426514
-0.199707
-0.144897
-0.169556
-0.137939
-0.164429
-0.195068
-0.375732
0.129395
-0.325928
-0.227661
-0.114502
-0.064697
-0.324463
-0.151123
-0.309814
-0.271973
-0.244019
-0.077759
-0.173462
-0.294434
-0.241821
0.070007
-0.249390
0.014427
-0.163086
-0.274170
-0.165894
-0.054962
-0.222534
-0.080017
-0.146484
-0.229370
-0.119995
-0.248047
-0.236328
0.036560
-0.282227
-0.138184
-0.240723
-0.015213
-0.000489
-0.364746
-0.265381
-0.277588
-0.299561
-0.097412
-0.193726
-0.246704
-0.166382
-0.298096
-0.320801
-0.032013
-0.161255
-0.412109
0.046631
-0.259277
-0.255371
-0.333740
-0.181274
-0.055573
-0.203491
-0.312988
-0.333740
-0.284668
-0.310547
-0.026749
-0.152466
-0.308594
-0.328613
-0.206299
0.006836
-0.027832
-0.236084
0.022491
0.013161
0.003153
-0.244141
-0.386475
-0.132324
-0.218140
-0.198853
-0.423584
0.003321
-0.015022
-0.394287
-0.212891
-0.329834
-0.125610
-0.316162
-0.249512
-0.343018
-0.304932
-0.138672
-0.297119
-0.358154
-0.281982
-0.186401
-0.488770
-0.018494
-0.141357
-0.364746
-0.325928
-0.257568
-0.469238
-0.290283
-0.434814
-0.265137
-0.371338
-0.463867
-0.307373
-0.372803
-0.372559
-0.289795
-0.416504
-0.086182
-0.099304
-0.184814
-0.433105
-0.313232
-0.472656
-0.275391
-0.290527
-0.096680
-0.350586
-0.060333
-0.406494
-0.321045
-0.309326
-0.283691
-0.215698
-0.382080
-0.291260
-0.362793
-0.463867
-0.351562
-0.296631
-0.391846
-0.456787
-0.380371
-0.385742
-0.227905
-0.279541
-0.117737
-0.165527
-0.284668
-0.277588
-0.113037
-0.288818
-0.059509
-0.304932
-0.395020
-0.140625
-0.406250
-0.288818
-0.368164
-0.422607
-0.351562
-0.330322
-0.213867
-0.278320
-0.035248
-0.105164
-0.414551
-0.417969
-0.248169
-0.191406
-0.001864
-0.255615
-0.092285
-0.243408
-0.459717
-0.361572
-0.299561
-0.302002
-0.018921
-0.204712
-0.374023
-0.100708
-0.333008
-0.148438
-0.168457
-0.139648
-0.353027
-0.383789
0.011284
-0.384521
-0.381104
0.078308
0.135010
-0.392090
-0.270020
-0.428223
-0.197266
-0.145996
-0.171875
-0.133179
-0.162598
-0.186523
-0.376221
0.126953
-0.317627
-0.227295
-0.111755
-0.119019
-0.326660
-0.145874
-0.310059
-0.262451
-0.244751
-0.064575
-0.158203
-0.293701
-0.242554
0.074280
-0.248169
0.018799
-0.152100
-0.272705
-0.158203
-0.060547
-0.219116
-0.080139
-0.140625
-0.225830
-0.109985
-0.234375
-0.235474
0.044464
-0.282959
-0.134888
-0.234741
-0.017822
0.000268
-0.364746
-0.257568
-0.272949
-0.294678
-0.103088
-0.186279
-0.247314
-0.171753
-0.288330
-0.312744
-0.030502
-0.153442
-0.411133
0.056732
-0.263184
-0.263916
-0.332275
-0.170044
-0.044739
-0.205933
-0.313232
-0.330811
-0.283203
-0.300049
-0.023468
-0.156372
-0.315186
-0.319580
-0.205566
0.003048
-0.020111
-0.228516
0.033997
0.014603
0.010490
-0.239136
-0.383057
-0.116394
-0.220093
-0.197144
-0.415771
0.015251
-0.005646
-0.393311
-0.213501
-0.330811
-0.128174
-0.319336
-0.253174
-0.345703
-0.308105
-0.135132
-0.298828
-0.359375
-0.282715
-0.191040
-0.487793
-0.020325
-0.141846
-0.364990
-0.327393
-0.264648
-0.468262
-0.289551
-0.435791
-0.264160
-0.373779
-0.461914
-0.310791
-0.372070
-0.371826
-0.287598
-0.416016
-0.090454
-0.096802
-0.185669
-0.432861
-0.317627
-0.474365
-0.277344
-0.286865
-0.095642
-0.351562
-0.058411
-0.406738
-0.323486
-0.308350
-0.282227
-0.216187
-0.382324
-0.293213
-0.362305
-0.462891
-0.353760
-0.298340
-0.387939
-0.458008
-0.382324
-0.386230
-0.229736
-0.280518
-0.121765
-0.168701
-0.282471
-0.274902
-0.114746
-0.285889
-0.059875
-0.308594
-0.397949
-0.143311
-0.404541
-0.290283
-0.372314
-0.422852
-0.354004
-0.333252
-0.218628
-0.274414
-0.036133
-0.110352
-0.416016
-0.417969
-0.251465
-0.192993
-0.000653
-0.258789
-0.092224
-0.246094
-0.460205
-0.365723
-0.298828
-0.304199
-0.017349
-0.206177
-0.375244
-0.104919
-0.333252
-0.153320
-0.167114
-0.141235
-0.358643
-0.384766
0.011559
-0.384521
-0.378418
0.074768
0.130493
-0.395996
-0.269043
-0.433105
-0.197632
-0.176025
-0.172729
-0.130981
-0.163818
-0.184326
-0.377441
0.120361
-0.316406
-0.229980
-0.111511
-0.346191
-0.328613
-0.150146
-0.311523
-0.255615
-0.245117
-0.063354
-0.152100
-0.296143
-0.249390
0.074707
-0.249023
0.020676
-0.149780
-0.276123
-0.162598
-0.067627
-0.218384
-0.081055
-0.135742
-0.226562
-0.110840
-0.228760
-0.239014
0.039642
-0.285645
-0.138550
-0.233032
-0.020157
0.000589
-0.365479
-0.254639
-0.272461
-0.296387
-0.105652
-0.188965
-0.249390
-0.188843
-0.290527
-0.313721
-0.035492
-0.150757
-0.413086
0.053650
-0.272461
-0.267334
-0.332275
-0.164673
-0.045441
-0.205688
-0.312256
-0.332520
-0.286377
-0.302490
-0.023193
-0.163574
-0.319092
-0.319580
-0.205811
-0.003994
-0.022980
-0.227539
0.040802
0.014282
0.011353
-0.242554
-0.385254
-0.111084
-0.225342
-0.199463
-0.415283
0.018539
-0.004807
-0.393555
-0.213257
-0.330322
-0.125488
-0.317383
-0.250977
-0.343018
-0.304199
-0.134521
-0.297607
-0.355957
-0.278564
-0.186890
-0.488037
-0.016937
-0.140015
-0.362549
-0.323242
-0.261719
-0.466309
-0.290771
-0.435791
-0.261719
-0.371094
-0.461914
-0.309814
-0.370850
-0.365723
-0.287354
-0.412842
-0.091003
-0.095032
-0.185669
-0.430176
-0.313721
-0.472656
-0.272461
-0.290039
-0.093079
-0.348633
-0.057465
-0.403320
-0.318359
-0.302002
-0.278076
-0.217041
-0.380615
-0.291748
-0.360352
-0.459717
-0.347168
-0.296631
-0.384766
-0.458496
-0.379883
-0.385254
-0.226807
-0.276367
-0.120361
-0.160156
-0.280762
-0.273193
-0.110962
-0.283447
-0.059906
-0.305420
-0.395752
-0.136353
-0.403809
-0.290527
-0.370361
-0.420898
-0.349365
-0.330566
-0.215698
-0.273193
-0.033417
-0.099609
-0.415039
-0.416748
-0.249146
-0.186523
0.003084
-0.257324
-0.087036
-0.244995
-0.461670
-0.362793
-0.295654
-0.302490
-0.014702
-0.201416
-0.373291
-0.099854
-0.331055
-0.152344
-0.163086
-0.136963
-0.356689
-0.379395
0.017197
-0.381592
-0.374023
0.083679
0.135986
-0.396973
-0.262939
-0.431152
-0.195190
-0.159790
-0.169556
-0.131104
-0.158691
-0.182495
-0.371826
0.125488
-0.315186
-0.229126
-0.109741
-0.251709
-0.326904
-0.141846
-0.307861
-0.260010
-0.242676
-0.060608
-0.151123
-0.293701
-0.242554
0.072754
-0.247192
0.029388
-0.145142
-0.272949
-0.156616
-0.061737
-0.212891
-0.077087
-0.133301
-0.222900
-0.105042
-0.228149
-0.235474
0.041687
-0.283447
-0.135376
-0.228638
-0.011795
-0.000997
-0.364990
-0.251709
-0.270752
-0.292725
-0.101929
-0.186401
-0.246338
-0.180298
-0.284424
-0.305908
-0.032593
-0.144531
-0.412842
0.058014
-0.271729
-0.263916
-0.328125
-0.160034
-0.043701
-0.203613
-0.307373
-0.329834
-0.285400
-0.293457
-0.022629
-0.158936
-0.315674
-0.312500
-0.204468
0.007771
-0.023422
-0.227173
0.045105
0.017212
0.012108
-0.235352
-0.379395
-0.108398
-0.223022
-0.195923
-0.412354
0.022400
-0.000153
-0.392090
-0.210815
-0.326416
-0.121033
-0.309326
-0.247559
-0.334961
-0.296143
-0.139160
-0.294434
-0.352295
-0.272705
-0.178467
-0.484863
-0.015732
-0.132690
-0.359131
-0.315918
-0.257568
-0.458496
-0.286865
-0.432617
-0.258057
-0.367188
-0.455566
-0.307129
-0.367188
-0.356689
-0.283691
-0.407959
-0.094604
-0.095093
-0.186523
-0.424316
-0.304932
-0.465576
-0.266602
-0.286865
-0.093262
-0.344482
-0.061951
-0.396240
-0.310547
-0.291504
-0.267578
-0.212646
-0.372803
-0.286621
-0.355957
-0.450928
-0.338867
-0.293457
-0.375000
-0.453125
-0.373535
-0.377930
-0.223022
-0.267822
-0.119385
-0.143555
-0.275879
-0.271240
-0.107605
-0.279541
-0.057007
-0.297363
-0.387207
-0.131836
-0.398193
-0.285400
-0.362549
-0.412354
-0.340820
-0.326660
-0.209473
-0.271729
-0.032135
-0.085083
-0.410156
-0.411865
-0.243164
-0.176514
0.003643
-0.252930
-0.085938
-0.242798
-0.454102
-0.358154
-0.291748
-0.298096
-0.014107
-0.195190
-0.367188
-0.098511
-0.321777
-0.150269
-0.156372
-0.128052
-0.353027
-0.368896
0.023132
-0.374268
-0.368896
0.081848
0.139526
-0.394287
-0.252197
-0.425293
-0.190063
-0.128174
-0.161011
-0.124329
-0.150635
-0.180176
-0.360352
0.126587
-0.315918
-0.224976
-0.107483
-0.175293
-0.320068
-0.136108
-0.300293
-0.264404
-0.234985
-0.060608
-0.148804
-0.287842
-0.233398
0.067871
-0.241943
0.035339
-0.145142
-0.268066
-0.148804
-0.054474
-0.207031
-0.072266
-0.131714
-0.215576
-0.100098
-0.228271
-0.228516
0.038422
-0.278809
-0.130493
-0.222900
-0.001963
0.002090
-0.359863
-0.248169
-0.269775
-0.289795
-0.094666
-0.178589
-0.238403
-0.149780
-0.279541
-0.300049
-0.032562
-0.139526
-0.409424
0.052612
-0.269531
-0.256348
-0.318848
-0.153931
-0.046509
-0.198853
-0.297852
-0.324463
-0.280518
-0.287354
-0.019897
-0.149048
-0.306396
-0.307861
-0.196411
0.019043
-0.025818
-0.223999
0.047363
0.017593
0.009857
-0.229858
-0.370117
-0.111938
-0.219971
-0.187012
-0.407227
0.021881
0.000640
-0.382812
-0.205933
-0.329346
-0.128052
-0.307617
-0.250732
-0.334717
-0.295166
-0.146240
-0.301758
-0.354004
-0.271240
-0.174927
-0.486084
-0.012695
-0.131104
-0.361572
-0.320312
-0.256592
-0.462158
-0.294189
-0.437256
-0.258545
-0.370605
-0.458008
-0.312256
-0.367920
-0.356201
-0.287598
-0.410645
-0.101440
-0.098328
-0.187866
-0.426514
-0.302246
-0.469971
-0.269043
-0.293701
-0.083435
-0.350098
-0.065491
-0.399902
-0.310547
-0.290283
-0.263184
-0.215576
-0.376221
-0.290771
-0.358643
-0.448486
-0.333252
-0.293457
-0.375000
-0.454590
-0.378662
-0.382324
-0.222534
-0.267090
-0.122681
-0.139526
-0.279053
-0.271729
-0.102234
-0.280273
-0.064270
-0.302490
-0.392578
-0.132080
-0.400391
-0.288574
-0.366455
-0.412842
-0.342041
-0.331055
-0.214966
-0.270020
-0.032623
-0.081299
-0.411621
-0.417969
-0.243652
-0.176392
-0.000834
-0.258057
-0.088806
-0.246826
-0.457275
-0.360596
-0.293701
-0.302002
-0.022186
-0.198486
-0.371582
-0.097717
-0.315918
-0.155640
-0.154419
-0.125854
-0.355957
-0.365723
0.022766
-0.373291
-0.368652
0.081726
0.131226
-0.401367
-0.248413
-0.425781
-0.192871
-0.162720
-0.160156
-0.121460
-0.146484
-0.180664
-0.359131
0.125977
-0.318115
-0.227173
-0.106689
-0.314209
-0.321777
-0.138184
-0.298340
-0.271484
-0.234619
-0.063232
-0.150391
-0.288818
-0.235474
0.060272
-0.244751
0.040955
-0.144897
-0.267334
-0.151245
-0.051788
-0.206055
-0.070557
-0.131958
-0.217285
-0.101562
-0.229614
-0.229126
0.027344
-0.281494
-0.130981
-0.218750
-0.000106
-0.002409
-0.362793
-0.246948
-0.272949
-0.290039
-0.097351
-0.187988
-0.238403
-0.184448
-0.275879
-0.296143
-0.039886
-0.136841
-0.412109
0.053040
-0.276855
-0.253906
-0.316406
-0.152588
-0.044952
-0.198608
-0.296631
-0.326172
-0.282715
-0.287842
-0.022507
-0.151855
-0.307373
-0.305176
-0.195435
0.022980
-0.028488
-0.228149
0.050079
0.021332
0.007942
-0.231445
-0.367188
-0.108826
-0.220093
-0.186279
-0.405273
0.022461
-0.000974
-0.382324
-0.206055
-0.326172
-0.128662
-0.305420
-0.251221
-0.334229
-0.294434
-0.146484
-0.302734
-0.353760
-0.271729
-0.176270
-0.484619
-0.012619
-0.131470
-0.361328
-0.317383
-0.260498
-0.460449
-0.293945
-0.434570
-0.258301
-0.373779
-0.458984
-0.315918
-0.369141
-0.359863
-0.286377
-0.408936
-0.106934
-0.098572
-0.184326
-0.427979
-0.302002
-0.471680
-0.268066
-0.291260
-0.085205
-0.353516
-0.065796
-0.404785
-0.314453
-0.290039
-0.262207
-0.212891
-0.373291
-0.289795
-0.358887
-0.449219
-0.334961
-0.295410
-0.374512
-0.451904
-0.379150
-0.380127
-0.222290
-0.269531
-0.120789
-0.141724
-0.275391
-0.274170
-0.103027
-0.282715
-0.067261
-0.301758
-0.391602
-0.135376
-0.396729
-0.286133
-0.366699
-0.414307
-0.345459
-0.335938
-0.217773
-0.273193
-0.031555
-0.084045
-0.410645
-0.418457
-0.246216
-0.177002
0.001450
-0.258057
-0.089600
-0.249634
-0.455566
-0.362793
-0.297119
-0.302002
-0.022202
-0.196655
-0.370850
-0.098572
-0.318115
-0.159180
-0.153687
-0.129272
-0.357422
-0.363770
0.019791
-0.375488
-0.371582
0.073669
0.129272
-0.398926
-0.247559
-0.427734
-0.186401
-0.152100
-0.159790
-0.125854
-0.149658
-0.184937
-0.358398
0.121826
-0.321289
-0.231079
-0.108826
-0.246948
-0.318115
-0.139160
-0.297852
-0.267822
-0.236328
-0.064453
-0.153442
-0.289795
-0.241211
0.059448
-0.244629
0.042053
-0.148438
-0.270996
-0.155029
-0.056549
-0.209839
-0.070923
-0.131470
-0.219360
-0.104004
-0.229614
-0.230713
0.026703
-0.281982
-0.133057
-0.219849
0.001075
0.000708
-0.362061
-0.249756
-0.274902
-0.294189
-0.094604
-0.184937
-0.237305
-0.169556
-0.282715
-0.299561
-0.041840
-0.141113
-0.411377
0.050507
-0.280518
-0.249756
-0.318359
-0.153076
-0.052063
-0.196411
-0.298584
-0.324707
-0.289307
-0.294678
-0.026016
-0.144897
-0.309570
-0.310791
-0.194702
0.017792
-0.027359
-0.231567
0.049927
0.018921
0.008705
-0.235352
-0.368652
-0.109924
-0.222046
-0.188477
-0.407959
0.022278
-0.001129
-0.385742
-0.203735
-0.329834
-0.132690
-0.308838
-0.257324
-0.340088
-0.299805
-0.145630
-0.303711
-0.357422
-0.276611
-0.183594
-0.490967
-0.018585
-0.133667
-0.364990
-0.320312
-0.270264
-0.467041
-0.296631
-0.439697
-0.260742
-0.375000
-0.464355
-0.317383
-0.376221
-0.374023
-0.290283
-0.414062
-0.113586
-0.110291
-0.186768
-0.431396
-0.307617
-0.478271
-0.274414
-0.294189
-0.096741
-0.362793
-0.068420
-0.412354
-0.320801
-0.303223
-0.268799
-0.215942
-0.381348
-0.293945
-0.364990
-0.455566
-0.340332
-0.300781
-0.385986
-0.456055
-0.383301
-0.383545
-0.225098
-0.274658
-0.123840
-0.152832
-0.282471
-0.281006
-0.105652
-0.289062
-0.073792
-0.308594
-0.397217
-0.138916
-0.403076
-0.293457
-0.373047
-0.419922
-0.353271
-0.341797
-0.219971
-0.279785
-0.035614
-0.091858
-0.414307
-0.425537
-0.251465
-0.182007
0.000648
-0.261719
-0.093628
-0.250244
-0.463135
-0.367432
-0.303955
-0.304688
-0.032227
-0.199951
-0.378906
-0.107727
-0.326172
-0.163940
-0.159668
-0.138550
-0.363525
-0.374023
0.012283
-0.386230
-0.381592
0.061768
0.126709
-0.404541
-0.259521
-0.438232
-0.191284
-0.146240
-0.165894
-0.134399
-0.163208
-0.195312
-0.366943
0.116699
-0.327881
-0.235596
-0.112000
-0.229004
-0.320557
-0.151245
-0.305420
-0.267578
-0.243652
-0.073181
-0.162354
-0.296387
-0.251709
0.065369
-0.248535
0.031982
-0.158081
-0.277832
-0.165039
-0.067200
-0.219604
-0.080994
-0.136108
-0.227051
-0.116699
-0.237427
-0.238037
0.023605
-0.285156
-0.142456
-0.229736
-0.001845
-0.005989
-0.366211
-0.258545
-0.283691
-0.302246
-0.098816
-0.192749
-0.243774
-0.175049
-0.295654
-0.314209
-0.042725
-0.151245
-0.418701
0.038879
-0.283691
-0.250488
-0.329834
-0.163574
-0.062012
-0.200684
-0.307129
-0.333984
-0.297852
-0.316162
-0.032623
-0.148560
-0.317383
-0.322754
-0.202148
-0.000119
-0.033905
-0.237549
0.042969
0.008835
0.009048
-0.243774
-0.381104
-0.117004
-0.226685
-0.199829
-0.420654
0.015007
-0.007988
-0.390869
-0.207886
-0.326660
-0.128174
-0.310059
-0.252930
-0.340576
-0.298340
-0.138672
-0.299072
-0.351562
-0.276855
-0.179443
-0.488037
-0.024170
-0.135010
-0.361084
-0.319824
-0.264160
-0.463623
-0.291016
-0.435791
-0.258789
-0.371826
-0.461182
-0.312744
-0.371094
-0.369141
-0.289551
-0.412598
-0.108215
-0.105530
-0.187866
-0.427979
-0.307129
-0.470947
-0.270264
-0.293213
-0.095703
-0.355225
-0.059235
-0.408447
-0.314209
-0.298828
-0.273926
-0.211548
-0.378662
-0.290039
-0.358398
-0.454346
-0.338135
-0.299805
-0.385010
-0.450195
-0.376953
-0.379150
-0.222534
-0.276367
-0.125366
-0.147949
-0.279053
-0.280518
-0.103210
-0.287842
-0.072632
-0.308594
-0.392578
-0.135132
-0.402588
-0.284668
-0.368896
-0.419678
-0.346680
-0.335938
-0.218506
-0.273193
-0.037964
-0.096130
-0.412842
-0.421387
-0.249268
-0.183716
0.002583
-0.260986
-0.092224
-0.250488
-0.458984
-0.361816
-0.297363
-0.299805
-0.027618
-0.198242
-0.373535
-0.104370
-0.325195
-0.156738
-0.162720
-0.139771
-0.357178
-0.373779
0.015388
-0.380371
-0.376953
0.074219
0.127930
-0.397949
-0.260254
-0.433105
-0.191528
-0.151489
-0.160645
-0.138062
-0.159790
-0.188721
-0.366943
0.115295
-0.320068
-0.233643
-0.111633
-0.289551
-0.326904
-0.148804
-0.302734
-0.264648
-0.239502
-0.067200
-0.152344
-0.293213
-0.245728
0.065369
-0.247314
0.029007
-0.153198
-0.270996
-0.157349
-0.063843
-0.216919
-0.076599
-0.136963
-0.224121
-0.115784
-0.236084
-0.234619
0.031494
-0.280273
-0.135132
-0.227539
-0.004471
-0.003994
-0.362549
-0.250732
-0.274170
-0.298584
-0.097046
-0.188965
-0.239014
-0.175781
-0.290039
-0.308594
-0.038879
-0.148438
-0.412598
0.043365
-0.273438
-0.256104
-0.322510
-0.158081
-0.058136
-0.201294
-0.302002
-0.330811
-0.292480
-0.304199
-0.035156
-0.148071
-0.313477
-0.317383
-0.195435
-0.004013
-0.031494
-0.241211
0.050232
0.011604
0.014099
-0.241333
-0.375244
-0.114197
-0.224121
-0.193115
-0.414062
0.021240
-0.002733
-0.388916
-0.205933
-0.321777
-0.126953
-0.309082
-0.248535
-0.338867
-0.293213
-0.128296
-0.294189
-0.344238
-0.273926
-0.177124
-0.478760
-0.031006
-0.132568
-0.355957
-0.312988
-0.257324
-0.457764
-0.284180
-0.429199
-0.252930
-0.365723
-0.453369
-0.306152
-0.362793
-0.356934
-0.289307
-0.407227
-0.101440
-0.099609
-0.187866
-0.420166
-0.303223
-0.459961
-0.260986
-0.292969
-0.093018
-0.344238
-0.044830
-0.400146
-0.307617
-0.290771
-0.273926
-0.204712
-0.371338
-0.284668
-0.349365
-0.447021
-0.328613
-0.296875
-0.377686
-0.443848
-0.367188
-0.373779
-0.215942
-0.269775
-0.127686
-0.138062
-0.274658
-0.275879
-0.094177
-0.280029
-0.072571
-0.309570
-0.387207
-0.129761
-0.397217
-0.273682
-0.361816
-0.413330
-0.337891
-0.327637
-0.214966
-0.262451
-0.036438
-0.100220
-0.407959
-0.413330
-0.240967
-0.184937
0.006821
-0.257812
-0.089050
-0.252197
-0.452637
-0.354492
-0.285889
-0.292969
-0.021194
-0.194580
-0.368408
-0.101257
-0.321777
-0.147705
-0.163574
-0.140869
-0.348389
-0.371582
0.023529
-0.366699
-0.367676
0.088684
0.125000
-0.391602
-0.256348
-0.426025
-0.192749
-0.141113
-0.155762
-0.136108
-0.148926
-0.179565
-0.363037
0.113281
-0.307617
-0.230957
-0.111023
-0.353516
-0.333008
-0.141479
-0.296143
-0.257812
-0.233032
-0.060242
-0.136963
-0.284180
-0.239502
0.066162
-0.243774
0.030029
-0.144653
-0.263184
-0.153076
-0.055878
-0.209473
-0.069031
-0.135132
-0.221313
-0.110596
-0.232178
-0.230347
0.036560
-0.271240
-0.124451
-0.221191
-0.006508
0.001196
-0.357910
-0.234985
-0.263916
-0.290771
-0.097168
-0.183716
-0.233643
-0.175903
-0.278564
-0.298340
-0.031921
-0.141846
-0.401855
0.053345
-0.264648
-0.262451
-0.312988
-0.150757
-0.051025
-0.198608
-0.290283
-0.322754
-0.283447
-0.285645
-0.036163
-0.147705
-0.307861
-0.308594
-0.187256
-0.000531
-0.029541
-0.240479
0.063232
0.022476
0.022766
-0.234375
-0.363281
-0.106262
-0.219849
-0.187256
-0.400635
0.032928
0.003187
-0.383545
-0.203247
-0.317627
-0.126221
-0.303955
-0.242310
-0.334473
-0.287354
-0.129883
-0.291260
-0.342041
-0.274414
-0.172729
-0.473633
-0.032318
-0.128540
-0.353027
-0.311768
-0.254883
-0.451660
-0.281738
-0.427246
-0.250488
-0.362549
-0.448242
-0.306885
-0.357178
-0.349121
-0.286377
-0.406250
-0.102600
-0.097168
-0.187012
-0.414062
-0.300049
-0.455078
-0.258057
-0.291504
-0.087219
-0.339844
-0.043274
-0.394531
-0.301758
-0.284668
-0.270508
-0.203003
-0.366455
-0.283203
-0.345703
-0.440186
-0.326172
-0.293945
-0.372314
-0.438477
-0.361328
-0.368896
-0.213013
-0.267578
-0.126831
-0.134155
-0.271729
-0.272461
-0.090881
-0.277344
-0.070374
-0.307617
-0.382324
-0.128296
-0.393311
-0.270264
-0.358887
-0.407959
-0.334717
-0.325195
-0.215210
-0.260010
-0.037903
-0.098389
-0.404785
-0.410889
-0.238770
-0.182983
0.003607
-0.255371
-0.091125
-0.252197
-0.445312
-0.349609
-0.280762
-0.290283
-0.020203
-0.194092
-0.363281
-0.099976
-0.314697
-0.147217
-0.161011
-0.134399
-0.343262
-0.368164
0.022293
-0.357910
-0.364746
0.089844
0.119873
-0.389404
-0.250732
-0.418945
-0.195312
-0.163452
-0.148926
-0.132080
-0.144653
-0.173706
-0.359131
0.108582
-0.300049
-0.227051
-0.111084
-0.325684
-0.331543
-0.138184
-0.291748
-0.255859
-0.229248
-0.060852
-0.133057
-0.281006
-0.235596
0.061127
-0.241455
0.029831
-0.142090
-0.259033
-0.150879
-0.049866
-0.206665
-0.065063
-0.134155
-0.220459
-0.110413
-0.232666
-0.225464
0.032654
-0.270020
-0.122375
-0.220581
-0.007027
0.002636
-0.356201
-0.230103
-0.260254
-0.287842
-0.097656
-0.182373
-0.230347
-0.186523
-0.270996
-0.295654
-0.035706
-0.139282
-0.396240
0.053833
-0.262695
-0.262939
-0.308594
-0.147949
-0.049561
-0.194946
-0.285889
-0.318359
-0.277344
-0.278564
-0.035950
-0.150391
-0.306641
-0.305908
-0.183960
0.004684
-0.030594
-0.239136
0.068298
0.024750
0.019608
-0.232788
-0.357178
-0.102417
-0.218872
-0.182861
-0.395264
0.035309
0.003824
-0.379639
-0.201660
-0.317627
-0.129517
-0.300781
-0.239380
-0.330078
-0.281738
-0.138916
-0.293213
-0.342529
-0.271973
-0.172363
-0.473633
-0.023331
-0.125244
-0.351562
-0.307129
-0.256836
-0.451416
-0.283936
-0.430420
-0.247070
-0.358643
-0.448975
-0.308105
-0.355957
-0.345215
-0.283691
-0.405273
-0.105652
-0.095947
-0.187012
-0.415039
-0.295654
-0.455322
-0.255371
-0.293945
-0.082153
-0.340820
-0.050079
-0.391113
-0.298828
-0.282471
-0.265869
-0.204590
-0.367188
-0.282227
-0.348633
-0.440918
-0.323975
-0.290771
-0.369385
-0.439941
-0.363770
-0.368896
-0.211914
-0.262451
-0.120605
-0.132324
-0.271973
-0.266846
-0.095581
-0.275635
-0.067444
-0.301758
-0.382812
-0.125000
-0.389893
-0.277100
-0.353760
-0.404541
-0.335693
-0.325195
-0.211670
-0.266357
-0.039215
-0.087463
-0.401611
-0.412109
-0.238037
-0.175171
0.000271
-0.252197
-0.089294
-0.247925
-0.443359
-0.350098
-0.284912
-0.289551
-0.016327
-0.189941
-0.364014
-0.098206
-0.313965
-0.149658
-0.153809
-0.128418
-0.341797
-0.363525
0.021790
-0.359375
-0.362793
0.090759
0.125122
-0.393799
-0.245728
-0.415039
-0.192261
-0.128174
-0.150879
-0.128174
-0.143555
-0.174438
-0.354004
0.110718
-0.300537
-0.221313
-0.106628
-0.223877
-0.318604
-0.129761
-0.288086
-0.261963
-0.228394
-0.062927
-0.139893
-0.278076
-0.230957
0.058655
-0.238159
0.037659
-0.145508
-0.259766
-0.149780
-0.043854
-0.203125
-0.064392
-0.135010
-0.218384
-0.100586
-0.234863
-0.221436
0.031433
-0.271729
-0.126953
-0.217651
0.005219
0.000579
-0.358154
-0.231201
-0.265869
-0.287109
-0.093018
-0.180664
-0.231323
-0.163086
-0.263184
-0.291992
-0.036652
-0.137085
-0.398438
0.057770
-0.267090
-0.257080
-0.311523
-0.150024
-0.048737
-0.192383
-0.286377
-0.316895
-0.277832
-0.279785
-0.031097
-0.146118
-0.302490
-0.302002
-0.187744
0.022385
-0.028961
-0.235962
0.067810
0.022247
0.017349
-0.226440
-0.360352
-0.103027
-0.217773
-0.185425
-0.395996
0.031891
0.001984
-0.378418
-0.204102
-0.315186
-0.121460
-0.301758
-0.232056
-0.327637
-0.280762
-0.139160
-0.287109
-0.337402
-0.269043
-0.175415
-0.470215
-0.013229
-0.133301
-0.347656
-0.310791
-0.252441
-0.448242
-0.278320
-0.426514
-0.244629
-0.353027
-0.443604
-0.305908
-0.351807
-0.339600
-0.279785
-0.405029
-0.087524
-0.084595
-0.183960
-0.413330
-0.295166
-0.451904
-0.254150
-0.288818
-0.071045
-0.334961
-0.056580
-0.383301
-0.295166
-0.280273
-0.266357
-0.205688
-0.365723
-0.281494
-0.346680
-0.440674
-0.327148
-0.287109
-0.368896
-0.438232
-0.360352
-0.374268
-0.212036
-0.263916
-0.114319
-0.139282
-0.265869
-0.257812
-0.107178
-0.273682
-0.060974
-0.294189
-0.378906
-0.125122
-0.385498
-0.281494
-0.351318
-0.402588
-0.330566
-0.318115
-0.203735
-0.264160
-0.037292
-0.091919
-0.398682
-0.407959
-0.234863
-0.171631
-0.008179
-0.247559
-0.082214
-0.241455
-0.439453
-0.343018
-0.281982
-0.286621
-0.006905
-0.185669
-0.356445
-0.090210
-0.312256
-0.149292
-0.150269
-0.120667
-0.338379
-0.359619
0.024734
-0.355713
-0.356201
0.101624
0.133179
-0.391602
-0.245850
-0.406982
-0.190063
-0.131348
-0.158691
-0.116455
-0.141113
-0.163940
-0.353516
0.117981
-0.294434
-0.213501
-0.097961
0.172241
-0.313232
-0.123352
-0.286621
-0.257080
-0.227783
-0.056763
-0.133545
-0.275146
-0.222412
0.056915
-0.232910
0.039459
-0.139893
-0.258789
-0.142334
-0.043365
-0.197144
-0.065002
-0.133057
-0.212769
-0.086243
-0.225952
-0.215088
0.044891
-0.272949
-0.123169
-0.211792
0.006721
-0.003107
-0.351074
-0.231079
-0.261963
-0.279541
-0.088745
-0.174194
-0.229858
-0.148560
-0.252930
-0.285400
-0.038025
-0.129883
-0.396729
0.074951
-0.264648
-0.258301
-0.312744
-0.149048
-0.032715
-0.192627
-0.293213
-0.312256
-0.269287
-0.268799
-0.020004
-0.152588
-0.298340
-0.293457
-0.188232
0.034637
-0.018616
-0.226440
0.065002
0.025909
0.015518
-0.214600
-0.358398
-0.094421
-0.214600
-0.187134
-0.386963
0.035858
0.005650
-0.374756
-0.207520
-0.320068
-0.118286
-0.307861
-0.233887
-0.332764
-0.286621
-0.142700
-0.293457
-0.341309
-0.270996
-0.178955
-0.474121
-0.007374
-0.133667
-0.351562
-0.317383
-0.251953
-0.451416
-0.283203
-0.430176
-0.244873
-0.357422
-0.448730
-0.310059
-0.354736
-0.342041
-0.280518
-0.408203
-0.083923
-0.081421
-0.184082
-0.418457
-0.297607
-0.460205
-0.260010
-0.291016
-0.068237
-0.339111
-0.059265
-0.387207
-0.301025
-0.283691
-0.268311
-0.210815
-0.370117
-0.283447
-0.351562
-0.444580
-0.330322
-0.288574
-0.372559
-0.443848
-0.365967
-0.379150
-0.215698
-0.267822
-0.114502
-0.144531
-0.268311
-0.258057
-0.112549
-0.275635
-0.059387
-0.296387
-0.381836
-0.126343
-0.392090
-0.287354
-0.357178
-0.408936
-0.333008
-0.321533
-0.207275
-0.268311
-0.035461
-0.092529
-0.404053
-0.411621
-0.237427
-0.171753
-0.007332
-0.249634
-0.077332
-0.240479
-0.446777
-0.347900
-0.286865
-0.291992
-0.003649
-0.187622
-0.360840
-0.085693
-0.316650
-0.151855
-0.151367
-0.120728
-0.345703
-0.362061
0.027283
-0.363037
-0.355713
0.106079
0.139771
-0.396484
-0.247437
-0.408691
-0.189209
-0.152954
-0.165039
-0.115540
-0.142700
-0.165527
-0.357666
0.124268
-0.297119
-0.215332
-0.098633
0.053833
-0.317139
-0.120667
-0.290771
-0.259766
-0.232300
-0.055756
-0.134399
-0.277100
-0.224976
0.057556
-0.236084
0.043213
-0.137695
-0.260986
-0.141235
-0.046600
-0.198853
-0.066162
-0.132202
-0.213745
-0.082886
-0.221558
-0.219116
0.052185
-0.277100
-0.122925
-0.210693
0.009323
-0.005524
-0.353516
-0.233765
-0.265869
-0.278076
-0.090088
-0.174438
-0.230225
-0.157837
-0.256592
-0.284180
-0.037018
-0.127319
-0.402588
0.082153
-0.267578
-0.258545
-0.317139
-0.147217
-0.028366
-0.196289
-0.299561
-0.315918
-0.273926
-0.267090
-0.017624
-0.154663
-0.302490
-0.291504
-0.190674
0.036041
-0.015259
-0.224609
0.065308
0.028351
0.014931
-0.213867
-0.361572
-0.091614
-0.213989
-0.190430
-0.388184
0.039185
0.006798
-0.377930
-0.208130
-0.325684
-0.127441
-0.301270
-0.240845
-0.332031
-0.289307
-0.156372
-0.298584
-0.351562
-0.271729
-0.181274
-0.484375
-0.007957
-0.122925
-0.360107
-0.314697
-0.262207
-0.458496
-0.291748
-0.435303
-0.251709
-0.362549
-0.458984
-0.319580
-0.364258
-0.354736
-0.281494
-0.411133
-0.103516
-0.098694
-0.184937
-0.429688
-0.295410
-0.470459
-0.262695
-0.296631
-0.083923
-0.351318
-0.067566
-0.399414
-0.306641
-0.291992
-0.262695
-0.211670
-0.375000
-0.287598
-0.361816
-0.450684
-0.333740
-0.294434
-0.377197
-0.449219
-0.376465
-0.382324
-0.219604
-0.269287
-0.117004
-0.144653
-0.275146
-0.270508
-0.109680
-0.281006
-0.065430
-0.299316
-0.385742
-0.132935
-0.398193
-0.292236
-0.360840
-0.413086
-0.343018
-0.331543
-0.211792
-0.283203
-0.032867
-0.077698
-0.410889
-0.419678
-0.241577
-0.170166
-0.003706
-0.252441
-0.084473
-0.247803
-0.455566
-0.360596
-0.301270
-0.299316
-0.011055
-0.190308
-0.370117
-0.096436
-0.320557
-0.155884
-0.146851
-0.125854
-0.351562
-0.364258
0.022018
-0.375244
-0.372559
0.086182
0.138794
-0.402588
-0.247681
-0.420410
-0.188843
-0.123657
-0.156738
-0.122864
-0.149658
-0.181274
-0.355469
0.128540
-0.314453
-0.223755
-0.104675
0.182007
-0.311279
-0.129150
-0.296387
-0.266602
-0.235474
-0.069763
-0.157349
-0.284180
-0.231201
0.058655
-0.241577
0.048981
-0.151123
-0.270020
-0.151245
-0.043732
-0.209473
-0.069946
-0.137207
-0.219360
-0.093445
-0.234863
-0.224854
0.040192
-0.280762
-0.138794
-0.219727
0.014404
-0.001412
-0.364502
-0.247314
-0.280273
-0.292236
-0.090942
-0.182495
-0.236328
-0.139893
-0.272461
-0.297119
-0.036285
-0.142090
-0.416016
0.061005
-0.281982
-0.246460
-0.326416
-0.159180
-0.048676
-0.198242
-0.299316
-0.325439
-0.285889
-0.289307
-0.022629
-0.143799
-0.303467
-0.310791
-0.200073
0.035278
-0.022766
-0.230713
0.055511
0.021484
0.011665
-0.224243
-0.370605
-0.108948
-0.220215
-0.192017
-0.407227
0.023117
-0.002413
-0.383545
-0.205688
-0.326660
-0.126465
-0.294189
-0.250977
-0.335205
-0.295898
-0.158081
-0.297607
-0.359863
-0.275391
-0.177002
-0.489014
-0.010559
-0.127197
-0.361328
-0.318848
-0.258545
-0.467773
-0.297852
-0.434326
-0.257812
-0.370117
-0.466797
-0.314941
-0.373535
-0.372314
-0.288574
-0.410889
-0.110046
-0.116394
-0.182983
-0.430664
-0.295654
-0.479004
-0.270264
-0.297607
-0.104614
-0.356445
-0.073547
-0.408203
-0.315674
-0.305908
-0.270020
-0.210938
-0.376465
-0.289551
-0.368408
-0.458496
-0.339844
-0.296875
-0.389160
-0.452393
-0.381348
-0.380615
-0.224731
-0.274658
-0.114075
-0.150391
-0.286621
-0.286133
-0.107910
-0.290527
-0.066345
-0.303467
-0.389893
-0.132690
-0.407471
-0.292725
-0.367920
-0.414307
-0.349365
-0.333984
-0.215210
-0.291504
-0.033508
-0.076233
-0.411865
-0.420410
-0.244263
-0.177124
0.000980
-0.251221
-0.093201
-0.244507
-0.460205
-0.364014
-0.312744
-0.302734
-0.027069
-0.202881
-0.378174
-0.105408
-0.326660
-0.156372
-0.160278
-0.135376
-0.350586
-0.368652
0.008842
-0.385254
-0.387451
0.068115
0.129272
-0.395508
-0.257812
-0.427490
-0.192383
-0.140625
-0.162964
-0.135132
-0.166504
-0.194702
-0.360596
0.132446
-0.327637
-0.228516
-0.107910
-0.073425
-0.315430
-0.150635
-0.303711
-0.273438
-0.241821
-0.081787
-0.181274
-0.290283
-0.243652
0.066528
-0.246460
0.033966
-0.164062
-0.274414
-0.163086
-0.054291
-0.220337
-0.075500
-0.140991
-0.226685
-0.115784
-0.245850
-0.232666
0.033844
-0.280273
-0.140015
-0.237183
0.005699
-0.009590
-0.367188
-0.262451
-0.284424
-0.299316
-0.091858
-0.192017
-0.243896
-0.169189
-0.293457
-0.311768
-0.030899
-0.156128
-0.414551
0.041901
-0.272217
-0.242432
-0.331299
-0.173340
-0.065186
-0.198608
-0.307129
-0.336670
-0.289551
-0.312500
-0.031830
-0.149536
-0.307373
-0.326416
-0.203247
0.020111
-0.032959
-0.234619
0.036072
0.011719
0.001792
-0.237305
-0.380859
-0.127930
-0.216187
-0.194702
-0.424805
0.004719
-0.013214
-0.392578
-0.204712
-0.327393
-0.127319
-0.291992
-0.251465
-0.334961
-0.294922
-0.162598
-0.296387
-0.363281
-0.277344
-0.174561
-0.491211
-0.010292
-0.132690
-0.364502
-0.325928
-0.251465
-0.472168
-0.296143
-0.434082
-0.263428
-0.372314
-0.470459
-0.312256
-0.372559
-0.374268
-0.292236
-0.416260
-0.101257
-0.118958
-0.184326
-0.434570
-0.293213
-0.477539
-0.273193
-0.299805
-0.107544
-0.355225
-0.077026
-0.408936
-0.315918
-0.309082
-0.274414
-0.213623
-0.375488
-0.289307
-0.369385
-0.463867
-0.344482
-0.296387
-0.394531
-0.456299
-0.382080
-0.381836
-0.230835
-0.275391
-0.108459
-0.151978
-0.293213
-0.285889
-0.112488
-0.296875
-0.060181
-0.302490
-0.389648
-0.134766
-0.413330
-0.291016
-0.368408
-0.419434
-0.349121
-0.330811
-0.214233
-0.294678
-0.038513
-0.073669
-0.413086
-0.419434
-0.243896
-0.183350
-0.007530
-0.246948
-0.098328
-0.242920
-0.460449
-0.363525
-0.315918
-0.301758
-0.031860
-0.206299
-0.376465
-0.105835
-0.329102
-0.154297
-0.166382
-0.133667
-0.345459
-0.373291
0.006046
-0.385742
-0.393066
0.072327
0.122253
-0.391846
-0.262207
-0.421875
-0.198120
-0.161011
-0.164551
-0.137695
-0.168823
-0.193604
-0.367188
0.139160
-0.325684
-0.226685
-0.109192
-0.155884
-0.318359
-0.151245
-0.305420
-0.280518
-0.240479
-0.083862
-0.188232
-0.288086
-0.236206
0.065430
-0.249634
0.020844
-0.167847
-0.270508
-0.162354
-0.045258
-0.220337
-0.076172
-0.147949
-0.228149
-0.119263
-0.255615
-0.231812
0.036469
-0.281006
-0.138184
-0.242310
-0.000148
-0.008911
-0.366455
-0.266846
-0.281250
-0.298584
-0.093079
-0.192749
-0.246094
-0.180664
-0.296875
-0.315430
-0.027542
-0.160767
-0.413330
0.043793
-0.261230
-0.247192
-0.333984
-0.180542
-0.062103
-0.200562
-0.309326
-0.338867
-0.282471
-0.312012
-0.032257
-0.154175
-0.304688
-0.328125
-0.203491
0.023331
-0.032501
-0.235474
0.025421
0.015869
-0.001510
-0.239380
-0.382324
-0.136353
-0.211914
-0.192383
-0.426270
-0.003387
-0.018936
-0.394287
-0.205566
-0.321533
-0.124695
-0.291748
-0.242676
-0.331543
-0.288086
-0.151245
-0.290527
-0.352539
-0.271484
-0.170654
-0.481934
-0.011520
-0.127808
-0.359131
-0.312012
-0.242432
-0.462646
-0.288330
-0.425537
-0.255371
-0.362061
-0.461914
-0.303711
-0.363037
-0.356689
-0.287109
-0.409180
-0.089844
-0.105530
-0.182617
-0.426758
-0.288086
-0.458252
-0.260010
-0.297119
-0.096619
-0.343750
-0.066711
-0.397705
-0.307861
-0.293945
-0.273682
-0.206787
-0.366699
-0.280518
-0.359619
-0.454346
-0.332031
-0.289795
-0.383545
-0.446289
-0.368164
-0.372314
-0.221924
-0.267090
-0.109985
-0.138306
-0.282471
-0.275391
-0.104004
-0.284912
-0.056702
-0.296631
-0.384277
-0.127075
-0.406250
-0.278320
-0.351562
-0.412109
-0.334717
-0.319580
-0.204956
-0.283203
-0.035522
-0.073486
-0.405518
-0.410645
-0.233765
-0.185669
-0.003271
-0.245605
-0.087891
-0.243042
-0.453857
-0.354004
-0.302002
-0.289795
-0.020294
-0.196411
-0.368164
-0.095337
-0.322266
-0.141602
-0.164307
-0.132324
-0.338379
-0.367432
0.019089
-0.368896
-0.373291
0.093323
0.130005
-0.387451
-0.251465
-0.413574
-0.192993
-0.092712
-0.156372
-0.130859
-0.148560
-0.182739
-0.358398
0.141602
-0.313232
-0.219727
-0.105225
0.024124
-0.318604
-0.131104
-0.295654
-0.273926
-0.231445
-0.072205
-0.167114
-0.279541
-0.224365
0.065552
-0.240723
0.027481
-0.156616
-0.261230
-0.145142
-0.032593
-0.209106
-0.067627
-0.143921
-0.215942
-0.103638
-0.247192
-0.224609
0.049286
-0.268066
-0.126221
-0.225586
0.004745
0.001094
-0.360596
-0.245850
-0.266113
-0.285889
-0.090881
-0.177979
-0.236694
-0.141724
-0.279785
-0.300293
-0.017242
-0.148804
-0.405273
0.055511
-0.252686
-0.248535
-0.319092
-0.168823
-0.048981
-0.194214
-0.293945
-0.326416
-0.271973
-0.286377
-0.029175
-0.142822
-0.294922
-0.312988
-0.195923
0.027878
-0.023209
-0.233398
0.041321
0.029587
0.015961
-0.226318
-0.368164
-0.124207
-0.206909
-0.183960
-0.408936
0.014565
-0.009590
-0.385254
-0.201416
-0.318115
-0.128296
-0.297852
-0.240601
-0.329590
-0.282959
-0.138306
-0.289062
-0.342529
-0.268311
-0.166138
-0.473389
-0.027100
-0.126953
-0.352783
-0.312256
-0.242554
-0.452148
-0.281250
-0.424316
-0.252930
-0.360352
-0.448242
-0.304932
-0.354492
-0.344482
-0.286865
-0.406494
-0.091492
-0.093567
-0.185425
-0.416992
-0.290771
-0.449219
-0.254395
-0.294434
-0.082581
-0.334961
-0.049866
-0.390137
-0.300293
-0.280518
-0.269775
-0.203125
-0.361572
-0.282227
-0.347900
-0.439209
-0.323242
-0.288574
-0.371338
-0.437256
-0.359619
-0.367432
-0.218140
-0.261475
-0.120911
-0.129761
-0.277832
-0.269287
-0.090698
-0.277832
-0.060455
-0.303223
-0.380859
-0.127075
-0.396484
-0.267090
-0.350830
-0.405029
-0.329102
-0.315674
-0.209961
-0.261230
-0.039093
-0.084045
-0.403564
-0.407227
-0.229126
-0.186279
-0.002853
-0.248901
-0.086975
-0.250732
-0.442627
-0.346436
-0.283447
-0.285645
-0.022339
-0.195435
-0.363037
-0.092102
-0.312012
-0.139771
-0.161377
-0.127441
-0.337402
-0.364014
0.021408
-0.354492
-0.361572
0.097595
0.114197
-0.384033
-0.245239
-0.408447
-0.197998
-0.139893
-0.146362
-0.123962
-0.135498
-0.171997
-0.356689
0.120972
-0.298584
-0.219727
-0.106445
-0.202026
-0.328857
-0.129395
-0.287354
-0.266602
-0.222656
-0.062866
-0.140015
-0.275391
-0.222656
0.057220
-0.239136
0.025620
-0.143677
-0.252197
-0.143433
-0.032532
-0.201538
-0.059540
-0.137695
-0.212158
-0.103455
-0.237793
-0.220093
0.037079
-0.266113
-0.113525
-0.218262
-0.006680
0.008736
-0.354980
-0.228271
-0.256348
-0.282471
-0.094727
-0.177734
-0.226929
-0.175659
-0.267578
-0.291992
-0.027252
-0.135620
-0.394287
0.060730
-0.251465
-0.260010
-0.304443
-0.152466
-0.041107
-0.192749
-0.281006
-0.313477
-0.265381
-0.269287
-0.031174
-0.148438
-0.296143
-0.303955
-0.184814
0.020279
-0.028305
-0.235352
0.058319
0.034058
0.019913
-0.226929
-0.353516
-0.111389
-0.209106
-0.175415
-0.391357
0.029739
0.000087
-0.378174
-0.200684
-0.322510
-0.132324
-0.306885
-0.243652
-0.334961
-0.286865
-0.138794
-0.294922
-0.346191
-0.272217
-0.169922
-0.478027
-0.024277
-0.128418
-0.356201
-0.313477
-0.248291
-0.458008
-0.287842
-0.430908
-0.255371
-0.365967
-0.451660
-0.307861
-0.358154
-0.348145
-0.289795
-0.410889
-0.095459
-0.091675
-0.186401
-0.422852
-0.296875
-0.454346
-0.257568
-0.295654
-0.076965
-0.342041
-0.047607
-0.393555
-0.304688
-0.285400
-0.272217
-0.209961
-0.368652
-0.287109
-0.349365
-0.446045
-0.325439
-0.291260
-0.372070
-0.443359
-0.366455
-0.374268
-0.218506
-0.263916
-0.122375
-0.134033
-0.278320
-0.270020
-0.094482
-0.281494
-0.059174
-0.305176
-0.385010
-0.129150
-0.397705
-0.275879
-0.355957
-0.409424
-0.332764
-0.320557
-0.212036
-0.265381
-0.037537
-0.091003
-0.407227
-0.411377
-0.233154
-0.183594
-0.002369
-0.251465
-0.087830
-0.250732
-0.447754
-0.352051
-0.284912
-0.290771
-0.018738
-0.195557
-0.367676
-0.093506
-0.318359
-0.141357
-0.158569
-0.128174
-0.341797
-0.369385
0.023880
-0.360352
-0.366211
0.097534
0.124146
-0.390381
-0.248291
-0.415527
-0.195679
-0.122070
-0.152588
-0.127808
-0.136597
-0.172241
-0.359863
0.120728
-0.301025
-0.224609
-0.106079
-0.202637
-0.328613
-0.126099
-0.291992
-0.267578
-0.227783
-0.060181
-0.139282
-0.279297
-0.225586
0.059631
-0.239258
0.031647
-0.142212
-0.256348
-0.143799
-0.036316
-0.202271
-0.058472
-0.140259
-0.214355
-0.098145
-0.235596
-0.220459
0.039246
-0.271973
-0.119202
-0.218140
-0.006622
0.008530
-0.358887
-0.232666
-0.265137
-0.285889
-0.101013
-0.176880
-0.230225
-0.165527
-0.265137
-0.294678
-0.030975
-0.135376
-0.399414
0.062805
-0.258301
-0.261719
-0.308838
-0.152954
-0.038727
-0.197754
-0.286133
-0.317139
-0.269775
-0.270264
-0.026093
-0.147339
-0.299316
-0.302979
-0.188965
0.019348
-0.024780
-0.234741
0.059692
0.032074
0.020035
-0.228760
-0.359863
-0.108337
-0.210938
-0.178223
-0.393311
0.030975
0.001503
-0.380615
-0.207153
-0.320801
-0.124451
-0.306152
-0.235229
-0.332764
-0.288574
-0.141113
-0.292969
-0.344971
-0.273438
-0.175293
-0.475342
-0.014320
-0.138672
-0.352783
-0.322266
-0.244751
-0.456055
-0.284180
-0.427734
-0.251709
-0.359375
-0.448242
-0.305176
-0.351807
-0.344238
-0.284424
-0.411377
-0.075439
-0.083801
-0.183594
-0.422607
-0.296875
-0.456543
-0.260986
-0.292725
-0.067261
-0.337891
-0.058411
-0.387695
-0.304443
-0.288086
-0.273926
-0.212036
-0.369141
-0.284912
-0.350586
-0.447510
-0.332520
-0.286133
-0.376465
-0.444336
-0.365479
-0.378662
-0.224243
-0.268555
-0.113525
-0.145020
-0.276367
-0.261719
-0.112610
-0.281738
-0.050903
-0.296143
-0.382568
-0.128906
-0.395752
-0.281494
-0.354980
-0.409912
-0.332031
-0.315430
-0.209839
-0.267334
-0.039124
-0.097839
-0.403809
-0.407959
-0.231934
-0.176880
-0.013084
-0.246094
-0.086121
-0.239746
-0.445557
-0.345703
-0.287109
-0.289307
-0.011108
-0.196411
-0.363037
-0.089294
-0.320557
-0.144409
-0.160278
-0.120178
-0.338135
-0.368164
0.020523
-0.363770
-0.360596
0.104187
0.125610
-0.386230
-0.252930
-0.403809
-0.194702
-0.158203
-0.166138
-0.118713
-0.145752
-0.167236
-0.363281
0.122864
-0.295654
-0.215820
-0.100281
-0.080566
-0.323242
-0.124695
-0.291748
-0.265137
-0.231445
-0.058472
-0.140625
-0.277100
-0.221680
0.057037
-0.237305
0.028030
-0.140991
-0.257080
-0.143433
-0.040771
-0.201050
-0.062622
-0.139038
-0.213867
-0.092285
-0.228271
-0.219238
0.051453
-0.276855
-0.120789
-0.217407
-0.004974
-0.001618
-0.352539
-0.236328
-0.261230
-0.277832
-0.096741
-0.177612
-0.231323
-0.177246
-0.261230
-0.291504
-0.035339
-0.134521
-0.396973
0.078430
-0.251953
-0.262939
-0.312012
-0.156128
-0.025635
-0.199707
-0.296875
-0.315918
-0.264893
-0.264160
-0.016205
-0.156250
-0.298096
-0.297119
-0.190430
0.027512
-0.016205
-0.225708
0.050751
0.030441
0.009933
-0.220703
-0.362061
-0.102966
-0.207642
-0.188477
-0.387207
0.030685
-0.002247
-0.379395
-0.211914
-0.322266
-0.121826
-0.304443
-0.233887
-0.332764
-0.291016
-0.143311
-0.288574
-0.346680
-0.274902
-0.176514
-0.478760
-0.012871
-0.141479
-0.354248
-0.322998
-0.242554
-0.458740
-0.284424
-0.427002
-0.252686
-0.358154
-0.453369
-0.301758
-0.354736
-0.348877
-0.286377
-0.411621
-0.073181
-0.090271
-0.183350
-0.422363
-0.295654
-0.459229
-0.260498
-0.293945
-0.078552
-0.336426
-0.061371
-0.387695
-0.304199
-0.291016
-0.277832
-0.211060
-0.369141
-0.282715
-0.353760
-0.450684
-0.334717
-0.287354
-0.381592
-0.445801
-0.367432
-0.377686
-0.223022
-0.270020
-0.110901
-0.149658
-0.280029
-0.265381
-0.114319
-0.284668
-0.053406
-0.298340
-0.383545
-0.127563
-0.399658
-0.280273
-0.353760
-0.412354
-0.332764
-0.315186
-0.207764
-0.271240
-0.038666
-0.092224
-0.405029
-0.408936
-0.235474
-0.180298
-0.009941
-0.245361
-0.084167
-0.239136
-0.448486
-0.346436
-0.291748
-0.291016
-0.011238
-0.198853
-0.364014
-0.088989
-0.322998
-0.142944
-0.164062
-0.125122
-0.335449
-0.368896
0.019684
-0.367676
-0.365723
0.107849
0.132080
-0.384033
-0.256104
-0.404053
-0.195923
-0.146118
-0.165771
-0.123230
-0.148804
-0.170166
-0.363770
0.130127
-0.298096
-0.215210
-0.103210
0.190430
-0.323242
-0.128174
-0.295654
-0.266846
-0.232666
-0.060944
-0.147705
-0.277100
-0.220825
0.060516
-0.240967
0.027039
-0.143799
-0.258301
-0.144653
-0.040009
-0.203125
-0.065735
-0.140869
-0.215698
-0.096191
-0.233276
-0.220459
0.054688
-0.275391
-0.120117
-0.221680
-0.005039
-0.001531
-0.352539
-0.242188
-0.262207
-0.278809
-0.091736
-0.178833
-0.236328
-0.168945
-0.267822
-0.291504
-0.028687
-0.138550
-0.395752
0.078796
-0.247803
-0.260986
-0.315918
-0.161865
-0.028397
-0.199829
-0.300049
-0.318604
-0.268311
-0.266602
-0.019165
-0.154053
-0.297119
-0.302246
-0.194092
0.030029
-0.016785
-0.226196
0.047577
0.031708
0.010674
-0.220581
-0.363770
-0.109497
-0.207153
-0.188110
-0.394043
0.028625
-0.003742
-0.383789
-0.210815
-0.326172
-0.120789
-0.302734
-0.244995
-0.338135
-0.297119
-0.150269
-0.293945
-0.358887
-0.278564
-0.180054
-0.489258
-0.015259
-0.138184
-0.362061
-0.323486
-0.252441
-0.468018
-0.292236
-0.432129
-0.259033
-0.366211
-0.469971
-0.304443
-0.367920
-0.371582
-0.291260
-0.412598
-0.084290
-0.105835
-0.183838
-0.433594
-0.299561
-0.474121
-0.266357
-0.295410
-0.110107
-0.348633
-0.064148
-0.403320
-0.316162
-0.306396
-0.284424
-0.206421
-0.376465
-0.284668
-0.366699
-0.465820
-0.345947
-0.295654
-0.395264
-0.450684
-0.377441
-0.381348
-0.230957
-0.278564
-0.114319
-0.155518
-0.290527
-0.281738
-0.115479
-0.296143
-0.056946
-0.302002
-0.387695
-0.127441
-0.408936
-0.281738
-0.363525
-0.422607
-0.344971
-0.325684
-0.214844
-0.292480
-0.033661
-0.084839
-0.414062
-0.414307
-0.245361
-0.182007
0.001254
-0.247070
-0.092651
-0.240479
-0.457275
-0.357666
-0.305420
-0.297852
-0.013954
-0.203979
-0.374023
-0.099182
-0.337646
-0.140869
-0.169434
-0.139404
-0.342773
-0.373047
0.012756
-0.386475
-0.388916
0.092285
0.145996
-0.383301
-0.265137
-0.422363
-0.193481
-0.138062
-0.167480
-0.144287
-0.166016
-0.188721
-0.369629
0.142334
-0.318604
-0.223633
-0.111267
-0.133423
-0.326416
-0.140991
-0.309814
-0.275879
-0.240601
-0.073059
-0.169922
-0.287354
-0.231079
0.071899
-0.248779
0.027954
-0.157227
-0.266602
-0.154785
-0.052124
-0.217896
-0.073120
-0.148315
-0.223022
-0.117249
-0.247803
-0.235229
0.052155
-0.278809
-0.130859
-0.242188
-0.003536
-0.001257
-0.365479
-0.261963
-0.273193
-0.295166
-0.091553
-0.183228
-0.244995
-0.165771
-0.291748
-0.306641
-0.019836
-0.154419
-0.404541
0.061554
-0.248291
-0.254639
-0.332520
-0.173462
-0.054138
-0.199585
-0.312256
-0.335449
-0.280029
-0.295654
-0.028091
-0.150879
-0.302490
-0.322998
-0.204590
0.016571
-0.024185
-0.232910
0.034668
0.015869
0.006805
-0.233521
-0.381104
-0.129761
-0.211670
-0.195068
-0.422119
0.007641
-0.008972
-0.394287
-0.213501
-0.322510
-0.122070
-0.304199
-0.240356
-0.335693
-0.292725
-0.141846
-0.289795
-0.349854
-0.278320
-0.177124
-0.482666
-0.018829
-0.141357
-0.356201
-0.320801
-0.247070
-0.460449
-0.286133
-0.430176
-0.258057
-0.361328
-0.459961
-0.298096
-0.362061
-0.364258
-0.290283
-0.412109
-0.077942
-0.098633
-0.182861
-0.425293
-0.301270
-0.465820
-0.262695
-0.294189
-0.097717
-0.343018
-0.055817
-0.396973
-0.311768
-0.303711
-0.286133
-0.205200
-0.374023
-0.285156
-0.357422
-0.461182
-0.341797
-0.291748
-0.392090
-0.446045
-0.370850
-0.378418
-0.226196
-0.275391
-0.114807
-0.154419
-0.284424
-0.277100
-0.110352
-0.291992
-0.055145
-0.298584
-0.384766
-0.124451
-0.403564
-0.279785
-0.359863
-0.415771
-0.340088
-0.322021
-0.210938
-0.277832
-0.035767
-0.096741
-0.410156
-0.410156
-0.237915
-0.182007
-0.000820
-0.245483
-0.094299
-0.239624
-0.451904
-0.353516
-0.296143
-0.292480
-0.016006
-0.198975
-0.368896
-0.095581
-0.332031
-0.134888
-0.171387
-0.137695
-0.338379
-0.372803
0.014069
-0.377441
-0.379883
0.093201
0.140747
-0.380615
-0.264648
-0.416260
-0.195190
-0.141357
-0.168457
-0.138672
-0.161865
-0.181274
-0.368408
0.132812
-0.309326
-0.221313
-0.108521
-0.254150
-0.326172
-0.137451
-0.302002
-0.268311
-0.236694
-0.066711
-0.156738
-0.285889
-0.228516
0.069702
-0.244385
0.023026
-0.151001
-0.262207
-0.150269
-0.048889
-0.214722
-0.071167
-0.143921
-0.219971
-0.110352
-0.241455
-0.229858
0.052612
-0.275146
-0.126465
-0.233398
-0.011261
-0.000248
-0.356201
-0.252441
-0.266113
-0.288574
-0.093384
-0.180664
-0.240112
-0.175781
-0.277588
-0.301514
-0.023193
-0.148682
-0.397217
0.067810
-0.242554
-0.260254
-0.325195
-0.170166
-0.043304
-0.201416
-0.306641
-0.330078
-0.272461
-0.284912
-0.024078
-0.151245
-0.300781
-0.313477
-0.200195
0.017487
-0.020111
-0.232544
0.038086
0.018448
0.010307
-0.230103
-0.375000
-0.121460
-0.207764
-0.191772
-0.408691
0.014183
-0.004730
-0.389160
-0.214966
-0.322021
-0.122192
-0.305420
-0.237671
-0.333252
-0.289062
-0.137329
-0.292236
-0.347656
-0.272949
-0.172607
-0.481934
-0.017715
-0.136719
-0.354004
-0.315674
-0.246460
-0.457520
-0.284668
-0.428467
-0.253662
-0.359131
-0.455566
-0.301514
-0.359131
-0.354004
-0.287109
-0.413818
-0.080017
-0.089539
-0.182739
-0.424805
-0.296143
-0.459961
-0.258789
-0.294922
-0.080811
-0.341553
-0.053772
-0.392090
-0.304199
-0.291260
-0.275635
-0.207520
-0.371582
-0.282471
-0.354004
-0.452148
-0.333252
-0.289551
-0.380615
-0.445801
-0.368652
-0.379395
-0.225464
-0.269775
-0.114868
-0.141724
-0.278564
-0.270508
-0.102417
-0.283936
-0.054810
-0.297607
-0.384766
-0.124268
-0.401855
-0.279541
-0.354980
-0.413330
-0.334229
-0.319824
-0.208862
-0.268555
-0.034729
-0.092407
-0.406738
-0.410156
-0.232910
-0.178833
-0.005726
-0.246216
-0.086426
-0.240112
-0.450195
-0.350098
-0.289307
-0.291016
-0.012711
-0.194458
-0.368652
-0.088196
-0.322510
-0.135742
-0.162476
-0.130127
-0.338379
-0.368408
0.020370
-0.368164
-0.366211
0.100586
0.140503
-0.383789
-0.254395
-0.412842
-0.192749
-0.120422
-0.161377
-0.125122
-0.144897
-0.175293
-0.364258
0.130249
-0.305908
-0.220093
-0.101257
-0.066956
-0.326172
-0.124512
-0.294922
-0.270752
-0.232300
-0.061951
-0.143555
-0.282471
-0.222534
0.066772
-0.238770
0.030258
-0.142944
-0.259766
-0.141113
-0.043274
-0.204834
-0.065369
-0.139526
-0.214111
-0.093811
-0.235596
-0.223145
0.050964
-0.275391
-0.123718
-0.220947
-0.005554
0.002319
-0.357422
-0.242676
-0.261230
-0.283936
-0.096130
-0.176514
-0.232422
-0.156982
-0.267822
-0.292480
-0.027603
-0.139282
-0.399658
0.071960
-0.250244
-0.258789
-0.316650
-0.159668
-0.038147
-0.197021
-0.297119
-0.322754
-0.267822
-0.272217
-0.020065
-0.148438
-0.298340
-0.304199
-0.193604
0.024841
-0.018326
-0.231567
0.050415
0.026840
0.014717
-0.222900
-0.365479
-0.109436
-0.208252
-0.189087
-0.398682
0.025970
0.004631
-0.382568
-0.211548
-0.315918
-0.118164
-0.301514
-0.231567
-0.328369
-0.283203
-0.132812
-0.291748
-0.341064
-0.267578
-0.167847
-0.470947
-0.011055
-0.133179
-0.346924
-0.315430
-0.243652
-0.448242
-0.280762
-0.424072
-0.246948
-0.357178
-0.445068
-0.301514
-0.351562
-0.341064
-0.279053
-0.406250
-0.075806
-0.078125
-0.178223
-0.415283
-0.292969
-0.451172
-0.255127
-0.288574
-0.059998
-0.336914
-0.054474
-0.383301
-0.296631
-0.281982
-0.266113
-0.208008
-0.367188
-0.280029
-0.345947
-0.438477
-0.325195
-0.282959
-0.368896
-0.438721
-0.358887
-0.374023
-0.218994
-0.263184
-0.112000
-0.140015
-0.266602
-0.258545
-0.099670
-0.275879
-0.048584
-0.288086
-0.377441
-0.123169
-0.390869
-0.277832
-0.351807
-0.404053
-0.324463
-0.312988
-0.206055
-0.259766
-0.034180
-0.095520
-0.396729
-0.404541
-0.229248
-0.167725
-0.008568
-0.240723
-0.081604
-0.236328
-0.440430
-0.342041
-0.281738
-0.285889
-0.008202
-0.189819
-0.358887
-0.082397
-0.312500
-0.138916
-0.153442
-0.116150
-0.337646
-0.356689
0.024353
-0.357910
-0.350342
0.106140
0.132690
-0.383789
-0.242920
-0.401123
-0.188965
-0.140259
-0.160645
-0.108215
-0.137573
-0.162476
-0.356689
0.126343
-0.296143
-0.212891
-0.093872
-0.034302
-0.320557
-0.119080
-0.286377
-0.264893
-0.227905
-0.054596
-0.130493
-0.277588
-0.219849
0.058990
-0.230469
0.039795
-0.133545
-0.255371
-0.134033
-0.042480
-0.197144
-0.059204
-0.131836
-0.206177
-0.081604
-0.219727
-0.218506
0.053375
-0.276611
-0.115173
-0.209473
0.001303
-0.002172
-0.349121
-0.231445
-0.255371
-0.272705
-0.094177
-0.172974
-0.224731
-0.168335
-0.255127
-0.281006
-0.034058
-0.126953
-0.392822
0.080811
-0.251221
-0.256348
-0.303467
-0.147949
-0.027740
-0.192139
-0.293701
-0.312744
-0.261963
-0.259766
-0.013969
-0.152588
-0.295898
-0.291016
-0.184570
0.034424
-0.015388
-0.224609
0.059387
0.031525
0.012688
-0.214844
-0.355225
-0.090149
-0.205933
-0.184082
-0.384033
0.037231
0.005733
-0.373047
-0.208374
0.000000
0.000000
-0.000000
0.000000
-0.000000
-0.000000
-0.000000
-0.000000
-0.000000
-0.000000
0.000000
0.000000
-0.000000
0.000000
-0.000000
-0.000000
-0.000000
-0.000000
0.000000
-0.000000
-0.000000
-0.000000
-0.000000
-0.000000
-0.000000
-0.000000
-0.000000
-0.000000
0.000000
-0.000000
0.000000
0.000000
-0.000000
-0.000000
0.000000
0.000000
-0.000000
-0.000000
-0.000000
-0.000000
-0.000000
-0.000000
-0.000000
-0.000000
-0.000000
-0.000000
-0.000000
-0.000000
-0.000000
-0.000000
-0.000000
-0.000000
0.000000
0.000000
-0.000000
-0.000000
-0.000000
-0.000000
-0.000000
-0.000000
-0.000000
-0.000000
0.000000
-0.000000
-0.000000
-0.000000
-0.000000
0.000000
-0.000000
-0.000000
-0.000000
-0.000000
0.000000
-0.000000
-0.000000
-0.000000
-0.000000
-0.000000
0.000000
-0.000000
-0.000000
0.000000
-0.000000
-0.000000
-0.000000
-0.000000
-0.000000
-0.000000
-0.000000
-0.000000
-0.000000
-0.000000
-0.000000
-0.000000
-0.000000
0.000000
-0.000000
-0.000000
-0.000000
-0.000000
-0.000000
0.000000
0.000000
-0.000000
-0.000000
-0.000000
-0.000000
-0.000000
-0.000000
0.000000
-0.000000
0.000000
0.000000
-0.000000
-0.000000
-0.000000
-0.000000
-0.000000
-0.000000
-0.000000
-0.000000
-0.000000
-0.000000
-0.000000
-0.000000
-0.000000
-0.000000
-0.000000
-0.000000
0.000000
-0.000000
-0.000000
0.000000
-0.000000
-0.000000
-0.000000
0.000000
0.000000
0.000000
-0.000000
-0.000000
0.000000
-0.000000
-0.000000
-0.000000
-0.000000
-0.000000
-0.000000
-0.000000
0.000000
-0.000000
0.000000
-0.000000
-0.000000
0.000000
-0.000000
-0.000000
-0.000000
0.000000
-0.000000
-0.000000
0.000000
-0.000000
-0.000000
-0.000000
-0.000000
0.000000
-0.000000
-0.000000
-0.000000
-0.000000
0.000000
-0.000000
-0.000000
-0.000000
0.000000
0.000000
-0.000000
-0.000000
-0.000000
-0.000000
-0.000000
-0.000000
-0.000000
-0.000000
-0.000000
0.000000
-0.000000
-0.000000
0.000000
-0.000000
-0.000000
0.000000
0.000000
-0.000000
0.000000
-0.000000
-0.000000
-0.000000
-0.000000
-0.000000
-0.000000
0.000000
0.000000
-0.000000
0.000000
-0.000000
-0.000000
-0.000000
-0.000000
0.000000
-0.000000
-0.000000
-0.000000
-0.000000
-0.000000
-0.000000
-0.000000
-0.000000
-0.000000
0.000000
-0.000000
0.000000
0.000000
-0.000000
-0.000000
0.000000
0.000000
-0.000000
-0.000000
-0.000000
-0.000000
-0.000000
-0.000000
-0.000000
-0.000000
-0.000000
-0.000000
-0.000000
-0.000000
-0.000000
-0.000000
-0.000000
-0.000000
0.000000
0.000000
-0.000000
-0.000000
-0.000000
-0.000000
-0.000000
-0.000000
-0.000000
-0.000000
0.000000
-0.000000
-0.000000
-0.000000
-0.000000
0.000000
-0.000000
-0.000000
-0.000000
-0.000000
0.000000
-0.000000
-0.000000
-0.000000
-0.000000
-0.000000
0.000000
-0.000000
-0.000000
0.000000
-0.000000
-0.000000
-0.000000
-0.000000
-0.000000
-0.000000
-0.000000
-0.000000
-0.000000
-0.000000
-0.000000
-0.000000
-0.000000
0.000000
-0.000000
-0.000000
-0.000000
-0.000000
-0.000000
0.000000
0.000000
-0.000000
-0.000000
-0.000000
-0.000000
-0.000000
-0.000000
0.000000
-0.000000
0.000000
0.000000
-0.000000
-0.000000
-0.000000
-0.000000
-0.000000
-0.000000
-0.000000
-0.000000
-0.000000
-0.000000
-0.000000
-0.000000
-0.000000
-0.000000
-0.000000
-0.000000
0.000000
-0.000000
-0.000000
0.000000
-0.000000
-0.000000
-0.000000
0.000000
0.000000
0.000000
-0.000000
-0.000000
0.000000
-0.000000
-0.000000
-0.000000
-0.000000
-0.000000
-0.000000
-0.000000
0.000000
-0.000000
0.000000
-0.000000
-0.000000
0.000000
-0.000000
-0.000000
-0.000000
0.000000
-0.000000
-0.000000
0.000000
-0.000000
-0.000000
-0.000000
-0.000000
0.000000
-0.000000
-0.000000
-0.000000
-0.000000
0.000000
-0.000000
-0.000000
-0.000000
0.000000
0.000000
-0.000000
-0.000000
-0.000000
-0.000000
-0.000000
-0.000000
-0.000000
-0.000000
-0.000000
0.000000
-0.000000
-0.000000
0.000000
-0.000000
-0.000000
0.000000
0.000000
-0.000000
0.000000
-0.000000
-0.000000
-0.000000
-0.000000
-0.000000
-0.000000
0.000000
0.000000
-0.000000
0.000000
-0.000000
-0.000000
-0.000000
-0.000000
0.000000
-0.000000
-0.000000
-0.000000
-0.000000
-0.000000
-0.000000
-0.000000
-0.000000
-0.000000
0.000000
-0.000000
0.000000
0.000000
-0.000000
-0.000000
0.000000
0.000000
-0.000000
-0.000000
-0.000000
-0.000000
-0.000000
-0.000000
-0.000000
-0.000000
-0.000000
-0.000000
-0.000000
-0.000000
-0.000000
-0.000000
-0.000000
-0.000000
0.000000
0.000000
-0.000000
-0.000000
-0.000000
-0.000000
-0.000000
-0.000000
-0.000000
-0.000000
0.000000
-0.000000
-0.000000
-0.000000
-0.000000
0.000000
-0.000000
-0.000000
-0.000000
-0.000000
0.000000
-0.000000
-0.000000
-0.000000
-0.000000
-0.000000
0.000000
-0.000000
-0.000000
0.000000
-0.000000
-0.000000
-0.000000
-0.000000
-0.000000
-0.000000
-0.000000
-0.000000
-0.000000
-0.000000
-0.000000
-0.000000
-0.000000
0.000000
-0.000000
-0.000000
-0.000000
-0.000000
-0.000000
0.000000
0.000000
-0.000000
-0.000000
-0.000000
-0.000000
-0.000000
-0.000000
0.000000
-0.000000
0.000000
0.000000
-0.000000
-0.000000
-0.000000
-0.000000
-0.000000
-0.000000
-0.000000
-0.000000
-0.000000
-0.000000
-0.000000
-0.000000
-0.000000
-0.000000
-0.000000
-0.000000
0.000000
-0.000000
-0.000000
0.000000
-0.000000
-0.000000
-0.000000
0.000000
0.000000
0.000000
-0.000000
-0.000000
0.000000
-0.000000
-0.000000
-0.000000
-0.000000
-0.000000
-0.000000
-0.000000
0.000000
-0.000000
0.000000
-0.000000
-0.000000
0.000000
-0.000000
-0.000000
-0.000000
0.000000
-0.000000
-0.000000
0.000000
-0.000000
-0.000000
-0.000000
-0.000000
0.000000
-0.000000
-0.000000
-0.000000
-0.000000
0.000000
-0.000000
-0.000000
-0.000000
0.000000
0.000000
-0.000000
-0.000000
-0.000000
-0.000000
-0.000000
-0.000000
-0.000000
-0.000000
-0.000000
0.000000
-0.000000
-0.000000
0.000000
-0.000000
-0.000000
0.000000
0.000000
-0.000000
0.000000
-0.000000
-0.000000
-0.000000
-0.000000
-0.000000
-0.000000
0.000000
0.000000
-0.000000
0.000000
-0.000000
-0.000000
-0.000000
-0.000000
0.000000
-0.000000
-0.000000
-0.000000
-0.000000
-0.000000
-0.000000
-0.000000
-0.000000
-0.000000
0.000000
-0.000000
0.000000
0.000000
-0.000000
-0.000000
0.000000
0.000000
-0.000000
-0.000000
-0.000000
-0.000000
-0.000000
-0.000000
-0.000000
-0.000000
-0.000000
-0.000000
-0.000000
-0.000000
-0.000000
-0.000000
-0.000000
-0.000000
0.000000
0.000000
-0.000000
-0.000000
-0.000000
-0.000000
-0.000000
-0.000000
-0.000000
-0.000000
0.000000
-0.000000
-0.000000
-0.000000
-0.000000
0.000000
-0.000000
-0.000000
-0.000000
-0.000000
0.000000
-0.000000
-0.000000
-0.000000
-0.000000
-0.000000
0.000000
-0.000000
-0.000000
0.000000
-0.000000
-0.000000
-0.000000
-0.000000
-0.000000
-0.000000
-0.000000
-0.000000
-0.000000
-0.000000
-0.000000
-0.000000
-0.000000
0.000000
-0.000000
-0.000000
-0.000000
-0.000000
-0.000000
0.000000
0.000000
-0.000000
-0.000000
-0.000000
-0.000000
-0.000000
-0.000000
0.000000
-0.000000
0.000000
0.000000
-0.000000
-0.000000
-0.000000
-0.000000
-0.000000
-0.000000
-0.000000
-0.000000
-0.000000
-0.000000
-0.000000
-0.000000
-0.000000
-0.000000
-0.000000
-0.000000
0.000000
-0.000000
-0.000000
0.000000
-0.000000
-0.000000
-0.000000
0.000000
0.000000
0.000000
-0.000000
-0.000000
0.000000
-0.000000
-0.000000
-0.000000
-0.000000
-0.000000
-0.000000
-0.000000
0.000000
-0.000000
0.000000
-0.000000
-0.000000
0.000000
-0.000000
-0.000000
-0.000000
0.000000
-0.000000
-0.000000
0.000000
-0.000000
-0.000000
-0.000000
-0.000000
0.000000
-0.000000
-0.000000
-0.000000
-0.000000
0.000000
-0.000000
-0.000000
-0.000000
0.000000
0.000000
-0.000000
-0.000000
-0.000000
-0.000000
-0.000000
-0.000000
-0.000000
-0.000000
-0.000000
0.000000
-0.000000
-0.000000
0.000000
-0.000000
-0.000000
0.000000
0.000000
-0.000000
0.000000
-0.000000
-0.000000
-0.000000
-0.000000
-0.000000
-0.000000
0.000000
0.000000
-0.000000
0.000000
-0.000000
-0.000000
-0.000000
-0.000000
0.000000
-0.000000
-0.000000
-0.000000
-0.000000
-0.000000
-0.000000
-0.000000
-0.000000
-0.000000
0.000000
-0.000000
0.000000
0.000000
-0.000000
-0.000000
0.000000
0.000000
-0.000000
-0.000000
-0.000000
-0.000000
-0.000000
-0.000000
-0.000000
-0.000000
-0.000000
-0.000000
-0.000000
-0.000000
-0.000000
-0.000000
-0.000000
-0.000000
0.000000
0.000000
-0.000000
-0.000000
-0.000000
-0.000000
-0.000000
-0.000000
-0.000000
-0.000000
0.000000
-0.000000
-0.000000
-0.000000
-0.000000
0.000000
-0.000000
-0.000000
-0.000000
-0.000000
0.000000
-0.000000
-0.000000
-0.000000
-0.000000
-0.000000
0.000000
-0.000000
-0.000000
0.000000
-0.000000
-0.000000
-0.000000
-0.000000
-0.000000
-0.000000
-0.000000
-0.000000
-0.000000
-0.000000
-0.000000
-0.000000
-0.000000
0.000000
-0.000000
-0.000000
-0.000000
-0.000000
-0.000000
0.000000
0.000000
-0.000000
-0.000000
-0.000000
-0.000000
-0.000000
-0.000000
0.000000
-0.000000
0.000000
0.000000
-0.000000
-0.000000
-0.000000
-0.000000
-0.000000
-0.000000
-0.000000
-0.000000
-0.000000
-0.000000
-0.000000
-0.000000
-0.000000
-0.000000
-0.000000
-0.000000
0.000000
-0.000000
-0.000000
0.000000
-0.000000
-0.000000
-0.000000
0.000000
0.000000
0.000000
-0.000000
-0.000000
0.000000
-0.000000
-0.000000
-0.000000
-0.000000
-0.000000
-0.000000
-0.000000
0.000000
-0.000000
0.000000
-0.000000
-0.000000
0.000000
-0.000000
-0.000000
-0.000000
0.000000
-0.000000
-0.000000
0.000000
-0.000000
-0.000000
-0.000000
-0.000000
0.000000
-0.000000
-0.000000
-0.000000
-0.000000
0.000000
-0.000000
-0.000000
-0.000000
0.000000
0.000000
-0.000000
-0.000000
-0.000000
-0.000000
-0.000000
-0.000000
-0.000000
-0.000000
-0.000000
0.000000
-0.000000
-0.000000
0.000000
-0.000000
-0.000000
0.000000
0.000000
-0.000000
0.000000
-0.000000
-0.000000
-0.000000
-0.000000
-0.000000
-0.000000
0.000000
0.000000
-0.000000
0.000000
-0.000000
-0.000000
-0.000000
-0.000000
0.000000
-0.000000
-0.000000
-0.000000
-0.000000
-0.000000
-0.000000
-0.000000
-0.000000
-0.000000
0.000000
-0.000000
0.000000
0.000000
-0.000000
-0.000000
0.000000
0.000000
-0.000000
-0.000000
-0.000000
-0.000000
-0.000000
-0.000000
-0.000000
-0.000000
-0.000000
-0.000000
-0.000000
-0.000000
-0.000000
-0.000000
-0.000000
-0.000000
0.000000
0.000000
-0.000000
-0.000000
-0.000000
-0.000000
-0.000000
-0.000000
-0.000000
-0.000000
0.000000
-0.000000
-0.000000
-0.000000
-0.000000
0.000000
-0.000000
-0.000000
-0.000000
-0.000000
0.000000
-0.000000
-0.000000
-0.000000
-0.000000
-0.000000
0.000000
-0.000000
-0.000000
0.000000
-0.000000
-0.000000
-0.000000
-0.000000
-0.000000
-0.000000
-0.000000
-0.000000
-0.000000
-0.000000
-0.000000
-0.000000
-0.000000
0.000000
-0.000000
-0.000000
-0.000000
-0.000000
-0.000000
0.000000
0.000000
-0.000000
-0.000000
-0.000000
-0.000000
-0.000000
-0.000000
0.000000
-0.000000
0.000000
0.000000
-0.000000
-0.000000
-0.000000
-0.000000
-0.000000
-0.000000
-0.000000
-0.000000
-0.000000
-0.000000
-0.000000
-0.000000
-0.000000
-0.000000
-0.000000
-0.000000
0.000000
-0.000000
-0.000000
0.000000
-0.000000
-0.000000
-0.000000
0.000000
0.000000
0.000000
-0.000000
-0.000000
0.000000
-0.000000
-0.000000
-0.000000
-0.000000
-0.000000
-0.000000
-0.000000
0.000000
-0.000000
0.000000
-0.000000
-0.000000
0.000000
-0.000000
-0.000000
-0.000000
0.000000
-0.000000
-0.000000
0.000000
-0.000000
-0.000000
-0.000000
-0.000000
0.000000
-0.000000
-0.000000
-0.000000
-0.000000
0.000000
-0.000000
-0.000000
-0.000000
0.000000
0.000000
-0.000000
-0.000000
-0.000000
-0.000000
-0.000000
-0.000000
-0.000000
-0.000000
-0.000000
0.000000
-0.000000
-0.000000
0.000000
-0.000000
-0.000000
0.000000
0.000000
-0.000000
0.000000
-0.000000
-0.000000
-0.000000
-0.000000
-0.000000
-0.000000
0.000000
0.000000
-0.000000
0.000000
-0.000000
-0.000000
-0.000000
-0.000000
0.000000
-0.000000
-0.000000
-0.000000
-0.000000
-0.000000
-0.000000
-0.000000
-0.000000
-0.000000
0.000000
-0.000000
0.000000
0.000000
-0.000000
-0.000000
0.000000
0.000000
-0.000000
-0.000000
-0.000000
-0.000000
-0.000000
-0.000000
-0.000000
-0.000000
-0.000000
-0.000000
-0.000000
-0.000000
-0.000000
-0.000000
-0.000000
-0.000000
0.000000
0.000000
-0.000000
-0.000000
-0.000000
-0.000000
-0.000000
-0.000000
-0.000000
-0.000000
0.000000
-0.000000
-0.000000
-0.000000
-0.000000
0.000000
-0.000000
-0.000000
-0.000000
-0.000000
0.000000
-0.000000
-0.000000
-0.000000
-0.000000
-0.000000
0.000000
-0.000000
-0.000000
0.000000
-0.000000
-0.000000
-0.000000
-0.000000
-0.000000
-0.000000
-0.000000
-0.000000
-0.000000
-0.000000
-0.000000
-0.000000
-0.000000
0.000000
-0.000000
-0.000000
-0.000000
-0.000000
-0.000000
0.000000
0.000000
-0.000000
-0.000000
-0.000000
-0.000000
-0.000000
-0.000000
0.000000
-0.000000
0.000000
0.000000
-0.000000
-0.000000
-0.000000
-0.000000
-0.000000
-0.000000
-0.000000
-0.000000
-0.000000
-0.000000
-0.000000
-0.000000
-0.000000
-0.000000
-0.000000
-0.000000
0.000000
-0.000000
-0.000000
0.000000
-0.000000
-0.000000
-0.000000
0.000000
0.000000
0.000000
-0.000000
-0.000000
0.000000
-0.000000
-0.000000
-0.000000
-0.000000
-0.000000
-0.000000
-0.000000
0.000000
-0.000000
0.000000
-0.000000
-0.000000
0.000000
-0.000000
-0.000000
-0.000000
0.000000
-0.000000
-0.000000
0.000000
-0.000000
-0.000000
-0.000000
-0.000000
0.000000
-0.000000
-0.000000
-0.000000
-0.000000
0.000000
-0.000000
-0.000000
-0.000000
0.000000
0.000000
-0.000000
-0.000000
-0.000000
-0.000000
-0.000000
-0.000000
-0.000000
-0.000000
-0.000000
0.000000
-0.000000
-0.000000
0.000000
-0.000000
-0.000000
0.000000
0.000000
-0.000000
0.000000
-0.000000
-0.000000
-0.000000
-0.000000
-0.000000
-0.000000
0.000000
0.000000
-0.000000
0.000000
-0.000000
-0.000000
-0.000000
-0.000000
0.000000
-0.000000
-0.000000
-0.000000
-0.000000
-0.000000
-0.000000
-0.000000
-0.000000
-0.000000
0.000000
-0.000000
0.000000
0.000000
-0.000000
-0.000000
0.000000
0.000000
-0.000000
-0.000000
-0.000000
-0.000000
-0.000000
-0.000000
-0.000000
-0.000000
-0.000000
-0.000000
-0.000000
-0.000000
-0.000000
-0.000000
-0.000000
-0.000000
0.000000
0.000000
-0.000000
-0.000000
-0.000000
-0.000000
-0.000000
-0.000000
-0.000000
-0.000000
0.000000
-0.000000
-0.000000
-0.000000
-0.000000
0.000000
-0.000000
-0.000000
-0.000000
-0.000000
0.000000
-0.000000
-0.000000
-0.000000
-0.000000
-0.000000
0.000000
-0.000000
-0.000000
0.000000
-0.000000
-0.000000
-0.000000
-0.000000
-0.000000
-0.000000
-0.000000
-0.000000
-0.000000
-0.000000
-0.000000
-0.000000
-0.000000
0.000000
-0.000000
-0.000000
-0.000000
-0.000000
-0.000000
0.000000
0.000000
-0.000000
-0.000000
-0.000000
-0.000000
-0.000000
-0.000000
0.000000
-0.000000
0.000000
0.000000
-0.000000
-0.000000
-0.000000
-0.000000
-0.000000
-0.000000
-0.000000
-0.000000
-0.000000
-0.000000
-0.000000
-0.000000
-0.000000
-0.000000
-0.000000
-0.000000
0.000000
-0.000000
-0.000000
0.000000
-0.000000
-0.000000
-0.000000
0.000000
0.000000
0.000000
-0.000000
-0.000000
0.000000
-0.000000
-0.000000
-0.000000
-0.000000
-0.000000
-0.000000
-0.000000
0.000000
-0.000000
0.000000
-0.000000
-0.000000
0.000000
-0.000000
-0.000000
-0.000000
0.000000
-0.000000
-0.000000
0.000000
-0.000000
-0.000000
-0.000000
-0.000000
0.000000
-0.000000
-0.000000
-0.000000
-0.000000
0.000000
-0.000000
-0.000000
-0.000000
0.000000
0.000000
-0.000000
-0.000000
-0.000000
-0.000000
-0.000000
-0.000000
-0.000000
-0.000000
-0.000000
0.000000
-0.000000
-0.000000
0.000000
-0.000000
-0.000000
0.000000
0.000000
-0.000000
0.000000
-0.000000
-0.000000
-0.000000
-0.000000
-0.000000
-0.000000
0.000000
0.000000
-0.000000
0.000000
-0.000000
-0.000000
-0.000000
-0.000000
0.000000
-0.000000
-0.000000
-0.000000
-0.000000
-0.000000
-0.000000
-0.000000
-0.000000
-0.000000
0.000000
-0.000000
0.000000
0.000000
-0.000000
-0.000000
0.000000
0.000000
-0.000000
-0.000000
-0.000000
-0.000000
-0.000000
-0.000000
-0.000000
-0.000000
-0.000000
-0.000000
-0.000000
-0.000000
-0.000000
-0.000000
-0.000000
-0.000000
0.000000
0.000000
-0.000000
-0.000000
-0.000000
-0.000000
-0.000000
-0.000000
-0.000000
-0.000000
0.000000
-0.000000
-0.000000
-0.000000
-0.000000
0.000000
-0.000000
-0.000000
-0.000000
-0.000000
0.000000
-0.000000
-0.000000
-0.000000
-0.000000
-0.000000
0.000000
-0.000000
-0.000000
0.000000
-0.000000
-0.000000
-0.000000
-0.000000
-0.000000
-0.000000
-0.000000
-0.000000
-0.000000
-0.000000
-0.000000
-0.000000
-0.000000
0.000000
-0.000000
-0.000000
-0.000000
-0.000000
-0.000000
0.000000
0.000000
-0.000000
-0.000000
-0.000000
-0.000000
-0.000000
-0.000000
0.000000
-0.000000
0.000000
0.000000
-0.000000
-0.000000
-0.000000
-0.000000
-0.000000
-0.000000
-0.000000
-0.000000
-0.000000
-0.000000
-0.000000
-0.000000
-0.000000
-0.000000
-0.000000
-0.000000
0.000000
-0.000000
-0.000000
0.000000
-0.000000
-0.000000
-0.000000
0.000000
0.000000
0.000000
-0.000000
-0.000000
0.000000
-0.000000
-0.000000
-0.000000
-0.000000
-0.000000
-0.000000
-0.000000
0.000000
-0.000000
0.000000
-0.000000
-0.000000
0.000000
-0.000000
-0.000000
-0.000000
0.000000
-0.000000
-0.000000
0.000000
-0.000000
-0.000000
-0.000000
-0.000000
0.000000
-0.000000
-0.000000
-0.000000
-0.000000
0.000000
-0.000000
-0.000000
-0.000000
0.000000
0.000000
-0.000000
-0.000000
-0.000000
-0.000000
-0.000000
-0.000000
-0.000000
-0.000000
-0.000000
0.000000
-0.000000
-0.000000
0.000000
-0.000000
-0.000000
0.000000
0.000000
-0.000000
0.000000
-0.000000
-0.000000
-0.000000
-0.000000
-0.000000
-0.000000
0.000000
0.000000
-0.000000
0.000000
-0.000000
-0.000000
-0.000000
-0.000000
0.000000
-0.000000
-0.000000
-0.000000
-0.000000
-0.000000
-0.000000
-0.000000
-0.000000
-0.000000
0.000000
-0.000000
0.000000
0.000000
-0.000000
-0.000000
0.000000
0.000000
-0.000000
-0.000000
-0.000000
-0.000000
-0.000000
-0.000000
-0.000000
-0.000000
-0.000000
-0.000000
-0.000000
-0.000000
-0.000000
-0.000000
-0.000000
-0.000000
0.000000
0.000000
-0.000000
-0.000000
-0.000000
-0.000000
-0.000000
-0.000000
-0.000000
-0.000000
0.000000
-0.000000
-0.000000
-0.000000
-0.000000
0.000000
-0.000000
-0.000000
-0.000000
-0.000000
0.000000
-0.000000
-0.000000
-0.000000
-0.000000
-0.000000
0.000000
-0.000000
-0.000000
0.000000
-0.000000
-0.000000
-0.000000
-0.000000
-0.000000
-0.000000
-0.000000
-0.000000
-0.000000
-0.000000
-0.000000
-0.000000
-0.000000
0.000000
-0.000000
-0.000000
-0.000000
-0.000000
-0.000000
0.000000
0.000000
-0.000000
-0.000000
-0.000000
-0.000000
-0.000000
-0.000000
0.000000
-0.000000
0.000000
0.000000
-0.000000
-0.000000
-0.000000
-0.000000
-0.000000
-0.000000
-0.000000
-0.000000
-0.000000
-0.000000
-0.000000
-0.000000
-0.000000
-0.000000
-0.000000
-0.000000
0.000000
-0.000000
-0.000000
0.000000
-0.000000
-0.000000
-0.000000
0.000000
0.000000
0.000000
-0.000000
-0.000000
0.000000
-0.000000
-0.000000
-0.000000
-0.000000
-0.000000
-0.000000
-0.000000
0.000000
-0.000000
0.000000
-0.000000
-0.000000
0.000000
-0.000000
-0.000000
-0.000000
0.000000
-0.000000
-0.000000
0.000000
-0.000000
-0.000000
-0.000000
-0.000000
0.000000
-0.000000
-0.000000
-0.000000
-0.000000
0.000000
-0.000000
-0.000000
-0.000000
0.000000
0.000000
-0.000000
-0.000000
-0.000000
-0.000000
-0.000000
-0.000000
-0.000000
-0.000000
-0.000000
0.000000
-0.000000
-0.000000
0.000000
-0.000000
-0.000000
0.000000
0.000000
-0.000000
0.000000
-0.000000
-0.000000
-0.000000
-0.000000
-0.000000
-0.000000
0.000000
0.000000
-0.000000
0.000000
-0.000000
-0.000000
-0.000000
-0.000000
0.000000
-0.000000
-0.000000
-0.000000
-0.000000
-0.000000
-0.000000
-0.000000
-0.000000
-0.000000
0.000000
-0.000000
0.000000
0.000000
-0.000000
-0.000000
0.000000
0.000000
-0.000000
-0.000000
-0.000000
-0.000000
-0.000000
-0.000000
-0.000000
-0.000000
-0.000000
-0.000000
-0.000000
-0.000000
-0.000000
-0.000000
-0.000000
-0.000000
0.000000
0.000000
-0.000000
-0.000000
-0.000000
-0.000000
-0.000000
-0.000000
-0.000000
-0.000000
0.000000
-0.000000
-0.000000
-0.000000
-0.000000
0.000000
-0.000000
-0.000000
-0.000000
-0.000000
0.000000
-0.000000
-0.000000
-0.000000
-0.000000
-0.000000
0.000000
-0.000000
-0.000000
0.000000
-0.000000
-0.000000
-0.000000
-0.000000
-0.000000
-0.000000
-0.000000
-0.000000
-0.000000
-0.000000
-0.000000
-0.000000
-0.000000
0.000000
-0.000000
-0.000000
-0.000000
-0.000000
-0.000000
0.000000
0.000000
-0.000000
-0.000000
-0.000000
-0.000000
-0.000000
-0.000000
0.000000
-0.000000
0.000000
0.000000
-0.000000
-0.000000
-0.000000
-0.000000
-0.000000
-0.000000
-0.000000
-0.000000
-0.000000
-0.000000
-0.000000
-0.000000
-0.000000
-0.000000
-0.000000
-0.000000
0.000000
-0.000000
-0.000000
0.000000
-0.000000
-0.000000
-0.000000
0.000000
0.000000
0.000000
-0.000000
-0.000000
0.000000
-0.000000
-0.000000
-0.000000
-0.000000
-0.000000
-0.000000
-0.000000
0.000000
-0.000000
0.000000
-0.000000
-0.000000
0.000000
-0.000000
-0.000000
-0.000000
0.000000
-0.000000
-0.000000
0.000000
-0.000000
-0.000000
-0.000000
-0.000000
0.000000
-0.000000
-0.000000
-0.000000
-0.000000
0.000000
-0.000000
-0.000000
-0.000000
0.000000
0.000000
-0.000000
-0.000000
-0.000000
-0.000000
-0.000000
-0.000000
-0.000000
-0.000000
-0.000000
0.000000
-0.000000
-0.000000
0.000000
-0.000000
-0.000000
0.000000
0.000000
-0.000000
0.000000
-0.000000
-0.000000
-0.000000
-0.000000
-0.000000
-0.000000
0.000000
0.000000
-0.000000
0.000000
-0.000000
-0.000000
-0.000000
-0.000000
0.000000
-0.000000
-0.000000
-0.000000
-0.000000
-0.000000
-0.000000
-0.000000
-0.000000
-0.000000
0.000000
-0.000000
0.000000
0.000000
-0.000000
-0.000000
0.000000
0.000000
-0.000000
-0.000000
-0.000000
-0.000000
-0.000000
-0.000000
-0.000000
-0.000000
-0.000000
-0.000000
-0.000000
-0.000000
-0.000000
-0.000000
-0.000000
-0.000000
0.000000
0.000000
-0.000000
-0.000000
-0.000000
-0.000000
-0.000000
-0.000000
-0.000000
-0.000000
0.000000
-0.000000
-0.000000
-0.000000
-0.000000
0.000000
-0.000000
-0.000000
-0.000000
-0.000000
0.000000
-0.000000
-0.000000
-0.000000
-0.000000
-0.000000
0.000000
-0.000000
-0.000000
0.000000
-0.000000
-0.000000
-0.000000
-0.000000
-0.000000
-0.000000
-0.000000
-0.000000
-0.000000
-0.000000
-0.000000
-0.000000
-0.000000
0.000000
-0.000000
-0.000000
-0.000000
-0.000000
-0.000000
0.000000
0.000000
-0.000000
-0.000000
-0.000000
-0.000000
-0.000000
-0.000000
0.000000
-0.000000
0.000000
0.000000
-0.000000
-0.000000
-0.000000
-0.000000
-0.000000
-0.000000
-0.000000
-0.000000
-0.000000
-0.000000
-0.000000
-0.000000
-0.000000
-0.000000
-0.000000
-0.000000
0.000000
-0.000000
-0.000000
0.000000
-0.000000
-0.000000
-0.000000
0.000000
0.000000
0.000000
-0.000000
-0.000000
0.000000
-0.000000
-0.000000
-0.000000
-0.000000
-0.000000
-0.000000
-0.000000
0.000000
-0.000000
0.000000
-0.000000
-0.000000
0.000000
-0.000000
-0.000000
-0.000000
0.000000
-0.000000
-0.000000
0.000000
-0.000000
-0.000000
-0.000000
-0.000000
0.000000
-0.000000
-0.000000
-0.000000
-0.000000
0.000000
-0.000000
-0.000000
-0.000000
0.000000
0.000000
-0.000000
-0.000000
-0.000000
-0.000000
-0.000000
-0.000000
-0.000000
-0.000000
-0.000000
0.000000
-0.000000
-0.000000
0.000000
-0.000000
-0.000000
0.000000
0.000000
-0.000000
0.000000
-0.000000
-0.000000
-0.000000
-0.000000
-0.000000
-0.000000
0.000000
0.000000
-0.000000
0.000000
-0.000000
-0.000000
-0.000000
-0.000000
0.000000
-0.000000
-0.000000
-0.000000
-0.000000
-0.000000
-0.000000
-0.000000
-0.000000
-0.000000
0.000000
-0.000000
0.000000
0.000000
-0.000000
-0.000000
0.000000
0.000000
-0.000000
-0.000000
-0.000000
-0.000000
-0.000000
-0.000000
-0.000000
-0.000000
-0.000000
-0.000000
-0.000000
-0.000000
-0.000000
-0.000000
-0.000000
-0.000000
0.000000
0.000000
-0.000000
-0.000000
-0.000000
-0.000000
-0.000000
-0.000000
-0.000000
-0.000000
0.000000
-0.000000
-0.000000
-0.000000
-0.000000
0.000000
-0.000000
-0.000000
-0.000000
-0.000000
0.000000
-0.000000
-0.000000
-0.000000
-0.000000
-0.000000
0.000000
-0.000000
-0.000000
0.000000
-0.000000
-0.000000
-0.000000
-0.000000
-0.000000
-0.000000
-0.000000
-0.000000
-0.000000
-0.000000
-0.000000
-0.000000
-0.000000
0.000000
-0.000000
-0.000000
-0.000000
-0.000000
-0.000000
0.000000
0.000000
-0.000000
-0.000000
-0.000000
-0.000000
-0.000000
-0.000000
0.000000
-0.000000
0.000000
0.000000
-0.000000
-0.000000
-0.000000
-0.000000
-0.000000
-0.000000
-0.000000
-0.000000
-0.000000
-0.000000
-0.000000
-0.000000
-0.000000
-0.000000
-0.000000
-0.000000
0.000000
-0.000000
-0.000000
0.000000
-0.000000
-0.000000
-0.000000
0.000000
0.000000
0.000000
-0.000000
-0.000000
0.000000
-0.000000
-0.000000
-0.000000
-0.000000
-0.000000
-0.000000
-0.000000
0.000000
-0.000000
0.000000
-0.000000
-0.000000
0.000000
-0.000000
-0.000000
-0.000000
0.000000
-0.000000
-0.000000
0.000000
-0.000000
-0.000000
-0.000000
-0.000000
0.000000
-0.000000
-0.000000
-0.000000
-0.000000
0.000000
-0.000000
-0.000000
-0.000000
0.000000
0.000000
-0.000000
-0.000000
-0.000000
-0.000000
-0.000000
-0.000000
-0.000000
-0.000000
-0.000000
0.000000
-0.000000
-0.000000
0.000000
-0.000000
-0.000000
0.000000
0.000000
-0.000000
0.000000
-0.000000
-0.000000
-0.000000
-0.000000
-0.000000
-0.000000
0.000000
0.000000
-0.000000
0.000000
-0.000000
-0.000000
-0.000000
-0.000000
0.000000
-0.000000
-0.000000
-0.000000
-0.000000
-0.000000
-0.000000
-0.000000
-0.000000
-0.000000
0.000000
-0.000000
0.000000
0.000000
-0.000000
-0.000000
0.000000
0.000000
-0.000000
-0.000000
-0.000000
-0.000000
-0.000000
-0.000000
-0.000000
-0.000000
-0.000000
-0.000000
-0.000000
-0.000000
-0.000000
-0.000000
-0.000000
-0.000000
0.000000
0.000000
-0.000000
-0.000000
-0.000000
-0.000000
-0.000000
-0.000000
-0.000000
-0.000000
0.000000
-0.000000
-0.000000
-0.000000
-0.000000
0.000000
-0.000000
-0.000000
-0.000000
-0.000000
0.000000
-0.000000
-0.000000
-0.000000
-0.000000
-0.000000
0.000000
-0.000000
-0.000000
0.000000
-0.000000
-0.000000
-0.000000
-0.000000
-0.000000
-0.000000
-0.000000
-0.000000
-0.000000
-0.000000
-0.000000
-0.000000
-0.000000
0.000000
-0.000000
-0.000000
-0.000000
-0.000000
-0.000000
0.000000
0.000000
-0.000000
-0.000000
-0.000000
-0.000000
-0.000000
-0.000000
0.000000
-0.000000
0.000000
0.000000
-0.000000
-0.000000
-0.000000
-0.000000
-0.000000
-0.000000
-0.000000
-0.000000
-0.000000
-0.000000
-0.000000
-0.000000
-0.000000
-0.000000
-0.000000
-0.000000
0.000000
-0.000000
-0.000000
0.000000
-0.000000
-0.000000
-0.000000
0.000000
0.000000
0.000000
-0.000000
-0.000000
0.000000
-0.000000
-0.000000
-0.000000
-0.000000
-0.000000
-0.000000
-0.000000
0.000000
-0.000000
0.000000
-0.000000
-0.000000
0.000000
-0.000000
-0.000000
-0.000000
0.000000
-0.000000
-0.000000
0.000000
-0.000000
-0.000000
-0.000000
-0.000000
0.000000
-0.000000
-0.000000
-0.000000
-0.000000
0.000000
-0.000000
-0.000000
-0.000000
0.000000
0.000000
-0.000000
-0.000000
-0.000000
-0.000000
-0.000000
-0.000000
-0.000000
-0.000000
-0.000000
0.000000
-0.000000
-0.000000
0.000000
-0.000000
-0.000000
0.000000
0.000000
-0.000000
0.000000
-0.000000
-0.000000
-0.000000
-0.000000
-0.000000
-0.000000
0.000000
0.000000
-0.000000
0.000000
-0.000000
-0.000000
-0.000000
-0.000000
0.000000
-0.000000
-0.000000
-0.000000
-0.000000
-0.000000
-0.000000
-0.000000
-0.000000
-0.000000
0.000000
-0.000000
0.000000
0.000000
-0.000000
-0.000000
0.000000
0.000000
-0.000000
-0.000000
-0.000000
-0.000000
-0.000000
-0.000000
-0.000000
-0.000000
-0.000000
-0.000000
-0.000000
-0.000000
-0.000000
-0.000000
-0.000000
-0.000000
0.000000
0.000000
-0.000000
-0.000000
-0.000000
-0.000000
-0.000000
-0.000000
-0.000000
-0.000000
0.000000
-0.000000
-0.000000
-0.000000
-0.000000
0.000000
-0.000000
-0.000000
-0.000000
-0.000000
0.000000
-0.000000
-0.000000
-0.000000
-0.000000
-0.000000
0.000000
-0.000000
-0.000000
0.000000
-0.000000
-0.000000
-0.000000
-0.000000
-0.000000
-0.000000
-0.000000
-0.000000
-0.000000
-0.000000
-0.000000
-0.000000
-0.000000
0.000000
-0.000000
-0.000000
-0.000000
-0.000000
-0.000000
0.000000
0.000000
-0.000000
-0.000000
-0.000000
-0.000000
-0.000000
-0.000000
0.000000
-0.000000
0.000000
0.000000
-0.000000
-0.000000
-0.000000
-0.000000
-0.000000
-0.000000
-0.000000
-0.000000
-0.000000
-0.000000
-0.000000
-0.000000
-0.000000
-0.000000
-0.000000
-0.000000
0.000000
-0.000000
-0.000000
0.000000
-0.000000
-0.000000
-0.000000
0.000000
0.000000
0.000000
-0.000000
-0.000000
0.000000
-0.000000
-0.000000
-0.000000
-0.000000
-0.000000
-0.000000
-0.000000
0.000000
-0.000000
0.000000
-0.000000
-0.000000
0.000000
-0.000000
-0.000000
-0.000000
0.000000
-0.000000
-0.000000
0.000000
-0.000000
-0.000000
-0.000000
-0.000000
0.000000
-0.000000
-0.000000
-0.000000
-0.000000
0.000000
-0.000000
-0.000000
-0.000000
0.000000
0.000000
-0.000000
-0.000000
-0.000000
-0.000000
-0.000000
-0.000000
-0.000000
-0.000000
-0.000000
0.000000
-0.000000
-0.000000
0.000000
-0.000000
-0.000000
0.000000
0.000000
-0.000000
0.000000
-0.000000
-0.000000
-0.000000
-0.000000
-0.000000
-0.000000
0.000000
0.000000
-0.000000
0.000000
-0.000000
-0.000000
-0.000000
-0.000000
0.000000
-0.000000
-0.000000
-0.000000
-0.000000
-0.000000
-0.000000
-0.000000
-0.000000
-0.000000
0.000000
-0.000000
0.000000
0.000000
-0.000000
-0.000000
0.000000
0.000000
-0.000000
-0.000000
-0.000000
-0.000000
-0.000000
-0.000000
-0.000000
-0.000000
-0.000000
-0.000000
-0.000000
-0.000000
-0.000000
-0.000000
-0.000000
-0.000000
0.000000
0.000000
-0.000000
-0.000000
-0.000000
-0.000000
-0.000000
-0.000000
-0.000000
-0.000000
0.000000
-0.000000
-0.000000
-0.000000
-0.000000
0.000000
-0.000000
-0.000000
-0.000000
-0.000000
0.000000
-0.000000
-0.000000
-0.000000
-0.000000
-0.000000
0.000000
-0.000000
-0.000000
0.000000
-0.000000
-0.000000
-0.000000
-0.000000
-0.000000
-0.000000
-0.000000
-0.000000
-0.000000
-0.000000
-0.000000
-0.000000
-0.000000
0.000000
-0.000000
-0.000000
-0.000000
-0.000000
-0.000000
0.000000
0.000000
-0.000000
-0.000000
-0.000000
-0.000000
-0.000000
-0.000000
0.000000
-0.000000
0.000000
0.000000
-0.000000
-0.000000
-0.000000
-0.000000
-0.000000
-0.000000
-0.000000
-0.000000
-0.000000
-0.000000
-0.000000
-0.000000
-0.000000
-0.000000
-0.000000
-0.000000
0.000000
-0.000000
-0.000000
0.000000
-0.000000
-0.000000
-0.000000
0.000000
0.000000
0.000000
-0.000000
-0.000000
0.000000
-0.000000
-0.000000
-0.000000
-0.000000
-0.000000
-0.000000
-0.000000
0.000000
-0.000000
0.000000
-0.000000
-0.000000
0.000000
-0.000000
-0.000000
-0.000000
0.000000
-0.000000
-0.000000
0.000000
-0.000000
-0.000000
-0.000000
-0.000000
0.000000
-0.000000
-0.000000
-0.000000
-0.000000
0.000000
-0.000000
-0.000000
-0.000000
0.000000
0.000000
-0.000000
-0.000000
-0.000000
-0.000000
-0.000000
-0.000000
-0.000000
-0.000000
-0.000000
0.000000
-0.000000
-0.000000
0.000000
-0.000000
-0.000000
0.000000
0.000000
-0.000000
0.000000
-0.000000
-0.000000
-0.000000
-0.000000
-0.000000
-0.000000
0.000000
0.000000
-0.000000
0.000000
-0.000000
-0.000000
-0.000000
-0.000000
0.000000
-0.000000
-0.000000
-0.000000
-0.000000
-0.000000
-0.000000
-0.000000
-0.000000
-0.000000
0.000000
-0.000000
0.000000
0.000000
-0.000000
-0.000000
0.000000
0.000000
-0.000000
-0.000000
-0.000000
-0.000000
-0.000000
-0.000000
-0.000000
-0.000000
-0.000000
-0.000000
-0.000000
-0.000000
-0.000000
-0.000000
-0.000000
-0.000000
0.000000
0.000000
-0.000000
-0.000000
-0.000000
-0.000000
-0.000000
-0.000000
-0.000000
-0.000000
0.000000
-0.000000
-0.000000
-0.000000
-0.000000
0.000000
-0.000000
-0.000000
-0.000000
-0.000000
0.000000
-0.000000
-0.000000
-0.000000
-0.000000
-0.000000
0.000000
-0.000000
-0.000000
0.000000
-0.000000
-0.000000
-0.000000
-0.000000
-0.000000
-0.000000
-0.000000
-0.000000
-0.000000
-0.000000
-0.000000
-0.000000
-0.000000
0.000000
-0.000000
-0.000000
-0.000000
-0.000000
-0.000000
0.000000
0.000000
-0.000000
-0.000000
-0.000000
-0.000000
-0.000000
-0.000000
0.000000
-0.000000
0.000000
0.000000
-0.000000
-0.000000
-0.000000
-0.000000
-0.000000
-0.000000
-0.000000
-0.000000
-0.000000
-0.000000
-0.000000
-0.000000
-0.000000
-0.000000
-0.000000
-0.000000
0.000000
-0.000000
-0.000000
0.000000
-0.000000
-0.000000
-0.000000
0.000000
0.000000
0.000000
-0.000000
-0.000000
0.000000
-0.000000
-0.000000
-0.000000
-0.000000
-0.000000
-0.000000
-0.000000
0.000000
-0.000000
0.000000
-0.000000
-0.000000
0.000000
-0.000000
-0.000000
-0.000000
0.000000
-0.000000
-0.000000
0.000000
-0.000000
-0.000000
-0.000000
-0.000000
0.000000
-0.000000
-0.000000
-0.000000
-0.000000
0.000000
-0.000000
-0.000000
-0.000000
0.000000
0.000000
-0.000000
-0.000000
-0.000000
-0.000000
-0.000000
-0.000000
-0.000000
-0.000000
-0.000000
0.000000
-0.000000
-0.000000
0.000000
-0.000000
-0.000000
0.000000
0.000000
-0.000000
0.000000
-0.000000
-0.000000
-0.000000
-0.000000
-0.000000
-0.000000
0.000000
0.000000
-0.000000
0.000000
-0.000000
-0.000000
-0.000000
-0.000000
0.000000
-0.000000
-0.000000
-0.000000
-0.000000
-0.000000
-0.000000
-0.000000
-0.000000
-0.000000
0.000000
-0.000000
0.000000
0.000000
-0.000000
-0.000000
0.000000
0.000000
-0.000000
-0.000000
-0.000000
-0.000000
-0.000000
-0.000000
-0.000000
-0.000000
-0.000000
-0.000000
-0.000000
-0.000000
-0.000000
-0.000000
-0.000000
-0.000000
0.000000
0.000000
-0.000000
-0.000000
-0.000000
-0.000000
-0.000000
-0.000000
-0.000000
-0.000000
0.000000
-0.000000
-0.000000
-0.000000
-0.000000
0.000000
-0.000000
-0.000000
-0.000000
-0.000000
0.000000
-0.000000
-0.000000
-0.000000
-0.000000
-0.000000
0.000000
-0.000000
-0.000000
0.000000
-0.000000
-0.000000
-0.000000
-0.000000
-0.000000
-0.000000
-0.000000
-0.000000
-0.000000
-0.000000
-0.000000
-0.000000
-0.000000
0.000000
-0.000000
-0.000000
-0.000000
-0.000000
-0.000000
0.000000
0.000000
-0.000000
-0.000000
-0.000000
-0.000000
-0.000000
-0.000000
0.000000
-0.000000
0.000000
0.000000
-0.000000
-0.000000
-0.000000
-0.000000
-0.000000
-0.000000
-0.000000
-0.000000
-0.000000
-0.000000
-0.000000
-0.000000
-0.000000
-0.000000
-0.000000
-0.000000
0.000000
-0.000000
-0.000000
0.000000
-0.000000
-0.000000
-0.000000
0.000000
0.000000
0.000000
-0.000000
-0.000000
0.000000
-0.000000
-0.000000
-0.000000
-0.000000
-0.000000
-0.000000
-0.000000
0.000000
-0.000000
0.000000
-0.000000
-0.000000
0.000000
-0.000000
-0.000000
-0.000000
0.000000
-0.000000
-0.000000
0.000000
-0.000000
-0.000000
-0.000000
-0.000000
0.000000
-0.000000
-0.000000
-0.000000
-0.000000
0.000000
-0.000000
-0.000000
-0.000000
0.000000
0.000000
-0.000000
-0.000000
-0.000000
-0.000000
-0.000000
-0.000000
-0.000000
-0.000000
-0.000000
0.000000
-0.000000
-0.000000
0.000000
-0.000000
-0.000000
0.000000
0.000000
-0.000000
0.000000
-0.000000
-0.000000
-0.000000
-0.000000
-0.000000
-0.000000
0.000000
0.000000
-0.000000
0.000000
-0.000000
-0.000000
-0.000000
-0.000000
0.000000
-0.000000
-0.000000
-0.000000
-0.000000
-0.000000
-0.000000
-0.000000
-0.000000
-0.000000
0.000000
-0.000000
0.000000
0.000000
-0.000000
-0.000000
0.000000
0.000000
-0.000000
-0.000000
-0.000000
-0.000000
-0.000000
-0.000000
-0.000000
-0.000000
-0.000000
-0.000000
-0.000000
-0.000000
-0.000000
-0.000000
-0.000000
-0.000000
0.000000
0.000000
-0.000000
-0.000000
-0.000000
-0.000000
-0.000000
-0.000000
-0.000000
-0.000000
0.000000
-0.000000
-0.000000
-0.000000
-0.000000
0.000000
-0.000000
-0.000000
-0.000000
-0.000000
0.000000
-0.000000
-0.000000
-0.000000
-0.000000
-0.000000
0.000000
-0.000000
-0.000000
0.000000
-0.000000
-0.000000
-0.000000
-0.000000
-0.000000
-0.000000
-0.000000
-0.000000
-0.000000
-0.000000
-0.000000
-0.000000
-0.000000
0.000000
-0.000000
-0.000000
-0.000000
-0.000000
-0.000000
0.000000
0.000000
-0.000000
-0.000000
-0.000000
-0.000000
-0.000000
-0.000000
0.000000
-0.000000
0.000000
0.000000
-0.000000
-0.000000
-0.000000
-0.000000
-0.000000
-0.000000
-0.000000
-0.000000
-0.000000
-0.000000
-0.000000
-0.000000
-0.000000
-0.000000
-0.000000
-0.000000
0.000000
-0.000000
-0.000000
0.000000
-0.000000
-0.000000
-0.000000
0.000000
0.000000
0.000000
-0.000000
-0.000000
0.000000
-0.000000
-0.000000
-0.000000
-0.000000
-0.000000
-0.000000
-0.000000
0.000000
-0.000000
0.000000
-0.000000
-0.000000
0.000000
-0.000000
-0.000000
-0.000000
0.000000
-0.000000
-0.000000
0.000000
-0.000000
-0.000000
-0.000000
-0.000000
0.000000
-0.000000
-0.000000
-0.000000
-0.000000
0.000000
-0.000000
-0.000000
-0.000000
0.000000
0.000000
-0.000000
-0.000000
-0.000000
-0.000000
-0.000000
-0.000000
-0.000000
-0.000000
-0.000000
0.000000
-0.000000
-0.000000
0.000000
-0.000000
-0.000000
0.000000
0.000000
-0.000000
0.000000
-0.000000
-0.000000
-0.000000
-0.000000
-0.000000
-0.000000
0.000000
0.000000
-0.000000
0.000000
-0.000000
-0.000000
-0.000000
-0.000000
0.000000
-0.000000
-0.000000
-0.000000
-0.000000
-0.000000
-0.000000
-0.000000
-0.000000
-0.000000
0.000000
-0.000000
0.000000
0.000000
-0.000000
-0.000000
0.000000
0.000000
-0.000000
-0.000000
-0.000000
-0.000000
-0.000000
-0.000000
-0.000000
-0.000000
-0.000000
-0.000000
-0.000000
-0.000000
-0.000000
-0.000000
-0.000000
-0.000000
0.000000
0.000000
-0.000000
-0.000000
-0.000000
-0.000000
-0.000000
-0.000000
-0.000000
-0.000000
0.000000
-0.000000
-0.000000
-0.000000
-0.000000
0.000000
-0.000000
-0.000000
-0.000000
-0.000000
0.000000
-0.000000
-0.000000
-0.000000
-0.000000
-0.000000
0.000000
-0.000000
-0.000000
0.000000
-0.000000
-0.000000
-0.000000
-0.000000
-0.000000
-0.000000
-0.000000
-0.000000
-0.000000
-0.000000
-0.000000
-0.000000
-0.000000
0.000000
-0.000000
-0.000000
-0.000000
-0.000000
-0.000000
0.000000
0.000000
-0.000000
-0.000000
-0.000000
-0.000000
-0.000000
-0.000000
0.000000
-0.000000
0.000000
0.000000
-0.000000
-0.000000
-0.000000
-0.000000
-0.000000
-0.000000
-0.000000
-0.000000
-0.000000
-0.000000
-0.000000
-0.000000
-0.000000
-0.000000
-0.000000
-0.000000
0.000000
-0.000000
-0.000000
0.000000
-0.000000
-0.000000
-0.000000
0.000000
0.000000
0.000000
-0.000000
-0.000000
0.000000
-0.000000
-0.000000
-0.000000
-0.000000
-0.000000
-0.000000
-0.000000
0.000000
-0.000000
0.000000
-0.000000
-0.000000
0.000000
-0.000000
-0.000000
-0.000000
0.000000
-0.000000
-0.000000
0.000000
-0.000000
-0.000000
-0.000000
-0.000000
0.000000
-0.000000
-0.000000
-0.000000
-0.000000
0.000000
-0.000000
-0.000000
-0.000000
0.000000
0.000000
-0.000000
-0.000000
-0.000000
-0.000000
-0.000000
-0.000000
-0.000000
-0.000000
-0.000000
0.000000
-0.000000
-0.000000
0.000000
-0.000000
-0.000000
0.000000
0.000000
-0.000000
0.000000
-0.000000
-0.000000
-0.000000
-0.000000
-0.000000
-0.000000
0.000000
0.000000
-0.000000
0.000000
-0.000000
-0.000000
-0.000000
-0.000000
0.000000
-0.000000
-0.000000
-0.000000
-0.000000
-0.000000
-0.000000
-0.000000
-0.000000
-0.000000
0.000000
-0.000000
0.000000
0.000000
-0.000000
-0.000000
0.000000
0.000000
-0.000000
-0.000000
-0.000000
-0.000000
-0.000000
-0.000000
-0.000000
-0.000000
-0.000000
-0.000000
-0.000000
-0.000000
-0.000000
-0.000000
-0.000000
-0.000000
0.000000
0.000000
-0.000000
-0.000000
-0.000000
-0.000000
-0.000000
-0.000000
-0.000000
-0.000000
0.000000
-0.000000
-0.000000
-0.000000
-0.000000
0.000000
-0.000000
-0.000000
-0.000000
-0.000000
0.000000
-0.000000
-0.000000
-0.000000
-0.000000
-0.000000
0.000000
-0.000000
-0.000000
0.000000
-0.000000
-0.000000
-0.000000
-0.000000
-0.000000
-0.000000
-0.000000
-0.000000
-0.000000
-0.000000
-0.000000
-0.000000
-0.000000
0.000000
-0.000000
-0.000000
-0.000000
-0.000000
-0.000000
0.000000
0.000000
-0.000000
-0.000000
-0.000000
-0.000000
-0.000000
-0.000000
0.000000
-0.000000
0.000000
0.000000
-0.000000
-0.000000
-0.000000
-0.000000
-0.000000
-0.000000
-0.000000
-0.000000
-0.000000
-0.000000
-0.000000
-0.000000
-0.000000
-0.000000
-0.000000
-0.000000
0.000000
-0.000000
-0.000000
0.000000
-0.000000
-0.000000
-0.000000
0.000000
0.000000
0.000000
-0.000000
-0.000000
0.000000
-0.000000
-0.000000
-0.000000
-0.000000
-0.000000
-0.000000
-0.000000
0.000000
-0.000000
0.000000
-0.000000
-0.000000
0.000000
-0.000000
-0.000000
-0.000000
0.000000
-0.000000
-0.000000
0.000000
-0.000000
-0.000000
-0.000000
-0.000000
0.000000
-0.000000
-0.000000
-0.000000
-0.000000
0.000000
-0.000000
-0.000000
-0.000000
0.000000
0.000000
-0.000000
-0.000000
-0.000000
-0.000000
-0.000000
-0.000000
-0.000000
-0.000000
-0.000000
0.000000
-0.000000
-0.000000
0.000000
-0.000000
-0.000000
